-- MySQL dump 10.13  Distrib 5.6.30, for Linux (x86_64)
--
-- Host: localhost    Database: seqdbweb
-- ------------------------------------------------------
-- Server version	5.6.30

/*!40101 SET @OLD_CHARACTER_SET_CLIENT=@@CHARACTER_SET_CLIENT */;
/*!40101 SET @OLD_CHARACTER_SET_RESULTS=@@CHARACTER_SET_RESULTS */;
/*!40101 SET @OLD_COLLATION_CONNECTION=@@COLLATION_CONNECTION */;
/*!40101 SET NAMES utf8 */;
/*!40103 SET @OLD_TIME_ZONE=@@TIME_ZONE */;
/*!40103 SET TIME_ZONE='+00:00' */;
/*!40014 SET @OLD_UNIQUE_CHECKS=@@UNIQUE_CHECKS, UNIQUE_CHECKS=0 */;
/*!40014 SET @OLD_FOREIGN_KEY_CHECKS=@@FOREIGN_KEY_CHECKS, FOREIGN_KEY_CHECKS=0 */;
/*!40101 SET @OLD_SQL_MODE=@@SQL_MODE, SQL_MODE='NO_AUTO_VALUE_ON_ZERO' */;
/*!40111 SET @OLD_SQL_NOTES=@@SQL_NOTES, SQL_NOTES=0 */;

--
-- Table structure for table `AccountPreferences`
--

DROP TABLE IF EXISTS `AccountPreferences`;
/*!40101 SET @saved_cs_client     = @@character_set_client */;
/*!40101 SET character_set_client = utf8 */;
CREATE TABLE `AccountPreferences` (
  `PreferenceID` int(11) NOT NULL AUTO_INCREMENT,
  `LastModified` datetime(6) DEFAULT NULL,
  `PreferenceName` varchar(50) NOT NULL,
  `PreferenceValue` varchar(50) NOT NULL,
  `AccountID` int(11) DEFAULT NULL,
  PRIMARY KEY (`PreferenceID`),
  KEY `FK_est6u6oyjig1qej4vvsqpylk5` (`AccountID`),
  CONSTRAINT `FK_est6u6oyjig1qej4vvsqpylk5` FOREIGN KEY (`AccountID`) REFERENCES `Accounts` (`AccountID`)
) ENGINE=InnoDB DEFAULT CHARSET=latin1;
/*!40101 SET character_set_client = @saved_cs_client */;

--
-- Dumping data for table `AccountPreferences`
--

LOCK TABLES `AccountPreferences` WRITE;
/*!40000 ALTER TABLE `AccountPreferences` DISABLE KEYS */;
/*!40000 ALTER TABLE `AccountPreferences` ENABLE KEYS */;
UNLOCK TABLES;

--
-- Table structure for table `AccountProfilePrinters`
--

DROP TABLE IF EXISTS `AccountProfilePrinters`;
/*!40101 SET @saved_cs_client     = @@character_set_client */;
/*!40101 SET character_set_client = utf8 */;
CREATE TABLE `AccountProfilePrinters` (
  `AccountProfilePrinterID` int(11) NOT NULL AUTO_INCREMENT,
  `BarcodeableEntity` varchar(255) NOT NULL,
  `LastModified` datetime(6) DEFAULT NULL,
  `AccountProfileID` int(11) DEFAULT NULL,
  `LabelTemplateID` int(11) DEFAULT NULL,
  `PrinterID` int(11) DEFAULT NULL,
  PRIMARY KEY (`AccountProfilePrinterID`),
  KEY `FK_q48k8qlwetvmy5anf4yo9l8go` (`AccountProfileID`),
  KEY `FK_i3wj6ko1vkec6254r8l6laddr` (`LabelTemplateID`),
  KEY `FK_ec5p689miax2o0lk3sfqjdjey` (`PrinterID`),
  CONSTRAINT `FK_ec5p689miax2o0lk3sfqjdjey` FOREIGN KEY (`PrinterID`) REFERENCES `Printers` (`PrinterID`),
  CONSTRAINT `FK_i3wj6ko1vkec6254r8l6laddr` FOREIGN KEY (`LabelTemplateID`) REFERENCES `LabelTemplates` (`LabelTemplateID`),
  CONSTRAINT `FK_q48k8qlwetvmy5anf4yo9l8go` FOREIGN KEY (`AccountProfileID`) REFERENCES `AccountProfiles` (`AccountProfileID`)
) ENGINE=InnoDB AUTO_INCREMENT=5 DEFAULT CHARSET=latin1;
/*!40101 SET character_set_client = @saved_cs_client */;

--
-- Dumping data for table `AccountProfilePrinters`
--

LOCK TABLES `AccountProfilePrinters` WRITE;
/*!40000 ALTER TABLE `AccountProfilePrinters` DISABLE KEYS */;
INSERT INTO `AccountProfilePrinters` VALUES (1,'SpecimenReplicate','2013-03-19 00:00:00.000000',1,5,8),(2,'Specimen','2013-03-19 00:00:00.000000',2,2,6),(3,'Sample','2013-03-19 00:00:00.000000',1,7,9),(4,'PcrPrimer','2013-03-19 00:00:00.000000',1,8,8);
/*!40000 ALTER TABLE `AccountProfilePrinters` ENABLE KEYS */;
UNLOCK TABLES;

--
-- Table structure for table `AccountProfiles`
--

DROP TABLE IF EXISTS `AccountProfiles`;
/*!40101 SET @saved_cs_client     = @@character_set_client */;
/*!40101 SET character_set_client = utf8 */;
CREATE TABLE `AccountProfiles` (
  `AccountProfileID` int(11) NOT NULL AUTO_INCREMENT,
  `LastModified` datetime(6) DEFAULT NULL,
  `AccountID` int(11) DEFAULT NULL,
  PRIMARY KEY (`AccountProfileID`),
  KEY `FK_mn2mclv3mcu6a5jjorxgewlta` (`AccountID`),
  CONSTRAINT `FK_mn2mclv3mcu6a5jjorxgewlta` FOREIGN KEY (`AccountID`) REFERENCES `Accounts` (`AccountID`)
) ENGINE=InnoDB AUTO_INCREMENT=3 DEFAULT CHARSET=latin1;
/*!40101 SET character_set_client = @saved_cs_client */;

--
-- Dumping data for table `AccountProfiles`
--

LOCK TABLES `AccountProfiles` WRITE;
/*!40000 ALTER TABLE `AccountProfiles` DISABLE KEYS */;
INSERT INTO `AccountProfiles` VALUES (1,'2013-03-19 00:00:00.000000',1),(2,'2013-03-19 00:00:00.000000',2);
/*!40000 ALTER TABLE `AccountProfiles` ENABLE KEYS */;
UNLOCK TABLES;

--
-- Table structure for table `AccountUsage`
--

DROP TABLE IF EXISTS `AccountUsage`;
/*!40101 SET @saved_cs_client     = @@character_set_client */;
/*!40101 SET character_set_client = utf8 */;
CREATE TABLE `AccountUsage` (
  `AccountUsageID` int(11) NOT NULL AUTO_INCREMENT,
  `LastModified` datetime(6) DEFAULT NULL,
  `AccountID` int(11) DEFAULT NULL,
  `UsageID` int(11) DEFAULT NULL,
  PRIMARY KEY (`AccountUsageID`),
  KEY `FK_opbodkrj8ctv9tyjol5g5xwwu` (`AccountID`),
  KEY `FK_dxy68kqa1bjydnyckv4coh8hr` (`UsageID`),
  CONSTRAINT `FK_dxy68kqa1bjydnyckv4coh8hr` FOREIGN KEY (`UsageID`) REFERENCES `UsageKeys` (`UsageKeysID`),
  CONSTRAINT `FK_opbodkrj8ctv9tyjol5g5xwwu` FOREIGN KEY (`AccountID`) REFERENCES `Accounts` (`AccountID`)
) ENGINE=InnoDB DEFAULT CHARSET=latin1;
/*!40101 SET character_set_client = @saved_cs_client */;

--
-- Dumping data for table `AccountUsage`
--

LOCK TABLES `AccountUsage` WRITE;
/*!40000 ALTER TABLE `AccountUsage` DISABLE KEYS */;
/*!40000 ALTER TABLE `AccountUsage` ENABLE KEYS */;
UNLOCK TABLES;

--
-- Table structure for table `Accounts`
--

DROP TABLE IF EXISTS `Accounts`;
/*!40101 SET @saved_cs_client     = @@character_set_client */;
/*!40101 SET character_set_client = utf8 */;
CREATE TABLE `Accounts` (
  `AccountID` int(11) NOT NULL AUTO_INCREMENT,
  `AccountExpires` date DEFAULT NULL,
  `AccountName` varchar(20) NOT NULL,
  `AccountPw` varchar(100) DEFAULT NULL,
  `AccountStatus` varchar(20) DEFAULT NULL,
  `AccountType` varchar(20) NOT NULL,
  `ApiKey` varchar(100) DEFAULT NULL,
  `LastLogin` datetime DEFAULT NULL,
  `LastLoginFrom` varchar(50) DEFAULT NULL,
  `LastModified` datetime(6) DEFAULT NULL,
  `LdapDn` varchar(200) DEFAULT NULL,
  `PeopleID` int(11) DEFAULT NULL,
  PRIMARY KEY (`AccountID`),
  UNIQUE KEY `UK_n6mldui384judl1gi8o4vr9n9` (`AccountName`),
  UNIQUE KEY `UK_t6cw0uwuj6yk5fnoejjm0s3go` (`ApiKey`),
  UNIQUE KEY `UK_53536gw88p3wmc9sj0typrkah` (`LdapDn`),
  KEY `FK_beprcfum14hti2f25qcyaxfwc` (`PeopleID`),
  CONSTRAINT `FK_beprcfum14hti2f25qcyaxfwc` FOREIGN KEY (`PeopleID`) REFERENCES `People` (`PeopleID`)
) ENGINE=InnoDB AUTO_INCREMENT=3 DEFAULT CHARSET=latin1;
/*!40101 SET character_set_client = @saved_cs_client */;

--
-- Dumping data for table `Accounts`
--

LOCK TABLES `Accounts` WRITE;
/*!40000 ALTER TABLE `Accounts` DISABLE KEYS */;
INSERT INTO `Accounts` VALUES (1,NULL,'Admin','$2a$10$2AdGg40oWZdmL288StGGhO88VPXGOv6K548k8DbfRhza1rrkbnuci','Active','Admin','adminkey',NULL,NULL,'2007-04-03 00:00:00.000000',NULL,1),(2,NULL,'User','$2a$10$xWykm3LUauNxthMDhfXGfeeYFVsvVaN5uJk8C.1oTVV77ea0.nT4a','Active','User','userkey',NULL,NULL,'2007-04-03 00:00:00.000000',NULL,2);
/*!40000 ALTER TABLE `Accounts` ENABLE KEYS */;
UNLOCK TABLES;

--
-- Table structure for table `AccountsGroups`
--

DROP TABLE IF EXISTS `AccountsGroups`;
/*!40101 SET @saved_cs_client     = @@character_set_client */;
/*!40101 SET character_set_client = utf8 */;
CREATE TABLE `AccountsGroups` (
  `AccountGroupID` int(11) NOT NULL AUTO_INCREMENT,
  `Admin` bit(1) NOT NULL,
  `LastModified` datetime(6) DEFAULT NULL,
  `Rights` varchar(20) NOT NULL,
  `AccountID` int(11) DEFAULT NULL,
  `GroupID` int(11) DEFAULT NULL,
  PRIMARY KEY (`AccountGroupID`),
  KEY `FK_dh5l0va08wgkf4t4rydt1qboc` (`AccountID`),
  KEY `FK_o3k28i5e35d32g1i4o6sbo35m` (`GroupID`),
  CONSTRAINT `FK_dh5l0va08wgkf4t4rydt1qboc` FOREIGN KEY (`AccountID`) REFERENCES `Accounts` (`AccountID`),
  CONSTRAINT `FK_o3k28i5e35d32g1i4o6sbo35m` FOREIGN KEY (`GroupID`) REFERENCES `Groups` (`GroupID`)
) ENGINE=InnoDB AUTO_INCREMENT=269 DEFAULT CHARSET=latin1;
/*!40101 SET character_set_client = @saved_cs_client */;

--
-- Dumping data for table `AccountsGroups`
--

LOCK TABLES `AccountsGroups` WRITE;
/*!40000 ALTER TABLE `AccountsGroups` DISABLE KEYS */;
INSERT INTO `AccountsGroups` VALUES (265,'\0','2013-03-19 00:00:00.000000','1111',1,1),(266,'','2013-03-19 00:00:00.000000','1111',2,2),(267,'\0','2013-03-19 00:00:00.000000','1111',1,3),(268,'\0','2013-03-19 00:00:00.000000','1111',2,3);
/*!40000 ALTER TABLE `AccountsGroups` ENABLE KEYS */;
UNLOCK TABLES;

--
-- Table structure for table `Addresses`
--

DROP TABLE IF EXISTS `Addresses`;
/*!40101 SET @saved_cs_client     = @@character_set_client */;
/*!40101 SET character_set_client = utf8 */;
CREATE TABLE `Addresses` (
  `AddressID` int(11) NOT NULL AUTO_INCREMENT,
  `AddressNote` longtext,
  `LastModified` datetime(6) DEFAULT NULL,
  `Locality` varchar(64) DEFAULT NULL,
  `OrganisationName` varchar(256) DEFAULT NULL,
  `OrganisationUnit` varchar(256) DEFAULT NULL,
  `PostalCode` varchar(64) DEFAULT NULL,
  `Street` varchar(256) DEFAULT NULL,
  `Country` int(11) DEFAULT NULL,
  `StateProvince` int(11) DEFAULT NULL,
  PRIMARY KEY (`AddressID`),
  KEY `FK_sn9a64qvbnm650bmmfj23v3p9` (`Country`),
  KEY `FK_lx56ewrr853p17h0qt2qdu3r3` (`StateProvince`),
  CONSTRAINT `FK_lx56ewrr853p17h0qt2qdu3r3` FOREIGN KEY (`StateProvince`) REFERENCES `Provinces` (`ProvinceId`),
  CONSTRAINT `FK_sn9a64qvbnm650bmmfj23v3p9` FOREIGN KEY (`Country`) REFERENCES `Countries` (`CountryId`)
) ENGINE=InnoDB AUTO_INCREMENT=2 DEFAULT CHARSET=latin1;
/*!40101 SET character_set_client = @saved_cs_client */;

--
-- Dumping data for table `Addresses`
--

LOCK TABLES `Addresses` WRITE;
/*!40000 ALTER TABLE `Addresses` DISABLE KEYS */;
INSERT INTO `Addresses` VALUES (1,'aaa','2013-03-19 00:00:00.000000','aaa','AAFC','Entomology','K1A0C6','960 Carling',1,1);
/*!40000 ALTER TABLE `Addresses` ENABLE KEYS */;
UNLOCK TABLES;

--
-- Table structure for table `Addresses_AUD`
--

DROP TABLE IF EXISTS `Addresses_AUD`;
/*!40101 SET @saved_cs_client     = @@character_set_client */;
/*!40101 SET character_set_client = utf8 */;
CREATE TABLE `Addresses_AUD` (
  `AddressID` int(11) NOT NULL,
  `REV` int(11) NOT NULL,
  `REVTYPE` tinyint(4) DEFAULT NULL,
  `AddressNote` longtext,
  `Locality` varchar(64) DEFAULT NULL,
  `OrganisationName` varchar(256) DEFAULT NULL,
  `OrganisationUnit` varchar(256) DEFAULT NULL,
  `PostalCode` varchar(64) DEFAULT NULL,
  `Street` varchar(256) DEFAULT NULL,
  `Country` int(11) DEFAULT NULL,
  `StateProvince` int(11) DEFAULT NULL,
  PRIMARY KEY (`AddressID`,`REV`),
  KEY `FK_a52vr69j4yhujfvingbvgwti7` (`REV`),
  CONSTRAINT `FK_a52vr69j4yhujfvingbvgwti7` FOREIGN KEY (`REV`) REFERENCES `Revision` (`id`)
) ENGINE=InnoDB DEFAULT CHARSET=latin1;
/*!40101 SET character_set_client = @saved_cs_client */;

--
-- Dumping data for table `Addresses_AUD`
--

LOCK TABLES `Addresses_AUD` WRITE;
/*!40000 ALTER TABLE `Addresses_AUD` DISABLE KEYS */;
/*!40000 ALTER TABLE `Addresses_AUD` ENABLE KEYS */;
UNLOCK TABLES;

--
-- Table structure for table `Alleles`
--

DROP TABLE IF EXISTS `Alleles`;
/*!40101 SET @saved_cs_client     = @@character_set_client */;
/*!40101 SET character_set_client = utf8 */;
CREATE TABLE `Alleles` (
  `ID` int(11) NOT NULL AUTO_INCREMENT,
  `Locus` varchar(255) DEFAULT NULL,
  `Number` int(11) DEFAULT NULL,
  `Size` varchar(255) DEFAULT NULL,
  `Value` int(11) DEFAULT NULL,
  `GenotypeID` int(11) NOT NULL,
  PRIMARY KEY (`ID`),
  UNIQUE KEY `UK_t3mag85pskyujqwuuiu3hvvy1` (`GenotypeID`,`Number`),
  CONSTRAINT `FK_imr3iov7t4b7c2fgtednxil3s` FOREIGN KEY (`GenotypeID`) REFERENCES `Genotypes` (`GenotypeID`)
) ENGINE=InnoDB AUTO_INCREMENT=1445 DEFAULT CHARSET=latin1;
/*!40101 SET character_set_client = @saved_cs_client */;

--
-- Dumping data for table `Alleles`
--

LOCK TABLES `Alleles` WRITE;
/*!40000 ALTER TABLE `Alleles` DISABLE KEYS */;
INSERT INTO `Alleles` VALUES (1,'AB01 - 01',1,'1.232',1,1),(2,'AB01 - 02',2,'2.2323',2,1),(3,'CD45 - 01',1,'6.2323',6,2),(4,'CD45 - 02',2,'5.2323',5,2),(5,'G10L- 2',13,'182',NULL,7),(6,'MU51 - 1',8,'142',NULL,7),(7,'MU51 - 2',9,'150',NULL,7),(8,'MU50 - 2',15,'136',NULL,7),(9,'MU05 - 1',4,'127',NULL,7),(10,'MU05 - 2',5,'127',NULL,7),(11,'MU59 - 2',11,'248',NULL,7),(12,'MU59 - 1',10,'246',NULL,7),(13,'G10L - 1',12,'172',NULL,7),(14,'MU09 - 2',1,'116',NULL,7),(15,'MU10 - 1',2,'151',NULL,7),(16,'MU10 - 2',3,'151',NULL,7),(17,'MU50 - 1',14,'130',NULL,7),(18,'MU23 - 1',6,'173',NULL,7),(19,'MU23 - 2',7,'176',NULL,7),(20,'G10L- 2',13,'182',NULL,8),(21,'MU05 - 1',4,'125',NULL,8),(22,'MU51 - 1',8,'150',NULL,8),(23,'MU51 - 2',9,'150',NULL,8),(24,'MU05 - 2',5,'127',NULL,8),(25,'MU50 - 2',15,'124',NULL,8),(26,'MU10 - 1',2,'143',NULL,8),(27,'G10L - 1',12,'182',NULL,8),(28,'MU50 - 1',14,'124',NULL,8),(29,'MU59 - 2',11,'256',NULL,8),(30,'MU09 - 2',1,'120',NULL,8),(31,'MU59 - 1',10,'246',NULL,8),(32,'MU10 - 2',3,'151',NULL,8),(33,'MU23 - 1',6,'170',NULL,8),(34,'MU23 - 2',7,'172',NULL,8),(35,'G10L- 2',13,'182',NULL,9),(36,'MU51 - 2',9,'150',NULL,9),(37,'MU05 - 1',4,'127',NULL,9),(38,'MU05 - 2',5,'127',NULL,9),(39,'MU51 - 1',8,'140',NULL,9),(40,'MU50 - 2',15,'134',NULL,9),(41,'G10L - 1',12,'182',NULL,9),(42,'MU59 - 2',11,'256',NULL,9),(43,'MU09 - 2',1,'120',NULL,9),(44,'MU59 - 1',10,'246',NULL,9),(45,'MU10 - 1',2,'141',NULL,9),(46,'MU10 - 2',3,'151',NULL,9),(47,'MU50 - 1',14,'130',NULL,9),(48,'MU23 - 1',6,'176',NULL,9),(49,'MU23 - 2',7,'176',NULL,9),(50,'MU51 - 2',9,'152',NULL,10),(51,'G10L- 2',13,'182',NULL,10),(52,'MU51 - 1',8,'150',NULL,10),(53,'MU05 - 1',4,'117',NULL,10),(54,'MU50 - 2',15,'132',NULL,10),(55,'MU59 - 2',11,'248',NULL,10),(56,'MU59 - 1',10,'248',NULL,10),(57,'MU50 - 1',14,'110',NULL,10),(58,'MU09 - 2',1,'112',NULL,10),(59,'MU10 - 1',2,'147',NULL,10),(60,'G10L - 1',12,'182',NULL,10),(61,'MU05 - 2',5,'123',NULL,10),(62,'MU10 - 2',3,'151',NULL,10),(63,'MU23 - 2',7,'176',NULL,10),(64,'MU23 - 1',6,'164',NULL,10),(65,'MU50 - 1',14,'128',NULL,11),(66,'MU05 - 2',5,'125',NULL,11),(67,'MU23 - 2',7,'166',NULL,11),(68,'MU51 - 1',8,'150',NULL,11),(69,'MU51 - 2',9,'150',NULL,11),(70,'MU50 - 2',15,'132',NULL,11),(71,'G10L - 1',12,'182',NULL,11),(72,'G10L- 2',13,'186',NULL,11),(73,'MU05 - 1',4,'123',NULL,11),(74,'MU09 - 2',1,'116',NULL,11),(75,'MU59 - 2',11,'240',NULL,11),(76,'MU59 - 1',10,'232',NULL,11),(77,'MU10 - 1',2,'151',NULL,11),(78,'MU10 - 2',3,'151',NULL,11),(79,'MU23 - 1',6,'164',NULL,11),(80,'G10L- 2',13,'182',NULL,12),(81,'MU05 - 2',5,'125',NULL,12),(82,'MU51 - 1',8,'142',NULL,12),(83,'MU51 - 2',9,'150',NULL,12),(84,'MU50 - 2',15,'136',NULL,12),(85,'MU10 - 1',2,'143',NULL,12),(86,'MU59 - 2',11,'248',NULL,12),(87,'MU59 - 1',10,'228',NULL,12),(88,'MU05 - 1',4,'121',NULL,12),(89,'MU50 - 1',14,'136',NULL,12),(90,'G10L - 1',12,'172',NULL,12),(91,'MU09 - 2',1,'116',NULL,12),(92,'MU10 - 2',3,'151',NULL,12),(93,'MU23 - 2',7,'173',NULL,12),(94,'MU23 - 1',6,'164',NULL,12),(95,'MU51 - 2',9,'152',NULL,13),(96,'G10L- 2',13,'182',NULL,13),(97,'MU51 - 1',8,'150',NULL,13),(98,'MU05 - 1',4,'127',NULL,13),(99,'MU05 - 2',5,'127',NULL,13),(100,'MU50 - 2',15,'124',NULL,13),(101,'MU10 - 1',2,'143',NULL,13),(102,'MU59 - 1',10,'248',NULL,13),(103,'MU50 - 1',14,'124',NULL,13),(104,'MU59 - 2',11,'256',NULL,13),(105,'MU09 - 2',1,'120',NULL,13),(106,'G10L - 1',12,'172',NULL,13),(107,'MU10 - 2',3,'151',NULL,13),(108,'MU23 - 1',6,'176',NULL,13),(109,'MU23 - 2',7,'176',NULL,13),(110,'MU51 - 1',8,'142',NULL,14),(111,'MU05 - 1',4,'127',NULL,14),(112,'MU05 - 2',5,'127',NULL,14),(113,'G10L - 1',12,'178',NULL,14),(114,'MU51 - 2',9,'148',NULL,14),(115,'G10L- 2',13,'188',NULL,14),(116,'MU09 - 2',1,'116',NULL,14),(117,'MU59 - 2',11,'240',NULL,14),(118,'MU59 - 1',10,'240',NULL,14),(119,'MU10 - 1',2,'141',NULL,14),(120,'MU10 - 2',3,'151',NULL,14),(121,'MU50 - 1',14,'130',NULL,14),(122,'MU50 - 2',15,'130',NULL,14),(123,'MU23 - 2',7,'174',NULL,14),(124,'MU23 - 1',6,'173',NULL,14),(125,'MU51 - 2',9,'152',NULL,15),(126,'MU50 - 1',14,'128',NULL,15),(127,'MU05 - 2',5,'127',NULL,15),(128,'G10L - 1',12,'178',NULL,15),(129,'MU50 - 2',15,'132',NULL,15),(130,'G10L- 2',13,'178',NULL,15),(131,'MU51 - 1',8,'148',NULL,15),(132,'MU59 - 2',11,'256',NULL,15),(133,'MU09 - 2',1,'120',NULL,15),(134,'MU05 - 1',4,'123',NULL,15),(135,'MU59 - 1',10,'232',NULL,15),(136,'MU10 - 1',2,'141',NULL,15),(137,'MU10 - 2',3,'151',NULL,15),(138,'MU23 - 1',6,'170',NULL,15),(139,'MU23 - 2',7,'176',NULL,15),(140,'MU50 - 1',14,'128',NULL,16),(141,'MU05 - 1',4,'125',NULL,16),(142,'MU23 - 1',6,'166',NULL,16),(143,'MU51 - 2',9,'150',NULL,16),(144,'MU05 - 2',5,'127',NULL,16),(145,'MU59 - 2',11,'248',NULL,16),(146,'MU59 - 1',10,'226',NULL,16),(147,'MU10 - 1',2,'145',NULL,16),(148,'G10L - 1',12,'188',NULL,16),(149,'MU51 - 1',8,'148',NULL,16),(150,'MU10 - 2',3,'147',NULL,16),(151,'G10L- 2',13,'188',NULL,16),(152,'MU09 - 2',1,'116',NULL,16),(153,'MU50 - 2',15,'130',NULL,16),(154,'MU23 - 2',7,'173',NULL,16),(155,'G10L- 2',13,'182',NULL,17),(156,'MU05 - 1',4,'125',NULL,17),(157,'MU23 - 1',6,'166',NULL,17),(158,'MU51 - 2',9,'150',NULL,17),(159,'MU05 - 2',5,'127',NULL,17),(160,'MU50 - 2',15,'134',NULL,17),(161,'G10L - 1',12,'178',NULL,17),(162,'MU59 - 1',10,'248',NULL,17),(163,'MU51 - 1',8,'148',NULL,17),(164,'MU09 - 2',1,'122',NULL,17),(165,'MU59 - 2',11,'256',NULL,17),(166,'MU10 - 1',2,'141',NULL,17),(167,'MU10 - 2',3,'151',NULL,17),(168,'MU50 - 1',14,'130',NULL,17),(169,'MU23 - 2',7,'172',NULL,17),(170,'MU05 - 1',4,'125',NULL,18),(171,'MU05 - 2',5,'125',NULL,18),(172,'MU51 - 1',8,'142',NULL,18),(173,'MU10 - 1',2,'143',NULL,18),(174,'MU10 - 2',3,'143',NULL,18),(175,'G10L - 1',12,'174',NULL,18),(176,'MU51 - 2',9,'148',NULL,18),(177,'MU50 - 1',14,'124',NULL,18),(178,'MU59 - 2',11,'246',NULL,18),(179,'G10L- 2',13,'188',NULL,18),(180,'MU09 - 2',1,'120',NULL,18),(181,'MU59 - 1',10,'246',NULL,18),(182,'MU23 - 1',6,'170',NULL,18),(183,'MU50 - 2',15,'130',NULL,18),(184,'MU23 - 2',7,'176',NULL,18),(185,'G10L- 2',13,'182',NULL,19),(186,'MU50 - 1',14,'128',NULL,19),(187,'MU05 - 2',5,'125',NULL,19),(188,'MU50 - 2',15,'136',NULL,19),(189,'MU51 - 1',8,'140',NULL,19),(190,'MU51 - 2',9,'148',NULL,19),(191,'G10L - 1',12,'182',NULL,19),(192,'MU09 - 2',1,'122',NULL,19),(193,'MU59 - 2',11,'256',NULL,19),(194,'MU05 - 1',4,'123',NULL,19),(195,'MU59 - 1',10,'240',NULL,19),(196,'MU10 - 1',2,'151',NULL,19),(197,'MU10 - 2',3,'151',NULL,19),(198,'MU23 - 1',6,'172',NULL,19),(199,'MU23 - 2',7,'174',NULL,19),(200,'MU05 - 1',4,'125',NULL,20),(201,'MU51 - 1',8,'150',NULL,20),(202,'MU51 - 2',9,'150',NULL,20),(203,'MU05 - 2',5,'127',NULL,20),(204,'MU50 - 2',15,'134',NULL,20),(205,'MU59 - 1',10,'248',NULL,20),(206,'G10L - 1',12,'182',NULL,20),(207,'MU50 - 1',14,'124',NULL,20),(208,'MU59 - 2',11,'256',NULL,20),(209,'G10L- 2',13,'188',NULL,20),(210,'MU09 - 2',1,'120',NULL,20),(211,'MU10 - 1',2,'141',NULL,20),(212,'MU10 - 2',3,'151',NULL,20),(213,'MU23 - 1',6,'170',NULL,20),(214,'MU23 - 2',7,'176',NULL,20),(215,'G10L- 2',13,'182',NULL,21),(216,'MU51 - 2',9,'150',NULL,21),(217,'MU05 - 2',5,'127',NULL,21),(218,'MU50 - 2',15,'124',NULL,21),(219,'MU10 - 1',2,'143',NULL,21),(220,'MU59 - 2',11,'248',NULL,21),(221,'MU59 - 1',10,'248',NULL,21),(222,'MU10 - 2',3,'145',NULL,21),(223,'MU51 - 1',8,'148',NULL,21),(224,'MU50 - 1',14,'124',NULL,21),(225,'MU05 - 1',4,'123',NULL,21),(226,'G10L - 1',12,'172',NULL,21),(227,'MU09 - 2',1,'116',NULL,21),(228,'MU23 - 1',6,'170',NULL,21),(229,'MU23 - 2',7,'173',NULL,21),(230,'MU51 - 2',9,'152',NULL,22),(231,'MU05 - 2',5,'125',NULL,22),(232,'MU51 - 1',8,'142',NULL,22),(233,'MU50 - 1',14,'124',NULL,22),(234,'MU09 - 2',1,'122',NULL,22),(235,'MU59 - 2',11,'256',NULL,22),(236,'G10L - 1',12,'184',NULL,22),(237,'G10L- 2',13,'188',NULL,22),(238,'MU05 - 1',4,'123',NULL,22),(239,'MU59 - 1',10,'240',NULL,22),(240,'MU10 - 1',2,'141',NULL,22),(241,'MU10 - 2',3,'151',NULL,22),(242,'MU23 - 1',6,'170',NULL,22),(243,'MU50 - 2',15,'130',NULL,22),(244,'MU23 - 2',7,'172',NULL,22),(245,'G10L- 2',13,'182',NULL,23),(246,'MU51 - 1',8,'142',NULL,23),(247,'MU51 - 2',9,'150',NULL,23),(248,'MU05 - 2',5,'127',NULL,23),(249,'G10L - 1',12,'178',NULL,23),(250,'MU10 - 1',2,'143',NULL,23),(251,'MU59 - 2',11,'248',NULL,23),(252,'MU10 - 2',3,'147',NULL,23),(253,'MU05 - 1',4,'123',NULL,23),(254,'MU59 - 1',10,'246',NULL,23),(255,'MU09 - 2',1,'116',NULL,23),(256,'MU50 - 1',14,'130',NULL,23),(257,'MU50 - 2',15,'130',NULL,23),(258,'MU23 - 1',6,'176',NULL,23),(259,'MU23 - 2',7,'176',NULL,23),(260,'MU23 - 1',6,'166',NULL,24),(261,'MU23 - 2',7,'166',NULL,24),(262,'MU51 - 1',8,'142',NULL,24),(263,'G10L- 2',13,'184',NULL,24),(264,'MU59 - 2',11,'248',NULL,24),(265,'MU51 - 2',9,'148',NULL,24),(266,'MU10 - 1',2,'147',NULL,24),(267,'G10L - 1',12,'182',NULL,24),(268,'MU50 - 1',14,'124',NULL,24),(269,'MU09 - 2',1,'122',NULL,24),(270,'MU05 - 1',4,'123',NULL,24),(271,'MU05 - 2',5,'123',NULL,24),(272,'MU59 - 1',10,'246',NULL,24),(273,'MU10 - 2',3,'151',NULL,24),(274,'MU50 - 2',15,'130',NULL,24),(275,'MU51 - 2',9,'152',NULL,25),(276,'MU51 - 1',8,'142',NULL,25),(277,'G10L- 2',13,'184',NULL,25),(278,'MU05 - 2',5,'127',NULL,25),(279,'MU10 - 1',2,'143',NULL,25),(280,'MU59 - 2',11,'248',NULL,25),(281,'MU59 - 1',10,'248',NULL,25),(282,'MU10 - 2',3,'147',NULL,25),(283,'G10L - 1',12,'182',NULL,25),(284,'MU50 - 1',14,'124',NULL,25),(285,'MU09 - 2',1,'120',NULL,25),(286,'MU05 - 1',4,'123',NULL,25),(287,'MU50 - 2',15,'128',NULL,25),(288,'MU23 - 1',6,'173',NULL,25),(289,'MU23 - 2',7,'176',NULL,25),(290,'MU23 - 1',6,'166',NULL,26),(291,'MU23 - 2',7,'166',NULL,26),(292,'MU51 - 1',8,'142',NULL,26),(293,'MU51 - 2',9,'150',NULL,26),(294,'MU10 - 1',2,'147',NULL,26),(295,'G10L - 1',12,'182',NULL,26),(296,'MU50 - 1',14,'124',NULL,26),(297,'MU59 - 2',11,'246',NULL,26),(298,'G10L- 2',13,'188',NULL,26),(299,'MU09 - 2',1,'120',NULL,26),(300,'MU05 - 1',4,'123',NULL,26),(301,'MU05 - 2',5,'123',NULL,26),(302,'MU59 - 1',10,'246',NULL,26),(303,'MU10 - 2',3,'151',NULL,26),(304,'MU50 - 2',15,'130',NULL,26),(305,'G10L- 2',13,'182',NULL,27),(306,'MU05 - 1',4,'127',NULL,27),(307,'MU05 - 2',5,'127',NULL,27),(308,'MU51 - 1',8,'140',NULL,27),(309,'G10L - 1',12,'178',NULL,27),(310,'MU50 - 2',15,'132',NULL,27),(311,'MU10 - 1',2,'143',NULL,27),(312,'MU59 - 2',11,'248',NULL,27),(313,'MU10 - 2',3,'145',NULL,27),(314,'MU51 - 2',9,'148',NULL,27),(315,'MU09 - 2',1,'110',NULL,27),(316,'MU59 - 1',10,'240',NULL,27),(317,'MU50 - 1',14,'130',NULL,27),(318,'MU23 - 1',6,'173',NULL,27),(319,'MU23 - 2',7,'176',NULL,27),(320,'MU51 - 1',8,'142',NULL,28),(321,'MU51 - 2',9,'150',NULL,28),(322,'G10L- 2',13,'184',NULL,28),(323,'MU59 - 2',11,'248',NULL,28),(324,'MU59 - 1',10,'248',NULL,28),(325,'MU10 - 1',2,'145',NULL,28),(326,'MU10 - 2',3,'147',NULL,28),(327,'G10L - 1',12,'182',NULL,28),(328,'MU50 - 1',14,'124',NULL,28),(329,'MU05 - 1',4,'123',NULL,28),(330,'MU05 - 2',5,'123',NULL,28),(331,'MU50 - 2',15,'128',NULL,28),(332,'MU09 - 2',1,'116',NULL,28),(333,'MU23 - 1',6,'176',NULL,28),(334,'MU23 - 2',7,'176',NULL,28),(335,'MU51 - 2',9,'152',NULL,29),(336,'MU51 - 1',8,'150',NULL,29),(337,'MU05 - 2',5,'127',NULL,29),(338,'MU50 - 2',15,'134',NULL,29),(339,'MU59 - 2',11,'248',NULL,29),(340,'MU59 - 1',10,'248',NULL,29),(341,'MU10 - 1',2,'145',NULL,29),(342,'MU10 - 2',3,'147',NULL,29),(343,'MU09 - 2',1,'122',NULL,29),(344,'G10L - 1',12,'184',NULL,29),(345,'G10L- 2',13,'188',NULL,29),(346,'MU05 - 1',4,'123',NULL,29),(347,'MU50 - 1',14,'130',NULL,29),(348,'MU23 - 1',6,'176',NULL,29),(349,'MU23 - 2',7,'176',NULL,29),(350,'MU23 - 1',6,'166',NULL,30),(351,'MU51 - 1',8,'142',NULL,30),(352,'MU05 - 1',4,'127',NULL,30),(353,'MU05 - 2',5,'127',NULL,30),(354,'MU50 - 2',15,'124',NULL,30),(355,'MU51 - 2',9,'148',NULL,30),(356,'G10L - 1',12,'182',NULL,30),(357,'MU50 - 1',14,'124',NULL,30),(358,'MU59 - 2',11,'246',NULL,30),(359,'G10L- 2',13,'188',NULL,30),(360,'MU09 - 2',1,'120',NULL,30),(361,'MU59 - 1',10,'240',NULL,30),(362,'MU10 - 1',2,'151',NULL,30),(363,'MU10 - 2',3,'151',NULL,30),(364,'MU23 - 2',7,'176',NULL,30),(365,'MU51 - 2',9,'152',NULL,31),(366,'G10L- 2',13,'182',NULL,31),(367,'MU50 - 1',14,'128',NULL,31),(368,'MU51 - 1',8,'150',NULL,31),(369,'MU05 - 1',4,'127',NULL,31),(370,'MU05 - 2',5,'127',NULL,31),(371,'MU50 - 2',15,'134',NULL,31),(372,'MU10 - 1',2,'143',NULL,31),(373,'MU59 - 2',11,'248',NULL,31),(374,'MU10 - 2',3,'145',NULL,31),(375,'G10L - 1',12,'182',NULL,31),(376,'MU09 - 2',1,'122',NULL,31),(377,'MU59 - 1',10,'246',NULL,31),(378,'MU23 - 1',6,'172',NULL,31),(379,'MU23 - 2',7,'172',NULL,31),(380,'MU51 - 2',9,'152',NULL,32),(381,'MU05 - 1',4,'125',NULL,32),(382,'MU51 - 1',8,'150',NULL,32),(383,'G10L- 2',13,'184',NULL,32),(384,'MU05 - 2',5,'127',NULL,32),(385,'MU10 - 1',2,'147',NULL,32),(386,'MU50 - 1',14,'124',NULL,32),(387,'MU59 - 2',11,'246',NULL,32),(388,'G10L - 1',12,'184',NULL,32),(389,'MU09 - 2',1,'116',NULL,32),(390,'MU59 - 1',10,'240',NULL,32),(391,'MU10 - 2',3,'151',NULL,32),(392,'MU50 - 2',15,'130',NULL,32),(393,'MU23 - 1',6,'173',NULL,32),(394,'MU23 - 2',7,'176',NULL,32),(395,'MU51 - 2',9,'152',NULL,33),(396,'G10L- 2',13,'184',NULL,33),(397,'MU05 - 1',4,'127',NULL,33),(398,'MU05 - 2',5,'127',NULL,33),(399,'MU51 - 1',8,'140',NULL,33),(400,'MU50 - 2',15,'134',NULL,33),(401,'MU10 - 1',2,'143',NULL,33),(402,'MU59 - 2',11,'248',NULL,33),(403,'G10L - 1',12,'182',NULL,33),(404,'MU50 - 1',14,'124',NULL,33),(405,'MU09 - 2',1,'116',NULL,33),(406,'MU59 - 1',10,'240',NULL,33),(407,'MU10 - 2',3,'151',NULL,33),(408,'MU23 - 1',6,'176',NULL,33),(409,'MU23 - 2',7,'176',NULL,33),(410,'G10L- 2',13,'182',NULL,34),(411,'MU23 - 1',6,'166',NULL,34),(412,'MU51 - 1',8,'150',NULL,34),(413,'MU51 - 2',9,'150',NULL,34),(414,'MU05 - 1',4,'117',NULL,34),(415,'MU10 - 2',3,'143',NULL,34),(416,'MU59 - 2',11,'248',NULL,34),(417,'G10L - 1',12,'182',NULL,34),(418,'MU50 - 1',14,'124',NULL,34),(419,'MU09 - 2',1,'122',NULL,34),(420,'MU05 - 2',5,'123',NULL,34),(421,'MU59 - 1',10,'240',NULL,34),(422,'MU10 - 1',2,'141',NULL,34),(423,'MU50 - 2',15,'130',NULL,34),(424,'MU23 - 2',7,'172',NULL,34),(425,'MU23 - 1',6,'166',NULL,35),(426,'MU51 - 1',8,'142',NULL,35),(427,'MU51 - 2',9,'150',NULL,35),(428,'MU50 - 2',15,'134',NULL,35),(429,'MU50 - 1',14,'132',NULL,35),(430,'G10L - 1',12,'182',NULL,35),(431,'MU05 - 1',4,'121',NULL,35),(432,'MU59 - 2',11,'246',NULL,35),(433,'G10L- 2',13,'188',NULL,35),(434,'MU05 - 2',5,'123',NULL,35),(435,'MU09 - 2',1,'116',NULL,35),(436,'MU59 - 1',10,'240',NULL,35),(437,'MU10 - 1',2,'141',NULL,35),(438,'MU10 - 2',3,'151',NULL,35),(439,'MU23 - 2',7,'172',NULL,35),(440,'G10L- 2',13,'182',NULL,36),(441,'MU51 - 2',9,'150',NULL,36),(442,'MU05 - 1',4,'127',NULL,36),(443,'MU05 - 2',5,'127',NULL,36),(444,'MU51 - 1',8,'140',NULL,36),(445,'MU50 - 2',15,'132',NULL,36),(446,'MU59 - 1',10,'248',NULL,36),(447,'MU50 - 1',14,'110',NULL,36),(448,'MU10 - 1',2,'145',NULL,36),(449,'G10L - 1',12,'182',NULL,36),(450,'MU09 - 2',1,'116',NULL,36),(451,'MU10 - 2',3,'151',NULL,36),(452,'MU59 - 2',11,'250',NULL,36),(453,'MU23 - 1',6,'170',NULL,36),(454,'MU23 - 2',7,'170',NULL,36),(455,'MU51 - 2',9,'152',NULL,37),(456,'G10L- 2',13,'182',NULL,37),(457,'MU51 - 1',8,'142',NULL,37),(458,'MU50 - 2',15,'124',NULL,37),(459,'MU10 - 1',2,'143',NULL,37),(460,'MU10 - 2',3,'143',NULL,37),(461,'MU50 - 1',14,'110',NULL,37),(462,'MU05 - 1',4,'121',NULL,37),(463,'MU59 - 2',11,'246',NULL,37),(464,'MU09 - 2',1,'120',NULL,37),(465,'MU05 - 2',5,'123',NULL,37),(466,'MU59 - 1',10,'246',NULL,37),(467,'G10L - 1',12,'172',NULL,37),(468,'MU23 - 1',6,'173',NULL,37),(469,'MU23 - 2',7,'176',NULL,37),(470,'MU51 - 1',8,'142',NULL,38),(471,'MU05 - 2',5,'127',NULL,38),(472,'MU23 - 1',6,'168',NULL,38),(473,'MU10 - 2',3,'145',NULL,38),(474,'MU51 - 2',9,'148',NULL,38),(475,'MU50 - 1',14,'124',NULL,38),(476,'MU59 - 2',11,'246',NULL,38),(477,'G10L- 2',13,'188',NULL,38),(478,'MU09 - 2',1,'120',NULL,38),(479,'MU05 - 1',4,'123',NULL,38),(480,'MU59 - 1',10,'246',NULL,38),(481,'G10L - 1',12,'172',NULL,38),(482,'MU10 - 1',2,'141',NULL,38),(483,'MU50 - 2',15,'130',NULL,38),(484,'MU23 - 2',7,'176',NULL,38),(485,'MU50 - 1',14,'128',NULL,39),(486,'MU51 - 1',8,'142',NULL,39),(487,'G10L- 2',13,'184',NULL,39),(488,'G10L - 1',12,'178',NULL,39),(489,'MU59 - 1',10,NULL,NULL,39),(490,'MU59 - 2',11,NULL,NULL,39),(491,'MU51 - 2',9,'148',NULL,39),(492,'MU10 - 1',2,'147',NULL,39),(493,'MU05 - 1',4,'123',NULL,39),(494,'MU05 - 2',5,'123',NULL,39),(495,'MU09 - 2',1,'116',NULL,39),(496,'MU10 - 2',3,'151',NULL,39),(497,'MU50 - 2',15,'130',NULL,39),(498,'MU23 - 1',6,'172',NULL,39),(499,'MU23 - 2',7,'173',NULL,39),(500,'MU51 - 1',8,'142',NULL,40),(501,'MU51 - 2',9,'150',NULL,40),(502,'G10L- 2',13,'184',NULL,40),(503,'MU05 - 2',5,'127',NULL,40),(504,'MU59 - 2',11,'248',NULL,40),(505,'MU10 - 2',3,'147',NULL,40),(506,'G10L - 1',12,'182',NULL,40),(507,'MU50 - 1',14,'124',NULL,40),(508,'MU05 - 1',4,'123',NULL,40),(509,'MU50 - 2',15,'128',NULL,40),(510,'MU09 - 2',1,'116',NULL,40),(511,'MU59 - 1',10,'240',NULL,40),(512,'MU10 - 1',2,'141',NULL,40),(513,'MU23 - 1',6,'170',NULL,40),(514,'MU23 - 2',7,'176',NULL,40),(515,'G10L- 2',13,'182',NULL,41),(516,'MU51 - 2',9,'142',NULL,41),(517,'MU23 - 1',6,'168',NULL,41),(518,'MU51 - 1',8,'140',NULL,41),(519,'MU50 - 2',15,'134',NULL,41),(520,'MU10 - 1',2,'143',NULL,41),(521,'MU10 - 2',3,'147',NULL,41),(522,'G10L - 1',12,'182',NULL,41),(523,'MU59 - 2',11,'246',NULL,41),(524,'MU05 - 1',4,'123',NULL,41),(525,'MU05 - 2',5,'123',NULL,41),(526,'MU59 - 1',10,'246',NULL,41),(527,'MU09 - 2',1,'116',NULL,41),(528,'MU50 - 1',14,'130',NULL,41),(529,'MU23 - 2',7,'176',NULL,41),(530,'MU51 - 2',9,'152',NULL,42),(531,'MU51 - 1',8,'142',NULL,42),(532,'MU05 - 1',4,'127',NULL,42),(533,'MU05 - 2',5,'127',NULL,42),(534,'MU10 - 1',2,'143',NULL,42),(535,'MU59 - 2',11,'248',NULL,42),(536,'MU10 - 2',3,'147',NULL,42),(537,'MU50 - 1',14,'124',NULL,42),(538,'G10L - 1',12,'184',NULL,42),(539,'G10L- 2',13,'188',NULL,42),(540,'MU09 - 2',1,'120',NULL,42),(541,'MU59 - 1',10,'246',NULL,42),(542,'MU50 - 2',15,'128',NULL,42),(543,'MU23 - 1',6,'176',NULL,42),(544,'MU23 - 2',7,'176',NULL,42),(545,'MU50 - 1',14,'128',NULL,43),(546,'MU51 - 2',9,'142',NULL,43),(547,'MU05 - 2',5,'127',NULL,43),(548,'MU51 - 1',8,'140',NULL,43),(549,'MU59 - 2',11,'248',NULL,43),(550,'G10L - 1',12,'188',NULL,43),(551,'MU09 - 2',1,'122',NULL,43),(552,'G10L- 2',13,'188',NULL,43),(553,'MU05 - 1',4,'123',NULL,43),(554,'MU59 - 1',10,'246',NULL,43),(555,'MU50 - 2',15,'128',NULL,43),(556,'MU10 - 1',2,'151',NULL,43),(557,'MU10 - 2',3,'151',NULL,43),(558,'MU23 - 1',6,'176',NULL,43),(559,'MU23 - 2',7,'176',NULL,43),(560,'MU50 - 1',14,'128',NULL,44),(561,'G10L- 2',13,'184',NULL,44),(562,'MU05 - 1',4,'117',NULL,44),(563,'MU50 - 2',15,'134',NULL,44),(564,'MU51 - 1',8,'148',NULL,44),(565,'MU51 - 2',9,'148',NULL,44),(566,'MU59 - 2',11,'246',NULL,44),(567,'G10L - 1',12,'184',NULL,44),(568,'MU05 - 2',5,'123',NULL,44),(569,'MU59 - 1',10,'246',NULL,44),(570,'MU09 - 2',1,'116',NULL,44),(571,'MU10 - 1',2,'151',NULL,44),(572,'MU10 - 2',3,'151',NULL,44),(573,'MU23 - 1',6,'172',NULL,44),(574,'MU23 - 2',7,'176',NULL,44),(575,'MU51 - 2',9,'150',NULL,45),(576,'G10L- 2',13,'184',NULL,45),(577,'MU05 - 2',5,'127',NULL,45),(578,'MU10 - 2',3,'143',NULL,45),(579,'MU51 - 1',8,'148',NULL,45),(580,'G10L - 1',12,'182',NULL,45),(581,'MU59 - 2',11,'246',NULL,45),(582,'MU05 - 1',4,'123',NULL,45),(583,'MU09 - 2',1,'116',NULL,45),(584,'MU59 - 1',10,'240',NULL,45),(585,'MU10 - 1',2,'141',NULL,45),(586,'MU50 - 1',14,'130',NULL,45),(587,'MU23 - 1',6,'170',NULL,45),(588,'MU50 - 2',15,'130',NULL,45),(589,'MU23 - 2',7,'176',NULL,45),(590,'MU23 - 1',6,'166',NULL,46),(591,'MU51 - 1',8,'142',NULL,46),(592,'MU51 - 2',9,'142',NULL,46),(593,'MU05 - 2',5,'127',NULL,46),(594,'MU50 - 2',15,'134',NULL,46),(595,'MU59 - 2',11,'248',NULL,46),(596,'MU10 - 1',2,'145',NULL,46),(597,'G10L - 1',12,'188',NULL,46),(598,'MU10 - 2',3,'147',NULL,46),(599,'MU50 - 1',14,'124',NULL,46),(600,'MU09 - 2',1,'110',NULL,46),(601,'G10L- 2',13,'188',NULL,46),(602,'MU05 - 1',4,'123',NULL,46),(603,'MU59 - 1',10,'246',NULL,46),(604,'MU23 - 2',7,'176',NULL,46),(605,'MU51 - 2',9,'152',NULL,47),(606,'MU50 - 1',14,'128',NULL,47),(607,'G10L- 2',13,'184',NULL,47),(608,'MU51 - 1',8,'140',NULL,47),(609,'MU10 - 1',2,'143',NULL,47),(610,'MU59 - 2',11,'248',NULL,47),(611,'MU10 - 2',3,'147',NULL,47),(612,'G10L - 1',12,'182',NULL,47),(613,'MU09 - 2',1,'122',NULL,47),(614,'MU05 - 1',4,'123',NULL,47),(615,'MU05 - 2',5,'123',NULL,47),(616,'MU59 - 1',10,'240',NULL,47),(617,'MU50 - 2',15,'130',NULL,47),(618,'MU23 - 1',6,'176',NULL,47),(619,'MU23 - 2',7,'176',NULL,47),(620,'MU23 - 1',6,'166',NULL,48),(621,'MU51 - 1',8,'142',NULL,48),(622,'MU51 - 2',9,'142',NULL,48),(623,'MU50 - 2',15,'124',NULL,48),(624,'MU59 - 1',10,'248',NULL,48),(625,'MU10 - 2',3,'145',NULL,48),(626,'G10L - 1',12,'182',NULL,48),(627,'MU50 - 1',14,'124',NULL,48),(628,'G10L- 2',13,'188',NULL,48),(629,'MU05 - 1',4,'123',NULL,48),(630,'MU05 - 2',5,'123',NULL,48),(631,'MU09 - 2',1,'116',NULL,48),(632,'MU10 - 1',2,'141',NULL,48),(633,'MU59 - 2',11,'250',NULL,48),(634,'MU23 - 2',7,'176',NULL,48),(635,'MU51 - 2',9,'152',NULL,49),(636,'G10L- 2',13,'182',NULL,49),(637,'MU05 - 2',5,'127',NULL,49),(638,'MU50 - 2',15,'134',NULL,49),(639,'MU10 - 2',3,'143',NULL,49),(640,'MU59 - 2',11,'248',NULL,49),(641,'MU51 - 1',8,'148',NULL,49),(642,'G10L - 1',12,'182',NULL,49),(643,'MU50 - 1',14,'124',NULL,49),(644,'MU09 - 2',1,'120',NULL,49),(645,'MU05 - 1',4,'123',NULL,49),(646,'MU59 - 1',10,'240',NULL,49),(647,'MU10 - 1',2,'141',NULL,49),(648,'MU23 - 1',6,'172',NULL,49),(649,'MU23 - 2',7,'176',NULL,49),(650,'G10L- 2',13,'182',NULL,50),(651,'MU23 - 1',6,'166',NULL,50),(652,'MU51 - 1',8,'142',NULL,50),(653,'MU05 - 2',5,'127',NULL,50),(654,'MU50 - 2',15,'132',NULL,50),(655,'MU59 - 2',11,'248',NULL,50),(656,'MU50 - 1',14,'132',NULL,50),(657,'MU51 - 2',9,'148',NULL,50),(658,'MU10 - 2',3,'147',NULL,50),(659,'MU10 - 1',2,'135',NULL,50),(660,'MU09 - 2',1,'120',NULL,50),(661,'MU05 - 1',4,'123',NULL,50),(662,'MU59 - 1',10,'246',NULL,50),(663,'G10L - 1',12,'172',NULL,50),(664,'MU23 - 2',7,'170',NULL,50),(665,'MU51 - 2',9,'152',NULL,51),(666,'MU23 - 1',6,'166',NULL,51),(667,'MU23 - 2',7,'166',NULL,51),(668,'G10L- 2',13,'184',NULL,51),(669,'MU05 - 2',5,'127',NULL,51),(670,'MU59 - 2',11,'248',NULL,51),(671,'MU10 - 2',3,'145',NULL,51),(672,'MU51 - 1',8,'148',NULL,51),(673,'G10L - 1',12,'182',NULL,51),(674,'MU10 - 1',2,'135',NULL,51),(675,'MU09 - 2',1,'120',NULL,51),(676,'MU05 - 1',4,'123',NULL,51),(677,'MU59 - 1',10,'240',NULL,51),(678,'MU50 - 1',14,'130',NULL,51),(679,'MU50 - 2',15,'130',NULL,51),(680,'MU51 - 2',9,'150',NULL,52),(681,'G10L- 2',13,'184',NULL,52),(682,'MU05 - 2',5,'127',NULL,52),(683,'MU10 - 1',2,'143',NULL,52),(684,'MU59 - 2',11,'248',NULL,52),(685,'MU50 - 1',14,'110',NULL,52),(686,'MU51 - 1',8,'148',NULL,52),(687,'G10L - 1',12,'182',NULL,52),(688,'MU05 - 1',4,'123',NULL,52),(689,'MU09 - 2',1,'116',NULL,52),(690,'MU59 - 1',10,'240',NULL,52),(691,'MU10 - 2',3,'151',NULL,52),(692,'MU50 - 2',15,'130',NULL,52),(693,'MU23 - 1',6,'176',NULL,52),(694,'MU23 - 2',7,'176',NULL,52),(695,'MU51 - 2',9,'152',NULL,53),(696,'G10L- 2',13,'182',NULL,53),(697,'MU05 - 1',4,'125',NULL,53),(698,'MU05 - 2',5,'127',NULL,53),(699,'MU51 - 1',8,'140',NULL,53),(700,'MU59 - 2',11,'248',NULL,53),(701,'MU59 - 1',10,'248',NULL,53),(702,'G10L - 1',12,'174',NULL,53),(703,'MU10 - 1',2,'147',NULL,53),(704,'MU50 - 1',14,'124',NULL,53),(705,'MU09 - 2',1,'122',NULL,53),(706,'MU10 - 2',3,'151',NULL,53),(707,'MU50 - 2',15,'130',NULL,53),(708,'MU23 - 1',6,'173',NULL,53),(709,'MU23 - 2',7,'176',NULL,53),(710,'MU51 - 2',9,'152',NULL,54),(711,'MU05 - 1',4,'125',NULL,54),(712,'G10L- 2',13,'184',NULL,54),(713,'MU05 - 2',5,'127',NULL,54),(714,'MU23 - 1',6,'168',NULL,54),(715,'MU51 - 1',8,'140',NULL,54),(716,'MU59 - 2',11,'248',NULL,54),(717,'MU59 - 1',10,'248',NULL,54),(718,'G10L - 1',12,'182',NULL,54),(719,'MU50 - 1',14,'124',NULL,54),(720,'MU50 - 2',15,'128',NULL,54),(721,'MU09 - 2',1,'116',NULL,54),(722,'MU10 - 1',2,'141',NULL,54),(723,'MU10 - 2',3,'151',NULL,54),(724,'MU23 - 2',7,'176',NULL,54),(725,'MU50 - 1',14,'128',NULL,55),(726,'MU05 - 1',4,'125',NULL,55),(727,'MU51 - 1',8,'142',NULL,55),(728,'G10L- 2',13,'184',NULL,55),(729,'MU05 - 2',5,'127',NULL,55),(730,'MU59 - 1',10,'248',NULL,55),(731,'MU51 - 2',9,'148',NULL,55),(732,'MU10 - 1',2,'147',NULL,55),(733,'G10L - 1',12,'182',NULL,55),(734,'MU59 - 2',11,'256',NULL,55),(735,'MU10 - 2',3,'149',NULL,55),(736,'MU09 - 2',1,'120',NULL,55),(737,'MU50 - 2',15,'128',NULL,55),(738,'MU23 - 1',6,'172',NULL,55),(739,'MU23 - 2',7,'176',NULL,55),(740,'MU51 - 1',8,'142',NULL,56),(741,'MU51 - 2',9,'150',NULL,56),(742,'G10L- 2',13,'184',NULL,56),(743,'MU05 - 2',5,'127',NULL,56),(744,'MU05 - 1',4,'109',NULL,56),(745,'MU59 - 2',11,'248',NULL,56),(746,'G10L - 1',12,'182',NULL,56),(747,'MU59 - 1',10,'246',NULL,56),(748,'MU09 - 2',1,'116',NULL,56),(749,'MU10 - 1',2,'141',NULL,56),(750,'MU10 - 2',3,'141',NULL,56),(751,'MU50 - 1',14,'130',NULL,56),(752,'MU50 - 2',15,'130',NULL,56),(753,'MU23 - 1',6,'176',NULL,56),(754,'MU23 - 2',7,'176',NULL,56),(755,'MU51 - 2',9,'152',NULL,57),(756,'G10L- 2',13,'182',NULL,57),(757,'MU05 - 1',4,'125',NULL,57),(758,'MU51 - 1',8,'142',NULL,57),(759,'MU05 - 2',5,'127',NULL,57),(760,'MU59 - 2',11,'248',NULL,57),(761,'MU59 - 1',10,'248',NULL,57),(762,'G10L - 1',12,'174',NULL,57),(763,'MU50 - 1',14,'124',NULL,57),(764,'MU09 - 2',1,'116',NULL,57),(765,'MU10 - 1',2,'141',NULL,57),(766,'MU10 - 2',3,'151',NULL,57),(767,'MU50 - 2',15,'130',NULL,57),(768,'MU23 - 1',6,'176',NULL,57),(769,'MU23 - 2',7,'176',NULL,57),(770,'MU51 - 2',9,'142',NULL,58),(771,'G10L- 2',13,'184',NULL,58),(772,'MU50 - 2',15,'134',NULL,58),(773,'MU05 - 1',4,'109',NULL,58),(774,'MU59 - 2',11,'248',NULL,58),(775,'MU50 - 1',14,'110',NULL,58),(776,'MU10 - 1',2,'147',NULL,58),(777,'G10L - 1',12,'182',NULL,58),(778,'MU05 - 2',5,'123',NULL,58),(779,'MU51 - 1',8,'132',NULL,58),(780,'MU09 - 2',1,'116',NULL,58),(781,'MU59 - 1',10,'240',NULL,58),(782,'MU10 - 2',3,'151',NULL,58),(783,'MU23 - 1',6,'176',NULL,58),(784,'MU23 - 2',7,'176',NULL,58),(785,'MU50 - 1',14,'128',NULL,59),(786,'MU05 - 1',4,'125',NULL,59),(787,'MU05 - 2',5,'125',NULL,59),(788,'G10L- 2',13,'184',NULL,59),(789,'MU23 - 1',6,'168',NULL,59),(790,'MU51 - 1',8,'140',NULL,59),(791,'MU59 - 2',11,'248',NULL,59),(792,'MU59 - 1',10,'248',NULL,59),(793,'MU51 - 2',9,'148',NULL,59),(794,'MU10 - 2',3,'147',NULL,59),(795,'G10L - 1',12,'184',NULL,59),(796,'MU50 - 2',15,'128',NULL,59),(797,'MU09 - 2',1,'116',NULL,59),(798,'MU10 - 1',2,'141',NULL,59),(799,'MU23 - 2',7,'173',NULL,59),(800,'MU51 - 2',9,'152',NULL,60),(801,'MU51 - 1',8,'150',NULL,60),(802,'MU05 - 1',4,'127',NULL,60),(803,'MU05 - 2',5,'127',NULL,60),(804,'G10L - 1',12,'178',NULL,60),(805,'MU10 - 1',2,'143',NULL,60),(806,'MU59 - 2',11,'248',NULL,60),(807,'G10L- 2',13,'188',NULL,60),(808,'MU09 - 2',1,'116',NULL,60),(809,'MU59 - 1',10,'240',NULL,60),(810,'MU10 - 2',3,'151',NULL,60),(811,'MU50 - 1',14,'130',NULL,60),(812,'MU50 - 2',15,'130',NULL,60),(813,'MU23 - 1',6,'173',NULL,60),(814,'MU23 - 2',7,'176',NULL,60),(815,'MU50 - 1',14,'128',NULL,61),(816,'MU51 - 2',9,'150',NULL,61),(817,'MU23 - 1',6,'168',NULL,61),(818,'MU51 - 1',8,'140',NULL,61),(819,'MU50 - 2',15,'134',NULL,61),(820,'MU10 - 2',3,'143',NULL,61),(821,'MU09 - 2',1,'112',NULL,61),(822,'G10L - 1',12,'182',NULL,61),(823,'MU59 - 2',11,'246',NULL,61),(824,'G10L- 2',13,'188',NULL,61),(825,'MU05 - 1',4,'123',NULL,61),(826,'MU05 - 2',5,'123',NULL,61),(827,'MU59 - 1',10,'240',NULL,61),(828,'MU10 - 1',2,'141',NULL,61),(829,'MU23 - 2',7,'176',NULL,61),(830,'MU23 - 1',6,'166',NULL,62),(831,'MU51 - 1',8,'142',NULL,62),(832,'MU51 - 2',9,'142',NULL,62),(833,'G10L- 2',13,'184',NULL,62),(834,'MU50 - 2',15,'124',NULL,62),(835,'G10L - 1',12,'178',NULL,62),(836,'MU59 - 2',11,'248',NULL,62),(837,'MU59 - 1',10,'248',NULL,62),(838,'MU50 - 1',14,'124',NULL,62),(839,'MU10 - 1',2,'135',NULL,62),(840,'MU05 - 1',4,'123',NULL,62),(841,'MU05 - 2',5,'123',NULL,62),(842,'MU09 - 2',1,'116',NULL,62),(843,'MU10 - 2',3,'151',NULL,62),(844,'MU23 - 2',7,'174',NULL,62),(845,'MU50 - 1',14,'128',NULL,63),(846,'MU23 - 1',6,'166',NULL,63),(847,'MU51 - 1',8,'142',NULL,63),(848,'G10L- 2',13,'184',NULL,63),(849,'MU23 - 2',7,'168',NULL,63),(850,'MU05 - 1',4,'109',NULL,63),(851,'MU10 - 1',2,'143',NULL,63),(852,'MU10 - 2',3,'145',NULL,63),(853,'MU51 - 2',9,'148',NULL,63),(854,'G10L - 1',12,'182',NULL,63),(855,'MU09 - 2',1,'122',NULL,63),(856,'MU59 - 2',11,'246',NULL,63),(857,'MU05 - 2',5,'123',NULL,63),(858,'MU59 - 1',10,'240',NULL,63),(859,'MU50 - 2',15,'130',NULL,63),(860,'MU50 - 1',14,'128',NULL,64),(861,'MU05 - 2',5,'125',NULL,64),(862,'MU51 - 1',8,'142',NULL,64),(863,'G10L- 2',13,'184',NULL,64),(864,'MU50 - 2',15,'132',NULL,64),(865,'MU59 - 2',11,'248',NULL,64),(866,'MU59 - 1',10,'248',NULL,64),(867,'MU51 - 2',9,'148',NULL,64),(868,'MU10 - 2',3,'147',NULL,64),(869,'G10L - 1',12,'182',NULL,64),(870,'MU09 - 2',1,'120',NULL,64),(871,'MU05 - 1',4,'123',NULL,64),(872,'MU10 - 1',2,'141',NULL,64),(873,'MU23 - 1',6,'176',NULL,64),(874,'MU23 - 2',7,'176',NULL,64),(875,'MU51 - 1',8,'142',NULL,65),(876,'MU51 - 2',9,'150',NULL,65),(877,'MU05 - 2',5,'127',NULL,65),(878,'MU10 - 1',2,'143',NULL,65),(879,'MU59 - 2',11,'248',NULL,65),(880,'MU59 - 1',10,'248',NULL,65),(881,'MU10 - 2',3,'145',NULL,65),(882,'MU50 - 1',14,'124',NULL,65),(883,'G10L - 1',12,'184',NULL,65),(884,'G10L- 2',13,'188',NULL,65),(885,'MU05 - 1',4,'123',NULL,65),(886,'MU09 - 2',1,'116',NULL,65),(887,'MU50 - 2',15,'130',NULL,65),(888,'MU23 - 1',6,'176',NULL,65),(889,'MU23 - 2',7,'176',NULL,65),(890,'MU51 - 2',9,'152',NULL,66),(891,'G10L- 2',13,'182',NULL,66),(892,'MU51 - 1',8,'142',NULL,66),(893,'MU05 - 2',5,'127',NULL,66),(894,'MU10 - 2',3,'143',NULL,66),(895,'MU59 - 2',11,'248',NULL,66),(896,'MU59 - 1',10,'248',NULL,66),(897,'G10L - 1',12,'182',NULL,66),(898,'MU50 - 1',14,'124',NULL,66),(899,'MU05 - 1',4,'123',NULL,66),(900,'MU09 - 2',1,'116',NULL,66),(901,'MU10 - 1',2,'141',NULL,66),(902,'MU50 - 2',15,'130',NULL,66),(903,'MU23 - 1',6,'176',NULL,66),(904,'MU23 - 2',7,'176',NULL,66),(905,'MU05 - 2',5,'125',NULL,67),(906,'MU51 - 2',9,'150',NULL,67),(907,'MU05 - 1',4,'117',NULL,67),(908,'G10L - 1',12,'178',NULL,67),(909,'MU50 - 2',15,'132',NULL,67),(910,'MU59 - 1',10,'226',NULL,67),(911,'MU51 - 1',8,'148',NULL,67),(912,'G10L- 2',13,'188',NULL,67),(913,'MU59 - 2',11,'230',NULL,67),(914,'MU09 - 2',1,'124',NULL,67),(915,'MU10 - 1',2,'141',NULL,67),(916,'MU10 - 2',3,'151',NULL,67),(917,'MU50 - 1',14,'130',NULL,67),(918,'MU23 - 1',6,'170',NULL,67),(919,'MU23 - 2',7,'173',NULL,67),(920,'MU23 - 1',6,'166',NULL,68),(921,'MU51 - 2',9,'150',NULL,68),(922,'MU05 - 1',4,'127',NULL,68),(923,'MU05 - 2',5,'127',NULL,68),(924,'MU59 - 1',10,'226',NULL,68),(925,'MU51 - 1',8,'148',NULL,68),(926,'G10L- 2',13,'186',NULL,68),(927,'MU10 - 2',3,'149',NULL,68),(928,'MU09 - 2',1,'120',NULL,68),(929,'G10L - 1',12,'172',NULL,68),(930,'MU59 - 2',11,'230',NULL,68),(931,'MU10 - 1',2,'141',NULL,68),(932,'MU50 - 1',14,'130',NULL,68),(933,'MU50 - 2',15,'130',NULL,68),(934,'MU23 - 2',7,'172',NULL,68),(935,'MU51 - 2',9,'150',NULL,69),(936,'MU05 - 1',4,'127',NULL,69),(937,'MU05 - 2',5,'127',NULL,69),(938,'MU51 - 1',8,'140',NULL,69),(939,'G10L - 1',12,'178',NULL,69),(940,'MU50 - 2',15,'132',NULL,69),(941,'MU10 - 1',2,'143',NULL,69),(942,'MU10 - 2',3,'147',NULL,69),(943,'G10L- 2',13,'186',NULL,69),(944,'MU59 - 1',10,'240',NULL,69),(945,'MU09 - 2',1,'114',NULL,69),(946,'MU59 - 2',11,'250',NULL,69),(947,'MU50 - 1',14,'130',NULL,69),(948,'MU23 - 1',6,'172',NULL,69),(949,'MU23 - 2',7,'172',NULL,69),(950,'MU50 - 1',14,'128',NULL,70),(951,'MU51 - 1',8,'142',NULL,70),(952,'MU51 - 2',9,'150',NULL,70),(953,'MU05 - 1',4,'127',NULL,70),(954,'MU05 - 2',5,'127',NULL,70),(955,'G10L - 1',12,'178',NULL,70),(956,'MU50 - 2',15,'132',NULL,70),(957,'MU59 - 2',11,'248',NULL,70),(958,'G10L- 2',13,'188',NULL,70),(959,'MU09 - 2',1,'120',NULL,70),(960,'MU59 - 1',10,'246',NULL,70),(961,'MU10 - 1',2,'141',NULL,70),(962,'MU10 - 2',3,'151',NULL,70),(963,'MU23 - 1',6,'170',NULL,70),(964,'MU23 - 2',7,'173',NULL,70),(965,'G10L- 2',13,'182',NULL,71),(966,'MU05 - 1',4,'125',NULL,71),(967,'MU23 - 1',6,'166',NULL,71),(968,'MU51 - 2',9,'142',NULL,71),(969,'MU05 - 2',5,'127',NULL,71),(970,'MU51 - 1',8,'140',NULL,71),(971,'MU59 - 1',10,NULL,NULL,71),(972,'MU59 - 2',11,NULL,NULL,71),(973,'G10L - 1',12,'182',NULL,71),(974,'MU50 - 1',14,NULL,NULL,71),(975,'MU50 - 2',15,NULL,NULL,71),(976,'MU10 - 1',2,NULL,NULL,71),(977,'MU10 - 2',3,NULL,NULL,71),(978,'MU09 - 2',1,'124',NULL,71),(979,'MU23 - 2',7,'172',NULL,71),(980,'MU05 - 1',4,'125',NULL,72),(981,'MU23 - 1',6,'166',NULL,72),(982,'MU51 - 1',8,'142',NULL,72),(983,'MU05 - 2',5,'127',NULL,72),(984,'G10L- 2',13,'194',NULL,72),(985,'MU59 - 2',11,'248',NULL,72),(986,'MU59 - 1',10,'248',NULL,72),(987,'MU50 - 1',14,'110',NULL,72),(988,'MU51 - 2',9,'148',NULL,72),(989,'MU10 - 1',2,'149',NULL,72),(990,'G10L - 1',12,'172',NULL,72),(991,'MU50 - 2',15,'128',NULL,72),(992,'MU09 - 2',1,'124',NULL,72),(993,'MU10 - 2',3,'151',NULL,72),(994,'MU23 - 2',7,'170',NULL,72),(995,'G10L- 2',13,'182',NULL,73),(996,'MU05 - 2',5,'125',NULL,73),(997,'MU51 - 1',8,'140',NULL,73),(998,'MU59 - 2',11,'248',NULL,73),(999,'MU50 - 1',14,'110',NULL,73),(1000,'MU51 - 2',9,'148',NULL,73),(1001,'MU10 - 2',3,'147',NULL,73),(1002,'G10L - 1',12,'182',NULL,73),(1003,'MU05 - 1',4,'121',NULL,73),(1004,'MU50 - 2',15,'128',NULL,73),(1005,'MU59 - 1',10,'230',NULL,73),(1006,'MU09 - 2',1,'124',NULL,73),(1007,'MU10 - 1',2,'141',NULL,73),(1008,'MU23 - 1',6,'172',NULL,73),(1009,'MU23 - 2',7,'172',NULL,73),(1010,'G10L- 2',13,'182',NULL,74),(1011,'MU50 - 1',14,'128',NULL,74),(1012,'MU23 - 1',6,'166',NULL,74),(1013,'MU51 - 1',8,'142',NULL,74),(1014,'MU05 - 2',5,'127',NULL,74),(1015,'MU50 - 2',15,'132',NULL,74),(1016,'MU59 - 1',10,'248',NULL,74),(1017,'MU51 - 2',9,'148',NULL,74),(1018,'MU05 - 1',4,'121',NULL,74),(1019,'MU09 - 2',1,'120',NULL,74),(1020,'G10L - 1',12,'172',NULL,74),(1021,'MU10 - 1',2,'151',NULL,74),(1022,'MU10 - 2',3,'151',NULL,74),(1023,'MU59 - 2',11,'250',NULL,74),(1024,'MU23 - 2',7,'172',NULL,74),(1025,'G10L- 2',13,'182',NULL,75),(1026,'MU50 - 1',14,'128',NULL,75),(1027,'MU51 - 2',9,'150',NULL,75),(1028,'MU05 - 1',4,'127',NULL,75),(1029,'MU05 - 2',5,'127',NULL,75),(1030,'MU51 - 1',8,'140',NULL,75),(1031,'MU50 - 2',15,'134',NULL,75),(1032,'G10L - 1',12,'178',NULL,75),(1033,'MU10 - 1',2,'143',NULL,75),(1034,'MU59 - 2',11,'256',NULL,75),(1035,'MU09 - 2',1,'110',NULL,75),(1036,'MU59 - 1',10,'240',NULL,75),(1037,'MU10 - 2',3,'151',NULL,75),(1038,'MU23 - 1',6,'172',NULL,75),(1039,'MU23 - 2',7,'172',NULL,75),(1040,'G10L- 2',13,'182',NULL,76),(1041,'MU50 - 1',14,'128',NULL,76),(1042,'MU05 - 2',5,'125',NULL,76),(1043,'MU23 - 1',6,'166',NULL,76),(1044,'MU51 - 1',8,'140',NULL,76),(1045,'MU51 - 2',9,'140',NULL,76),(1046,'MU05 - 1',4,'117',NULL,76),(1047,'MU50 - 2',15,'134',NULL,76),(1048,'G10L - 1',12,'178',NULL,76),(1049,'MU59 - 2',11,'240',NULL,76),(1050,'MU59 - 1',10,'232',NULL,76),(1051,'MU09 - 2',1,'124',NULL,76),(1052,'MU10 - 1',2,'141',NULL,76),(1053,'MU10 - 2',3,'151',NULL,76),(1054,'MU23 - 2',7,'172',NULL,76),(1055,'MU50 - 1',14,'128',NULL,77),(1056,'MU51 - 2',9,'142',NULL,77),(1057,'MU05 - 1',4,'127',NULL,77),(1058,'MU05 - 2',5,'127',NULL,77),(1059,'MU51 - 1',8,'140',NULL,77),(1060,'MU59 - 2',11,'248',NULL,77),(1061,'MU59 - 1',10,'248',NULL,77),(1062,'MU09 - 2',1,'112',NULL,77),(1063,'G10L- 2',13,'186',NULL,77),(1064,'MU10 - 1',2,'149',NULL,77),(1065,'G10L - 1',12,'184',NULL,77),(1066,'MU50 - 2',15,'128',NULL,77),(1067,'MU10 - 2',3,'151',NULL,77),(1068,'MU23 - 1',6,'172',NULL,77),(1069,'MU23 - 2',7,'172',NULL,77),(1070,'MU05 - 2',5,'125',NULL,78),(1071,'MU50 - 2',15,'124',NULL,78),(1072,'G10L - 1',12,'178',NULL,78),(1073,'G10L- 2',13,'178',NULL,78),(1074,'MU51 - 1',8,'148',NULL,78),(1075,'MU51 - 2',9,'148',NULL,78),(1076,'MU10 - 2',3,'147',NULL,78),(1077,'MU50 - 1',14,'124',NULL,78),(1078,'MU05 - 1',4,'121',NULL,78),(1079,'MU09 - 2',1,'116',NULL,78),(1080,'MU59 - 2',11,'240',NULL,78),(1081,'MU59 - 1',10,'240',NULL,78),(1082,'MU10 - 1',2,'141',NULL,78),(1083,'MU23 - 1',6,'170',NULL,78),(1084,'MU23 - 2',7,'170',NULL,78),(1085,'MU05 - 2',5,'125',NULL,79),(1086,'MU23 - 1',6,'166',NULL,79),(1087,'MU51 - 2',9,'150',NULL,79),(1088,'MU51 - 1',8,'140',NULL,79),(1089,'MU05 - 1',4,'117',NULL,79),(1090,'G10L - 1',12,'182',NULL,79),(1091,'G10L- 2',13,'186',NULL,79),(1092,'MU50 - 1',14,'124',NULL,79),(1093,'MU10 - 2',3,'149',NULL,79),(1094,'MU50 - 2',15,'128',NULL,79),(1095,'MU59 - 1',10,'240',NULL,79),(1096,'MU09 - 2',1,'124',NULL,79),(1097,'MU10 - 1',2,'141',NULL,79),(1098,'MU59 - 2',11,'250',NULL,79),(1099,'MU23 - 2',7,'172',NULL,79),(1100,'MU51 - 1',8,'142',NULL,80),(1101,'MU51 - 2',9,'150',NULL,80),(1102,'MU05 - 2',5,'127',NULL,80),(1103,'MU05 - 1',4,'109',NULL,80),(1104,'MU59 - 1',10,'226',NULL,80),(1105,'MU10 - 1',2,'147',NULL,80),(1106,'G10L- 2',13,'186',NULL,80),(1107,'MU50 - 1',14,'124',NULL,80),(1108,'G10L - 1',12,'184',NULL,80),(1109,'MU09 - 2',1,'120',NULL,80),(1110,'MU50 - 2',15,'128',NULL,80),(1111,'MU10 - 2',3,'151',NULL,80),(1112,'MU59 - 2',11,'250',NULL,80),(1113,'MU23 - 1',6,'170',NULL,80),(1114,'MU23 - 2',7,'170',NULL,80),(1115,'MU05 - 2',5,'125',NULL,81),(1116,'MU23 - 1',6,'166',NULL,81),(1117,'MU51 - 1',8,'140',NULL,81),(1118,'MU51 - 2',9,'140',NULL,81),(1119,'MU05 - 1',4,'117',NULL,81),(1120,'MU59 - 2',11,'248',NULL,81),(1121,'G10L- 2',13,'178',NULL,81),(1122,'MU10 - 1',2,'149',NULL,81),(1123,'G10L - 1',12,'172',NULL,81),(1124,'MU09 - 2',1,'114',NULL,81),(1125,'MU59 - 1',10,'232',NULL,81),(1126,'MU10 - 2',3,'151',NULL,81),(1127,'MU50 - 1',14,'130',NULL,81),(1128,'MU50 - 2',15,'130',NULL,81),(1129,'MU23 - 2',7,'172',NULL,81),(1130,'MU51 - 2',9,'150',NULL,82),(1131,'MU05 - 2',5,'127',NULL,82),(1132,'MU51 - 1',8,'140',NULL,82),(1133,'MU05 - 1',4,'117',NULL,82),(1134,'G10L - 1',12,'178',NULL,82),(1135,'MU50 - 2',15,'132',NULL,82),(1136,'G10L- 2',13,'186',NULL,82),(1137,'MU10 - 1',2,'149',NULL,82),(1138,'MU09 - 2',1,'114',NULL,82),(1139,'MU59 - 1',10,'232',NULL,82),(1140,'MU10 - 2',3,'151',NULL,82),(1141,'MU59 - 2',11,'250',NULL,82),(1142,'MU50 - 1',14,'130',NULL,82),(1143,'MU23 - 1',6,'172',NULL,82),(1144,'MU23 - 2',7,'172',NULL,82),(1145,'MU50 - 1',14,'128',NULL,83),(1146,'MU05 - 2',5,'127',NULL,83),(1147,'MU51 - 1',8,'140',NULL,83),(1148,'MU05 - 1',4,'117',NULL,83),(1149,'MU50 - 2',15,'132',NULL,83),(1150,'MU59 - 2',11,'248',NULL,83),(1151,'MU51 - 2',9,'148',NULL,83),(1152,'MU10 - 1',2,'147',NULL,83),(1153,'G10L - 1',12,'182',NULL,83),(1154,'G10L- 2',13,'188',NULL,83),(1155,'MU09 - 2',1,'120',NULL,83),(1156,'MU59 - 1',10,'240',NULL,83),(1157,'MU10 - 2',3,'151',NULL,83),(1158,'MU23 - 1',6,'170',NULL,83),(1159,'MU23 - 2',7,'173',NULL,83),(1160,'G10L- 2',13,'182',NULL,84),(1161,'MU51 - 2',9,'150',NULL,84),(1162,'MU05 - 1',4,'127',NULL,84),(1163,'MU05 - 2',5,'127',NULL,84),(1164,'MU50 - 2',15,'132',NULL,84),(1165,'MU51 - 1',8,'148',NULL,84),(1166,'MU10 - 1',2,'147',NULL,84),(1167,'G10L - 1',12,'182',NULL,84),(1168,'MU09 - 2',1,'120',NULL,84),(1169,'MU59 - 1',10,'240',NULL,84),(1170,'MU10 - 2',3,'151',NULL,84),(1171,'MU59 - 2',11,'250',NULL,84),(1172,'MU50 - 1',14,'130',NULL,84),(1173,'MU23 - 1',6,'170',NULL,84),(1174,'MU23 - 2',7,'170',NULL,84),(1175,'G10L- 2',13,'182',NULL,85),(1176,'MU05 - 1',4,'125',NULL,85),(1177,'MU23 - 1',6,'166',NULL,85),(1178,'MU05 - 2',5,'127',NULL,85),(1179,'MU51 - 2',9,'140',NULL,85),(1180,'MU59 - 2',11,'248',NULL,85),(1181,'MU59 - 1',10,'248',NULL,85),(1182,'MU50 - 1',14,'110',NULL,85),(1183,'MU10 - 2',3,'147',NULL,85),(1184,'G10L - 1',12,'182',NULL,85),(1185,'MU09 - 2',1,'110',NULL,85),(1186,'MU51 - 1',8,'132',NULL,85),(1187,'MU50 - 2',15,'128',NULL,85),(1188,'MU10 - 1',2,'141',NULL,85),(1189,'MU23 - 2',7,'172',NULL,85),(1190,'MU05 - 1',4,'125',NULL,86),(1191,'MU05 - 2',5,'127',NULL,86),(1192,'MU59 - 2',11,'248',NULL,86),(1193,'MU59 - 1',10,'226',NULL,86),(1194,'G10L- 2',13,'178',NULL,86),(1195,'MU51 - 1',8,'148',NULL,86),(1196,'MU51 - 2',9,'148',NULL,86),(1197,'G10L - 1',12,'172',NULL,86),(1198,'MU09 - 2',1,'124',NULL,86),(1199,'MU10 - 1',2,'151',NULL,86),(1200,'MU10 - 2',3,'151',NULL,86),(1201,'MU50 - 1',14,'130',NULL,86),(1202,'MU50 - 2',15,'130',NULL,86),(1203,'MU23 - 1',6,'172',NULL,86),(1204,'MU23 - 2',7,'173',NULL,86),(1205,'G10L- 2',13,'182',NULL,87),(1206,'MU51 - 1',8,'142',NULL,87),(1207,'MU05 - 2',5,'127',NULL,87),(1208,'MU50 - 2',15,'132',NULL,87),(1209,'MU59 - 2',11,'248',NULL,87),(1210,'MU10 - 1',2,'145',NULL,87),(1211,'MU51 - 2',9,'148',NULL,87),(1212,'G10L - 1',12,'182',NULL,87),(1213,'MU50 - 1',14,'124',NULL,87),(1214,'MU10 - 2',3,'149',NULL,87),(1215,'MU05 - 1',4,'123',NULL,87),(1216,'MU59 - 1',10,'232',NULL,87),(1217,'MU09 - 2',1,'118',NULL,87),(1218,'MU23 - 1',6,'170',NULL,87),(1219,'MU23 - 2',7,'176',NULL,87),(1220,'G10L- 2',13,'182',NULL,88),(1221,'MU50 - 2',15,'124',NULL,88),(1222,'G10L - 1',12,'178',NULL,88),(1223,'MU05 - 1',4,'109',NULL,88),(1224,'MU51 - 1',8,'148',NULL,88),(1225,'MU51 - 2',9,'148',NULL,88),(1226,'MU10 - 2',3,'147',NULL,88),(1227,'MU50 - 1',14,'124',NULL,88),(1228,'MU05 - 2',5,'121',NULL,88),(1229,'MU10 - 1',2,'135',NULL,88),(1230,'MU09 - 2',1,'116',NULL,88),(1231,'MU59 - 1',10,'240',NULL,88),(1232,'MU59 - 2',11,'250',NULL,88),(1233,'MU23 - 1',6,'170',NULL,88),(1234,'MU23 - 2',7,'170',NULL,88),(1235,'MU50 - 1',14,'128',NULL,89),(1236,'MU51 - 1',8,'142',NULL,89),(1237,'G10L- 2',13,'184',NULL,89),(1238,'MU05 - 1',4,'127',NULL,89),(1239,'MU05 - 2',5,'127',NULL,89),(1240,'MU59 - 1',10,'248',NULL,89),(1241,'MU51 - 2',9,'148',NULL,89),(1242,'G10L - 1',12,'182',NULL,89),(1243,'MU09 - 2',1,'122',NULL,89),(1244,'MU59 - 2',11,'256',NULL,89),(1245,'MU10 - 1',2,'135',NULL,89),(1246,'MU50 - 2',15,'128',NULL,89),(1247,'MU10 - 2',3,'151',NULL,89),(1248,'MU23 - 1',6,'170',NULL,89),(1249,'MU23 - 2',7,'172',NULL,89),(1250,'G10L- 2',13,'182',NULL,90),(1251,'MU50 - 1',14,'128',NULL,90),(1252,'MU05 - 1',4,'125',NULL,90),(1253,'MU51 - 1',8,'142',NULL,90),(1254,'MU51 - 2',9,'142',NULL,90),(1255,'MU05 - 2',5,'127',NULL,90),(1256,'MU50 - 2',15,'132',NULL,90),(1257,'G10L - 1',12,'182',NULL,90),(1258,'MU59 - 2',11,'256',NULL,90),(1259,'MU59 - 1',10,'252',NULL,90),(1260,'MU09 - 2',1,'118',NULL,90),(1261,'MU10 - 1',2,'151',NULL,90),(1262,'MU10 - 2',3,'151',NULL,90),(1263,'MU23 - 1',6,'170',NULL,90),(1264,'MU23 - 2',7,'170',NULL,90),(1265,'G10L- 2',13,'182',NULL,91),(1266,'MU50 - 1',14,'128',NULL,91),(1267,'MU51 - 2',9,'150',NULL,91),(1268,'MU05 - 1',4,'127',NULL,91),(1269,'MU05 - 2',5,'127',NULL,91),(1270,'MU51 - 1',8,'140',NULL,91),(1271,'MU50 - 2',15,'134',NULL,91),(1272,'G10L - 1',12,'178',NULL,91),(1273,'MU10 - 1',2,'143',NULL,91),(1274,'MU59 - 2',11,'256',NULL,91),(1275,'MU09 - 2',1,'110',NULL,91),(1276,'MU59 - 1',10,'240',NULL,91),(1277,'MU10 - 2',3,'151',NULL,91),(1278,'MU23 - 1',6,'172',NULL,91),(1279,'MU23 - 2',7,'172',NULL,91),(1280,'G10L- 2',13,'182',NULL,92),(1281,'MU50 - 1',14,'128',NULL,92),(1282,'MU05 - 1',4,'125',NULL,92),(1283,'MU51 - 1',8,'142',NULL,92),(1284,'MU05 - 2',5,'127',NULL,92),(1285,'G10L - 1',12,'178',NULL,92),(1286,'MU51 - 2',9,'148',NULL,92),(1287,'MU50 - 2',15,'128',NULL,92),(1288,'MU09 - 2',1,'114',NULL,92),(1289,'MU10 - 1',2,'141',NULL,92),(1290,'MU59 - 1',10,'250',NULL,92),(1291,'MU10 - 2',3,'151',NULL,92),(1292,'MU59 - 2',11,'250',NULL,92),(1293,'MU23 - 1',6,'170',NULL,92),(1294,'MU23 - 2',7,'172',NULL,92),(1295,'G10L- 2',13,'182',NULL,93),(1296,'MU51 - 2',9,'150',NULL,93),(1297,'MU05 - 2',5,'127',NULL,93),(1298,'MU50 - 2',15,'134',NULL,93),(1299,'G10L - 1',12,'178',NULL,93),(1300,'MU59 - 2',11,'248',NULL,93),(1301,'MU50 - 1',14,'132',NULL,93),(1302,'MU10 - 1',2,'147',NULL,93),(1303,'MU05 - 1',4,'121',NULL,93),(1304,'MU10 - 2',3,'149',NULL,93),(1305,'MU09 - 2',1,'120',NULL,93),(1306,'MU51 - 1',8,'132',NULL,93),(1307,'MU59 - 1',10,'230',NULL,93),(1308,'MU23 - 1',6,'172',NULL,93),(1309,'MU23 - 2',7,'173',NULL,93),(1310,'MU50 - 1',14,'128',NULL,94),(1311,'MU05 - 1',4,'125',NULL,94),(1312,'MU05 - 2',5,'125',NULL,94),(1313,'MU51 - 1',8,'142',NULL,94),(1314,'G10L - 1',12,'178',NULL,94),(1315,'G10L- 2',13,'178',NULL,94),(1316,'MU51 - 2',9,'148',NULL,94),(1317,'MU10 - 1',2,'147',NULL,94),(1318,'MU59 - 2',11,'240',NULL,94),(1319,'MU59 - 1',10,'240',NULL,94),(1320,'MU09 - 2',1,'124',NULL,94),(1321,'MU10 - 2',3,'151',NULL,94),(1322,'MU50 - 2',15,'130',NULL,94),(1323,'MU23 - 1',6,'172',NULL,94),(1324,'MU23 - 2',7,'172',NULL,94),(1325,'MU05 - 1',4,'125',NULL,95),(1326,'MU23 - 1',6,'166',NULL,95),(1327,'MU51 - 2',9,'150',NULL,95),(1328,'MU05 - 2',5,'127',NULL,95),(1329,'MU59 - 1',10,'248',NULL,95),(1330,'MU51 - 1',8,'148',NULL,95),(1331,'G10L - 1',12,'182',NULL,95),(1332,'MU50 - 1',14,'124',NULL,95),(1333,'MU59 - 2',11,'256',NULL,95),(1334,'MU09 - 2',1,'110',NULL,95),(1335,'MU10 - 1',2,'149',NULL,95),(1336,'G10L- 2',13,'188',NULL,95),(1337,'MU50 - 2',15,'128',NULL,95),(1338,'MU10 - 2',3,'151',NULL,95),(1339,'MU23 - 2',7,'172',NULL,95),(1340,'MU23 - 1',6,'166',NULL,96),(1341,'MU51 - 2',9,'142',NULL,96),(1342,'MU05 - 2',5,'127',NULL,96),(1343,'MU51 - 1',8,'140',NULL,96),(1344,'MU05 - 1',4,'117',NULL,96),(1345,'MU50 - 2',15,'134',NULL,96),(1346,'G10L - 1',12,'182',NULL,96),(1347,'MU50 - 1',14,'124',NULL,96),(1348,'MU10 - 1',2,'135',NULL,96),(1349,'G10L- 2',13,'188',NULL,96),(1350,'MU09 - 2',1,'120',NULL,96),(1351,'MU59 - 1',10,'232',NULL,96),(1352,'MU59 - 2',11,'232',NULL,96),(1353,'MU10 - 2',3,'151',NULL,96),(1354,'MU23 - 2',7,'172',NULL,96),(1355,'G10L- 2',13,'182',NULL,97),(1356,'MU50 - 1',14,'128',NULL,97),(1357,'MU05 - 1',4,'125',NULL,97),(1358,'MU51 - 2',9,'142',NULL,97),(1359,'MU05 - 2',5,'127',NULL,97),(1360,'MU51 - 1',8,'140',NULL,97),(1361,'MU50 - 2',15,'132',NULL,97),(1362,'MU10 - 2',3,'147',NULL,97),(1363,'G10L - 1',12,'182',NULL,97),(1364,'MU10 - 1',2,'135',NULL,97),(1365,'MU59 - 1',10,'230',NULL,97),(1366,'MU09 - 2',1,'124',NULL,97),(1367,'MU59 - 2',11,'250',NULL,97),(1368,'MU23 - 1',6,'170',NULL,97),(1369,'MU23 - 2',7,'172',NULL,97),(1370,'MU50 - 1',14,'128',NULL,98),(1371,'MU23 - 1',6,'166',NULL,98),(1372,'MU05 - 1',4,'127',NULL,98),(1373,'MU05 - 2',5,'127',NULL,98),(1374,'G10L- 2',13,'194',NULL,98),(1375,'G10L - 1',12,'178',NULL,98),(1376,'MU50 - 2',15,'132',NULL,98),(1377,'MU51 - 2',9,'148',NULL,98),(1378,'MU10 - 1',2,'135',NULL,98),(1379,'MU09 - 2',1,'120',NULL,98),(1380,'MU51 - 1',8,'132',NULL,98),(1381,'MU59 - 1',10,'240',NULL,98),(1382,'MU10 - 2',3,'151',NULL,98),(1383,'MU59 - 2',11,'250',NULL,98),(1384,'MU23 - 2',7,'172',NULL,98),(1385,'G10L- 2',13,'182',NULL,99),(1386,'MU05 - 1',4,'125',NULL,99),(1387,'MU23 - 1',6,'166',NULL,99),(1388,'MU05 - 2',5,'127',NULL,99),(1389,'MU51 - 1',8,'140',NULL,99),(1390,'MU51 - 2',9,'140',NULL,99),(1391,'MU50 - 2',15,'134',NULL,99),(1392,'G10L - 1',12,'178',NULL,99),(1393,'MU50 - 1',14,'124',NULL,99),(1394,'MU59 - 1',10,'232',NULL,99),(1395,'MU09 - 2',1,'124',NULL,99),(1396,'MU10 - 1',2,'141',NULL,99),(1397,'MU10 - 2',3,'151',NULL,99),(1398,'MU59 - 2',11,'250',NULL,99),(1399,'MU23 - 2',7,'172',NULL,99),(1400,'G10L- 2',13,'182',NULL,100),(1401,'MU05 - 1',4,'125',NULL,100),(1402,'MU23 - 1',6,'166',NULL,100),(1403,'MU05 - 2',5,'127',NULL,100),(1404,'MU51 - 1',8,'140',NULL,100),(1405,'G10L - 1',12,'178',NULL,100),(1406,'MU50 - 1',14,'110',NULL,100),(1407,'MU51 - 2',9,'148',NULL,100),(1408,'MU10 - 1',2,'147',NULL,100),(1409,'MU50 - 2',15,'128',NULL,100),(1410,'MU59 - 1',10,'232',NULL,100),(1411,'MU09 - 2',1,'124',NULL,100),(1412,'MU10 - 2',3,'151',NULL,100),(1413,'MU59 - 2',11,'250',NULL,100),(1414,'MU23 - 2',7,'172',NULL,100),(1415,'G10L- 2',13,'182',NULL,101),(1416,'MU51 - 2',9,'142',NULL,101),(1417,'MU05 - 1',4,'127',NULL,101),(1418,'MU05 - 2',5,'127',NULL,101),(1419,'MU50 - 2',15,'132',NULL,101),(1420,'MU50 - 1',14,'132',NULL,101),(1421,'MU59 - 1',10,NULL,NULL,101),(1422,'MU59 - 2',11,NULL,NULL,101),(1423,'MU10 - 1',2,'147',NULL,101),(1424,'MU10 - 2',3,'147',NULL,101),(1425,'G10L - 1',12,'182',NULL,101),(1426,'MU09 - 2',1,'110',NULL,101),(1427,'MU51 - 1',8,'132',NULL,101),(1428,'MU23 - 1',6,'172',NULL,101),(1429,'MU23 - 2',7,'172',NULL,101),(1430,'G10L- 2',13,'182',NULL,102),(1431,'MU50 - 1',14,'128',NULL,102),(1432,'MU05 - 1',4,'127',NULL,102),(1433,'MU05 - 2',5,'127',NULL,102),(1434,'MU51 - 1',8,'140',NULL,102),(1435,'G10L - 1',12,'178',NULL,102),(1436,'MU59 - 2',11,'256',NULL,102),(1437,'MU09 - 2',1,'110',NULL,102),(1438,'MU51 - 2',9,'144',NULL,102),(1439,'MU59 - 1',10,'240',NULL,102),(1440,'MU10 - 1',2,'141',NULL,102),(1441,'MU10 - 2',3,'141',NULL,102),(1442,'MU23 - 1',6,'170',NULL,102),(1443,'MU50 - 2',15,'130',NULL,102),(1444,'MU23 - 2',7,'172',NULL,102);
/*!40000 ALTER TABLE `Alleles` ENABLE KEYS */;
UNLOCK TABLES;

--
-- Table structure for table `Alleles_AUD`
--

DROP TABLE IF EXISTS `Alleles_AUD`;
/*!40101 SET @saved_cs_client     = @@character_set_client */;
/*!40101 SET character_set_client = utf8 */;
CREATE TABLE `Alleles_AUD` (
  `ID` int(11) NOT NULL,
  `REV` int(11) NOT NULL,
  `REVTYPE` tinyint(4) DEFAULT NULL,
  `Locus` varchar(255) DEFAULT NULL,
  `Number` int(11) DEFAULT NULL,
  `Size` varchar(255) DEFAULT NULL,
  `Value` int(11) DEFAULT NULL,
  `GenotypeID` int(11) DEFAULT NULL,
  PRIMARY KEY (`ID`,`REV`),
  KEY `FK_suc9oypbv4aigggkmbc16q14f` (`REV`),
  CONSTRAINT `FK_suc9oypbv4aigggkmbc16q14f` FOREIGN KEY (`REV`) REFERENCES `Revision` (`id`)
) ENGINE=InnoDB DEFAULT CHARSET=latin1;
/*!40101 SET character_set_client = @saved_cs_client */;

--
-- Dumping data for table `Alleles_AUD`
--

LOCK TABLES `Alleles_AUD` WRITE;
/*!40000 ALTER TABLE `Alleles_AUD` DISABLE KEYS */;
INSERT INTO `Alleles_AUD` VALUES (5,6,0,'G10L- 2',13,'182',NULL,7),(6,6,0,'MU51 - 1',8,'142',NULL,7),(7,6,0,'MU51 - 2',9,'150',NULL,7),(8,6,0,'MU50 - 2',15,'136',NULL,7),(9,6,0,'MU05 - 1',4,'127',NULL,7),(10,6,0,'MU05 - 2',5,'127',NULL,7),(11,6,0,'MU59 - 2',11,'248',NULL,7),(12,6,0,'MU59 - 1',10,'246',NULL,7),(13,6,0,'G10L - 1',12,'172',NULL,7),(14,6,0,'MU09 - 2',1,'116',NULL,7),(15,6,0,'MU10 - 1',2,'151',NULL,7),(16,6,0,'MU10 - 2',3,'151',NULL,7),(17,6,0,'MU50 - 1',14,'130',NULL,7),(18,6,0,'MU23 - 1',6,'173',NULL,7),(19,6,0,'MU23 - 2',7,'176',NULL,7),(20,6,0,'G10L- 2',13,'182',NULL,8),(21,6,0,'MU05 - 1',4,'125',NULL,8),(22,6,0,'MU51 - 1',8,'150',NULL,8),(23,6,0,'MU51 - 2',9,'150',NULL,8),(24,6,0,'MU05 - 2',5,'127',NULL,8),(25,6,0,'MU50 - 2',15,'124',NULL,8),(26,6,0,'MU10 - 1',2,'143',NULL,8),(27,6,0,'G10L - 1',12,'182',NULL,8),(28,6,0,'MU50 - 1',14,'124',NULL,8),(29,6,0,'MU59 - 2',11,'256',NULL,8),(30,6,0,'MU09 - 2',1,'120',NULL,8),(31,6,0,'MU59 - 1',10,'246',NULL,8),(32,6,0,'MU10 - 2',3,'151',NULL,8),(33,6,0,'MU23 - 1',6,'170',NULL,8),(34,6,0,'MU23 - 2',7,'172',NULL,8),(35,6,0,'G10L- 2',13,'182',NULL,9),(36,6,0,'MU51 - 2',9,'150',NULL,9),(37,6,0,'MU05 - 1',4,'127',NULL,9),(38,6,0,'MU05 - 2',5,'127',NULL,9),(39,6,0,'MU51 - 1',8,'140',NULL,9),(40,6,0,'MU50 - 2',15,'134',NULL,9),(41,6,0,'G10L - 1',12,'182',NULL,9),(42,6,0,'MU59 - 2',11,'256',NULL,9),(43,6,0,'MU09 - 2',1,'120',NULL,9),(44,6,0,'MU59 - 1',10,'246',NULL,9),(45,6,0,'MU10 - 1',2,'141',NULL,9),(46,6,0,'MU10 - 2',3,'151',NULL,9),(47,6,0,'MU50 - 1',14,'130',NULL,9),(48,6,0,'MU23 - 1',6,'176',NULL,9),(49,6,0,'MU23 - 2',7,'176',NULL,9),(50,6,0,'MU51 - 2',9,'152',NULL,10),(51,6,0,'G10L- 2',13,'182',NULL,10),(52,6,0,'MU51 - 1',8,'150',NULL,10),(53,6,0,'MU05 - 1',4,'117',NULL,10),(54,6,0,'MU50 - 2',15,'132',NULL,10),(55,6,0,'MU59 - 2',11,'248',NULL,10),(56,6,0,'MU59 - 1',10,'248',NULL,10),(57,6,0,'MU50 - 1',14,'110',NULL,10),(58,6,0,'MU09 - 2',1,'112',NULL,10),(59,6,0,'MU10 - 1',2,'147',NULL,10),(60,6,0,'G10L - 1',12,'182',NULL,10),(61,6,0,'MU05 - 2',5,'123',NULL,10),(62,6,0,'MU10 - 2',3,'151',NULL,10),(63,6,0,'MU23 - 2',7,'176',NULL,10),(64,6,0,'MU23 - 1',6,'164',NULL,10),(65,6,0,'MU50 - 1',14,'128',NULL,11),(66,6,0,'MU05 - 2',5,'125',NULL,11),(67,6,0,'MU23 - 2',7,'166',NULL,11),(68,6,0,'MU51 - 1',8,'150',NULL,11),(69,6,0,'MU51 - 2',9,'150',NULL,11),(70,6,0,'MU50 - 2',15,'132',NULL,11),(71,6,0,'G10L - 1',12,'182',NULL,11),(72,6,0,'G10L- 2',13,'186',NULL,11),(73,6,0,'MU05 - 1',4,'123',NULL,11),(74,6,0,'MU09 - 2',1,'116',NULL,11),(75,6,0,'MU59 - 2',11,'240',NULL,11),(76,6,0,'MU59 - 1',10,'232',NULL,11),(77,6,0,'MU10 - 1',2,'151',NULL,11),(78,6,0,'MU10 - 2',3,'151',NULL,11),(79,6,0,'MU23 - 1',6,'164',NULL,11),(80,6,0,'G10L- 2',13,'182',NULL,12),(81,6,0,'MU05 - 2',5,'125',NULL,12),(82,6,0,'MU51 - 1',8,'142',NULL,12),(83,6,0,'MU51 - 2',9,'150',NULL,12),(84,6,0,'MU50 - 2',15,'136',NULL,12),(85,6,0,'MU10 - 1',2,'143',NULL,12),(86,6,0,'MU59 - 2',11,'248',NULL,12),(87,6,0,'MU59 - 1',10,'228',NULL,12),(88,6,0,'MU05 - 1',4,'121',NULL,12),(89,6,0,'MU50 - 1',14,'136',NULL,12),(90,6,0,'G10L - 1',12,'172',NULL,12),(91,6,0,'MU09 - 2',1,'116',NULL,12),(92,6,0,'MU10 - 2',3,'151',NULL,12),(93,6,0,'MU23 - 2',7,'173',NULL,12),(94,6,0,'MU23 - 1',6,'164',NULL,12),(95,6,0,'MU51 - 2',9,'152',NULL,13),(96,6,0,'G10L- 2',13,'182',NULL,13),(97,6,0,'MU51 - 1',8,'150',NULL,13),(98,6,0,'MU05 - 1',4,'127',NULL,13),(99,6,0,'MU05 - 2',5,'127',NULL,13),(100,6,0,'MU50 - 2',15,'124',NULL,13),(101,6,0,'MU10 - 1',2,'143',NULL,13),(102,6,0,'MU59 - 1',10,'248',NULL,13),(103,6,0,'MU50 - 1',14,'124',NULL,13),(104,6,0,'MU59 - 2',11,'256',NULL,13),(105,6,0,'MU09 - 2',1,'120',NULL,13),(106,6,0,'G10L - 1',12,'172',NULL,13),(107,6,0,'MU10 - 2',3,'151',NULL,13),(108,6,0,'MU23 - 1',6,'176',NULL,13),(109,6,0,'MU23 - 2',7,'176',NULL,13),(110,6,0,'MU51 - 1',8,'142',NULL,14),(111,6,0,'MU05 - 1',4,'127',NULL,14),(112,6,0,'MU05 - 2',5,'127',NULL,14),(113,6,0,'G10L - 1',12,'178',NULL,14),(114,6,0,'MU51 - 2',9,'148',NULL,14),(115,6,0,'G10L- 2',13,'188',NULL,14),(116,6,0,'MU09 - 2',1,'116',NULL,14),(117,6,0,'MU59 - 2',11,'240',NULL,14),(118,6,0,'MU59 - 1',10,'240',NULL,14),(119,6,0,'MU10 - 1',2,'141',NULL,14),(120,6,0,'MU10 - 2',3,'151',NULL,14),(121,6,0,'MU50 - 1',14,'130',NULL,14),(122,6,0,'MU50 - 2',15,'130',NULL,14),(123,6,0,'MU23 - 2',7,'174',NULL,14),(124,6,0,'MU23 - 1',6,'173',NULL,14),(125,6,0,'MU51 - 2',9,'152',NULL,15),(126,6,0,'MU50 - 1',14,'128',NULL,15),(127,6,0,'MU05 - 2',5,'127',NULL,15),(128,6,0,'G10L - 1',12,'178',NULL,15),(129,6,0,'MU50 - 2',15,'132',NULL,15),(130,6,0,'G10L- 2',13,'178',NULL,15),(131,6,0,'MU51 - 1',8,'148',NULL,15),(132,6,0,'MU59 - 2',11,'256',NULL,15),(133,6,0,'MU09 - 2',1,'120',NULL,15),(134,6,0,'MU05 - 1',4,'123',NULL,15),(135,6,0,'MU59 - 1',10,'232',NULL,15),(136,6,0,'MU10 - 1',2,'141',NULL,15),(137,6,0,'MU10 - 2',3,'151',NULL,15),(138,6,0,'MU23 - 1',6,'170',NULL,15),(139,6,0,'MU23 - 2',7,'176',NULL,15),(140,6,0,'MU50 - 1',14,'128',NULL,16),(141,6,0,'MU05 - 1',4,'125',NULL,16),(142,6,0,'MU23 - 1',6,'166',NULL,16),(143,6,0,'MU51 - 2',9,'150',NULL,16),(144,6,0,'MU05 - 2',5,'127',NULL,16),(145,6,0,'MU59 - 2',11,'248',NULL,16),(146,6,0,'MU59 - 1',10,'226',NULL,16),(147,6,0,'MU10 - 1',2,'145',NULL,16),(148,6,0,'G10L - 1',12,'188',NULL,16),(149,6,0,'MU51 - 1',8,'148',NULL,16),(150,6,0,'MU10 - 2',3,'147',NULL,16),(151,6,0,'G10L- 2',13,'188',NULL,16),(152,6,0,'MU09 - 2',1,'116',NULL,16),(153,6,0,'MU50 - 2',15,'130',NULL,16),(154,6,0,'MU23 - 2',7,'173',NULL,16),(155,6,0,'G10L- 2',13,'182',NULL,17),(156,6,0,'MU05 - 1',4,'125',NULL,17),(157,6,0,'MU23 - 1',6,'166',NULL,17),(158,6,0,'MU51 - 2',9,'150',NULL,17),(159,6,0,'MU05 - 2',5,'127',NULL,17),(160,6,0,'MU50 - 2',15,'134',NULL,17),(161,6,0,'G10L - 1',12,'178',NULL,17),(162,6,0,'MU59 - 1',10,'248',NULL,17),(163,6,0,'MU51 - 1',8,'148',NULL,17),(164,6,0,'MU09 - 2',1,'122',NULL,17),(165,6,0,'MU59 - 2',11,'256',NULL,17),(166,6,0,'MU10 - 1',2,'141',NULL,17),(167,6,0,'MU10 - 2',3,'151',NULL,17),(168,6,0,'MU50 - 1',14,'130',NULL,17),(169,6,0,'MU23 - 2',7,'172',NULL,17),(170,6,0,'MU05 - 1',4,'125',NULL,18),(171,6,0,'MU05 - 2',5,'125',NULL,18),(172,6,0,'MU51 - 1',8,'142',NULL,18),(173,6,0,'MU10 - 1',2,'143',NULL,18),(174,6,0,'MU10 - 2',3,'143',NULL,18),(175,6,0,'G10L - 1',12,'174',NULL,18),(176,6,0,'MU51 - 2',9,'148',NULL,18),(177,6,0,'MU50 - 1',14,'124',NULL,18),(178,6,0,'MU59 - 2',11,'246',NULL,18),(179,6,0,'G10L- 2',13,'188',NULL,18),(180,6,0,'MU09 - 2',1,'120',NULL,18),(181,6,0,'MU59 - 1',10,'246',NULL,18),(182,6,0,'MU23 - 1',6,'170',NULL,18),(183,6,0,'MU50 - 2',15,'130',NULL,18),(184,6,0,'MU23 - 2',7,'176',NULL,18),(185,6,0,'G10L- 2',13,'182',NULL,19),(186,6,0,'MU50 - 1',14,'128',NULL,19),(187,6,0,'MU05 - 2',5,'125',NULL,19),(188,6,0,'MU50 - 2',15,'136',NULL,19),(189,6,0,'MU51 - 1',8,'140',NULL,19),(190,6,0,'MU51 - 2',9,'148',NULL,19),(191,6,0,'G10L - 1',12,'182',NULL,19),(192,6,0,'MU09 - 2',1,'122',NULL,19),(193,6,0,'MU59 - 2',11,'256',NULL,19),(194,6,0,'MU05 - 1',4,'123',NULL,19),(195,6,0,'MU59 - 1',10,'240',NULL,19),(196,6,0,'MU10 - 1',2,'151',NULL,19),(197,6,0,'MU10 - 2',3,'151',NULL,19),(198,6,0,'MU23 - 1',6,'172',NULL,19),(199,6,0,'MU23 - 2',7,'174',NULL,19),(200,6,0,'MU05 - 1',4,'125',NULL,20),(201,6,0,'MU51 - 1',8,'150',NULL,20),(202,6,0,'MU51 - 2',9,'150',NULL,20),(203,6,0,'MU05 - 2',5,'127',NULL,20),(204,6,0,'MU50 - 2',15,'134',NULL,20),(205,6,0,'MU59 - 1',10,'248',NULL,20),(206,6,0,'G10L - 1',12,'182',NULL,20),(207,6,0,'MU50 - 1',14,'124',NULL,20),(208,6,0,'MU59 - 2',11,'256',NULL,20),(209,6,0,'G10L- 2',13,'188',NULL,20),(210,6,0,'MU09 - 2',1,'120',NULL,20),(211,6,0,'MU10 - 1',2,'141',NULL,20),(212,6,0,'MU10 - 2',3,'151',NULL,20),(213,6,0,'MU23 - 1',6,'170',NULL,20),(214,6,0,'MU23 - 2',7,'176',NULL,20),(215,6,0,'G10L- 2',13,'182',NULL,21),(216,6,0,'MU51 - 2',9,'150',NULL,21),(217,6,0,'MU05 - 2',5,'127',NULL,21),(218,6,0,'MU50 - 2',15,'124',NULL,21),(219,6,0,'MU10 - 1',2,'143',NULL,21),(220,6,0,'MU59 - 2',11,'248',NULL,21),(221,6,0,'MU59 - 1',10,'248',NULL,21),(222,6,0,'MU10 - 2',3,'145',NULL,21),(223,6,0,'MU51 - 1',8,'148',NULL,21),(224,6,0,'MU50 - 1',14,'124',NULL,21),(225,6,0,'MU05 - 1',4,'123',NULL,21),(226,6,0,'G10L - 1',12,'172',NULL,21),(227,6,0,'MU09 - 2',1,'116',NULL,21),(228,6,0,'MU23 - 1',6,'170',NULL,21),(229,6,0,'MU23 - 2',7,'173',NULL,21),(230,6,0,'MU51 - 2',9,'152',NULL,22),(231,6,0,'MU05 - 2',5,'125',NULL,22),(232,6,0,'MU51 - 1',8,'142',NULL,22),(233,6,0,'MU50 - 1',14,'124',NULL,22),(234,6,0,'MU09 - 2',1,'122',NULL,22),(235,6,0,'MU59 - 2',11,'256',NULL,22),(236,6,0,'G10L - 1',12,'184',NULL,22),(237,6,0,'G10L- 2',13,'188',NULL,22),(238,6,0,'MU05 - 1',4,'123',NULL,22),(239,6,0,'MU59 - 1',10,'240',NULL,22),(240,6,0,'MU10 - 1',2,'141',NULL,22),(241,6,0,'MU10 - 2',3,'151',NULL,22),(242,6,0,'MU23 - 1',6,'170',NULL,22),(243,6,0,'MU50 - 2',15,'130',NULL,22),(244,6,0,'MU23 - 2',7,'172',NULL,22),(245,6,0,'G10L- 2',13,'182',NULL,23),(246,6,0,'MU51 - 1',8,'142',NULL,23),(247,6,0,'MU51 - 2',9,'150',NULL,23),(248,6,0,'MU05 - 2',5,'127',NULL,23),(249,6,0,'G10L - 1',12,'178',NULL,23),(250,6,0,'MU10 - 1',2,'143',NULL,23),(251,6,0,'MU59 - 2',11,'248',NULL,23),(252,6,0,'MU10 - 2',3,'147',NULL,23),(253,6,0,'MU05 - 1',4,'123',NULL,23),(254,6,0,'MU59 - 1',10,'246',NULL,23),(255,6,0,'MU09 - 2',1,'116',NULL,23),(256,6,0,'MU50 - 1',14,'130',NULL,23),(257,6,0,'MU50 - 2',15,'130',NULL,23),(258,6,0,'MU23 - 1',6,'176',NULL,23),(259,6,0,'MU23 - 2',7,'176',NULL,23),(260,6,0,'MU23 - 1',6,'166',NULL,24),(261,6,0,'MU23 - 2',7,'166',NULL,24),(262,6,0,'MU51 - 1',8,'142',NULL,24),(263,6,0,'G10L- 2',13,'184',NULL,24),(264,6,0,'MU59 - 2',11,'248',NULL,24),(265,6,0,'MU51 - 2',9,'148',NULL,24),(266,6,0,'MU10 - 1',2,'147',NULL,24),(267,6,0,'G10L - 1',12,'182',NULL,24),(268,6,0,'MU50 - 1',14,'124',NULL,24),(269,6,0,'MU09 - 2',1,'122',NULL,24),(270,6,0,'MU05 - 1',4,'123',NULL,24),(271,6,0,'MU05 - 2',5,'123',NULL,24),(272,6,0,'MU59 - 1',10,'246',NULL,24),(273,6,0,'MU10 - 2',3,'151',NULL,24),(274,6,0,'MU50 - 2',15,'130',NULL,24),(275,6,0,'MU51 - 2',9,'152',NULL,25),(276,6,0,'MU51 - 1',8,'142',NULL,25),(277,6,0,'G10L- 2',13,'184',NULL,25),(278,6,0,'MU05 - 2',5,'127',NULL,25),(279,6,0,'MU10 - 1',2,'143',NULL,25),(280,6,0,'MU59 - 2',11,'248',NULL,25),(281,6,0,'MU59 - 1',10,'248',NULL,25),(282,6,0,'MU10 - 2',3,'147',NULL,25),(283,6,0,'G10L - 1',12,'182',NULL,25),(284,6,0,'MU50 - 1',14,'124',NULL,25),(285,6,0,'MU09 - 2',1,'120',NULL,25),(286,6,0,'MU05 - 1',4,'123',NULL,25),(287,6,0,'MU50 - 2',15,'128',NULL,25),(288,6,0,'MU23 - 1',6,'173',NULL,25),(289,6,0,'MU23 - 2',7,'176',NULL,25),(290,6,0,'MU23 - 1',6,'166',NULL,26),(291,6,0,'MU23 - 2',7,'166',NULL,26),(292,6,0,'MU51 - 1',8,'142',NULL,26),(293,6,0,'MU51 - 2',9,'150',NULL,26),(294,6,0,'MU10 - 1',2,'147',NULL,26),(295,6,0,'G10L - 1',12,'182',NULL,26),(296,6,0,'MU50 - 1',14,'124',NULL,26),(297,6,0,'MU59 - 2',11,'246',NULL,26),(298,6,0,'G10L- 2',13,'188',NULL,26),(299,6,0,'MU09 - 2',1,'120',NULL,26),(300,6,0,'MU05 - 1',4,'123',NULL,26),(301,6,0,'MU05 - 2',5,'123',NULL,26),(302,6,0,'MU59 - 1',10,'246',NULL,26),(303,6,0,'MU10 - 2',3,'151',NULL,26),(304,6,0,'MU50 - 2',15,'130',NULL,26),(305,6,0,'G10L- 2',13,'182',NULL,27),(306,6,0,'MU05 - 1',4,'127',NULL,27),(307,6,0,'MU05 - 2',5,'127',NULL,27),(308,6,0,'MU51 - 1',8,'140',NULL,27),(309,6,0,'G10L - 1',12,'178',NULL,27),(310,6,0,'MU50 - 2',15,'132',NULL,27),(311,6,0,'MU10 - 1',2,'143',NULL,27),(312,6,0,'MU59 - 2',11,'248',NULL,27),(313,6,0,'MU10 - 2',3,'145',NULL,27),(314,6,0,'MU51 - 2',9,'148',NULL,27),(315,6,0,'MU09 - 2',1,'110',NULL,27),(316,6,0,'MU59 - 1',10,'240',NULL,27),(317,6,0,'MU50 - 1',14,'130',NULL,27),(318,6,0,'MU23 - 1',6,'173',NULL,27),(319,6,0,'MU23 - 2',7,'176',NULL,27),(320,6,0,'MU51 - 1',8,'142',NULL,28),(321,6,0,'MU51 - 2',9,'150',NULL,28),(322,6,0,'G10L- 2',13,'184',NULL,28),(323,6,0,'MU59 - 2',11,'248',NULL,28),(324,6,0,'MU59 - 1',10,'248',NULL,28),(325,6,0,'MU10 - 1',2,'145',NULL,28),(326,6,0,'MU10 - 2',3,'147',NULL,28),(327,6,0,'G10L - 1',12,'182',NULL,28),(328,6,0,'MU50 - 1',14,'124',NULL,28),(329,6,0,'MU05 - 1',4,'123',NULL,28),(330,6,0,'MU05 - 2',5,'123',NULL,28),(331,6,0,'MU50 - 2',15,'128',NULL,28),(332,6,0,'MU09 - 2',1,'116',NULL,28),(333,6,0,'MU23 - 1',6,'176',NULL,28),(334,6,0,'MU23 - 2',7,'176',NULL,28),(335,6,0,'MU51 - 2',9,'152',NULL,29),(336,6,0,'MU51 - 1',8,'150',NULL,29),(337,6,0,'MU05 - 2',5,'127',NULL,29),(338,6,0,'MU50 - 2',15,'134',NULL,29),(339,6,0,'MU59 - 2',11,'248',NULL,29),(340,6,0,'MU59 - 1',10,'248',NULL,29),(341,6,0,'MU10 - 1',2,'145',NULL,29),(342,6,0,'MU10 - 2',3,'147',NULL,29),(343,6,0,'MU09 - 2',1,'122',NULL,29),(344,6,0,'G10L - 1',12,'184',NULL,29),(345,6,0,'G10L- 2',13,'188',NULL,29),(346,6,0,'MU05 - 1',4,'123',NULL,29),(347,6,0,'MU50 - 1',14,'130',NULL,29),(348,6,0,'MU23 - 1',6,'176',NULL,29),(349,6,0,'MU23 - 2',7,'176',NULL,29),(350,6,0,'MU23 - 1',6,'166',NULL,30),(351,6,0,'MU51 - 1',8,'142',NULL,30),(352,6,0,'MU05 - 1',4,'127',NULL,30),(353,6,0,'MU05 - 2',5,'127',NULL,30),(354,6,0,'MU50 - 2',15,'124',NULL,30),(355,6,0,'MU51 - 2',9,'148',NULL,30),(356,6,0,'G10L - 1',12,'182',NULL,30),(357,6,0,'MU50 - 1',14,'124',NULL,30),(358,6,0,'MU59 - 2',11,'246',NULL,30),(359,6,0,'G10L- 2',13,'188',NULL,30),(360,6,0,'MU09 - 2',1,'120',NULL,30),(361,6,0,'MU59 - 1',10,'240',NULL,30),(362,6,0,'MU10 - 1',2,'151',NULL,30),(363,6,0,'MU10 - 2',3,'151',NULL,30),(364,6,0,'MU23 - 2',7,'176',NULL,30),(365,6,0,'MU51 - 2',9,'152',NULL,31),(366,6,0,'G10L- 2',13,'182',NULL,31),(367,6,0,'MU50 - 1',14,'128',NULL,31),(368,6,0,'MU51 - 1',8,'150',NULL,31),(369,6,0,'MU05 - 1',4,'127',NULL,31),(370,6,0,'MU05 - 2',5,'127',NULL,31),(371,6,0,'MU50 - 2',15,'134',NULL,31),(372,6,0,'MU10 - 1',2,'143',NULL,31),(373,6,0,'MU59 - 2',11,'248',NULL,31),(374,6,0,'MU10 - 2',3,'145',NULL,31),(375,6,0,'G10L - 1',12,'182',NULL,31),(376,6,0,'MU09 - 2',1,'122',NULL,31),(377,6,0,'MU59 - 1',10,'246',NULL,31),(378,6,0,'MU23 - 1',6,'172',NULL,31),(379,6,0,'MU23 - 2',7,'172',NULL,31),(380,6,0,'MU51 - 2',9,'152',NULL,32),(381,6,0,'MU05 - 1',4,'125',NULL,32),(382,6,0,'MU51 - 1',8,'150',NULL,32),(383,6,0,'G10L- 2',13,'184',NULL,32),(384,6,0,'MU05 - 2',5,'127',NULL,32),(385,6,0,'MU10 - 1',2,'147',NULL,32),(386,6,0,'MU50 - 1',14,'124',NULL,32),(387,6,0,'MU59 - 2',11,'246',NULL,32),(388,6,0,'G10L - 1',12,'184',NULL,32),(389,6,0,'MU09 - 2',1,'116',NULL,32),(390,6,0,'MU59 - 1',10,'240',NULL,32),(391,6,0,'MU10 - 2',3,'151',NULL,32),(392,6,0,'MU50 - 2',15,'130',NULL,32),(393,6,0,'MU23 - 1',6,'173',NULL,32),(394,6,0,'MU23 - 2',7,'176',NULL,32),(395,6,0,'MU51 - 2',9,'152',NULL,33),(396,6,0,'G10L- 2',13,'184',NULL,33),(397,6,0,'MU05 - 1',4,'127',NULL,33),(398,6,0,'MU05 - 2',5,'127',NULL,33),(399,6,0,'MU51 - 1',8,'140',NULL,33),(400,6,0,'MU50 - 2',15,'134',NULL,33),(401,6,0,'MU10 - 1',2,'143',NULL,33),(402,6,0,'MU59 - 2',11,'248',NULL,33),(403,6,0,'G10L - 1',12,'182',NULL,33),(404,6,0,'MU50 - 1',14,'124',NULL,33),(405,6,0,'MU09 - 2',1,'116',NULL,33),(406,6,0,'MU59 - 1',10,'240',NULL,33),(407,6,0,'MU10 - 2',3,'151',NULL,33),(408,6,0,'MU23 - 1',6,'176',NULL,33),(409,6,0,'MU23 - 2',7,'176',NULL,33),(410,6,0,'G10L- 2',13,'182',NULL,34),(411,6,0,'MU23 - 1',6,'166',NULL,34),(412,6,0,'MU51 - 1',8,'150',NULL,34),(413,6,0,'MU51 - 2',9,'150',NULL,34),(414,6,0,'MU05 - 1',4,'117',NULL,34),(415,6,0,'MU10 - 2',3,'143',NULL,34),(416,6,0,'MU59 - 2',11,'248',NULL,34),(417,6,0,'G10L - 1',12,'182',NULL,34),(418,6,0,'MU50 - 1',14,'124',NULL,34),(419,6,0,'MU09 - 2',1,'122',NULL,34),(420,6,0,'MU05 - 2',5,'123',NULL,34),(421,6,0,'MU59 - 1',10,'240',NULL,34),(422,6,0,'MU10 - 1',2,'141',NULL,34),(423,6,0,'MU50 - 2',15,'130',NULL,34),(424,6,0,'MU23 - 2',7,'172',NULL,34),(425,6,0,'MU23 - 1',6,'166',NULL,35),(426,6,0,'MU51 - 1',8,'142',NULL,35),(427,6,0,'MU51 - 2',9,'150',NULL,35),(428,6,0,'MU50 - 2',15,'134',NULL,35),(429,6,0,'MU50 - 1',14,'132',NULL,35),(430,6,0,'G10L - 1',12,'182',NULL,35),(431,6,0,'MU05 - 1',4,'121',NULL,35),(432,6,0,'MU59 - 2',11,'246',NULL,35),(433,6,0,'G10L- 2',13,'188',NULL,35),(434,6,0,'MU05 - 2',5,'123',NULL,35),(435,6,0,'MU09 - 2',1,'116',NULL,35),(436,6,0,'MU59 - 1',10,'240',NULL,35),(437,6,0,'MU10 - 1',2,'141',NULL,35),(438,6,0,'MU10 - 2',3,'151',NULL,35),(439,6,0,'MU23 - 2',7,'172',NULL,35),(440,6,0,'G10L- 2',13,'182',NULL,36),(441,6,0,'MU51 - 2',9,'150',NULL,36),(442,6,0,'MU05 - 1',4,'127',NULL,36),(443,6,0,'MU05 - 2',5,'127',NULL,36),(444,6,0,'MU51 - 1',8,'140',NULL,36),(445,6,0,'MU50 - 2',15,'132',NULL,36),(446,6,0,'MU59 - 1',10,'248',NULL,36),(447,6,0,'MU50 - 1',14,'110',NULL,36),(448,6,0,'MU10 - 1',2,'145',NULL,36),(449,6,0,'G10L - 1',12,'182',NULL,36),(450,6,0,'MU09 - 2',1,'116',NULL,36),(451,6,0,'MU10 - 2',3,'151',NULL,36),(452,6,0,'MU59 - 2',11,'250',NULL,36),(453,6,0,'MU23 - 1',6,'170',NULL,36),(454,6,0,'MU23 - 2',7,'170',NULL,36),(455,6,0,'MU51 - 2',9,'152',NULL,37),(456,6,0,'G10L- 2',13,'182',NULL,37),(457,6,0,'MU51 - 1',8,'142',NULL,37),(458,6,0,'MU50 - 2',15,'124',NULL,37),(459,6,0,'MU10 - 1',2,'143',NULL,37),(460,6,0,'MU10 - 2',3,'143',NULL,37),(461,6,0,'MU50 - 1',14,'110',NULL,37),(462,6,0,'MU05 - 1',4,'121',NULL,37),(463,6,0,'MU59 - 2',11,'246',NULL,37),(464,6,0,'MU09 - 2',1,'120',NULL,37),(465,6,0,'MU05 - 2',5,'123',NULL,37),(466,6,0,'MU59 - 1',10,'246',NULL,37),(467,6,0,'G10L - 1',12,'172',NULL,37),(468,6,0,'MU23 - 1',6,'173',NULL,37),(469,6,0,'MU23 - 2',7,'176',NULL,37),(470,6,0,'MU51 - 1',8,'142',NULL,38),(471,6,0,'MU05 - 2',5,'127',NULL,38),(472,6,0,'MU23 - 1',6,'168',NULL,38),(473,6,0,'MU10 - 2',3,'145',NULL,38),(474,6,0,'MU51 - 2',9,'148',NULL,38),(475,6,0,'MU50 - 1',14,'124',NULL,38),(476,6,0,'MU59 - 2',11,'246',NULL,38),(477,6,0,'G10L- 2',13,'188',NULL,38),(478,6,0,'MU09 - 2',1,'120',NULL,38),(479,6,0,'MU05 - 1',4,'123',NULL,38),(480,6,0,'MU59 - 1',10,'246',NULL,38),(481,6,0,'G10L - 1',12,'172',NULL,38),(482,6,0,'MU10 - 1',2,'141',NULL,38),(483,6,0,'MU50 - 2',15,'130',NULL,38),(484,6,0,'MU23 - 2',7,'176',NULL,38),(485,6,0,'MU50 - 1',14,'128',NULL,39),(486,6,0,'MU51 - 1',8,'142',NULL,39),(487,6,0,'G10L- 2',13,'184',NULL,39),(488,6,0,'G10L - 1',12,'178',NULL,39),(489,6,0,'MU59 - 1',10,NULL,NULL,39),(490,6,0,'MU59 - 2',11,NULL,NULL,39),(491,6,0,'MU51 - 2',9,'148',NULL,39),(492,6,0,'MU10 - 1',2,'147',NULL,39),(493,6,0,'MU05 - 1',4,'123',NULL,39),(494,6,0,'MU05 - 2',5,'123',NULL,39),(495,6,0,'MU09 - 2',1,'116',NULL,39),(496,6,0,'MU10 - 2',3,'151',NULL,39),(497,6,0,'MU50 - 2',15,'130',NULL,39),(498,6,0,'MU23 - 1',6,'172',NULL,39),(499,6,0,'MU23 - 2',7,'173',NULL,39),(500,6,0,'MU51 - 1',8,'142',NULL,40),(501,6,0,'MU51 - 2',9,'150',NULL,40),(502,6,0,'G10L- 2',13,'184',NULL,40),(503,6,0,'MU05 - 2',5,'127',NULL,40),(504,6,0,'MU59 - 2',11,'248',NULL,40),(505,6,0,'MU10 - 2',3,'147',NULL,40),(506,6,0,'G10L - 1',12,'182',NULL,40),(507,6,0,'MU50 - 1',14,'124',NULL,40),(508,6,0,'MU05 - 1',4,'123',NULL,40),(509,6,0,'MU50 - 2',15,'128',NULL,40),(510,6,0,'MU09 - 2',1,'116',NULL,40),(511,6,0,'MU59 - 1',10,'240',NULL,40),(512,6,0,'MU10 - 1',2,'141',NULL,40),(513,6,0,'MU23 - 1',6,'170',NULL,40),(514,6,0,'MU23 - 2',7,'176',NULL,40),(515,6,0,'G10L- 2',13,'182',NULL,41),(516,6,0,'MU51 - 2',9,'142',NULL,41),(517,6,0,'MU23 - 1',6,'168',NULL,41),(518,6,0,'MU51 - 1',8,'140',NULL,41),(519,6,0,'MU50 - 2',15,'134',NULL,41),(520,6,0,'MU10 - 1',2,'143',NULL,41),(521,6,0,'MU10 - 2',3,'147',NULL,41),(522,6,0,'G10L - 1',12,'182',NULL,41),(523,6,0,'MU59 - 2',11,'246',NULL,41),(524,6,0,'MU05 - 1',4,'123',NULL,41),(525,6,0,'MU05 - 2',5,'123',NULL,41),(526,6,0,'MU59 - 1',10,'246',NULL,41),(527,6,0,'MU09 - 2',1,'116',NULL,41),(528,6,0,'MU50 - 1',14,'130',NULL,41),(529,6,0,'MU23 - 2',7,'176',NULL,41),(530,6,0,'MU51 - 2',9,'152',NULL,42),(531,6,0,'MU51 - 1',8,'142',NULL,42),(532,6,0,'MU05 - 1',4,'127',NULL,42),(533,6,0,'MU05 - 2',5,'127',NULL,42),(534,6,0,'MU10 - 1',2,'143',NULL,42),(535,6,0,'MU59 - 2',11,'248',NULL,42),(536,6,0,'MU10 - 2',3,'147',NULL,42),(537,6,0,'MU50 - 1',14,'124',NULL,42),(538,6,0,'G10L - 1',12,'184',NULL,42),(539,6,0,'G10L- 2',13,'188',NULL,42),(540,6,0,'MU09 - 2',1,'120',NULL,42),(541,6,0,'MU59 - 1',10,'246',NULL,42),(542,6,0,'MU50 - 2',15,'128',NULL,42),(543,6,0,'MU23 - 1',6,'176',NULL,42),(544,6,0,'MU23 - 2',7,'176',NULL,42),(545,6,0,'MU50 - 1',14,'128',NULL,43),(546,6,0,'MU51 - 2',9,'142',NULL,43),(547,6,0,'MU05 - 2',5,'127',NULL,43),(548,6,0,'MU51 - 1',8,'140',NULL,43),(549,6,0,'MU59 - 2',11,'248',NULL,43),(550,6,0,'G10L - 1',12,'188',NULL,43),(551,6,0,'MU09 - 2',1,'122',NULL,43),(552,6,0,'G10L- 2',13,'188',NULL,43),(553,6,0,'MU05 - 1',4,'123',NULL,43),(554,6,0,'MU59 - 1',10,'246',NULL,43),(555,6,0,'MU50 - 2',15,'128',NULL,43),(556,6,0,'MU10 - 1',2,'151',NULL,43),(557,6,0,'MU10 - 2',3,'151',NULL,43),(558,6,0,'MU23 - 1',6,'176',NULL,43),(559,6,0,'MU23 - 2',7,'176',NULL,43),(560,6,0,'MU50 - 1',14,'128',NULL,44),(561,6,0,'G10L- 2',13,'184',NULL,44),(562,6,0,'MU05 - 1',4,'117',NULL,44),(563,6,0,'MU50 - 2',15,'134',NULL,44),(564,6,0,'MU51 - 1',8,'148',NULL,44),(565,6,0,'MU51 - 2',9,'148',NULL,44),(566,6,0,'MU59 - 2',11,'246',NULL,44),(567,6,0,'G10L - 1',12,'184',NULL,44),(568,6,0,'MU05 - 2',5,'123',NULL,44),(569,6,0,'MU59 - 1',10,'246',NULL,44),(570,6,0,'MU09 - 2',1,'116',NULL,44),(571,6,0,'MU10 - 1',2,'151',NULL,44),(572,6,0,'MU10 - 2',3,'151',NULL,44),(573,6,0,'MU23 - 1',6,'172',NULL,44),(574,6,0,'MU23 - 2',7,'176',NULL,44),(575,6,0,'MU51 - 2',9,'150',NULL,45),(576,6,0,'G10L- 2',13,'184',NULL,45),(577,6,0,'MU05 - 2',5,'127',NULL,45),(578,6,0,'MU10 - 2',3,'143',NULL,45),(579,6,0,'MU51 - 1',8,'148',NULL,45),(580,6,0,'G10L - 1',12,'182',NULL,45),(581,6,0,'MU59 - 2',11,'246',NULL,45),(582,6,0,'MU05 - 1',4,'123',NULL,45),(583,6,0,'MU09 - 2',1,'116',NULL,45),(584,6,0,'MU59 - 1',10,'240',NULL,45),(585,6,0,'MU10 - 1',2,'141',NULL,45),(586,6,0,'MU50 - 1',14,'130',NULL,45),(587,6,0,'MU23 - 1',6,'170',NULL,45),(588,6,0,'MU50 - 2',15,'130',NULL,45),(589,6,0,'MU23 - 2',7,'176',NULL,45),(590,6,0,'MU23 - 1',6,'166',NULL,46),(591,6,0,'MU51 - 1',8,'142',NULL,46),(592,6,0,'MU51 - 2',9,'142',NULL,46),(593,6,0,'MU05 - 2',5,'127',NULL,46),(594,6,0,'MU50 - 2',15,'134',NULL,46),(595,6,0,'MU59 - 2',11,'248',NULL,46),(596,6,0,'MU10 - 1',2,'145',NULL,46),(597,6,0,'G10L - 1',12,'188',NULL,46),(598,6,0,'MU10 - 2',3,'147',NULL,46),(599,6,0,'MU50 - 1',14,'124',NULL,46),(600,6,0,'MU09 - 2',1,'110',NULL,46),(601,6,0,'G10L- 2',13,'188',NULL,46),(602,6,0,'MU05 - 1',4,'123',NULL,46),(603,6,0,'MU59 - 1',10,'246',NULL,46),(604,6,0,'MU23 - 2',7,'176',NULL,46),(605,6,0,'MU51 - 2',9,'152',NULL,47),(606,6,0,'MU50 - 1',14,'128',NULL,47),(607,6,0,'G10L- 2',13,'184',NULL,47),(608,6,0,'MU51 - 1',8,'140',NULL,47),(609,6,0,'MU10 - 1',2,'143',NULL,47),(610,6,0,'MU59 - 2',11,'248',NULL,47),(611,6,0,'MU10 - 2',3,'147',NULL,47),(612,6,0,'G10L - 1',12,'182',NULL,47),(613,6,0,'MU09 - 2',1,'122',NULL,47),(614,6,0,'MU05 - 1',4,'123',NULL,47),(615,6,0,'MU05 - 2',5,'123',NULL,47),(616,6,0,'MU59 - 1',10,'240',NULL,47),(617,6,0,'MU50 - 2',15,'130',NULL,47),(618,6,0,'MU23 - 1',6,'176',NULL,47),(619,6,0,'MU23 - 2',7,'176',NULL,47),(620,6,0,'MU23 - 1',6,'166',NULL,48),(621,6,0,'MU51 - 1',8,'142',NULL,48),(622,6,0,'MU51 - 2',9,'142',NULL,48),(623,6,0,'MU50 - 2',15,'124',NULL,48),(624,6,0,'MU59 - 1',10,'248',NULL,48),(625,6,0,'MU10 - 2',3,'145',NULL,48),(626,6,0,'G10L - 1',12,'182',NULL,48),(627,6,0,'MU50 - 1',14,'124',NULL,48),(628,6,0,'G10L- 2',13,'188',NULL,48),(629,6,0,'MU05 - 1',4,'123',NULL,48),(630,6,0,'MU05 - 2',5,'123',NULL,48),(631,6,0,'MU09 - 2',1,'116',NULL,48),(632,6,0,'MU10 - 1',2,'141',NULL,48),(633,6,0,'MU59 - 2',11,'250',NULL,48),(634,6,0,'MU23 - 2',7,'176',NULL,48),(635,6,0,'MU51 - 2',9,'152',NULL,49),(636,6,0,'G10L- 2',13,'182',NULL,49),(637,6,0,'MU05 - 2',5,'127',NULL,49),(638,6,0,'MU50 - 2',15,'134',NULL,49),(639,6,0,'MU10 - 2',3,'143',NULL,49),(640,6,0,'MU59 - 2',11,'248',NULL,49),(641,6,0,'MU51 - 1',8,'148',NULL,49),(642,6,0,'G10L - 1',12,'182',NULL,49),(643,6,0,'MU50 - 1',14,'124',NULL,49),(644,6,0,'MU09 - 2',1,'120',NULL,49),(645,6,0,'MU05 - 1',4,'123',NULL,49),(646,6,0,'MU59 - 1',10,'240',NULL,49),(647,6,0,'MU10 - 1',2,'141',NULL,49),(648,6,0,'MU23 - 1',6,'172',NULL,49),(649,6,0,'MU23 - 2',7,'176',NULL,49),(650,6,0,'G10L- 2',13,'182',NULL,50),(651,6,0,'MU23 - 1',6,'166',NULL,50),(652,6,0,'MU51 - 1',8,'142',NULL,50),(653,6,0,'MU05 - 2',5,'127',NULL,50),(654,6,0,'MU50 - 2',15,'132',NULL,50),(655,6,0,'MU59 - 2',11,'248',NULL,50),(656,6,0,'MU50 - 1',14,'132',NULL,50),(657,6,0,'MU51 - 2',9,'148',NULL,50),(658,6,0,'MU10 - 2',3,'147',NULL,50),(659,6,0,'MU10 - 1',2,'135',NULL,50),(660,6,0,'MU09 - 2',1,'120',NULL,50),(661,6,0,'MU05 - 1',4,'123',NULL,50),(662,6,0,'MU59 - 1',10,'246',NULL,50),(663,6,0,'G10L - 1',12,'172',NULL,50),(664,6,0,'MU23 - 2',7,'170',NULL,50),(665,6,0,'MU51 - 2',9,'152',NULL,51),(666,6,0,'MU23 - 1',6,'166',NULL,51),(667,6,0,'MU23 - 2',7,'166',NULL,51),(668,6,0,'G10L- 2',13,'184',NULL,51),(669,6,0,'MU05 - 2',5,'127',NULL,51),(670,6,0,'MU59 - 2',11,'248',NULL,51),(671,6,0,'MU10 - 2',3,'145',NULL,51),(672,6,0,'MU51 - 1',8,'148',NULL,51),(673,6,0,'G10L - 1',12,'182',NULL,51),(674,6,0,'MU10 - 1',2,'135',NULL,51),(675,6,0,'MU09 - 2',1,'120',NULL,51),(676,6,0,'MU05 - 1',4,'123',NULL,51),(677,6,0,'MU59 - 1',10,'240',NULL,51),(678,6,0,'MU50 - 1',14,'130',NULL,51),(679,6,0,'MU50 - 2',15,'130',NULL,51),(680,6,0,'MU51 - 2',9,'150',NULL,52),(681,6,0,'G10L- 2',13,'184',NULL,52),(682,6,0,'MU05 - 2',5,'127',NULL,52),(683,6,0,'MU10 - 1',2,'143',NULL,52),(684,6,0,'MU59 - 2',11,'248',NULL,52),(685,6,0,'MU50 - 1',14,'110',NULL,52),(686,6,0,'MU51 - 1',8,'148',NULL,52),(687,6,0,'G10L - 1',12,'182',NULL,52),(688,6,0,'MU05 - 1',4,'123',NULL,52),(689,6,0,'MU09 - 2',1,'116',NULL,52),(690,6,0,'MU59 - 1',10,'240',NULL,52),(691,6,0,'MU10 - 2',3,'151',NULL,52),(692,6,0,'MU50 - 2',15,'130',NULL,52),(693,6,0,'MU23 - 1',6,'176',NULL,52),(694,6,0,'MU23 - 2',7,'176',NULL,52),(695,6,0,'MU51 - 2',9,'152',NULL,53),(696,6,0,'G10L- 2',13,'182',NULL,53),(697,6,0,'MU05 - 1',4,'125',NULL,53),(698,6,0,'MU05 - 2',5,'127',NULL,53),(699,6,0,'MU51 - 1',8,'140',NULL,53),(700,6,0,'MU59 - 2',11,'248',NULL,53),(701,6,0,'MU59 - 1',10,'248',NULL,53),(702,6,0,'G10L - 1',12,'174',NULL,53),(703,6,0,'MU10 - 1',2,'147',NULL,53),(704,6,0,'MU50 - 1',14,'124',NULL,53),(705,6,0,'MU09 - 2',1,'122',NULL,53),(706,6,0,'MU10 - 2',3,'151',NULL,53),(707,6,0,'MU50 - 2',15,'130',NULL,53),(708,6,0,'MU23 - 1',6,'173',NULL,53),(709,6,0,'MU23 - 2',7,'176',NULL,53),(710,6,0,'MU51 - 2',9,'152',NULL,54),(711,6,0,'MU05 - 1',4,'125',NULL,54),(712,6,0,'G10L- 2',13,'184',NULL,54),(713,6,0,'MU05 - 2',5,'127',NULL,54),(714,6,0,'MU23 - 1',6,'168',NULL,54),(715,6,0,'MU51 - 1',8,'140',NULL,54),(716,6,0,'MU59 - 2',11,'248',NULL,54),(717,6,0,'MU59 - 1',10,'248',NULL,54),(718,6,0,'G10L - 1',12,'182',NULL,54),(719,6,0,'MU50 - 1',14,'124',NULL,54),(720,6,0,'MU50 - 2',15,'128',NULL,54),(721,6,0,'MU09 - 2',1,'116',NULL,54),(722,6,0,'MU10 - 1',2,'141',NULL,54),(723,6,0,'MU10 - 2',3,'151',NULL,54),(724,6,0,'MU23 - 2',7,'176',NULL,54),(725,6,0,'MU50 - 1',14,'128',NULL,55),(726,6,0,'MU05 - 1',4,'125',NULL,55),(727,6,0,'MU51 - 1',8,'142',NULL,55),(728,6,0,'G10L- 2',13,'184',NULL,55),(729,6,0,'MU05 - 2',5,'127',NULL,55),(730,6,0,'MU59 - 1',10,'248',NULL,55),(731,6,0,'MU51 - 2',9,'148',NULL,55),(732,6,0,'MU10 - 1',2,'147',NULL,55),(733,6,0,'G10L - 1',12,'182',NULL,55),(734,6,0,'MU59 - 2',11,'256',NULL,55),(735,6,0,'MU10 - 2',3,'149',NULL,55),(736,6,0,'MU09 - 2',1,'120',NULL,55),(737,6,0,'MU50 - 2',15,'128',NULL,55),(738,6,0,'MU23 - 1',6,'172',NULL,55),(739,6,0,'MU23 - 2',7,'176',NULL,55),(740,6,0,'MU51 - 1',8,'142',NULL,56),(741,6,0,'MU51 - 2',9,'150',NULL,56),(742,6,0,'G10L- 2',13,'184',NULL,56),(743,6,0,'MU05 - 2',5,'127',NULL,56),(744,6,0,'MU05 - 1',4,'109',NULL,56),(745,6,0,'MU59 - 2',11,'248',NULL,56),(746,6,0,'G10L - 1',12,'182',NULL,56),(747,6,0,'MU59 - 1',10,'246',NULL,56),(748,6,0,'MU09 - 2',1,'116',NULL,56),(749,6,0,'MU10 - 1',2,'141',NULL,56),(750,6,0,'MU10 - 2',3,'141',NULL,56),(751,6,0,'MU50 - 1',14,'130',NULL,56),(752,6,0,'MU50 - 2',15,'130',NULL,56),(753,6,0,'MU23 - 1',6,'176',NULL,56),(754,6,0,'MU23 - 2',7,'176',NULL,56),(755,6,0,'MU51 - 2',9,'152',NULL,57),(756,6,0,'G10L- 2',13,'182',NULL,57),(757,6,0,'MU05 - 1',4,'125',NULL,57),(758,6,0,'MU51 - 1',8,'142',NULL,57),(759,6,0,'MU05 - 2',5,'127',NULL,57),(760,6,0,'MU59 - 2',11,'248',NULL,57),(761,6,0,'MU59 - 1',10,'248',NULL,57),(762,6,0,'G10L - 1',12,'174',NULL,57),(763,6,0,'MU50 - 1',14,'124',NULL,57),(764,6,0,'MU09 - 2',1,'116',NULL,57),(765,6,0,'MU10 - 1',2,'141',NULL,57),(766,6,0,'MU10 - 2',3,'151',NULL,57),(767,6,0,'MU50 - 2',15,'130',NULL,57),(768,6,0,'MU23 - 1',6,'176',NULL,57),(769,6,0,'MU23 - 2',7,'176',NULL,57),(770,6,0,'MU51 - 2',9,'142',NULL,58),(771,6,0,'G10L- 2',13,'184',NULL,58),(772,6,0,'MU50 - 2',15,'134',NULL,58),(773,6,0,'MU05 - 1',4,'109',NULL,58),(774,6,0,'MU59 - 2',11,'248',NULL,58),(775,6,0,'MU50 - 1',14,'110',NULL,58),(776,6,0,'MU10 - 1',2,'147',NULL,58),(777,6,0,'G10L - 1',12,'182',NULL,58),(778,6,0,'MU05 - 2',5,'123',NULL,58),(779,6,0,'MU51 - 1',8,'132',NULL,58),(780,6,0,'MU09 - 2',1,'116',NULL,58),(781,6,0,'MU59 - 1',10,'240',NULL,58),(782,6,0,'MU10 - 2',3,'151',NULL,58),(783,6,0,'MU23 - 1',6,'176',NULL,58),(784,6,0,'MU23 - 2',7,'176',NULL,58),(785,6,0,'MU50 - 1',14,'128',NULL,59),(786,6,0,'MU05 - 1',4,'125',NULL,59),(787,6,0,'MU05 - 2',5,'125',NULL,59),(788,6,0,'G10L- 2',13,'184',NULL,59),(789,6,0,'MU23 - 1',6,'168',NULL,59),(790,6,0,'MU51 - 1',8,'140',NULL,59),(791,6,0,'MU59 - 2',11,'248',NULL,59),(792,6,0,'MU59 - 1',10,'248',NULL,59),(793,6,0,'MU51 - 2',9,'148',NULL,59),(794,6,0,'MU10 - 2',3,'147',NULL,59),(795,6,0,'G10L - 1',12,'184',NULL,59),(796,6,0,'MU50 - 2',15,'128',NULL,59),(797,6,0,'MU09 - 2',1,'116',NULL,59),(798,6,0,'MU10 - 1',2,'141',NULL,59),(799,6,0,'MU23 - 2',7,'173',NULL,59),(800,6,0,'MU51 - 2',9,'152',NULL,60),(801,6,0,'MU51 - 1',8,'150',NULL,60),(802,6,0,'MU05 - 1',4,'127',NULL,60),(803,6,0,'MU05 - 2',5,'127',NULL,60),(804,6,0,'G10L - 1',12,'178',NULL,60),(805,6,0,'MU10 - 1',2,'143',NULL,60),(806,6,0,'MU59 - 2',11,'248',NULL,60),(807,6,0,'G10L- 2',13,'188',NULL,60),(808,6,0,'MU09 - 2',1,'116',NULL,60),(809,6,0,'MU59 - 1',10,'240',NULL,60),(810,6,0,'MU10 - 2',3,'151',NULL,60),(811,6,0,'MU50 - 1',14,'130',NULL,60),(812,6,0,'MU50 - 2',15,'130',NULL,60),(813,6,0,'MU23 - 1',6,'173',NULL,60),(814,6,0,'MU23 - 2',7,'176',NULL,60),(815,6,0,'MU50 - 1',14,'128',NULL,61),(816,6,0,'MU51 - 2',9,'150',NULL,61),(817,6,0,'MU23 - 1',6,'168',NULL,61),(818,6,0,'MU51 - 1',8,'140',NULL,61),(819,6,0,'MU50 - 2',15,'134',NULL,61),(820,6,0,'MU10 - 2',3,'143',NULL,61),(821,6,0,'MU09 - 2',1,'112',NULL,61),(822,6,0,'G10L - 1',12,'182',NULL,61),(823,6,0,'MU59 - 2',11,'246',NULL,61),(824,6,0,'G10L- 2',13,'188',NULL,61),(825,6,0,'MU05 - 1',4,'123',NULL,61),(826,6,0,'MU05 - 2',5,'123',NULL,61),(827,6,0,'MU59 - 1',10,'240',NULL,61),(828,6,0,'MU10 - 1',2,'141',NULL,61),(829,6,0,'MU23 - 2',7,'176',NULL,61),(830,6,0,'MU23 - 1',6,'166',NULL,62),(831,6,0,'MU51 - 1',8,'142',NULL,62),(832,6,0,'MU51 - 2',9,'142',NULL,62),(833,6,0,'G10L- 2',13,'184',NULL,62),(834,6,0,'MU50 - 2',15,'124',NULL,62),(835,6,0,'G10L - 1',12,'178',NULL,62),(836,6,0,'MU59 - 2',11,'248',NULL,62),(837,6,0,'MU59 - 1',10,'248',NULL,62),(838,6,0,'MU50 - 1',14,'124',NULL,62),(839,6,0,'MU10 - 1',2,'135',NULL,62),(840,6,0,'MU05 - 1',4,'123',NULL,62),(841,6,0,'MU05 - 2',5,'123',NULL,62),(842,6,0,'MU09 - 2',1,'116',NULL,62),(843,6,0,'MU10 - 2',3,'151',NULL,62),(844,6,0,'MU23 - 2',7,'174',NULL,62),(845,6,0,'MU50 - 1',14,'128',NULL,63),(846,6,0,'MU23 - 1',6,'166',NULL,63),(847,6,0,'MU51 - 1',8,'142',NULL,63),(848,6,0,'G10L- 2',13,'184',NULL,63),(849,6,0,'MU23 - 2',7,'168',NULL,63),(850,6,0,'MU05 - 1',4,'109',NULL,63),(851,6,0,'MU10 - 1',2,'143',NULL,63),(852,6,0,'MU10 - 2',3,'145',NULL,63),(853,6,0,'MU51 - 2',9,'148',NULL,63),(854,6,0,'G10L - 1',12,'182',NULL,63),(855,6,0,'MU09 - 2',1,'122',NULL,63),(856,6,0,'MU59 - 2',11,'246',NULL,63),(857,6,0,'MU05 - 2',5,'123',NULL,63),(858,6,0,'MU59 - 1',10,'240',NULL,63),(859,6,0,'MU50 - 2',15,'130',NULL,63),(860,6,0,'MU50 - 1',14,'128',NULL,64),(861,6,0,'MU05 - 2',5,'125',NULL,64),(862,6,0,'MU51 - 1',8,'142',NULL,64),(863,6,0,'G10L- 2',13,'184',NULL,64),(864,6,0,'MU50 - 2',15,'132',NULL,64),(865,6,0,'MU59 - 2',11,'248',NULL,64),(866,6,0,'MU59 - 1',10,'248',NULL,64),(867,6,0,'MU51 - 2',9,'148',NULL,64),(868,6,0,'MU10 - 2',3,'147',NULL,64),(869,6,0,'G10L - 1',12,'182',NULL,64),(870,6,0,'MU09 - 2',1,'120',NULL,64),(871,6,0,'MU05 - 1',4,'123',NULL,64),(872,6,0,'MU10 - 1',2,'141',NULL,64),(873,6,0,'MU23 - 1',6,'176',NULL,64),(874,6,0,'MU23 - 2',7,'176',NULL,64),(875,6,0,'MU51 - 1',8,'142',NULL,65),(876,6,0,'MU51 - 2',9,'150',NULL,65),(877,6,0,'MU05 - 2',5,'127',NULL,65),(878,6,0,'MU10 - 1',2,'143',NULL,65),(879,6,0,'MU59 - 2',11,'248',NULL,65),(880,6,0,'MU59 - 1',10,'248',NULL,65),(881,6,0,'MU10 - 2',3,'145',NULL,65),(882,6,0,'MU50 - 1',14,'124',NULL,65),(883,6,0,'G10L - 1',12,'184',NULL,65),(884,6,0,'G10L- 2',13,'188',NULL,65),(885,6,0,'MU05 - 1',4,'123',NULL,65),(886,6,0,'MU09 - 2',1,'116',NULL,65),(887,6,0,'MU50 - 2',15,'130',NULL,65),(888,6,0,'MU23 - 1',6,'176',NULL,65),(889,6,0,'MU23 - 2',7,'176',NULL,65),(890,6,0,'MU51 - 2',9,'152',NULL,66),(891,6,0,'G10L- 2',13,'182',NULL,66),(892,6,0,'MU51 - 1',8,'142',NULL,66),(893,6,0,'MU05 - 2',5,'127',NULL,66),(894,6,0,'MU10 - 2',3,'143',NULL,66),(895,6,0,'MU59 - 2',11,'248',NULL,66),(896,6,0,'MU59 - 1',10,'248',NULL,66),(897,6,0,'G10L - 1',12,'182',NULL,66),(898,6,0,'MU50 - 1',14,'124',NULL,66),(899,6,0,'MU05 - 1',4,'123',NULL,66),(900,6,0,'MU09 - 2',1,'116',NULL,66),(901,6,0,'MU10 - 1',2,'141',NULL,66),(902,6,0,'MU50 - 2',15,'130',NULL,66),(903,6,0,'MU23 - 1',6,'176',NULL,66),(904,6,0,'MU23 - 2',7,'176',NULL,66),(905,6,0,'MU05 - 2',5,'125',NULL,67),(906,6,0,'MU51 - 2',9,'150',NULL,67),(907,6,0,'MU05 - 1',4,'117',NULL,67),(908,6,0,'G10L - 1',12,'178',NULL,67),(909,6,0,'MU50 - 2',15,'132',NULL,67),(910,6,0,'MU59 - 1',10,'226',NULL,67),(911,6,0,'MU51 - 1',8,'148',NULL,67),(912,6,0,'G10L- 2',13,'188',NULL,67),(913,6,0,'MU59 - 2',11,'230',NULL,67),(914,6,0,'MU09 - 2',1,'124',NULL,67),(915,6,0,'MU10 - 1',2,'141',NULL,67),(916,6,0,'MU10 - 2',3,'151',NULL,67),(917,6,0,'MU50 - 1',14,'130',NULL,67),(918,6,0,'MU23 - 1',6,'170',NULL,67),(919,6,0,'MU23 - 2',7,'173',NULL,67),(920,6,0,'MU23 - 1',6,'166',NULL,68),(921,6,0,'MU51 - 2',9,'150',NULL,68),(922,6,0,'MU05 - 1',4,'127',NULL,68),(923,6,0,'MU05 - 2',5,'127',NULL,68),(924,6,0,'MU59 - 1',10,'226',NULL,68),(925,6,0,'MU51 - 1',8,'148',NULL,68),(926,6,0,'G10L- 2',13,'186',NULL,68),(927,6,0,'MU10 - 2',3,'149',NULL,68),(928,6,0,'MU09 - 2',1,'120',NULL,68),(929,6,0,'G10L - 1',12,'172',NULL,68),(930,6,0,'MU59 - 2',11,'230',NULL,68),(931,6,0,'MU10 - 1',2,'141',NULL,68),(932,6,0,'MU50 - 1',14,'130',NULL,68),(933,6,0,'MU50 - 2',15,'130',NULL,68),(934,6,0,'MU23 - 2',7,'172',NULL,68),(935,6,0,'MU51 - 2',9,'150',NULL,69),(936,6,0,'MU05 - 1',4,'127',NULL,69),(937,6,0,'MU05 - 2',5,'127',NULL,69),(938,6,0,'MU51 - 1',8,'140',NULL,69),(939,6,0,'G10L - 1',12,'178',NULL,69),(940,6,0,'MU50 - 2',15,'132',NULL,69),(941,6,0,'MU10 - 1',2,'143',NULL,69),(942,6,0,'MU10 - 2',3,'147',NULL,69),(943,6,0,'G10L- 2',13,'186',NULL,69),(944,6,0,'MU59 - 1',10,'240',NULL,69),(945,6,0,'MU09 - 2',1,'114',NULL,69),(946,6,0,'MU59 - 2',11,'250',NULL,69),(947,6,0,'MU50 - 1',14,'130',NULL,69),(948,6,0,'MU23 - 1',6,'172',NULL,69),(949,6,0,'MU23 - 2',7,'172',NULL,69),(950,6,0,'MU50 - 1',14,'128',NULL,70),(951,6,0,'MU51 - 1',8,'142',NULL,70),(952,6,0,'MU51 - 2',9,'150',NULL,70),(953,6,0,'MU05 - 1',4,'127',NULL,70),(954,6,0,'MU05 - 2',5,'127',NULL,70),(955,6,0,'G10L - 1',12,'178',NULL,70),(956,6,0,'MU50 - 2',15,'132',NULL,70),(957,6,0,'MU59 - 2',11,'248',NULL,70),(958,6,0,'G10L- 2',13,'188',NULL,70),(959,6,0,'MU09 - 2',1,'120',NULL,70),(960,6,0,'MU59 - 1',10,'246',NULL,70),(961,6,0,'MU10 - 1',2,'141',NULL,70),(962,6,0,'MU10 - 2',3,'151',NULL,70),(963,6,0,'MU23 - 1',6,'170',NULL,70),(964,6,0,'MU23 - 2',7,'173',NULL,70),(965,6,0,'G10L- 2',13,'182',NULL,71),(966,6,0,'MU05 - 1',4,'125',NULL,71),(967,6,0,'MU23 - 1',6,'166',NULL,71),(968,6,0,'MU51 - 2',9,'142',NULL,71),(969,6,0,'MU05 - 2',5,'127',NULL,71),(970,6,0,'MU51 - 1',8,'140',NULL,71),(971,6,0,'MU59 - 1',10,NULL,NULL,71),(972,6,0,'MU59 - 2',11,NULL,NULL,71),(973,6,0,'G10L - 1',12,'182',NULL,71),(974,6,0,'MU50 - 1',14,NULL,NULL,71),(975,6,0,'MU50 - 2',15,NULL,NULL,71),(976,6,0,'MU10 - 1',2,NULL,NULL,71),(977,6,0,'MU10 - 2',3,NULL,NULL,71),(978,6,0,'MU09 - 2',1,'124',NULL,71),(979,6,0,'MU23 - 2',7,'172',NULL,71),(980,6,0,'MU05 - 1',4,'125',NULL,72),(981,6,0,'MU23 - 1',6,'166',NULL,72),(982,6,0,'MU51 - 1',8,'142',NULL,72),(983,6,0,'MU05 - 2',5,'127',NULL,72),(984,6,0,'G10L- 2',13,'194',NULL,72),(985,6,0,'MU59 - 2',11,'248',NULL,72),(986,6,0,'MU59 - 1',10,'248',NULL,72),(987,6,0,'MU50 - 1',14,'110',NULL,72),(988,6,0,'MU51 - 2',9,'148',NULL,72),(989,6,0,'MU10 - 1',2,'149',NULL,72),(990,6,0,'G10L - 1',12,'172',NULL,72),(991,6,0,'MU50 - 2',15,'128',NULL,72),(992,6,0,'MU09 - 2',1,'124',NULL,72),(993,6,0,'MU10 - 2',3,'151',NULL,72),(994,6,0,'MU23 - 2',7,'170',NULL,72),(995,6,0,'G10L- 2',13,'182',NULL,73),(996,6,0,'MU05 - 2',5,'125',NULL,73),(997,6,0,'MU51 - 1',8,'140',NULL,73),(998,6,0,'MU59 - 2',11,'248',NULL,73),(999,6,0,'MU50 - 1',14,'110',NULL,73),(1000,6,0,'MU51 - 2',9,'148',NULL,73),(1001,6,0,'MU10 - 2',3,'147',NULL,73),(1002,6,0,'G10L - 1',12,'182',NULL,73),(1003,6,0,'MU05 - 1',4,'121',NULL,73),(1004,6,0,'MU50 - 2',15,'128',NULL,73),(1005,6,0,'MU59 - 1',10,'230',NULL,73),(1006,6,0,'MU09 - 2',1,'124',NULL,73),(1007,6,0,'MU10 - 1',2,'141',NULL,73),(1008,6,0,'MU23 - 1',6,'172',NULL,73),(1009,6,0,'MU23 - 2',7,'172',NULL,73),(1010,6,0,'G10L- 2',13,'182',NULL,74),(1011,6,0,'MU50 - 1',14,'128',NULL,74),(1012,6,0,'MU23 - 1',6,'166',NULL,74),(1013,6,0,'MU51 - 1',8,'142',NULL,74),(1014,6,0,'MU05 - 2',5,'127',NULL,74),(1015,6,0,'MU50 - 2',15,'132',NULL,74),(1016,6,0,'MU59 - 1',10,'248',NULL,74),(1017,6,0,'MU51 - 2',9,'148',NULL,74),(1018,6,0,'MU05 - 1',4,'121',NULL,74),(1019,6,0,'MU09 - 2',1,'120',NULL,74),(1020,6,0,'G10L - 1',12,'172',NULL,74),(1021,6,0,'MU10 - 1',2,'151',NULL,74),(1022,6,0,'MU10 - 2',3,'151',NULL,74),(1023,6,0,'MU59 - 2',11,'250',NULL,74),(1024,6,0,'MU23 - 2',7,'172',NULL,74),(1025,6,0,'G10L- 2',13,'182',NULL,75),(1026,6,0,'MU50 - 1',14,'128',NULL,75),(1027,6,0,'MU51 - 2',9,'150',NULL,75),(1028,6,0,'MU05 - 1',4,'127',NULL,75),(1029,6,0,'MU05 - 2',5,'127',NULL,75),(1030,6,0,'MU51 - 1',8,'140',NULL,75),(1031,6,0,'MU50 - 2',15,'134',NULL,75),(1032,6,0,'G10L - 1',12,'178',NULL,75),(1033,6,0,'MU10 - 1',2,'143',NULL,75),(1034,6,0,'MU59 - 2',11,'256',NULL,75),(1035,6,0,'MU09 - 2',1,'110',NULL,75),(1036,6,0,'MU59 - 1',10,'240',NULL,75),(1037,6,0,'MU10 - 2',3,'151',NULL,75),(1038,6,0,'MU23 - 1',6,'172',NULL,75),(1039,6,0,'MU23 - 2',7,'172',NULL,75),(1040,6,0,'G10L- 2',13,'182',NULL,76),(1041,6,0,'MU50 - 1',14,'128',NULL,76),(1042,6,0,'MU05 - 2',5,'125',NULL,76),(1043,6,0,'MU23 - 1',6,'166',NULL,76),(1044,6,0,'MU51 - 1',8,'140',NULL,76),(1045,6,0,'MU51 - 2',9,'140',NULL,76),(1046,6,0,'MU05 - 1',4,'117',NULL,76),(1047,6,0,'MU50 - 2',15,'134',NULL,76),(1048,6,0,'G10L - 1',12,'178',NULL,76),(1049,6,0,'MU59 - 2',11,'240',NULL,76),(1050,6,0,'MU59 - 1',10,'232',NULL,76),(1051,6,0,'MU09 - 2',1,'124',NULL,76),(1052,6,0,'MU10 - 1',2,'141',NULL,76),(1053,6,0,'MU10 - 2',3,'151',NULL,76),(1054,6,0,'MU23 - 2',7,'172',NULL,76),(1055,6,0,'MU50 - 1',14,'128',NULL,77),(1056,6,0,'MU51 - 2',9,'142',NULL,77),(1057,6,0,'MU05 - 1',4,'127',NULL,77),(1058,6,0,'MU05 - 2',5,'127',NULL,77),(1059,6,0,'MU51 - 1',8,'140',NULL,77),(1060,6,0,'MU59 - 2',11,'248',NULL,77),(1061,6,0,'MU59 - 1',10,'248',NULL,77),(1062,6,0,'MU09 - 2',1,'112',NULL,77),(1063,6,0,'G10L- 2',13,'186',NULL,77),(1064,6,0,'MU10 - 1',2,'149',NULL,77),(1065,6,0,'G10L - 1',12,'184',NULL,77),(1066,6,0,'MU50 - 2',15,'128',NULL,77),(1067,6,0,'MU10 - 2',3,'151',NULL,77),(1068,6,0,'MU23 - 1',6,'172',NULL,77),(1069,6,0,'MU23 - 2',7,'172',NULL,77),(1070,6,0,'MU05 - 2',5,'125',NULL,78),(1071,6,0,'MU50 - 2',15,'124',NULL,78),(1072,6,0,'G10L - 1',12,'178',NULL,78),(1073,6,0,'G10L- 2',13,'178',NULL,78),(1074,6,0,'MU51 - 1',8,'148',NULL,78),(1075,6,0,'MU51 - 2',9,'148',NULL,78),(1076,6,0,'MU10 - 2',3,'147',NULL,78),(1077,6,0,'MU50 - 1',14,'124',NULL,78),(1078,6,0,'MU05 - 1',4,'121',NULL,78),(1079,6,0,'MU09 - 2',1,'116',NULL,78),(1080,6,0,'MU59 - 2',11,'240',NULL,78),(1081,6,0,'MU59 - 1',10,'240',NULL,78),(1082,6,0,'MU10 - 1',2,'141',NULL,78),(1083,6,0,'MU23 - 1',6,'170',NULL,78),(1084,6,0,'MU23 - 2',7,'170',NULL,78),(1085,6,0,'MU05 - 2',5,'125',NULL,79),(1086,6,0,'MU23 - 1',6,'166',NULL,79),(1087,6,0,'MU51 - 2',9,'150',NULL,79),(1088,6,0,'MU51 - 1',8,'140',NULL,79),(1089,6,0,'MU05 - 1',4,'117',NULL,79),(1090,6,0,'G10L - 1',12,'182',NULL,79),(1091,6,0,'G10L- 2',13,'186',NULL,79),(1092,6,0,'MU50 - 1',14,'124',NULL,79),(1093,6,0,'MU10 - 2',3,'149',NULL,79),(1094,6,0,'MU50 - 2',15,'128',NULL,79),(1095,6,0,'MU59 - 1',10,'240',NULL,79),(1096,6,0,'MU09 - 2',1,'124',NULL,79),(1097,6,0,'MU10 - 1',2,'141',NULL,79),(1098,6,0,'MU59 - 2',11,'250',NULL,79),(1099,6,0,'MU23 - 2',7,'172',NULL,79),(1100,6,0,'MU51 - 1',8,'142',NULL,80),(1101,6,0,'MU51 - 2',9,'150',NULL,80),(1102,6,0,'MU05 - 2',5,'127',NULL,80),(1103,6,0,'MU05 - 1',4,'109',NULL,80),(1104,6,0,'MU59 - 1',10,'226',NULL,80),(1105,6,0,'MU10 - 1',2,'147',NULL,80),(1106,6,0,'G10L- 2',13,'186',NULL,80),(1107,6,0,'MU50 - 1',14,'124',NULL,80),(1108,6,0,'G10L - 1',12,'184',NULL,80),(1109,6,0,'MU09 - 2',1,'120',NULL,80),(1110,6,0,'MU50 - 2',15,'128',NULL,80),(1111,6,0,'MU10 - 2',3,'151',NULL,80),(1112,6,0,'MU59 - 2',11,'250',NULL,80),(1113,6,0,'MU23 - 1',6,'170',NULL,80),(1114,6,0,'MU23 - 2',7,'170',NULL,80),(1115,6,0,'MU05 - 2',5,'125',NULL,81),(1116,6,0,'MU23 - 1',6,'166',NULL,81),(1117,6,0,'MU51 - 1',8,'140',NULL,81),(1118,6,0,'MU51 - 2',9,'140',NULL,81),(1119,6,0,'MU05 - 1',4,'117',NULL,81),(1120,6,0,'MU59 - 2',11,'248',NULL,81),(1121,6,0,'G10L- 2',13,'178',NULL,81),(1122,6,0,'MU10 - 1',2,'149',NULL,81),(1123,6,0,'G10L - 1',12,'172',NULL,81),(1124,6,0,'MU09 - 2',1,'114',NULL,81),(1125,6,0,'MU59 - 1',10,'232',NULL,81),(1126,6,0,'MU10 - 2',3,'151',NULL,81),(1127,6,0,'MU50 - 1',14,'130',NULL,81),(1128,6,0,'MU50 - 2',15,'130',NULL,81),(1129,6,0,'MU23 - 2',7,'172',NULL,81),(1130,6,0,'MU51 - 2',9,'150',NULL,82),(1131,6,0,'MU05 - 2',5,'127',NULL,82),(1132,6,0,'MU51 - 1',8,'140',NULL,82),(1133,6,0,'MU05 - 1',4,'117',NULL,82),(1134,6,0,'G10L - 1',12,'178',NULL,82),(1135,6,0,'MU50 - 2',15,'132',NULL,82),(1136,6,0,'G10L- 2',13,'186',NULL,82),(1137,6,0,'MU10 - 1',2,'149',NULL,82),(1138,6,0,'MU09 - 2',1,'114',NULL,82),(1139,6,0,'MU59 - 1',10,'232',NULL,82),(1140,6,0,'MU10 - 2',3,'151',NULL,82),(1141,6,0,'MU59 - 2',11,'250',NULL,82),(1142,6,0,'MU50 - 1',14,'130',NULL,82),(1143,6,0,'MU23 - 1',6,'172',NULL,82),(1144,6,0,'MU23 - 2',7,'172',NULL,82),(1145,6,0,'MU50 - 1',14,'128',NULL,83),(1146,6,0,'MU05 - 2',5,'127',NULL,83),(1147,6,0,'MU51 - 1',8,'140',NULL,83),(1148,6,0,'MU05 - 1',4,'117',NULL,83),(1149,6,0,'MU50 - 2',15,'132',NULL,83),(1150,6,0,'MU59 - 2',11,'248',NULL,83),(1151,6,0,'MU51 - 2',9,'148',NULL,83),(1152,6,0,'MU10 - 1',2,'147',NULL,83),(1153,6,0,'G10L - 1',12,'182',NULL,83),(1154,6,0,'G10L- 2',13,'188',NULL,83),(1155,6,0,'MU09 - 2',1,'120',NULL,83),(1156,6,0,'MU59 - 1',10,'240',NULL,83),(1157,6,0,'MU10 - 2',3,'151',NULL,83),(1158,6,0,'MU23 - 1',6,'170',NULL,83),(1159,6,0,'MU23 - 2',7,'173',NULL,83),(1160,6,0,'G10L- 2',13,'182',NULL,84),(1161,6,0,'MU51 - 2',9,'150',NULL,84),(1162,6,0,'MU05 - 1',4,'127',NULL,84),(1163,6,0,'MU05 - 2',5,'127',NULL,84),(1164,6,0,'MU50 - 2',15,'132',NULL,84),(1165,6,0,'MU51 - 1',8,'148',NULL,84),(1166,6,0,'MU10 - 1',2,'147',NULL,84),(1167,6,0,'G10L - 1',12,'182',NULL,84),(1168,6,0,'MU09 - 2',1,'120',NULL,84),(1169,6,0,'MU59 - 1',10,'240',NULL,84),(1170,6,0,'MU10 - 2',3,'151',NULL,84),(1171,6,0,'MU59 - 2',11,'250',NULL,84),(1172,6,0,'MU50 - 1',14,'130',NULL,84),(1173,6,0,'MU23 - 1',6,'170',NULL,84),(1174,6,0,'MU23 - 2',7,'170',NULL,84),(1175,6,0,'G10L- 2',13,'182',NULL,85),(1176,6,0,'MU05 - 1',4,'125',NULL,85),(1177,6,0,'MU23 - 1',6,'166',NULL,85),(1178,6,0,'MU05 - 2',5,'127',NULL,85),(1179,6,0,'MU51 - 2',9,'140',NULL,85),(1180,6,0,'MU59 - 2',11,'248',NULL,85),(1181,6,0,'MU59 - 1',10,'248',NULL,85),(1182,6,0,'MU50 - 1',14,'110',NULL,85),(1183,6,0,'MU10 - 2',3,'147',NULL,85),(1184,6,0,'G10L - 1',12,'182',NULL,85),(1185,6,0,'MU09 - 2',1,'110',NULL,85),(1186,6,0,'MU51 - 1',8,'132',NULL,85),(1187,6,0,'MU50 - 2',15,'128',NULL,85),(1188,6,0,'MU10 - 1',2,'141',NULL,85),(1189,6,0,'MU23 - 2',7,'172',NULL,85),(1190,6,0,'MU05 - 1',4,'125',NULL,86),(1191,6,0,'MU05 - 2',5,'127',NULL,86),(1192,6,0,'MU59 - 2',11,'248',NULL,86),(1193,6,0,'MU59 - 1',10,'226',NULL,86),(1194,6,0,'G10L- 2',13,'178',NULL,86),(1195,6,0,'MU51 - 1',8,'148',NULL,86),(1196,6,0,'MU51 - 2',9,'148',NULL,86),(1197,6,0,'G10L - 1',12,'172',NULL,86),(1198,6,0,'MU09 - 2',1,'124',NULL,86),(1199,6,0,'MU10 - 1',2,'151',NULL,86),(1200,6,0,'MU10 - 2',3,'151',NULL,86),(1201,6,0,'MU50 - 1',14,'130',NULL,86),(1202,6,0,'MU50 - 2',15,'130',NULL,86),(1203,6,0,'MU23 - 1',6,'172',NULL,86),(1204,6,0,'MU23 - 2',7,'173',NULL,86),(1205,6,0,'G10L- 2',13,'182',NULL,87),(1206,6,0,'MU51 - 1',8,'142',NULL,87),(1207,6,0,'MU05 - 2',5,'127',NULL,87),(1208,6,0,'MU50 - 2',15,'132',NULL,87),(1209,6,0,'MU59 - 2',11,'248',NULL,87),(1210,6,0,'MU10 - 1',2,'145',NULL,87),(1211,6,0,'MU51 - 2',9,'148',NULL,87),(1212,6,0,'G10L - 1',12,'182',NULL,87),(1213,6,0,'MU50 - 1',14,'124',NULL,87),(1214,6,0,'MU10 - 2',3,'149',NULL,87),(1215,6,0,'MU05 - 1',4,'123',NULL,87),(1216,6,0,'MU59 - 1',10,'232',NULL,87),(1217,6,0,'MU09 - 2',1,'118',NULL,87),(1218,6,0,'MU23 - 1',6,'170',NULL,87),(1219,6,0,'MU23 - 2',7,'176',NULL,87),(1220,6,0,'G10L- 2',13,'182',NULL,88),(1221,6,0,'MU50 - 2',15,'124',NULL,88),(1222,6,0,'G10L - 1',12,'178',NULL,88),(1223,6,0,'MU05 - 1',4,'109',NULL,88),(1224,6,0,'MU51 - 1',8,'148',NULL,88),(1225,6,0,'MU51 - 2',9,'148',NULL,88),(1226,6,0,'MU10 - 2',3,'147',NULL,88),(1227,6,0,'MU50 - 1',14,'124',NULL,88),(1228,6,0,'MU05 - 2',5,'121',NULL,88),(1229,6,0,'MU10 - 1',2,'135',NULL,88),(1230,6,0,'MU09 - 2',1,'116',NULL,88),(1231,6,0,'MU59 - 1',10,'240',NULL,88),(1232,6,0,'MU59 - 2',11,'250',NULL,88),(1233,6,0,'MU23 - 1',6,'170',NULL,88),(1234,6,0,'MU23 - 2',7,'170',NULL,88),(1235,6,0,'MU50 - 1',14,'128',NULL,89),(1236,6,0,'MU51 - 1',8,'142',NULL,89),(1237,6,0,'G10L- 2',13,'184',NULL,89),(1238,6,0,'MU05 - 1',4,'127',NULL,89),(1239,6,0,'MU05 - 2',5,'127',NULL,89),(1240,6,0,'MU59 - 1',10,'248',NULL,89),(1241,6,0,'MU51 - 2',9,'148',NULL,89),(1242,6,0,'G10L - 1',12,'182',NULL,89),(1243,6,0,'MU09 - 2',1,'122',NULL,89),(1244,6,0,'MU59 - 2',11,'256',NULL,89),(1245,6,0,'MU10 - 1',2,'135',NULL,89),(1246,6,0,'MU50 - 2',15,'128',NULL,89),(1247,6,0,'MU10 - 2',3,'151',NULL,89),(1248,6,0,'MU23 - 1',6,'170',NULL,89),(1249,6,0,'MU23 - 2',7,'172',NULL,89),(1250,6,0,'G10L- 2',13,'182',NULL,90),(1251,6,0,'MU50 - 1',14,'128',NULL,90),(1252,6,0,'MU05 - 1',4,'125',NULL,90),(1253,6,0,'MU51 - 1',8,'142',NULL,90),(1254,6,0,'MU51 - 2',9,'142',NULL,90),(1255,6,0,'MU05 - 2',5,'127',NULL,90),(1256,6,0,'MU50 - 2',15,'132',NULL,90),(1257,6,0,'G10L - 1',12,'182',NULL,90),(1258,6,0,'MU59 - 2',11,'256',NULL,90),(1259,6,0,'MU59 - 1',10,'252',NULL,90),(1260,6,0,'MU09 - 2',1,'118',NULL,90),(1261,6,0,'MU10 - 1',2,'151',NULL,90),(1262,6,0,'MU10 - 2',3,'151',NULL,90),(1263,6,0,'MU23 - 1',6,'170',NULL,90),(1264,6,0,'MU23 - 2',7,'170',NULL,90),(1265,6,0,'G10L- 2',13,'182',NULL,91),(1266,6,0,'MU50 - 1',14,'128',NULL,91),(1267,6,0,'MU51 - 2',9,'150',NULL,91),(1268,6,0,'MU05 - 1',4,'127',NULL,91),(1269,6,0,'MU05 - 2',5,'127',NULL,91),(1270,6,0,'MU51 - 1',8,'140',NULL,91),(1271,6,0,'MU50 - 2',15,'134',NULL,91),(1272,6,0,'G10L - 1',12,'178',NULL,91),(1273,6,0,'MU10 - 1',2,'143',NULL,91),(1274,6,0,'MU59 - 2',11,'256',NULL,91),(1275,6,0,'MU09 - 2',1,'110',NULL,91),(1276,6,0,'MU59 - 1',10,'240',NULL,91),(1277,6,0,'MU10 - 2',3,'151',NULL,91),(1278,6,0,'MU23 - 1',6,'172',NULL,91),(1279,6,0,'MU23 - 2',7,'172',NULL,91),(1280,6,0,'G10L- 2',13,'182',NULL,92),(1281,6,0,'MU50 - 1',14,'128',NULL,92),(1282,6,0,'MU05 - 1',4,'125',NULL,92),(1283,6,0,'MU51 - 1',8,'142',NULL,92),(1284,6,0,'MU05 - 2',5,'127',NULL,92),(1285,6,0,'G10L - 1',12,'178',NULL,92),(1286,6,0,'MU51 - 2',9,'148',NULL,92),(1287,6,0,'MU50 - 2',15,'128',NULL,92),(1288,6,0,'MU09 - 2',1,'114',NULL,92),(1289,6,0,'MU10 - 1',2,'141',NULL,92),(1290,6,0,'MU59 - 1',10,'250',NULL,92),(1291,6,0,'MU10 - 2',3,'151',NULL,92),(1292,6,0,'MU59 - 2',11,'250',NULL,92),(1293,6,0,'MU23 - 1',6,'170',NULL,92),(1294,6,0,'MU23 - 2',7,'172',NULL,92),(1295,6,0,'G10L- 2',13,'182',NULL,93),(1296,6,0,'MU51 - 2',9,'150',NULL,93),(1297,6,0,'MU05 - 2',5,'127',NULL,93),(1298,6,0,'MU50 - 2',15,'134',NULL,93),(1299,6,0,'G10L - 1',12,'178',NULL,93),(1300,6,0,'MU59 - 2',11,'248',NULL,93),(1301,6,0,'MU50 - 1',14,'132',NULL,93),(1302,6,0,'MU10 - 1',2,'147',NULL,93),(1303,6,0,'MU05 - 1',4,'121',NULL,93),(1304,6,0,'MU10 - 2',3,'149',NULL,93),(1305,6,0,'MU09 - 2',1,'120',NULL,93),(1306,6,0,'MU51 - 1',8,'132',NULL,93),(1307,6,0,'MU59 - 1',10,'230',NULL,93),(1308,6,0,'MU23 - 1',6,'172',NULL,93),(1309,6,0,'MU23 - 2',7,'173',NULL,93),(1310,6,0,'MU50 - 1',14,'128',NULL,94),(1311,6,0,'MU05 - 1',4,'125',NULL,94),(1312,6,0,'MU05 - 2',5,'125',NULL,94),(1313,6,0,'MU51 - 1',8,'142',NULL,94),(1314,6,0,'G10L - 1',12,'178',NULL,94),(1315,6,0,'G10L- 2',13,'178',NULL,94),(1316,6,0,'MU51 - 2',9,'148',NULL,94),(1317,6,0,'MU10 - 1',2,'147',NULL,94),(1318,6,0,'MU59 - 2',11,'240',NULL,94),(1319,6,0,'MU59 - 1',10,'240',NULL,94),(1320,6,0,'MU09 - 2',1,'124',NULL,94),(1321,6,0,'MU10 - 2',3,'151',NULL,94),(1322,6,0,'MU50 - 2',15,'130',NULL,94),(1323,6,0,'MU23 - 1',6,'172',NULL,94),(1324,6,0,'MU23 - 2',7,'172',NULL,94),(1325,6,0,'MU05 - 1',4,'125',NULL,95),(1326,6,0,'MU23 - 1',6,'166',NULL,95),(1327,6,0,'MU51 - 2',9,'150',NULL,95),(1328,6,0,'MU05 - 2',5,'127',NULL,95),(1329,6,0,'MU59 - 1',10,'248',NULL,95),(1330,6,0,'MU51 - 1',8,'148',NULL,95),(1331,6,0,'G10L - 1',12,'182',NULL,95),(1332,6,0,'MU50 - 1',14,'124',NULL,95),(1333,6,0,'MU59 - 2',11,'256',NULL,95),(1334,6,0,'MU09 - 2',1,'110',NULL,95),(1335,6,0,'MU10 - 1',2,'149',NULL,95),(1336,6,0,'G10L- 2',13,'188',NULL,95),(1337,6,0,'MU50 - 2',15,'128',NULL,95),(1338,6,0,'MU10 - 2',3,'151',NULL,95),(1339,6,0,'MU23 - 2',7,'172',NULL,95),(1340,6,0,'MU23 - 1',6,'166',NULL,96),(1341,6,0,'MU51 - 2',9,'142',NULL,96),(1342,6,0,'MU05 - 2',5,'127',NULL,96),(1343,6,0,'MU51 - 1',8,'140',NULL,96),(1344,6,0,'MU05 - 1',4,'117',NULL,96),(1345,6,0,'MU50 - 2',15,'134',NULL,96),(1346,6,0,'G10L - 1',12,'182',NULL,96),(1347,6,0,'MU50 - 1',14,'124',NULL,96),(1348,6,0,'MU10 - 1',2,'135',NULL,96),(1349,6,0,'G10L- 2',13,'188',NULL,96),(1350,6,0,'MU09 - 2',1,'120',NULL,96),(1351,6,0,'MU59 - 1',10,'232',NULL,96),(1352,6,0,'MU59 - 2',11,'232',NULL,96),(1353,6,0,'MU10 - 2',3,'151',NULL,96),(1354,6,0,'MU23 - 2',7,'172',NULL,96),(1355,6,0,'G10L- 2',13,'182',NULL,97),(1356,6,0,'MU50 - 1',14,'128',NULL,97),(1357,6,0,'MU05 - 1',4,'125',NULL,97),(1358,6,0,'MU51 - 2',9,'142',NULL,97),(1359,6,0,'MU05 - 2',5,'127',NULL,97),(1360,6,0,'MU51 - 1',8,'140',NULL,97),(1361,6,0,'MU50 - 2',15,'132',NULL,97),(1362,6,0,'MU10 - 2',3,'147',NULL,97),(1363,6,0,'G10L - 1',12,'182',NULL,97),(1364,6,0,'MU10 - 1',2,'135',NULL,97),(1365,6,0,'MU59 - 1',10,'230',NULL,97),(1366,6,0,'MU09 - 2',1,'124',NULL,97),(1367,6,0,'MU59 - 2',11,'250',NULL,97),(1368,6,0,'MU23 - 1',6,'170',NULL,97),(1369,6,0,'MU23 - 2',7,'172',NULL,97),(1370,6,0,'MU50 - 1',14,'128',NULL,98),(1371,6,0,'MU23 - 1',6,'166',NULL,98),(1372,6,0,'MU05 - 1',4,'127',NULL,98),(1373,6,0,'MU05 - 2',5,'127',NULL,98),(1374,6,0,'G10L- 2',13,'194',NULL,98),(1375,6,0,'G10L - 1',12,'178',NULL,98),(1376,6,0,'MU50 - 2',15,'132',NULL,98),(1377,6,0,'MU51 - 2',9,'148',NULL,98),(1378,6,0,'MU10 - 1',2,'135',NULL,98),(1379,6,0,'MU09 - 2',1,'120',NULL,98),(1380,6,0,'MU51 - 1',8,'132',NULL,98),(1381,6,0,'MU59 - 1',10,'240',NULL,98),(1382,6,0,'MU10 - 2',3,'151',NULL,98),(1383,6,0,'MU59 - 2',11,'250',NULL,98),(1384,6,0,'MU23 - 2',7,'172',NULL,98),(1385,6,0,'G10L- 2',13,'182',NULL,99),(1386,6,0,'MU05 - 1',4,'125',NULL,99),(1387,6,0,'MU23 - 1',6,'166',NULL,99),(1388,6,0,'MU05 - 2',5,'127',NULL,99),(1389,6,0,'MU51 - 1',8,'140',NULL,99),(1390,6,0,'MU51 - 2',9,'140',NULL,99),(1391,6,0,'MU50 - 2',15,'134',NULL,99),(1392,6,0,'G10L - 1',12,'178',NULL,99),(1393,6,0,'MU50 - 1',14,'124',NULL,99),(1394,6,0,'MU59 - 1',10,'232',NULL,99),(1395,6,0,'MU09 - 2',1,'124',NULL,99),(1396,6,0,'MU10 - 1',2,'141',NULL,99),(1397,6,0,'MU10 - 2',3,'151',NULL,99),(1398,6,0,'MU59 - 2',11,'250',NULL,99),(1399,6,0,'MU23 - 2',7,'172',NULL,99),(1400,6,0,'G10L- 2',13,'182',NULL,100),(1401,6,0,'MU05 - 1',4,'125',NULL,100),(1402,6,0,'MU23 - 1',6,'166',NULL,100),(1403,6,0,'MU05 - 2',5,'127',NULL,100),(1404,6,0,'MU51 - 1',8,'140',NULL,100),(1405,6,0,'G10L - 1',12,'178',NULL,100),(1406,6,0,'MU50 - 1',14,'110',NULL,100),(1407,6,0,'MU51 - 2',9,'148',NULL,100),(1408,6,0,'MU10 - 1',2,'147',NULL,100),(1409,6,0,'MU50 - 2',15,'128',NULL,100),(1410,6,0,'MU59 - 1',10,'232',NULL,100),(1411,6,0,'MU09 - 2',1,'124',NULL,100),(1412,6,0,'MU10 - 2',3,'151',NULL,100),(1413,6,0,'MU59 - 2',11,'250',NULL,100),(1414,6,0,'MU23 - 2',7,'172',NULL,100),(1415,6,0,'G10L- 2',13,'182',NULL,101),(1416,6,0,'MU51 - 2',9,'142',NULL,101),(1417,6,0,'MU05 - 1',4,'127',NULL,101),(1418,6,0,'MU05 - 2',5,'127',NULL,101),(1419,6,0,'MU50 - 2',15,'132',NULL,101),(1420,6,0,'MU50 - 1',14,'132',NULL,101),(1421,6,0,'MU59 - 1',10,NULL,NULL,101),(1422,6,0,'MU59 - 2',11,NULL,NULL,101),(1423,6,0,'MU10 - 1',2,'147',NULL,101),(1424,6,0,'MU10 - 2',3,'147',NULL,101),(1425,6,0,'G10L - 1',12,'182',NULL,101),(1426,6,0,'MU09 - 2',1,'110',NULL,101),(1427,6,0,'MU51 - 1',8,'132',NULL,101),(1428,6,0,'MU23 - 1',6,'172',NULL,101),(1429,6,0,'MU23 - 2',7,'172',NULL,101),(1430,6,0,'G10L- 2',13,'182',NULL,102),(1431,6,0,'MU50 - 1',14,'128',NULL,102),(1432,6,0,'MU05 - 1',4,'127',NULL,102),(1433,6,0,'MU05 - 2',5,'127',NULL,102),(1434,6,0,'MU51 - 1',8,'140',NULL,102),(1435,6,0,'G10L - 1',12,'178',NULL,102),(1436,6,0,'MU59 - 2',11,'256',NULL,102),(1437,6,0,'MU09 - 2',1,'110',NULL,102),(1438,6,0,'MU51 - 2',9,'144',NULL,102),(1439,6,0,'MU59 - 1',10,'240',NULL,102),(1440,6,0,'MU10 - 1',2,'141',NULL,102),(1441,6,0,'MU10 - 2',3,'141',NULL,102),(1442,6,0,'MU23 - 1',6,'170',NULL,102),(1443,6,0,'MU50 - 2',15,'130',NULL,102),(1444,6,0,'MU23 - 2',7,'172',NULL,102);
/*!40000 ALTER TABLE `Alleles_AUD` ENABLE KEYS */;
UNLOCK TABLES;

--
-- Table structure for table `AnnotationGroups`
--

DROP TABLE IF EXISTS `AnnotationGroups`;
/*!40101 SET @saved_cs_client     = @@character_set_client */;
/*!40101 SET character_set_client = utf8 */;
CREATE TABLE `AnnotationGroups` (
  `AnnotationGroupID` int(11) NOT NULL AUTO_INCREMENT,
  `Description` longtext,
  `LastModified` datetime(6) DEFAULT NULL,
  `Name` varchar(10) NOT NULL,
  PRIMARY KEY (`AnnotationGroupID`),
  UNIQUE KEY `UK_56t6u1kb88q0jsyobqor1199n` (`Name`)
) ENGINE=InnoDB DEFAULT CHARSET=latin1;
/*!40101 SET character_set_client = @saved_cs_client */;

--
-- Dumping data for table `AnnotationGroups`
--

LOCK TABLES `AnnotationGroups` WRITE;
/*!40000 ALTER TABLE `AnnotationGroups` DISABLE KEYS */;
/*!40000 ALTER TABLE `AnnotationGroups` ENABLE KEYS */;
UNLOCK TABLES;

--
-- Table structure for table `AnnotationTypes`
--

DROP TABLE IF EXISTS `AnnotationTypes`;
/*!40101 SET @saved_cs_client     = @@character_set_client */;
/*!40101 SET character_set_client = utf8 */;
CREATE TABLE `AnnotationTypes` (
  `AnnotationTypeID` int(11) NOT NULL AUTO_INCREMENT,
  `Description` longtext,
  `LastModified` datetime(6) DEFAULT NULL,
  `Name` varchar(50) NOT NULL,
  PRIMARY KEY (`AnnotationTypeID`),
  UNIQUE KEY `UK_rxjw64b6ou832rldylrcqdeod` (`Name`)
) ENGINE=InnoDB DEFAULT CHARSET=latin1;
/*!40101 SET character_set_client = @saved_cs_client */;

--
-- Dumping data for table `AnnotationTypes`
--

LOCK TABLES `AnnotationTypes` WRITE;
/*!40000 ALTER TABLE `AnnotationTypes` DISABLE KEYS */;
/*!40000 ALTER TABLE `AnnotationTypes` ENABLE KEYS */;
UNLOCK TABLES;

--
-- Table structure for table `Annotations`
--

DROP TABLE IF EXISTS `Annotations`;
/*!40101 SET @saved_cs_client     = @@character_set_client */;
/*!40101 SET character_set_client = utf8 */;
CREATE TABLE `Annotations` (
  `AnnotationID` int(11) NOT NULL AUTO_INCREMENT,
  `AnnotationDefault` bit(1) NOT NULL,
  `DateCreated` datetime NOT NULL,
  `LastModified` datetime(6) DEFAULT NULL,
  `Value` varchar(50) NOT NULL,
  `Link2AnnotationID` int(11) DEFAULT NULL,
  `AnnotationGroupID` int(11) DEFAULT NULL,
  `AnnotationTypeID` int(11) DEFAULT NULL,
  `SequenceID` int(11) DEFAULT NULL,
  `SpotID` int(11) DEFAULT NULL,
  PRIMARY KEY (`AnnotationID`),
  KEY `FK_dwgkd6m4f6owt7vsof66jt54g` (`Link2AnnotationID`),
  KEY `FK_dee1xlolk34uhwqtc2i45nc0v` (`AnnotationGroupID`),
  KEY `FK_6ei8vksayjvut57t365guvbgm` (`AnnotationTypeID`),
  KEY `FK_trgcxt8qjd6e6jwrkfgpf7t63` (`SequenceID`),
  KEY `FK_793tgch4wtwhchwf0r7pd7bey` (`SpotID`),
  CONSTRAINT `FK_6ei8vksayjvut57t365guvbgm` FOREIGN KEY (`AnnotationTypeID`) REFERENCES `AnnotationTypes` (`AnnotationTypeID`),
  CONSTRAINT `FK_793tgch4wtwhchwf0r7pd7bey` FOREIGN KEY (`SpotID`) REFERENCES `Spots` (`SpotID`),
  CONSTRAINT `FK_dee1xlolk34uhwqtc2i45nc0v` FOREIGN KEY (`AnnotationGroupID`) REFERENCES `AnnotationGroups` (`AnnotationGroupID`),
  CONSTRAINT `FK_dwgkd6m4f6owt7vsof66jt54g` FOREIGN KEY (`Link2AnnotationID`) REFERENCES `Annotations` (`AnnotationID`),
  CONSTRAINT `FK_trgcxt8qjd6e6jwrkfgpf7t63` FOREIGN KEY (`SequenceID`) REFERENCES `Sequences` (`SequenceID`)
) ENGINE=InnoDB DEFAULT CHARSET=latin1;
/*!40101 SET character_set_client = @saved_cs_client */;

--
-- Dumping data for table `Annotations`
--

LOCK TABLES `Annotations` WRITE;
/*!40000 ALTER TABLE `Annotations` DISABLE KEYS */;
/*!40000 ALTER TABLE `Annotations` ENABLE KEYS */;
UNLOCK TABLES;

--
-- Table structure for table `ArrayTypes`
--

DROP TABLE IF EXISTS `ArrayTypes`;
/*!40101 SET @saved_cs_client     = @@character_set_client */;
/*!40101 SET character_set_client = utf8 */;
CREATE TABLE `ArrayTypes` (
  `ArrayTypeID` int(11) NOT NULL AUTO_INCREMENT,
  `Description` longtext,
  `LastModified` datetime(6) DEFAULT NULL,
  `Name` varchar(50) NOT NULL,
  `NumberOfColumns` int(11) NOT NULL,
  `NumberOfRows` int(11) NOT NULL,
  `NumberOfSpots` int(11) NOT NULL,
  `Provider` varchar(50) NOT NULL,
  PRIMARY KEY (`ArrayTypeID`),
  UNIQUE KEY `UK_btil3ei5i1mc85ejn3ygb15h0` (`Name`)
) ENGINE=InnoDB DEFAULT CHARSET=latin1;
/*!40101 SET character_set_client = @saved_cs_client */;

--
-- Dumping data for table `ArrayTypes`
--

LOCK TABLES `ArrayTypes` WRITE;
/*!40000 ALTER TABLE `ArrayTypes` DISABLE KEYS */;
/*!40000 ALTER TABLE `ArrayTypes` ENABLE KEYS */;
UNLOCK TABLES;

--
-- Table structure for table `BarcodeableMaps`
--

DROP TABLE IF EXISTS `BarcodeableMaps`;
/*!40101 SET @saved_cs_client     = @@character_set_client */;
/*!40101 SET character_set_client = utf8 */;
CREATE TABLE `BarcodeableMaps` (
  `BarcodeableMapID` int(11) NOT NULL AUTO_INCREMENT,
  `BarcodeableEntity` varchar(255) NOT NULL,
  `BarcodeableMapName` varchar(255) NOT NULL,
  `LastModified` datetime(6) DEFAULT NULL,
  `MapFile` varchar(255) NOT NULL,
  PRIMARY KEY (`BarcodeableMapID`),
  UNIQUE KEY `UK_6fkvgcgl8mjl7edxbrh17d3y5` (`BarcodeableEntity`)
) ENGINE=InnoDB AUTO_INCREMENT=8 DEFAULT CHARSET=latin1;
/*!40101 SET character_set_client = @saved_cs_client */;

--
-- Dumping data for table `BarcodeableMaps`
--

LOCK TABLES `BarcodeableMaps` WRITE;
/*!40000 ALTER TABLE `BarcodeableMaps` DISABLE KEYS */;
INSERT INTO `BarcodeableMaps` VALUES (1,'SpecimenReplicate','Specimen Map','2013-03-19 00:00:00.000000','Map file for Specimen'),(2,'Sample','Sample Map','2013-03-19 00:00:00.000000','Map file for Sample'),(3,'Container','Container Map','2013-03-19 00:00:00.000000','Map file for Container'),(4,'MixedSpecimen','Mixed Specimen Map','2013-03-19 00:00:00.000000','Map file for MixedSpecimen'),(5,'Product','Product Map','2013-03-19 00:00:00.000000','Map file for Product'),(6,'Storage','Storage Map','2013-03-19 00:00:00.000000','Map file for Storage'),(7,'PcrPrimer','PcrPrimer Map','2013-03-19 00:00:00.000000','Map file for PcrPrimer');
/*!40000 ALTER TABLE `BarcodeableMaps` ENABLE KEYS */;
UNLOCK TABLES;

--
-- Table structure for table `BiologicalCollections`
--

DROP TABLE IF EXISTS `BiologicalCollections`;
/*!40101 SET @saved_cs_client     = @@character_set_client */;
/*!40101 SET character_set_client = utf8 */;
CREATE TABLE `BiologicalCollections` (
  `BiologicalCollectionID` int(11) NOT NULL AUTO_INCREMENT,
  `DatePublished` date DEFAULT NULL,
  `Description` longtext,
  `Language` varchar(20) DEFAULT NULL,
  `LastModified` datetime(6) DEFAULT NULL,
  `LongName` varchar(512) DEFAULT NULL,
  `Name` varchar(50) NOT NULL,
  `WWW` varchar(100) DEFAULT NULL,
  `Address` int(11) DEFAULT NULL,
  `Contact` int(11) DEFAULT NULL,
  `GroupID` int(11) DEFAULT NULL,
  PRIMARY KEY (`BiologicalCollectionID`),
  UNIQUE KEY `UK_ska14t8hsm48ydpdbdn2mky27` (`Name`,`GroupID`),
  KEY `FK_qtmk2q6w736xfc24hj9xbp4bw` (`Address`),
  KEY `FK_3eu58lcf41l1fb5b83yomu44n` (`Contact`),
  KEY `FK_gbiqv9ercno7hkdmqp9svtbk5` (`GroupID`),
  CONSTRAINT `FK_3eu58lcf41l1fb5b83yomu44n` FOREIGN KEY (`Contact`) REFERENCES `People` (`PeopleID`),
  CONSTRAINT `FK_gbiqv9ercno7hkdmqp9svtbk5` FOREIGN KEY (`GroupID`) REFERENCES `Groups` (`GroupID`),
  CONSTRAINT `FK_qtmk2q6w736xfc24hj9xbp4bw` FOREIGN KEY (`Address`) REFERENCES `Addresses` (`AddressID`)
) ENGINE=InnoDB AUTO_INCREMENT=8 DEFAULT CHARSET=latin1;
/*!40101 SET character_set_client = @saved_cs_client */;

--
-- Dumping data for table `BiologicalCollections`
--

LOCK TABLES `BiologicalCollections` WRITE;
/*!40000 ALTER TABLE `BiologicalCollections` DISABLE KEYS */;
INSERT INTO `BiologicalCollections` VALUES (1,NULL,'Collection for Dr. Keith Siefert',NULL,'2013-03-19 00:00:00.000000','Keith Siefert','KAS','www.google.com',1,1,1),(2,NULL,'Collection for Dr. Andre Levesque',NULL,'2013-03-19 00:00:00.000000','Andre Levesque','LEV','www.google.com',1,1,1),(3,NULL,'Collection for Dr. Sarah Hambleton',NULL,'2013-03-19 00:00:00.000000','Sarah Hambleton','RS','www.google.com',1,1,1),(4,NULL,'Test collection ',NULL,'2013-03-19 00:00:00.000000','Test collection','XYZ','www.google.com',1,1,2),(5,NULL,'JB Test collection ',NULL,'2013-03-19 00:00:00.000000','JB Test Collection','JB','www.google.com',1,1,1),(6,NULL,'BK Test collection ',NULL,'2013-03-19 00:00:00.000000','BK Test collection','BK','www.google.com',1,1,1),(7,NULL,NULL,NULL,'2018-01-18 16:32:52.925000',NULL,'NRM-CGI',NULL,NULL,NULL,1);
/*!40000 ALTER TABLE `BiologicalCollections` ENABLE KEYS */;
UNLOCK TABLES;

--
-- Table structure for table `BiologicalCollections_AUD`
--

DROP TABLE IF EXISTS `BiologicalCollections_AUD`;
/*!40101 SET @saved_cs_client     = @@character_set_client */;
/*!40101 SET character_set_client = utf8 */;
CREATE TABLE `BiologicalCollections_AUD` (
  `BiologicalCollectionID` int(11) NOT NULL,
  `REV` int(11) NOT NULL,
  `REVTYPE` tinyint(4) DEFAULT NULL,
  `DatePublished` date DEFAULT NULL,
  `Description` longtext,
  `Language` varchar(20) DEFAULT NULL,
  `LongName` varchar(512) DEFAULT NULL,
  `Name` varchar(50) DEFAULT NULL,
  `WWW` varchar(100) DEFAULT NULL,
  `Address` int(11) DEFAULT NULL,
  `Contact` int(11) DEFAULT NULL,
  `GroupID` int(11) DEFAULT NULL,
  PRIMARY KEY (`BiologicalCollectionID`,`REV`),
  KEY `FK_odo8t97tysglk8nho27ejg69d` (`REV`),
  CONSTRAINT `FK_odo8t97tysglk8nho27ejg69d` FOREIGN KEY (`REV`) REFERENCES `Revision` (`id`)
) ENGINE=InnoDB DEFAULT CHARSET=latin1;
/*!40101 SET character_set_client = @saved_cs_client */;

--
-- Dumping data for table `BiologicalCollections_AUD`
--

LOCK TABLES `BiologicalCollections_AUD` WRITE;
/*!40000 ALTER TABLE `BiologicalCollections_AUD` DISABLE KEYS */;
INSERT INTO `BiologicalCollections_AUD` VALUES (7,6,0,NULL,NULL,NULL,NULL,'NRM-CGI',NULL,NULL,NULL,1);
/*!40000 ALTER TABLE `BiologicalCollections_AUD` ENABLE KEYS */;
UNLOCK TABLES;

--
-- Table structure for table `BlastHits`
--

DROP TABLE IF EXISTS `BlastHits`;
/*!40101 SET @saved_cs_client     = @@character_set_client */;
/*!40101 SET character_set_client = utf8 */;
CREATE TABLE `BlastHits` (
  `BlastHitID` int(11) NOT NULL AUTO_INCREMENT,
  `HitAccession` varchar(50) DEFAULT NULL,
  `HitBits` int(11) DEFAULT NULL,
  `HitDescription` longtext,
  `HitEnd` int(11) DEFAULT NULL,
  `HitFoundagain` bit(1) DEFAULT NULL,
  `HitLength` int(11) DEFAULT NULL,
  `HitName` varchar(255) NOT NULL,
  `HitQueryEnd` int(11) DEFAULT NULL,
  `HitQueryStart` int(11) DEFAULT NULL,
  `HitRank` int(11) DEFAULT NULL,
  `HitScore` int(11) DEFAULT NULL,
  `HitSignif` double DEFAULT NULL,
  `HitStart` int(11) DEFAULT NULL,
  `LastModified` datetime(6) DEFAULT NULL,
  `NumHSP` int(11) DEFAULT NULL,
  `BlastResultID` int(11) DEFAULT NULL,
  PRIMARY KEY (`BlastHitID`),
  KEY `FK_teecm7ke2c04iprfxcfds7ump` (`BlastResultID`),
  CONSTRAINT `FK_teecm7ke2c04iprfxcfds7ump` FOREIGN KEY (`BlastResultID`) REFERENCES `BlastResults` (`BlastResultID`)
) ENGINE=InnoDB AUTO_INCREMENT=20113 DEFAULT CHARSET=latin1;
/*!40101 SET character_set_client = @saved_cs_client */;

--
-- Dumping data for table `BlastHits`
--

LOCK TABLES `BlastHits` WRITE;
/*!40000 ALTER TABLE `BlastHits` DISABLE KEYS */;
INSERT INTO `BlastHits` VALUES (20111,'A20111',31,'A Hit',30,'\0',30,'A Hit',30,1,1,30,0.001,1,'2007-04-03 00:00:00.000000',2,2011),(20112,'A20112',31,'Another Hit',30,'\0',30,'Another Hit',30,1,1,30,0.001,1,'2007-04-03 00:00:00.000000',1,2011);
/*!40000 ALTER TABLE `BlastHits` ENABLE KEYS */;
UNLOCK TABLES;

--
-- Table structure for table `BlastHsps`
--

DROP TABLE IF EXISTS `BlastHsps`;
/*!40101 SET @saved_cs_client     = @@character_set_client */;
/*!40101 SET character_set_client = utf8 */;
CREATE TABLE `BlastHsps` (
  `BlastHspID` int(11) NOT NULL AUTO_INCREMENT,
  `Bitscore` float DEFAULT NULL,
  `HSPEValue` double DEFAULT NULL,
  `HSPFracCons` float DEFAULT NULL,
  `HSPFracIdent` float DEFAULT NULL,
  `HSPGaps` int(11) DEFAULT NULL,
  `HSPGroup` longtext,
  `HSPHitDescription` longtext,
  `HSPHitEnd` int(11) DEFAULT NULL,
  `HSPHitFrame` int(11) DEFAULT NULL,
  `HSPHitGaps` int(11) DEFAULT NULL,
  `HSPHitLength` int(11) DEFAULT NULL,
  `HSPHitName` varchar(50) DEFAULT NULL,
  `HSPHitSeq` longtext,
  `HSPHitStart` int(11) DEFAULT NULL,
  `HSPHomologySeq` longtext,
  `HSPLength` int(11) DEFAULT NULL,
  `HSPLinks` longtext,
  `HSPNumConserved` int(11) DEFAULT NULL,
  `HSPNumIdentical` int(11) DEFAULT NULL,
  `HSPPValue` float DEFAULT NULL,
  `HSPQueryDesc` longtext,
  `HSPQueryEnd` int(11) DEFAULT NULL,
  `HSPQueryFrame` int(11) DEFAULT NULL,
  `HSPQueryGaps` int(11) DEFAULT NULL,
  `HSPQueryLength` int(11) DEFAULT NULL,
  `HSPQueryName` varchar(50) DEFAULT NULL,
  `HSPQuerySequence` longtext,
  `HSPQueryStart` int(11) DEFAULT NULL,
  `HSPRank` int(11) DEFAULT NULL,
  `HSPScore` float DEFAULT NULL,
  `LastModified` datetime(6) DEFAULT NULL,
  `BlastHitID` int(11) DEFAULT NULL,
  PRIMARY KEY (`BlastHspID`),
  KEY `FK_g48fynsesdt18nq3qoyjaxrbe` (`BlastHitID`),
  CONSTRAINT `FK_g48fynsesdt18nq3qoyjaxrbe` FOREIGN KEY (`BlastHitID`) REFERENCES `BlastHits` (`BlastHitID`)
) ENGINE=InnoDB AUTO_INCREMENT=201113 DEFAULT CHARSET=latin1;
/*!40101 SET character_set_client = @saved_cs_client */;

--
-- Dumping data for table `BlastHsps`
--

LOCK TABLES `BlastHsps` WRITE;
/*!40000 ALTER TABLE `BlastHsps` DISABLE KEYS */;
INSERT INTO `BlastHsps` VALUES (201111,0,0,0,0,0,'0','0',NULL,0,NULL,NULL,NULL,'0',NULL,'0',0,'0',0,0,0,NULL,0,0,0,0,'0',NULL,0,0,0,'2007-04-03 00:00:00.000000',20111),(201112,0,0,0,0,0,'0','0',NULL,0,NULL,NULL,NULL,'0',NULL,'0',0,'0',0,0,0,NULL,0,0,0,0,'0',NULL,0,0,0,'2007-04-03 00:00:00.000000',20111);
/*!40000 ALTER TABLE `BlastHsps` ENABLE KEYS */;
UNLOCK TABLES;

--
-- Table structure for table `BlastProjects`
--

DROP TABLE IF EXISTS `BlastProjects`;
/*!40101 SET @saved_cs_client     = @@character_set_client */;
/*!40101 SET character_set_client = utf8 */;
CREATE TABLE `BlastProjects` (
  `BlastProjectID` int(11) NOT NULL AUTO_INCREMENT,
  `DateCreated` datetime NOT NULL,
  `Description` longtext,
  `LastModified` datetime(6) DEFAULT NULL,
  `Name` varchar(255) NOT NULL,
  `Program` varchar(50) NOT NULL,
  `QueryDate` date NOT NULL,
  `QueryString` varchar(255) NOT NULL,
  `DatasetID` int(11) DEFAULT NULL,
  `ProjectID` int(11) DEFAULT NULL,
  PRIMARY KEY (`BlastProjectID`),
  UNIQUE KEY `UK_m0m2x42ehv4wiwthl4c9cdjr1` (`Name`),
  KEY `FK_bg9ucdvgtvkvoxjj9n1drmc61` (`DatasetID`),
  KEY `FK_e4661f4v6pobq6g9hun21acvq` (`ProjectID`),
  CONSTRAINT `FK_bg9ucdvgtvkvoxjj9n1drmc61` FOREIGN KEY (`DatasetID`) REFERENCES `Datasets` (`DatasetID`),
  CONSTRAINT `FK_e4661f4v6pobq6g9hun21acvq` FOREIGN KEY (`ProjectID`) REFERENCES `Projects` (`ProjectID`)
) ENGINE=InnoDB AUTO_INCREMENT=203 DEFAULT CHARSET=latin1;
/*!40101 SET character_set_client = @saved_cs_client */;

--
-- Dumping data for table `BlastProjects`
--

LOCK TABLES `BlastProjects` WRITE;
/*!40000 ALTER TABLE `BlastProjects` DISABLE KEYS */;
INSERT INTO `BlastProjects` VALUES (201,'2007-04-03 00:00:00','Some Sequence','2007-04-03 00:00:00.000000','Some BLAST','nt','2007-04-03','AAAAAAAAAAAAAAAAA',1,1),(202,'2007-04-03 00:00:00','Some other sequence','2007-04-03 00:00:00.000000','Some Other Blast','nr','2007-04-03','AAAAAAAAAAAAAAAAAAA',1,2);
/*!40000 ALTER TABLE `BlastProjects` ENABLE KEYS */;
UNLOCK TABLES;

--
-- Table structure for table `BlastResults`
--

DROP TABLE IF EXISTS `BlastResults`;
/*!40101 SET @saved_cs_client     = @@character_set_client */;
/*!40101 SET character_set_client = utf8 */;
CREATE TABLE `BlastResults` (
  `BlastResultID` int(11) NOT NULL AUTO_INCREMENT,
  `LastModified` datetime(6) DEFAULT NULL,
  `OutputDir` varchar(255) DEFAULT NULL,
  `OutputFile` varchar(255) DEFAULT NULL,
  `BlastProjectID` int(11) DEFAULT NULL,
  `SequenceID` int(11) DEFAULT NULL,
  PRIMARY KEY (`BlastResultID`),
  KEY `FK_34433uytluhaf06rdf46u3ava` (`BlastProjectID`),
  KEY `FK_1v78ota9iutr1glkyp57pmstn` (`SequenceID`),
  CONSTRAINT `FK_1v78ota9iutr1glkyp57pmstn` FOREIGN KEY (`SequenceID`) REFERENCES `Sequences` (`SequenceID`),
  CONSTRAINT `FK_34433uytluhaf06rdf46u3ava` FOREIGN KEY (`BlastProjectID`) REFERENCES `BlastProjects` (`BlastProjectID`)
) ENGINE=InnoDB AUTO_INCREMENT=2013 DEFAULT CHARSET=latin1;
/*!40101 SET character_set_client = @saved_cs_client */;

--
-- Dumping data for table `BlastResults`
--

LOCK TABLES `BlastResults` WRITE;
/*!40000 ALTER TABLE `BlastResults` DISABLE KEYS */;
INSERT INTO `BlastResults` VALUES (2011,'2007-04-03 00:00:00.000000','','',201,1),(2012,'2007-04-03 00:00:00.000000','','',201,2);
/*!40000 ALTER TABLE `BlastResults` ENABLE KEYS */;
UNLOCK TABLES;

--
-- Table structure for table `Clones`
--

DROP TABLE IF EXISTS `Clones`;
/*!40101 SET @saved_cs_client     = @@character_set_client */;
/*!40101 SET character_set_client = utf8 */;
CREATE TABLE `Clones` (
  `CloneID` int(11) NOT NULL AUTO_INCREMENT,
  `LastModified` datetime(6) DEFAULT NULL,
  `Name` varchar(50) DEFAULT NULL,
  `LibraryID` int(11) DEFAULT NULL,
  `VectorID` int(11) DEFAULT NULL,
  PRIMARY KEY (`CloneID`),
  UNIQUE KEY `UK_hv3etynois34sh0wcp5rm7e2e` (`Name`),
  KEY `FK_c15u3yal2u3bmnp96dcycn522` (`LibraryID`),
  KEY `FK_xh4m3hf4s2jrh7b9k6hcfuu7` (`VectorID`),
  CONSTRAINT `FK_c15u3yal2u3bmnp96dcycn522` FOREIGN KEY (`LibraryID`) REFERENCES `Libraries` (`LibraryID`),
  CONSTRAINT `FK_xh4m3hf4s2jrh7b9k6hcfuu7` FOREIGN KEY (`VectorID`) REFERENCES `Vectors` (`VectorID`)
) ENGINE=InnoDB DEFAULT CHARSET=latin1;
/*!40101 SET character_set_client = @saved_cs_client */;

--
-- Dumping data for table `Clones`
--

LOCK TABLES `Clones` WRITE;
/*!40000 ALTER TABLE `Clones` DISABLE KEYS */;
/*!40000 ALTER TABLE `Clones` ENABLE KEYS */;
UNLOCK TABLES;

--
-- Table structure for table `ClusterCons`
--

DROP TABLE IF EXISTS `ClusterCons`;
/*!40101 SET @saved_cs_client     = @@character_set_client */;
/*!40101 SET character_set_client = utf8 */;
CREATE TABLE `ClusterCons` (
  `ClusterConsID` int(11) NOT NULL,
  `ClusterProjectID` int(11) DEFAULT NULL,
  PRIMARY KEY (`ClusterConsID`),
  KEY `FK_bhu3d918y3o4r7loipn3ynn1m` (`ClusterProjectID`),
  CONSTRAINT `FK_bhu3d918y3o4r7loipn3ynn1m` FOREIGN KEY (`ClusterProjectID`) REFERENCES `ClusterProjects` (`ClusterProjectID`),
  CONSTRAINT `FK_mb8baxn860mb530wmepcct0bj` FOREIGN KEY (`ClusterConsID`) REFERENCES `Sequences` (`SequenceID`)
) ENGINE=InnoDB DEFAULT CHARSET=latin1;
/*!40101 SET character_set_client = @saved_cs_client */;

--
-- Dumping data for table `ClusterCons`
--

LOCK TABLES `ClusterCons` WRITE;
/*!40000 ALTER TABLE `ClusterCons` DISABLE KEYS */;
INSERT INTO `ClusterCons` VALUES (3,101),(4,101);
/*!40000 ALTER TABLE `ClusterCons` ENABLE KEYS */;
UNLOCK TABLES;

--
-- Table structure for table `ClusterCons_AUD`
--

DROP TABLE IF EXISTS `ClusterCons_AUD`;
/*!40101 SET @saved_cs_client     = @@character_set_client */;
/*!40101 SET character_set_client = utf8 */;
CREATE TABLE `ClusterCons_AUD` (
  `ClusterConsID` int(11) NOT NULL,
  `REV` int(11) NOT NULL,
  `ClusterProjectID` int(11) DEFAULT NULL,
  PRIMARY KEY (`ClusterConsID`,`REV`),
  CONSTRAINT `FK_hx2169dofldjeoofyapn2i8sc` FOREIGN KEY (`ClusterConsID`, `REV`) REFERENCES `Sequences_AUD` (`SequenceID`, `REV`)
) ENGINE=InnoDB DEFAULT CHARSET=latin1;
/*!40101 SET character_set_client = @saved_cs_client */;

--
-- Dumping data for table `ClusterCons_AUD`
--

LOCK TABLES `ClusterCons_AUD` WRITE;
/*!40000 ALTER TABLE `ClusterCons_AUD` DISABLE KEYS */;
/*!40000 ALTER TABLE `ClusterCons_AUD` ENABLE KEYS */;
UNLOCK TABLES;

--
-- Table structure for table `ClusterProjects`
--

DROP TABLE IF EXISTS `ClusterProjects`;
/*!40101 SET @saved_cs_client     = @@character_set_client */;
/*!40101 SET character_set_client = utf8 */;
CREATE TABLE `ClusterProjects` (
  `ClusterProjectID` int(11) NOT NULL AUTO_INCREMENT,
  `AnnotSource` varchar(50) DEFAULT NULL,
  `Assembly` varchar(100) DEFAULT NULL,
  `AssemblyName` varchar(50) DEFAULT NULL,
  `ChimeraCheck` varchar(50) DEFAULT NULL,
  `DateCreated` datetime NOT NULL,
  `Description` longtext,
  `FinishingStrategy` varchar(100) DEFAULT NULL,
  `LastModified` datetime(6) DEFAULT NULL,
  `Name` varchar(50) NOT NULL,
  `Sop` varchar(50) DEFAULT NULL,
  `Source` varchar(255) DEFAULT NULL,
  `Url` varchar(50) DEFAULT NULL,
  `GroupID` int(11) NOT NULL,
  `ProjectID` int(11) DEFAULT NULL,
  PRIMARY KEY (`ClusterProjectID`),
  UNIQUE KEY `UK_5c6fv17koo5x6jy2sls38ko5n` (`Name`),
  KEY `FK_eom5gcyan5jrsd0luivtalhui` (`GroupID`),
  KEY `FK_svifa8l2op31413apv1d2unq4` (`ProjectID`),
  CONSTRAINT `FK_eom5gcyan5jrsd0luivtalhui` FOREIGN KEY (`GroupID`) REFERENCES `Groups` (`GroupID`),
  CONSTRAINT `FK_svifa8l2op31413apv1d2unq4` FOREIGN KEY (`ProjectID`) REFERENCES `Projects` (`ProjectID`)
) ENGINE=InnoDB AUTO_INCREMENT=103 DEFAULT CHARSET=latin1;
/*!40101 SET character_set_client = @saved_cs_client */;

--
-- Dumping data for table `ClusterProjects`
--

LOCK TABLES `ClusterProjects` WRITE;
/*!40000 ALTER TABLE `ClusterProjects` DISABLE KEYS */;
INSERT INTO `ClusterProjects` VALUES (101,NULL,NULL,NULL,NULL,'2007-04-03 00:00:00','It\'s an imaginary cluster project',NULL,'2007-04-03 00:00:00.000000','Test Cluster Project 1',NULL,'Nothing',NULL,1,1),(102,NULL,NULL,NULL,NULL,'2007-04-03 00:00:00','It\'s another imaginary cluster project',NULL,'2007-04-03 00:00:00.000000','Test Cluster Project 2',NULL,'Still Nothing',NULL,2,2);
/*!40000 ALTER TABLE `ClusterProjects` ENABLE KEYS */;
UNLOCK TABLES;

--
-- Table structure for table `ClusterSeqs`
--

DROP TABLE IF EXISTS `ClusterSeqs`;
/*!40101 SET @saved_cs_client     = @@character_set_client */;
/*!40101 SET character_set_client = utf8 */;
CREATE TABLE `ClusterSeqs` (
  `ClusterSeqID` int(11) NOT NULL AUTO_INCREMENT,
  `AlignedEnd` int(11) DEFAULT NULL,
  `AlignedStart` int(11) DEFAULT NULL,
  `LastModified` datetime(6) DEFAULT NULL,
  `Name` varchar(255) DEFAULT NULL,
  `Seq` longtext,
  `Start` int(11) DEFAULT NULL,
  `Strand` int(11) DEFAULT NULL,
  `ClusterCons` int(11) DEFAULT NULL,
  `SequenceID` int(11) DEFAULT NULL,
  PRIMARY KEY (`ClusterSeqID`),
  KEY `FK_dsjxu448lo4iqpswif2ututtv` (`ClusterCons`),
  KEY `FK_72w0hbbiv2tho9lcoe2n8oa21` (`SequenceID`),
  CONSTRAINT `FK_72w0hbbiv2tho9lcoe2n8oa21` FOREIGN KEY (`SequenceID`) REFERENCES `Sequences` (`SequenceID`),
  CONSTRAINT `FK_dsjxu448lo4iqpswif2ututtv` FOREIGN KEY (`ClusterCons`) REFERENCES `ClusterCons` (`ClusterConsID`)
) ENGINE=InnoDB AUTO_INCREMENT=10113 DEFAULT CHARSET=latin1;
/*!40101 SET character_set_client = @saved_cs_client */;

--
-- Dumping data for table `ClusterSeqs`
--

LOCK TABLES `ClusterSeqs` WRITE;
/*!40000 ALTER TABLE `ClusterSeqs` DISABLE KEYS */;
INSERT INTO `ClusterSeqs` VALUES (10111,12,0,'2007-04-03 00:00:00.000000','Test Cluster Seq 1','TACGATCAGCTACGATC',0,1,3,1),(10112,12,0,'2007-04-03 00:00:00.000000','Test Cluster Seq 2','TACGATCAGCTACGATC',0,2,4,2);
/*!40000 ALTER TABLE `ClusterSeqs` ENABLE KEYS */;
UNLOCK TABLES;

--
-- Table structure for table `CollectionInfos`
--

DROP TABLE IF EXISTS `CollectionInfos`;
/*!40101 SET @saved_cs_client     = @@character_set_client */;
/*!40101 SET character_set_client = utf8 */;
CREATE TABLE `CollectionInfos` (
  `CollectionInfoID` int(11) NOT NULL AUTO_INCREMENT,
  `AirTemperature` varchar(10) DEFAULT NULL,
  `BasinName` varchar(100) DEFAULT NULL,
  `City` varchar(200) DEFAULT NULL,
  `Collector` varchar(200) DEFAULT NULL,
  `CollectorType` varchar(50) DEFAULT NULL,
  `Continent` varchar(50) DEFAULT NULL,
  `CoordinateSystem` varchar(100) DEFAULT NULL,
  `Coordinates` varchar(100) DEFAULT NULL,
  `Country` varchar(50) DEFAULT NULL,
  `Day` varchar(10) DEFAULT NULL,
  `DecimalCoordinateSystem` varchar(100) DEFAULT NULL,
  `DecimalLatitude` varchar(100) DEFAULT NULL,
  `DecimalLongitude` varchar(100) DEFAULT NULL,
  `Depth` varchar(20) DEFAULT NULL,
  `EcoRegions` varchar(100) DEFAULT NULL,
  `Effort` varchar(50) DEFAULT NULL,
  `Elevation` varchar(50) DEFAULT NULL,
  `EndDay` varchar(10) DEFAULT NULL,
  `EndMonth` varchar(10) DEFAULT NULL,
  `EndYear` varchar(10) DEFAULT NULL,
  `EventTime` varchar(50) DEFAULT NULL,
  `FilterSize` varchar(50) DEFAULT NULL,
  `GeoreferencedBy` varchar(50) DEFAULT NULL,
  `GeoreferencedDate` date DEFAULT NULL,
  `GPSSource` varchar(50) DEFAULT NULL,
  `Habitat` varchar(50) DEFAULT NULL,
  `LastModified` datetime(6) DEFAULT NULL,
  `Latitude` varchar(100) DEFAULT NULL,
  `Longitude` varchar(100) DEFAULT NULL,
  `Month` varchar(10) DEFAULT NULL,
  `Notes` longtext,
  `Preparations` varchar(100) DEFAULT NULL,
  `Province` varchar(50) DEFAULT NULL,
  `RainFall` varchar(50) DEFAULT NULL,
  `RainVolumeCollected` varchar(50) DEFAULT NULL,
  `Region` varchar(50) DEFAULT NULL,
  `RiverStreamName` varchar(100) DEFAULT NULL,
  `SampleSource` varchar(100) DEFAULT NULL,
  `SamplerCollectionDate` date DEFAULT NULL,
  `SamplerInstallationDate` date DEFAULT NULL,
  `Sector` varchar(50) DEFAULT NULL,
  `Site` varchar(200) DEFAULT NULL,
  `SiteCodes` varchar(50) DEFAULT NULL,
  `StreamOrder` int(11) DEFAULT NULL,
  `Week` varchar(50) DEFAULT NULL,
  `Year` varchar(10) DEFAULT NULL,
  `ProtocolID` int(11) DEFAULT NULL,
  PRIMARY KEY (`CollectionInfoID`),
  KEY `collectionInfo_city_idx` (`City`),
  KEY `FK_s238mngbvqv10t8lwkgqb81xc` (`ProtocolID`),
  CONSTRAINT `FK_s238mngbvqv10t8lwkgqb81xc` FOREIGN KEY (`ProtocolID`) REFERENCES `Protocols` (`ProtocolID`)
) ENGINE=InnoDB AUTO_INCREMENT=111 DEFAULT CHARSET=latin1;
/*!40101 SET character_set_client = @saved_cs_client */;

--
-- Dumping data for table `CollectionInfos`
--

LOCK TABLES `CollectionInfos` WRITE;
/*!40000 ALTER TABLE `CollectionInfos` DISABLE KEYS */;
INSERT INTO `CollectionInfos` VALUES (1,NULL,NULL,'Ottawa','Paul Thompson','','North America','ZSystem','321 07 52N 526 05 63E','Canada','10','AlphaBetaCoordinateSystem','2.718281828','3.14159265359','',NULL,'AAFC Awareness Effort','5600 feet above sea level',NULL,NULL,NULL,'Mornings','','Some Guy','2012-12-21','gps source',NULL,'2013-03-19 00:00:00.000000','20W','30N','11',NULL,'frozen','Ontario','','','Ottawa-Carleton',NULL,NULL,'2006-11-10','2006-11-09','sector 200','CEF',NULL,NULL,'','2006',1),(2,NULL,NULL,'Germany','Gean Grey','','Europe','ZSystem','321 07 52N 526 05 63E','UK','10','AlphaBetaCoordinateSystem','2.718281828','3.14159265359','',NULL,'AAFC Awareness Effort','200 feet above sea level',NULL,NULL,NULL,'','','Some Guy','2012-12-21','gps source',NULL,'2013-03-19 00:00:00.000000','40W','60N','11',NULL,'','England','','','eton',NULL,NULL,'2009-11-10','2009-11-09','sector 7G','GEH',NULL,NULL,'','2009',1),(3,NULL,NULL,'Humberg','Rogue','','Europe','ZSystem','321 07 52N 526 05 63E','UK','10','AlphaBetaCoordinateSystem','2.718281828','3.14159265359','',NULL,'AAFC Awareness Effort','200 feet above sea level',NULL,NULL,NULL,'','','Some Guy','2012-12-21','gps source',NULL,'2013-03-19 00:00:00.000000','40W','60N','11',NULL,'','Africa','','','aRegion',NULL,NULL,'2009-11-10','2009-11-09','sector 7G','7G',NULL,NULL,'','2009',1),(4,NULL,NULL,'4Humberg','Rogue4','','Europe','ZSystem','321 07 52N 526 05 63E','UK4','10','AlphaBetaCoordinateSystem','2.718281828','3.14159265359','',NULL,'AAFC Awareness Effort','4 feet above sea level',NULL,NULL,NULL,'','','Some Guy','2012-12-21','4gps source',NULL,'2013-03-19 00:00:00.000000','44W','4N','11',NULL,'','Africa4','','','4Region',NULL,NULL,'2009-11-10','2009-11-09','sector 4','4G',NULL,NULL,'','2004',1),(5,NULL,NULL,'Edmonton','Rogue','dCollectorType','North America','ZSystem','321 07 52N 526 05 63E','Canada','10','AlphaBetaCoordinateSystem','2.718281828','3.14159265359','',NULL,'AAFC Awareness Effort','5 feet above sea level',NULL,NULL,NULL,'','5','Some Guy','2012-12-21','5gps source',NULL,'2013-03-19 00:00:00.000000','40W','60N','11',NULL,'','Alberta','0.5','50','Edmonton Region 1',NULL,NULL,'2007-05-15','2007-05-05','sector 7G','7G',NULL,NULL,'dWeek','2009',1),(6,NULL,NULL,'Vancover','Rogue','','North America','ZSystem','321 07 52N 526 05 63E','Canada','10','AlphaBetaCoordinateSystem','2.718281828','3.14159265359','2M',NULL,'AAFC Awareness Effort','6 feet above sea level',NULL,NULL,NULL,'','','Some Guy','2012-12-21','6gps source',NULL,'2013-03-19 00:00:00.000000','40W','60N','11',NULL,'','Vancover','','','dRegion',NULL,NULL,'2009-11-10','2009-11-09','sector 7G','8G',NULL,NULL,'','2009',1),(7,NULL,NULL,'Congo','Rogue','aCollectorType','Africa','ZSystem','321 07 52N 526 05 63E','Africa','10','AlphaBetaCoordinateSystem','2.718281828','3.14159265359','',NULL,'AAFC Awareness Effort','7 feet above sea level',NULL,NULL,NULL,'','1','Some Guy','2012-12-21','7gps source',NULL,'2013-03-19 00:00:00.000000','40W','60N','11',NULL,'','Africa','0.1','10','eRegion',NULL,NULL,'2007-01-15','2007-01-05','sector 7G','1G',NULL,NULL,'aWeek','2009',1),(8,NULL,NULL,'London','Rogue','bCollectorType','Europe','ZSystem','321 07 52N 526 05 63E','England','10','AlphaBetaCoordinateSystem','2.718281828','3.14159265359','',NULL,'AAFC Awareness Effort','8 feet above sea level',NULL,NULL,NULL,'','2','Some Guy','2012-12-21','8gps source',NULL,'2013-03-19 00:00:00.000000','40W','60N','11',NULL,'','London','0.2','20','aRegion',NULL,NULL,'2007-02-15','2007-02-05','sector 7G','7G',NULL,NULL,'bWeek','2009',1),(12,NULL,NULL,'Hum','Rando','cCollectorType','South America','SwarmHiveMindSystem','905 820 64N 751 05 141E','UK','10','OmegaZetaImperialCoordinateSystem','1.61803398875','e^(i*3.14)','',NULL,'Zergling Awareness Effort','12 feet above sea level',NULL,NULL,NULL,'','3','SS4 Goku','2050-01-01','12gps source',NULL,'2013-03-19 00:00:00.000000','50W','80N','11',NULL,'','Bolivia','0.3','30','12aRegion',NULL,NULL,'2007-03-15','2007-03-05','sector 7G','7G',NULL,NULL,'cWeek','2009',1),(13,NULL,NULL,'Hum','Rando','cCollectorType','South America','SwarmHiveMindSystem','905 820 64N 751 05 141E','UK','10','OmegaZetaImperialCoordinateSystem','1.61803398875','e^(i*3.14)','',NULL,'Zergling Awareness Effort','13 feet above sea level',NULL,NULL,NULL,'','3','SS4 Goku','2050-01-01','13gps source',NULL,'2013-03-19 00:00:00.000000','50W','80N','11',NULL,'','Bolivia','0.3','30','13aRegion',NULL,NULL,'2007-03-15','2007-03-05','sector 7G','7G',NULL,NULL,'cWeek','2009',1),(14,NULL,NULL,'Hum','Rando','cCollectorType','South America','SwarmHiveMindSystem','905 820 64N 751 05 141E','UK','10','OmegaZetaImperialCoordinateSystem','1.61803398875','e^(i*3.14)','',NULL,'Zergling Awareness Effort','14 feet above sea level',NULL,NULL,NULL,'','3','SS4 Goku','2050-01-01','14gps source',NULL,'2013-03-19 00:00:00.000000','50W','80N','11',NULL,'','Bolivia','0.3','30','12aRegion',NULL,NULL,'2007-03-15','2007-03-05','sector 7G','7G',NULL,NULL,'cWeek','2009',1),(15,NULL,NULL,'Strmsund (S)',NULL,NULL,NULL,'SWEREF 99',NULL,NULL,'23',NULL,NULL,NULL,NULL,NULL,NULL,NULL,NULL,NULL,NULL,NULL,NULL,NULL,NULL,NULL,NULL,'2018-01-18 16:32:52.967000','473722','7144350','9',NULL,NULL,'Jmtlands ln (S)',NULL,NULL,NULL,NULL,NULL,NULL,NULL,NULL,NULL,NULL,NULL,NULL,'2015',NULL),(16,NULL,NULL,'Strmsund (S)',NULL,NULL,NULL,'SWEREF 99',NULL,NULL,'21',NULL,NULL,NULL,NULL,NULL,NULL,NULL,NULL,NULL,NULL,NULL,NULL,NULL,NULL,NULL,NULL,'2018-01-18 16:32:53.189000','476246','7142943','8',NULL,NULL,'Jmtlands ln (S)',NULL,NULL,NULL,NULL,NULL,NULL,NULL,NULL,NULL,NULL,NULL,NULL,'2015',NULL),(17,NULL,NULL,'Strmsund (S)',NULL,NULL,NULL,'SWEREF 99',NULL,NULL,'10',NULL,NULL,NULL,NULL,NULL,NULL,NULL,NULL,NULL,NULL,NULL,NULL,NULL,NULL,NULL,NULL,'2018-01-18 16:32:53.372000','478044','7146154','10',NULL,NULL,'Jmtlands ln (S)',NULL,NULL,NULL,NULL,NULL,NULL,NULL,NULL,NULL,NULL,NULL,NULL,'2015',NULL),(18,NULL,NULL,'Strmsund (S)',NULL,NULL,NULL,'SWEREF 99',NULL,NULL,'10',NULL,NULL,NULL,NULL,NULL,NULL,NULL,NULL,NULL,NULL,NULL,NULL,NULL,NULL,NULL,NULL,'2018-01-18 16:32:53.619000','477002','7141056','10',NULL,NULL,'Jmtlands ln (S)',NULL,NULL,NULL,NULL,NULL,NULL,NULL,NULL,NULL,NULL,NULL,NULL,'2015',NULL),(19,NULL,NULL,'re (S)',NULL,NULL,NULL,'SWEREF 99',NULL,NULL,'7',NULL,NULL,NULL,NULL,NULL,NULL,NULL,NULL,NULL,NULL,NULL,NULL,NULL,NULL,NULL,NULL,'2018-01-18 16:32:53.799000','400959','7092077','10',NULL,NULL,'Jmtlands ln (S)',NULL,NULL,NULL,NULL,NULL,NULL,NULL,NULL,NULL,NULL,NULL,NULL,'2015',NULL),(20,NULL,NULL,'re (S)',NULL,NULL,NULL,'SWEREF 99',NULL,NULL,'9',NULL,NULL,NULL,NULL,NULL,NULL,NULL,NULL,NULL,NULL,NULL,NULL,NULL,NULL,NULL,NULL,'2018-01-18 16:32:53.951000','404603','7082947','10',NULL,NULL,'Jmtlands ln (S)',NULL,NULL,NULL,NULL,NULL,NULL,NULL,NULL,NULL,NULL,NULL,NULL,'2015',NULL),(21,NULL,NULL,'Sollefte (S)',NULL,NULL,NULL,'SWEREF 99',NULL,NULL,'22',NULL,NULL,NULL,NULL,NULL,NULL,NULL,NULL,NULL,NULL,NULL,NULL,NULL,NULL,NULL,NULL,'2018-01-18 16:32:54.079000','585381','7092178','9',NULL,NULL,'Vsternorrlands ln (S)',NULL,NULL,NULL,NULL,NULL,NULL,NULL,NULL,NULL,NULL,NULL,NULL,'2015',NULL),(22,NULL,NULL,'Sollefte (S)',NULL,NULL,NULL,'SWEREF 99',NULL,NULL,'11',NULL,NULL,NULL,NULL,NULL,NULL,NULL,NULL,NULL,NULL,NULL,NULL,NULL,NULL,NULL,NULL,'2018-01-18 16:32:54.204000','588859','7093924','10',NULL,NULL,'Vsternorrlands ln (S)',NULL,NULL,NULL,NULL,NULL,NULL,NULL,NULL,NULL,NULL,NULL,NULL,'2015',NULL),(23,NULL,NULL,'Sollefte (S)',NULL,NULL,NULL,'SWEREF 99',NULL,NULL,'6',NULL,NULL,NULL,NULL,NULL,NULL,NULL,NULL,NULL,NULL,NULL,NULL,NULL,NULL,NULL,NULL,'2018-01-18 16:32:54.336000','586091','7095017','9',NULL,NULL,'Vsternorrlands ln (S)',NULL,NULL,NULL,NULL,NULL,NULL,NULL,NULL,NULL,NULL,NULL,NULL,'2015',NULL),(24,NULL,NULL,'Sollefte (S)',NULL,NULL,NULL,'SWEREF 99',NULL,NULL,'26',NULL,NULL,NULL,NULL,NULL,NULL,NULL,NULL,NULL,NULL,NULL,NULL,NULL,NULL,NULL,NULL,'2018-01-18 16:32:54.464000','586972','7092053','9',NULL,NULL,'Vsternorrlands ln (S)',NULL,NULL,NULL,NULL,NULL,NULL,NULL,NULL,NULL,NULL,NULL,NULL,'2015',NULL),(25,NULL,NULL,'Sollefte (S)',NULL,NULL,NULL,'SWEREF 99',NULL,NULL,'22',NULL,NULL,NULL,NULL,NULL,NULL,NULL,NULL,NULL,NULL,NULL,NULL,NULL,NULL,NULL,NULL,'2018-01-18 16:32:54.587000','587044','7091986','9',NULL,NULL,'Vsternorrlands ln (S)',NULL,NULL,NULL,NULL,NULL,NULL,NULL,NULL,NULL,NULL,NULL,NULL,'2015',NULL),(26,NULL,NULL,'Sollefte (S)',NULL,NULL,NULL,'SWEREF 99',NULL,NULL,'4',NULL,NULL,NULL,NULL,NULL,NULL,NULL,NULL,NULL,NULL,NULL,NULL,NULL,NULL,NULL,NULL,'2018-01-18 16:32:54.704000','587392','7094399','10',NULL,NULL,'Vsternorrlands ln (S)',NULL,NULL,NULL,NULL,NULL,NULL,NULL,NULL,NULL,NULL,NULL,NULL,'2015',NULL),(27,NULL,NULL,'Sollefte (S)',NULL,NULL,NULL,'SWEREF 99',NULL,NULL,'17',NULL,NULL,NULL,NULL,NULL,NULL,NULL,NULL,NULL,NULL,NULL,NULL,NULL,NULL,NULL,NULL,'2018-01-18 16:32:54.822000','588731','7092264','10',NULL,NULL,'Vsternorrlands ln (S)',NULL,NULL,NULL,NULL,NULL,NULL,NULL,NULL,NULL,NULL,NULL,NULL,'2015',NULL),(28,NULL,NULL,'Sollefte (S)',NULL,NULL,NULL,'SWEREF 99',NULL,NULL,'22',NULL,NULL,NULL,NULL,NULL,NULL,NULL,NULL,NULL,NULL,NULL,NULL,NULL,NULL,NULL,NULL,'2018-01-18 16:32:55.052000','587426','7094457','9',NULL,NULL,'Vsternorrlands ln (S)',NULL,NULL,NULL,NULL,NULL,NULL,NULL,NULL,NULL,NULL,NULL,NULL,'2015',NULL),(29,NULL,NULL,'Strmsund (S)',NULL,NULL,NULL,'SWEREF 99',NULL,NULL,'5',NULL,NULL,NULL,NULL,NULL,NULL,NULL,NULL,NULL,NULL,NULL,NULL,NULL,NULL,NULL,NULL,'2018-01-18 16:32:55.185000','562236','7087916','10',NULL,NULL,'Jmtlands ln (S)',NULL,NULL,NULL,NULL,NULL,NULL,NULL,NULL,NULL,NULL,NULL,NULL,'2015',NULL),(30,NULL,NULL,'Sollefte (S)',NULL,NULL,NULL,'SWEREF 99',NULL,NULL,'12',NULL,NULL,NULL,NULL,NULL,NULL,NULL,NULL,NULL,NULL,NULL,NULL,NULL,NULL,NULL,NULL,'2018-01-18 16:32:55.422000','587447','7091968','9',NULL,NULL,'Vsternorrlands ln (S)',NULL,NULL,NULL,NULL,NULL,NULL,NULL,NULL,NULL,NULL,NULL,NULL,'2015',NULL),(31,NULL,NULL,'Sollefte (S)',NULL,NULL,NULL,'SWEREF 99',NULL,NULL,'26',NULL,NULL,NULL,NULL,NULL,NULL,NULL,NULL,NULL,NULL,NULL,NULL,NULL,NULL,NULL,NULL,'2018-01-18 16:32:55.566000','587286','7093393','9',NULL,NULL,'Vsternorrlands ln (S)',NULL,NULL,NULL,NULL,NULL,NULL,NULL,NULL,NULL,NULL,NULL,NULL,'2015',NULL),(32,NULL,NULL,'Hrjedalen (S)',NULL,NULL,NULL,'SWEREF 99',NULL,NULL,'18',NULL,NULL,NULL,NULL,NULL,NULL,NULL,NULL,NULL,NULL,NULL,NULL,NULL,NULL,NULL,NULL,'2018-01-18 16:32:55.675000','458726','6838283','10',NULL,NULL,'Jmtlands ln (S)',NULL,NULL,NULL,NULL,NULL,NULL,NULL,NULL,NULL,NULL,NULL,NULL,'2015',NULL),(33,NULL,NULL,'Hrjedalen (S)',NULL,NULL,NULL,'SWEREF 99',NULL,NULL,'8',NULL,NULL,NULL,NULL,NULL,NULL,NULL,NULL,NULL,NULL,NULL,NULL,NULL,NULL,NULL,NULL,'2018-01-18 16:32:55.780000','461113','6847342','10',NULL,NULL,'Jmtlands ln (S)',NULL,NULL,NULL,NULL,NULL,NULL,NULL,NULL,NULL,NULL,NULL,NULL,'2015',NULL),(34,NULL,NULL,'Hrjedalen (S)',NULL,NULL,NULL,'SWEREF 99',NULL,NULL,'29',NULL,NULL,NULL,NULL,NULL,NULL,NULL,NULL,NULL,NULL,NULL,NULL,NULL,NULL,NULL,NULL,'2018-01-18 16:32:55.888000','441594','6863156','10',NULL,NULL,'Jmtlands ln (S)',NULL,NULL,NULL,NULL,NULL,NULL,NULL,NULL,NULL,NULL,NULL,NULL,'2015',NULL),(35,NULL,NULL,'Hrjedalen (S)',NULL,NULL,NULL,'SWEREF 99',NULL,NULL,'27',NULL,NULL,NULL,NULL,NULL,NULL,NULL,NULL,NULL,NULL,NULL,NULL,NULL,NULL,NULL,NULL,'2018-01-18 16:32:56.011000','450306','6885723','8',NULL,NULL,'Jmtlands ln (S)',NULL,NULL,NULL,NULL,NULL,NULL,NULL,NULL,NULL,NULL,NULL,NULL,'2015',NULL),(36,NULL,NULL,'Hrjedalen (S)',NULL,NULL,NULL,'SWEREF 99',NULL,NULL,'23',NULL,NULL,NULL,NULL,NULL,NULL,NULL,NULL,NULL,NULL,NULL,NULL,NULL,NULL,NULL,NULL,'2018-01-18 16:32:56.202000','450306','6885723','8',NULL,NULL,'Jmtlands ln (S)',NULL,NULL,NULL,NULL,NULL,NULL,NULL,NULL,NULL,NULL,NULL,NULL,'2015',NULL),(37,NULL,NULL,'Hrjedalen (S)',NULL,NULL,NULL,'SWEREF 99',NULL,NULL,'10',NULL,NULL,NULL,NULL,NULL,NULL,NULL,NULL,NULL,NULL,NULL,NULL,NULL,NULL,NULL,NULL,'2018-01-18 16:32:56.325000','438687','6860729','9',NULL,NULL,'Jmtlands ln (S)',NULL,NULL,NULL,NULL,NULL,NULL,NULL,NULL,NULL,NULL,NULL,NULL,'2015',NULL),(38,NULL,NULL,'Sollefte (S)',NULL,NULL,NULL,'SWEREF 99',NULL,NULL,'23',NULL,NULL,NULL,NULL,NULL,NULL,NULL,NULL,NULL,NULL,NULL,NULL,NULL,NULL,NULL,NULL,'2018-01-18 16:32:56.440000','569426','7039454','10',NULL,NULL,'Vsternorrlands ln (S)',NULL,NULL,NULL,NULL,NULL,NULL,NULL,NULL,NULL,NULL,NULL,NULL,'2015',NULL),(39,NULL,NULL,'Sollefte (S)',NULL,NULL,NULL,'SWEREF 99',NULL,NULL,'15',NULL,NULL,NULL,NULL,NULL,NULL,NULL,NULL,NULL,NULL,NULL,NULL,NULL,NULL,NULL,NULL,'2018-01-18 16:32:56.564000','563295','7041886','10',NULL,NULL,'Vsternorrlands ln (S)',NULL,NULL,NULL,NULL,NULL,NULL,NULL,NULL,NULL,NULL,NULL,NULL,'2015',NULL),(40,NULL,NULL,'rnskldsvik (S)',NULL,NULL,NULL,'SWEREF 99',NULL,NULL,'1',NULL,NULL,NULL,NULL,NULL,NULL,NULL,NULL,NULL,NULL,NULL,NULL,NULL,NULL,NULL,NULL,'2018-01-18 16:32:56.698000','644338','7026055','9',NULL,NULL,'Vsternorrlands ln (S)',NULL,NULL,NULL,NULL,NULL,NULL,NULL,NULL,NULL,NULL,NULL,NULL,'2015',NULL),(41,NULL,NULL,'rnskldsvik (S)',NULL,NULL,NULL,'SWEREF 99',NULL,NULL,'12',NULL,NULL,NULL,NULL,NULL,NULL,NULL,NULL,NULL,NULL,NULL,NULL,NULL,NULL,NULL,NULL,'2018-01-18 16:32:56.818000','627418','7056813','9',NULL,NULL,'Vsternorrlands ln (S)',NULL,NULL,NULL,NULL,NULL,NULL,NULL,NULL,NULL,NULL,NULL,NULL,'2015',NULL),(42,NULL,NULL,'rnskldsvik (S)',NULL,NULL,NULL,'SWEREF 99',NULL,NULL,'14',NULL,NULL,NULL,NULL,NULL,NULL,NULL,NULL,NULL,NULL,NULL,NULL,NULL,NULL,NULL,NULL,'2018-01-18 16:32:56.941000','628290','7070128','9',NULL,NULL,'Vsternorrlands ln (S)',NULL,NULL,NULL,NULL,NULL,NULL,NULL,NULL,NULL,NULL,NULL,NULL,'2015',NULL),(43,NULL,NULL,'rnskldsvik (S)',NULL,NULL,NULL,'SWEREF 99',NULL,NULL,'11',NULL,NULL,NULL,NULL,NULL,NULL,NULL,NULL,NULL,NULL,NULL,NULL,NULL,NULL,NULL,NULL,'2018-01-18 16:32:57.067000','620688','7044544','10',NULL,NULL,'Vsternorrlands ln (S)',NULL,NULL,NULL,NULL,NULL,NULL,NULL,NULL,NULL,NULL,NULL,NULL,'2015',NULL),(44,NULL,NULL,'Sollefte (S)',NULL,NULL,NULL,'SWEREF 99',NULL,NULL,'14',NULL,NULL,NULL,NULL,NULL,NULL,NULL,NULL,NULL,NULL,NULL,NULL,NULL,NULL,NULL,NULL,'2018-01-18 16:32:57.195000','604490','7077604','10',NULL,NULL,'Vsternorrlands ln (S)',NULL,NULL,NULL,NULL,NULL,NULL,NULL,NULL,NULL,NULL,NULL,NULL,'2015',NULL),(45,NULL,NULL,'rnskldsvik (S)',NULL,NULL,NULL,'SWEREF 99',NULL,NULL,'10',NULL,NULL,NULL,NULL,NULL,NULL,NULL,NULL,NULL,NULL,NULL,NULL,NULL,NULL,NULL,NULL,'2018-01-18 16:32:57.315000','617972','7052984','10',NULL,NULL,'Vsternorrlands ln (S)',NULL,NULL,NULL,NULL,NULL,NULL,NULL,NULL,NULL,NULL,NULL,NULL,'2015',NULL),(46,NULL,NULL,'rnskldsvik (S)',NULL,NULL,NULL,'SWEREF 99',NULL,NULL,'11',NULL,NULL,NULL,NULL,NULL,NULL,NULL,NULL,NULL,NULL,NULL,NULL,NULL,NULL,NULL,NULL,'2018-01-18 16:32:57.445000','627875','7058296','9',NULL,NULL,'Vsternorrlands ln (S)',NULL,NULL,NULL,NULL,NULL,NULL,NULL,NULL,NULL,NULL,NULL,NULL,'2015',NULL),(47,NULL,NULL,'rnskldsvik (S)',NULL,NULL,NULL,'SWEREF 99',NULL,NULL,'5',NULL,NULL,NULL,NULL,NULL,NULL,NULL,NULL,NULL,NULL,NULL,NULL,NULL,NULL,NULL,NULL,'2018-01-18 16:32:57.576000','626141','7059589','9',NULL,NULL,'Vsternorrlands ln (S)',NULL,NULL,NULL,NULL,NULL,NULL,NULL,NULL,NULL,NULL,NULL,NULL,'2015',NULL),(48,NULL,NULL,'rnskldsvik (S)',NULL,NULL,NULL,'SWEREF 99',NULL,NULL,'8',NULL,NULL,NULL,NULL,NULL,NULL,NULL,NULL,NULL,NULL,NULL,NULL,NULL,NULL,NULL,NULL,'2018-01-18 16:32:57.715000','624285','7063305','9',NULL,NULL,'Vsternorrlands ln (S)',NULL,NULL,NULL,NULL,NULL,NULL,NULL,NULL,NULL,NULL,NULL,NULL,'2015',NULL),(49,NULL,NULL,'rnskldsvik (S)',NULL,NULL,NULL,'SWEREF 99',NULL,NULL,'8',NULL,NULL,NULL,NULL,NULL,NULL,NULL,NULL,NULL,NULL,NULL,NULL,NULL,NULL,NULL,NULL,'2018-01-18 16:32:57.859000','624377','7063320','10',NULL,NULL,'Vsternorrlands ln (S)',NULL,NULL,NULL,NULL,NULL,NULL,NULL,NULL,NULL,NULL,NULL,NULL,'2015',NULL),(50,NULL,NULL,'rnskldsvik (S)',NULL,NULL,NULL,'SWEREF 99',NULL,NULL,'10',NULL,NULL,NULL,NULL,NULL,NULL,NULL,NULL,NULL,NULL,NULL,NULL,NULL,NULL,NULL,NULL,'2018-01-18 16:32:57.997000','618842','7044485','10',NULL,NULL,'Vsternorrlands ln (S)',NULL,NULL,NULL,NULL,NULL,NULL,NULL,NULL,NULL,NULL,NULL,NULL,'2015',NULL),(51,NULL,NULL,'Sollefte (S)',NULL,NULL,NULL,'SWEREF 99',NULL,NULL,'27',NULL,NULL,NULL,NULL,NULL,NULL,NULL,NULL,NULL,NULL,NULL,NULL,NULL,NULL,NULL,NULL,'2018-01-18 16:32:58.134000','605328','7042539','9',NULL,NULL,'Vsternorrlands ln (S)',NULL,NULL,NULL,NULL,NULL,NULL,NULL,NULL,NULL,NULL,NULL,NULL,'2015',NULL),(52,NULL,NULL,'Sollefte (S)',NULL,NULL,NULL,'SWEREF 99',NULL,NULL,'13',NULL,NULL,NULL,NULL,NULL,NULL,NULL,NULL,NULL,NULL,NULL,NULL,NULL,NULL,NULL,NULL,'2018-01-18 16:32:58.261000','605267','7031165','10',NULL,NULL,'Vsternorrlands ln (S)',NULL,NULL,NULL,NULL,NULL,NULL,NULL,NULL,NULL,NULL,NULL,NULL,'2015',NULL),(53,NULL,NULL,'Sollefte (S)',NULL,NULL,NULL,'SWEREF 99',NULL,NULL,'7',NULL,NULL,NULL,NULL,NULL,NULL,NULL,NULL,NULL,NULL,NULL,NULL,NULL,NULL,NULL,NULL,'2018-01-18 16:32:58.388000','608993','7036252','10',NULL,NULL,'Vsternorrlands ln (S)',NULL,NULL,NULL,NULL,NULL,NULL,NULL,NULL,NULL,NULL,NULL,NULL,'2015',NULL),(54,NULL,NULL,'Sollefte (S)',NULL,NULL,NULL,'SWEREF 99',NULL,NULL,'16',NULL,NULL,NULL,NULL,NULL,NULL,NULL,NULL,NULL,NULL,NULL,NULL,NULL,NULL,NULL,NULL,'2018-01-18 16:32:58.526000','602644','7035562','10',NULL,NULL,'Vsternorrlands ln (S)',NULL,NULL,NULL,NULL,NULL,NULL,NULL,NULL,NULL,NULL,NULL,NULL,'2015',NULL),(55,NULL,NULL,'Sollefte (S)',NULL,NULL,NULL,'SWEREF 99',NULL,NULL,'14',NULL,NULL,NULL,NULL,NULL,NULL,NULL,NULL,NULL,NULL,NULL,NULL,NULL,NULL,NULL,NULL,'2018-01-18 16:32:58.666000','610991','7044457','10',NULL,NULL,'Vsternorrlands ln (S)',NULL,NULL,NULL,NULL,NULL,NULL,NULL,NULL,NULL,NULL,NULL,NULL,'2015',NULL),(56,NULL,NULL,'Sollefte (S)',NULL,NULL,NULL,'SWEREF 99',NULL,NULL,'6',NULL,NULL,NULL,NULL,NULL,NULL,NULL,NULL,NULL,NULL,NULL,NULL,NULL,NULL,NULL,NULL,'2018-01-18 16:32:58.812000','580416','7074876','10',NULL,NULL,'Vsternorrlands ln (S)',NULL,NULL,NULL,NULL,NULL,NULL,NULL,NULL,NULL,NULL,NULL,NULL,'2015',NULL),(57,NULL,NULL,'Sollefte (S)',NULL,NULL,NULL,'SWEREF 99',NULL,NULL,'16',NULL,NULL,NULL,NULL,NULL,NULL,NULL,NULL,NULL,NULL,NULL,NULL,NULL,NULL,NULL,NULL,'2018-01-18 16:32:58.953000','579726','7071376','9',NULL,NULL,'Vsternorrlands ln (S)',NULL,NULL,NULL,NULL,NULL,NULL,NULL,NULL,NULL,NULL,NULL,NULL,'2015',NULL),(58,NULL,NULL,'rnskldsvik (S)',NULL,NULL,NULL,'SWEREF 99',NULL,NULL,'1',NULL,NULL,NULL,NULL,NULL,NULL,NULL,NULL,NULL,NULL,NULL,NULL,NULL,NULL,NULL,NULL,'2018-01-18 16:32:59.091000','651879','7050444','9',NULL,NULL,'Vsternorrlands ln (S)',NULL,NULL,NULL,NULL,NULL,NULL,NULL,NULL,NULL,NULL,NULL,NULL,'2015',NULL),(59,NULL,NULL,'rnskldsvik (S)',NULL,NULL,NULL,'SWEREF 99',NULL,NULL,'30',NULL,NULL,NULL,NULL,NULL,NULL,NULL,NULL,NULL,NULL,NULL,NULL,NULL,NULL,NULL,NULL,'2018-01-18 16:32:59.222000','658060','7054354','9',NULL,NULL,'Vsternorrlands ln (S)',NULL,NULL,NULL,NULL,NULL,NULL,NULL,NULL,NULL,NULL,NULL,NULL,'2015',NULL),(60,NULL,NULL,'rnskldsvik (S)',NULL,NULL,NULL,'SWEREF 99',NULL,NULL,'5',NULL,NULL,NULL,NULL,NULL,NULL,NULL,NULL,NULL,NULL,NULL,NULL,NULL,NULL,NULL,NULL,'2018-01-18 16:32:59.345000','657964','7060442','10',NULL,NULL,'Vsternorrlands ln (S)',NULL,NULL,NULL,NULL,NULL,NULL,NULL,NULL,NULL,NULL,NULL,NULL,'2015',NULL),(61,NULL,NULL,'rnskldsvik (S)',NULL,NULL,NULL,'SWEREF 99',NULL,NULL,'17',NULL,NULL,NULL,NULL,NULL,NULL,NULL,NULL,NULL,NULL,NULL,NULL,NULL,NULL,NULL,NULL,'2018-01-18 16:32:59.471000','658053','7060725','10',NULL,NULL,'Vsternorrlands ln (S)',NULL,NULL,NULL,NULL,NULL,NULL,NULL,NULL,NULL,NULL,NULL,NULL,'2015',NULL),(62,NULL,NULL,'rnskldsvik (S)',NULL,NULL,NULL,'SWEREF 99',NULL,NULL,'8',NULL,NULL,NULL,NULL,NULL,NULL,NULL,NULL,NULL,NULL,NULL,NULL,NULL,NULL,NULL,NULL,'2018-01-18 16:32:59.600000','675848','7039313','9',NULL,NULL,'Vsternorrlands ln (S)',NULL,NULL,NULL,NULL,NULL,NULL,NULL,NULL,NULL,NULL,NULL,NULL,'2015',NULL),(63,NULL,NULL,'rnskldsvik (S)',NULL,NULL,NULL,'SWEREF 99',NULL,NULL,'23',NULL,NULL,NULL,NULL,NULL,NULL,NULL,NULL,NULL,NULL,NULL,NULL,NULL,NULL,NULL,NULL,'2018-01-18 16:32:59.731000','677123','7042124','10',NULL,NULL,'Vsternorrlands ln (S)',NULL,NULL,NULL,NULL,NULL,NULL,NULL,NULL,NULL,NULL,NULL,NULL,'2015',NULL),(64,NULL,NULL,'rnskldsvik (S)',NULL,NULL,NULL,'SWEREF 99',NULL,NULL,'16',NULL,NULL,NULL,NULL,NULL,NULL,NULL,NULL,NULL,NULL,NULL,NULL,NULL,NULL,NULL,NULL,'2018-01-18 16:32:59.860000','674549','7036571','10',NULL,NULL,'Vsternorrlands ln (S)',NULL,NULL,NULL,NULL,NULL,NULL,NULL,NULL,NULL,NULL,NULL,NULL,'2015',NULL),(65,NULL,NULL,'rnskldsvik (S)',NULL,NULL,NULL,'SWEREF 99',NULL,NULL,'8',NULL,NULL,NULL,NULL,NULL,NULL,NULL,NULL,NULL,NULL,NULL,NULL,NULL,NULL,NULL,NULL,'2018-01-18 16:33:00.002000','667410','7041914','9',NULL,NULL,'Vsternorrlands ln (S)',NULL,NULL,NULL,NULL,NULL,NULL,NULL,NULL,NULL,NULL,NULL,NULL,'2015',NULL),(66,NULL,NULL,'rnskldsvik (S)',NULL,NULL,NULL,'SWEREF 99',NULL,NULL,'23',NULL,NULL,NULL,NULL,NULL,NULL,NULL,NULL,NULL,NULL,NULL,NULL,NULL,NULL,NULL,NULL,'2018-01-18 16:33:00.147000','675103','7040130','9',NULL,NULL,'Vsternorrlands ln (S)',NULL,NULL,NULL,NULL,NULL,NULL,NULL,NULL,NULL,NULL,NULL,NULL,'2015',NULL),(67,NULL,NULL,'Krokom (S)',NULL,NULL,NULL,'SWEREF 99',NULL,NULL,'11',NULL,NULL,NULL,NULL,NULL,NULL,NULL,NULL,NULL,NULL,NULL,NULL,NULL,NULL,NULL,NULL,'2018-01-18 16:33:00.274000','478281','7087203','10',NULL,NULL,'Jmtlands ln (S)',NULL,NULL,NULL,NULL,NULL,NULL,NULL,NULL,NULL,NULL,NULL,NULL,'2015',NULL),(68,NULL,NULL,'Krokom (S)',NULL,NULL,NULL,'SWEREF 99',NULL,NULL,'30',NULL,NULL,NULL,NULL,NULL,NULL,NULL,NULL,NULL,NULL,NULL,NULL,NULL,NULL,NULL,NULL,'2018-01-18 16:33:00.402000','482915','7097473','10',NULL,NULL,'Jmtlands ln (S)',NULL,NULL,NULL,NULL,NULL,NULL,NULL,NULL,NULL,NULL,NULL,NULL,'2015',NULL),(69,NULL,NULL,'Krokom (S)',NULL,NULL,NULL,'SWEREF 99',NULL,NULL,'12',NULL,NULL,NULL,NULL,NULL,NULL,NULL,NULL,NULL,NULL,NULL,NULL,NULL,NULL,NULL,NULL,'2018-01-18 16:33:00.532000','484705','7092906','9',NULL,NULL,'Jmtlands ln (S)',NULL,NULL,NULL,NULL,NULL,NULL,NULL,NULL,NULL,NULL,NULL,NULL,'2015',NULL),(70,NULL,NULL,'Krokom (S)',NULL,NULL,NULL,'SWEREF 99',NULL,NULL,'21',NULL,NULL,NULL,NULL,NULL,NULL,NULL,NULL,NULL,NULL,NULL,NULL,NULL,NULL,NULL,NULL,'2018-01-18 16:33:00.704000','477903','7086778','9',NULL,NULL,'Jmtlands ln (S)',NULL,NULL,NULL,NULL,NULL,NULL,NULL,NULL,NULL,NULL,NULL,NULL,'2015',NULL),(71,NULL,NULL,'Strmsund (S)',NULL,NULL,NULL,'SWEREF 99',NULL,NULL,'10',NULL,NULL,NULL,NULL,NULL,NULL,NULL,NULL,NULL,NULL,NULL,NULL,NULL,NULL,NULL,NULL,'2018-01-18 16:33:00.835000','512032','7125286','9',NULL,NULL,'Jmtlands ln (S)',NULL,NULL,NULL,NULL,NULL,NULL,NULL,NULL,NULL,NULL,NULL,NULL,'2015',NULL),(72,NULL,NULL,'Strmsund (S)',NULL,NULL,NULL,'SWEREF 99',NULL,NULL,'1',NULL,NULL,NULL,NULL,NULL,NULL,NULL,NULL,NULL,NULL,NULL,NULL,NULL,NULL,NULL,NULL,'2018-01-18 16:33:00.968000','511631','7130395','10',NULL,NULL,'Jmtlands ln (S)',NULL,NULL,NULL,NULL,NULL,NULL,NULL,NULL,NULL,NULL,NULL,NULL,'2015',NULL),(73,NULL,NULL,'Strmsund (S)',NULL,NULL,NULL,'SWEREF 99',NULL,NULL,'22',NULL,NULL,NULL,NULL,NULL,NULL,NULL,NULL,NULL,NULL,NULL,NULL,NULL,NULL,NULL,NULL,'2018-01-18 16:33:01.153000','510866','7128176','8',NULL,NULL,'Jmtlands ln (S)',NULL,NULL,NULL,NULL,NULL,NULL,NULL,NULL,NULL,NULL,NULL,NULL,'2015',NULL),(74,NULL,NULL,'Strmsund (S)',NULL,NULL,NULL,'SWEREF 99',NULL,NULL,'23',NULL,NULL,NULL,NULL,NULL,NULL,NULL,NULL,NULL,NULL,NULL,NULL,NULL,NULL,NULL,NULL,'2018-01-18 16:33:01.292000','509378','7127906','8',NULL,NULL,'Jmtlands ln (S)',NULL,NULL,NULL,NULL,NULL,NULL,NULL,NULL,NULL,NULL,NULL,NULL,'2015',NULL),(75,NULL,NULL,'Strmsund (S)',NULL,NULL,NULL,'SWEREF 99',NULL,NULL,'20',NULL,NULL,NULL,NULL,NULL,NULL,NULL,NULL,NULL,NULL,NULL,NULL,NULL,NULL,NULL,NULL,'2018-01-18 16:33:01.426000','540809','7091579','9',NULL,NULL,'Jmtlands ln (S)',NULL,NULL,NULL,NULL,NULL,NULL,NULL,NULL,NULL,NULL,NULL,NULL,'2015',NULL),(76,NULL,NULL,'Strmsund (S)',NULL,NULL,NULL,'SWEREF 99',NULL,NULL,'16',NULL,NULL,NULL,NULL,NULL,NULL,NULL,NULL,NULL,NULL,NULL,NULL,NULL,NULL,NULL,NULL,'2018-01-18 16:33:01.559000','536440','7092867','9',NULL,NULL,'Jmtlands ln (S)',NULL,NULL,NULL,NULL,NULL,NULL,NULL,NULL,NULL,NULL,NULL,NULL,'2015',NULL),(77,NULL,NULL,'Strmsund (S)',NULL,NULL,NULL,'SWEREF 99',NULL,NULL,'26',NULL,NULL,NULL,NULL,NULL,NULL,NULL,NULL,NULL,NULL,NULL,NULL,NULL,NULL,NULL,NULL,'2018-01-18 16:33:01.692000','539167','7092642','9',NULL,NULL,'Jmtlands ln (S)',NULL,NULL,NULL,NULL,NULL,NULL,NULL,NULL,NULL,NULL,NULL,NULL,'2015',NULL),(78,NULL,NULL,'Strmsund (S)',NULL,NULL,NULL,'SWEREF 99',NULL,NULL,'16',NULL,NULL,NULL,NULL,NULL,NULL,NULL,NULL,NULL,NULL,NULL,NULL,NULL,NULL,NULL,NULL,'2018-01-18 16:33:01.826000','541932','7090702','9',NULL,NULL,'Jmtlands ln (S)',NULL,NULL,NULL,NULL,NULL,NULL,NULL,NULL,NULL,NULL,NULL,NULL,'2015',NULL),(79,NULL,NULL,'Strmsund (S)',NULL,NULL,NULL,'SWEREF 99',NULL,NULL,'4',NULL,NULL,NULL,NULL,NULL,NULL,NULL,NULL,NULL,NULL,NULL,NULL,NULL,NULL,NULL,NULL,'2018-01-18 16:33:01.959000','541170','7088468','10',NULL,NULL,'Jmtlands ln (S)',NULL,NULL,NULL,NULL,NULL,NULL,NULL,NULL,NULL,NULL,NULL,NULL,'2015',NULL),(80,NULL,NULL,'Strmsund (S)',NULL,NULL,NULL,'SWEREF 99',NULL,NULL,'12',NULL,NULL,NULL,NULL,NULL,NULL,NULL,NULL,NULL,NULL,NULL,NULL,NULL,NULL,NULL,NULL,'2018-01-18 16:33:02.093000','524376','7108914','10',NULL,NULL,'Jmtlands ln (S)',NULL,NULL,NULL,NULL,NULL,NULL,NULL,NULL,NULL,NULL,NULL,NULL,'2015',NULL),(81,NULL,NULL,'Strmsund (S)',NULL,NULL,NULL,'SWEREF 99',NULL,NULL,'10',NULL,NULL,NULL,NULL,NULL,NULL,NULL,NULL,NULL,NULL,NULL,NULL,NULL,NULL,NULL,NULL,'2018-01-18 16:33:02.230000','518914','7111803','10',NULL,NULL,'Jmtlands ln (S)',NULL,NULL,NULL,NULL,NULL,NULL,NULL,NULL,NULL,NULL,NULL,NULL,'2015',NULL),(82,NULL,NULL,'Strmsund (S)',NULL,NULL,NULL,'SWEREF 99',NULL,NULL,'10',NULL,NULL,NULL,NULL,NULL,NULL,NULL,NULL,NULL,NULL,NULL,NULL,NULL,NULL,NULL,NULL,'2018-01-18 16:33:02.360000','521049','7109877','10',NULL,NULL,'Jmtlands ln (S)',NULL,NULL,NULL,NULL,NULL,NULL,NULL,NULL,NULL,NULL,NULL,NULL,'2015',NULL),(83,NULL,NULL,'Strmsund (S)',NULL,NULL,NULL,'SWEREF 99',NULL,NULL,'31',NULL,NULL,NULL,NULL,NULL,NULL,NULL,NULL,NULL,NULL,NULL,NULL,NULL,NULL,NULL,NULL,'2018-01-18 16:33:02.491000','522892','7110047','8',NULL,NULL,'Jmtlands ln (S)',NULL,NULL,NULL,NULL,NULL,NULL,NULL,NULL,NULL,NULL,NULL,NULL,'2015',NULL),(84,NULL,NULL,'Strmsund (S)',NULL,NULL,NULL,'SWEREF 99',NULL,NULL,'15',NULL,NULL,NULL,NULL,NULL,NULL,NULL,NULL,NULL,NULL,NULL,NULL,NULL,NULL,NULL,NULL,'2018-01-18 16:33:02.621000','529440','7114085','9',NULL,NULL,'Jmtlands ln (S)',NULL,NULL,NULL,NULL,NULL,NULL,NULL,NULL,NULL,NULL,NULL,NULL,'2015',NULL),(85,NULL,NULL,'Strmsund (S)',NULL,NULL,NULL,'SWEREF 99',NULL,NULL,'2',NULL,NULL,NULL,NULL,NULL,NULL,NULL,NULL,NULL,NULL,NULL,NULL,NULL,NULL,NULL,NULL,'2018-01-18 16:33:02.751000','521849','7102278','10',NULL,NULL,'Jmtlands ln (S)',NULL,NULL,NULL,NULL,NULL,NULL,NULL,NULL,NULL,NULL,NULL,NULL,'2015',NULL),(86,NULL,NULL,'Krokom (S)',NULL,NULL,NULL,'SWEREF 99',NULL,NULL,'14',NULL,NULL,NULL,NULL,NULL,NULL,NULL,NULL,NULL,NULL,NULL,NULL,NULL,NULL,NULL,NULL,'2018-01-18 16:33:02.885000','467200','7098834','9',NULL,NULL,'Jmtlands ln (S)',NULL,NULL,NULL,NULL,NULL,NULL,NULL,NULL,NULL,NULL,NULL,NULL,'2015',NULL),(87,NULL,NULL,'Krokom (S)',NULL,NULL,NULL,'SWEREF 99',NULL,NULL,'21',NULL,NULL,NULL,NULL,NULL,NULL,NULL,NULL,NULL,NULL,NULL,NULL,NULL,NULL,NULL,NULL,'2018-01-18 16:33:03.020000','466613','7099406','8',NULL,NULL,'Jmtlands ln (S)',NULL,NULL,NULL,NULL,NULL,NULL,NULL,NULL,NULL,NULL,NULL,NULL,'2015',NULL),(88,NULL,NULL,'Krokom (S)',NULL,NULL,NULL,'SWEREF 99',NULL,NULL,'25',NULL,NULL,NULL,NULL,NULL,NULL,NULL,NULL,NULL,NULL,NULL,NULL,NULL,NULL,NULL,NULL,'2018-01-18 16:33:03.159000','468873','7094089','8',NULL,NULL,'Jmtlands ln (S)',NULL,NULL,NULL,NULL,NULL,NULL,NULL,NULL,NULL,NULL,NULL,NULL,'2015',NULL),(89,NULL,NULL,'Krokom (S)',NULL,NULL,NULL,'SWEREF 99',NULL,NULL,'28',NULL,NULL,NULL,NULL,NULL,NULL,NULL,NULL,NULL,NULL,NULL,NULL,NULL,NULL,NULL,NULL,'2018-01-18 16:33:03.294000','458023','7105349','8',NULL,NULL,'Jmtlands ln (S)',NULL,NULL,NULL,NULL,NULL,NULL,NULL,NULL,NULL,NULL,NULL,NULL,'2015',NULL),(90,NULL,NULL,'re (S)',NULL,NULL,NULL,'SWEREF 99',NULL,NULL,'11',NULL,NULL,NULL,NULL,NULL,NULL,NULL,NULL,NULL,NULL,NULL,NULL,NULL,NULL,NULL,NULL,'2018-01-18 16:33:03.433000','404963','7005621','10',NULL,NULL,'Jmtlands ln (S)',NULL,NULL,NULL,NULL,NULL,NULL,NULL,NULL,NULL,NULL,NULL,NULL,'2015',NULL),(91,NULL,NULL,'re (S)',NULL,NULL,NULL,'SWEREF 99',NULL,NULL,'3',NULL,NULL,NULL,NULL,NULL,NULL,NULL,NULL,NULL,NULL,NULL,NULL,NULL,NULL,NULL,NULL,'2018-01-18 16:33:03.571000','418001','7014010','10',NULL,NULL,'Jmtlands ln (S)',NULL,NULL,NULL,NULL,NULL,NULL,NULL,NULL,NULL,NULL,NULL,NULL,'2015',NULL),(92,NULL,NULL,'re (S)',NULL,NULL,NULL,'SWEREF 99',NULL,NULL,'24',NULL,NULL,NULL,NULL,NULL,NULL,NULL,NULL,NULL,NULL,NULL,NULL,NULL,NULL,NULL,NULL,'2018-01-18 16:33:03.727000','439611','7005141','10',NULL,NULL,'Jmtlands ln (S)',NULL,NULL,NULL,NULL,NULL,NULL,NULL,NULL,NULL,NULL,NULL,NULL,'2015',NULL),(93,NULL,NULL,'re (S)',NULL,NULL,NULL,'SWEREF 99',NULL,NULL,'3',NULL,NULL,NULL,NULL,NULL,NULL,NULL,NULL,NULL,NULL,NULL,NULL,NULL,NULL,NULL,NULL,'2018-01-18 16:33:03.875000','419466','7011563','10',NULL,NULL,'Jmtlands ln (S)',NULL,NULL,NULL,NULL,NULL,NULL,NULL,NULL,NULL,NULL,NULL,NULL,'2015',NULL),(94,NULL,NULL,'re (S)',NULL,NULL,NULL,'SWEREF 99',NULL,NULL,'12',NULL,NULL,NULL,NULL,NULL,NULL,NULL,NULL,NULL,NULL,NULL,NULL,NULL,NULL,NULL,NULL,'2018-01-18 16:33:04.027000','405709','7007573','10',NULL,NULL,'Jmtlands ln (S)',NULL,NULL,NULL,NULL,NULL,NULL,NULL,NULL,NULL,NULL,NULL,NULL,'2015',NULL),(95,NULL,NULL,'Strmsund (S)',NULL,NULL,NULL,'SWEREF 99',NULL,NULL,'7',NULL,NULL,NULL,NULL,NULL,NULL,NULL,NULL,NULL,NULL,NULL,NULL,NULL,NULL,NULL,NULL,'2018-01-18 16:33:04.174000','518537','7137338','10',NULL,NULL,'Jmtlands ln (S)',NULL,NULL,NULL,NULL,NULL,NULL,NULL,NULL,NULL,NULL,NULL,NULL,'2015',NULL),(96,NULL,NULL,'Strmsund (S)',NULL,NULL,NULL,'SWEREF 99',NULL,NULL,'10',NULL,NULL,NULL,NULL,NULL,NULL,NULL,NULL,NULL,NULL,NULL,NULL,NULL,NULL,NULL,NULL,'2018-01-18 16:33:04.326000','522775','7156944','10',NULL,NULL,'Jmtlands ln (S)',NULL,NULL,NULL,NULL,NULL,NULL,NULL,NULL,NULL,NULL,NULL,NULL,'2015',NULL),(97,NULL,NULL,'Strmsund (S)',NULL,NULL,NULL,'SWEREF 99',NULL,NULL,'19',NULL,NULL,NULL,NULL,NULL,NULL,NULL,NULL,NULL,NULL,NULL,NULL,NULL,NULL,NULL,NULL,'2018-01-18 16:33:04.464000','506333','7141254','9',NULL,NULL,'Jmtlands ln (S)',NULL,NULL,NULL,NULL,NULL,NULL,NULL,NULL,NULL,NULL,NULL,NULL,'2015',NULL),(98,NULL,NULL,'Strmsund (S)',NULL,NULL,NULL,'SWEREF 99',NULL,NULL,'9',NULL,NULL,NULL,NULL,NULL,NULL,NULL,NULL,NULL,NULL,NULL,NULL,NULL,NULL,NULL,NULL,'2018-01-18 16:33:04.598000','497564','7138269','9',NULL,NULL,'Jmtlands ln (S)',NULL,NULL,NULL,NULL,NULL,NULL,NULL,NULL,NULL,NULL,NULL,NULL,'2015',NULL),(99,NULL,NULL,'Strmsund (S)',NULL,NULL,NULL,'SWEREF 99',NULL,NULL,'29',NULL,NULL,NULL,NULL,NULL,NULL,NULL,NULL,NULL,NULL,NULL,NULL,NULL,NULL,NULL,NULL,'2018-01-18 16:33:04.779000','515415','7100429','9',NULL,NULL,'Jmtlands ln (S)',NULL,NULL,NULL,NULL,NULL,NULL,NULL,NULL,NULL,NULL,NULL,NULL,'2015',NULL),(100,NULL,NULL,'Strmsund (S)',NULL,NULL,NULL,'SWEREF 99',NULL,NULL,'15',NULL,NULL,NULL,NULL,NULL,NULL,NULL,NULL,NULL,NULL,NULL,NULL,NULL,NULL,NULL,NULL,'2018-01-18 16:33:04.912000','514296','7103086','9',NULL,NULL,'Jmtlands ln (S)',NULL,NULL,NULL,NULL,NULL,NULL,NULL,NULL,NULL,NULL,NULL,NULL,'2015',NULL),(101,NULL,NULL,'Strmsund (S)',NULL,NULL,NULL,'SWEREF 99',NULL,NULL,'27',NULL,NULL,NULL,NULL,NULL,NULL,NULL,NULL,NULL,NULL,NULL,NULL,NULL,NULL,NULL,NULL,'2018-01-18 16:33:05.047000','510258','7119463','10',NULL,NULL,'Jmtlands ln (S)',NULL,NULL,NULL,NULL,NULL,NULL,NULL,NULL,NULL,NULL,NULL,NULL,'2015',NULL),(102,NULL,NULL,'Strmsund (S)',NULL,NULL,NULL,'SWEREF 99',NULL,NULL,'27',NULL,NULL,NULL,NULL,NULL,NULL,NULL,NULL,NULL,NULL,NULL,NULL,NULL,NULL,NULL,NULL,'2018-01-18 16:33:05.180000','508389','7120331','10',NULL,NULL,'Jmtlands ln (S)',NULL,NULL,NULL,NULL,NULL,NULL,NULL,NULL,NULL,NULL,NULL,NULL,'2015',NULL),(103,NULL,NULL,'Strmsund (S)',NULL,NULL,NULL,'SWEREF 99',NULL,NULL,'28',NULL,NULL,NULL,NULL,NULL,NULL,NULL,NULL,NULL,NULL,NULL,NULL,NULL,NULL,NULL,NULL,'2018-01-18 16:33:05.319000','510337','7118514','10',NULL,NULL,'Jmtlands ln (S)',NULL,NULL,NULL,NULL,NULL,NULL,NULL,NULL,NULL,NULL,NULL,NULL,'2015',NULL),(104,NULL,NULL,'Strmsund (S)',NULL,NULL,NULL,'SWEREF 99',NULL,NULL,'12',NULL,NULL,NULL,NULL,NULL,NULL,NULL,NULL,NULL,NULL,NULL,NULL,NULL,NULL,NULL,NULL,'2018-01-18 16:33:05.457000','508276','7112719','9',NULL,NULL,'Jmtlands ln (S)',NULL,NULL,NULL,NULL,NULL,NULL,NULL,NULL,NULL,NULL,NULL,NULL,'2015',NULL),(105,NULL,NULL,'Strmsund (S)',NULL,NULL,NULL,'SWEREF 99',NULL,NULL,'17',NULL,NULL,NULL,NULL,NULL,NULL,NULL,NULL,NULL,NULL,NULL,NULL,NULL,NULL,NULL,NULL,'2018-01-18 16:33:05.593000','509585','7118919','10',NULL,NULL,'Jmtlands ln (S)',NULL,NULL,NULL,NULL,NULL,NULL,NULL,NULL,NULL,NULL,NULL,NULL,'2015',NULL),(106,NULL,NULL,'Strmsund (S)',NULL,NULL,NULL,'SWEREF 99',NULL,NULL,'27',NULL,NULL,NULL,NULL,NULL,NULL,NULL,NULL,NULL,NULL,NULL,NULL,NULL,NULL,NULL,NULL,'2018-01-18 16:33:05.731000','510855','7120597','10',NULL,NULL,'Jmtlands ln (S)',NULL,NULL,NULL,NULL,NULL,NULL,NULL,NULL,NULL,NULL,NULL,NULL,'2015',NULL),(107,NULL,NULL,'Strmsund (S)',NULL,NULL,NULL,'SWEREF 99',NULL,NULL,'27',NULL,NULL,NULL,NULL,NULL,NULL,NULL,NULL,NULL,NULL,NULL,NULL,NULL,NULL,NULL,NULL,'2018-01-18 16:33:05.869000','510828','7118848','10',NULL,NULL,'Jmtlands ln (S)',NULL,NULL,NULL,NULL,NULL,NULL,NULL,NULL,NULL,NULL,NULL,NULL,'2015',NULL),(108,NULL,NULL,'Strmsund (S)',NULL,NULL,NULL,'SWEREF 99',NULL,NULL,'17',NULL,NULL,NULL,NULL,NULL,NULL,NULL,NULL,NULL,NULL,NULL,NULL,NULL,NULL,NULL,NULL,'2018-01-18 16:33:06.008000','511408','7119766','10',NULL,NULL,'Jmtlands ln (S)',NULL,NULL,NULL,NULL,NULL,NULL,NULL,NULL,NULL,NULL,NULL,NULL,'2015',NULL),(109,NULL,NULL,'Strmsund (S)',NULL,NULL,NULL,'SWEREF 99',NULL,NULL,'22',NULL,NULL,NULL,NULL,NULL,NULL,NULL,NULL,NULL,NULL,NULL,NULL,NULL,NULL,NULL,NULL,'2018-01-18 16:33:06.150000','511138','7118375','9',NULL,NULL,'Jmtlands ln (S)',NULL,NULL,NULL,NULL,NULL,NULL,NULL,NULL,NULL,NULL,NULL,NULL,'2015',NULL),(110,NULL,NULL,'Strmsund (S)',NULL,NULL,NULL,'SWEREF 99',NULL,NULL,'31',NULL,NULL,NULL,NULL,NULL,NULL,NULL,NULL,NULL,NULL,NULL,NULL,NULL,NULL,NULL,NULL,'2018-01-18 16:33:06.291000','519849','7055510','8',NULL,NULL,'Jmtlands ln (S)',NULL,NULL,NULL,NULL,NULL,NULL,NULL,NULL,NULL,NULL,NULL,NULL,'2015',NULL);
/*!40000 ALTER TABLE `CollectionInfos` ENABLE KEYS */;
UNLOCK TABLES;

--
-- Table structure for table `CollectionInfos_AUD`
--

DROP TABLE IF EXISTS `CollectionInfos_AUD`;
/*!40101 SET @saved_cs_client     = @@character_set_client */;
/*!40101 SET character_set_client = utf8 */;
CREATE TABLE `CollectionInfos_AUD` (
  `CollectionInfoID` int(11) NOT NULL,
  `REV` int(11) NOT NULL,
  `REVTYPE` tinyint(4) DEFAULT NULL,
  `AirTemperature` varchar(10) DEFAULT NULL,
  `BasinName` varchar(100) DEFAULT NULL,
  `City` varchar(200) DEFAULT NULL,
  `Collector` varchar(200) DEFAULT NULL,
  `CollectorType` varchar(50) DEFAULT NULL,
  `Continent` varchar(50) DEFAULT NULL,
  `CoordinateSystem` varchar(100) DEFAULT NULL,
  `Coordinates` varchar(100) DEFAULT NULL,
  `Country` varchar(50) DEFAULT NULL,
  `Day` varchar(10) DEFAULT NULL,
  `DecimalCoordinateSystem` varchar(100) DEFAULT NULL,
  `DecimalLatitude` varchar(100) DEFAULT NULL,
  `DecimalLongitude` varchar(100) DEFAULT NULL,
  `Depth` varchar(20) DEFAULT NULL,
  `EcoRegions` varchar(100) DEFAULT NULL,
  `Effort` varchar(50) DEFAULT NULL,
  `Elevation` varchar(50) DEFAULT NULL,
  `EndDay` varchar(10) DEFAULT NULL,
  `EndMonth` varchar(10) DEFAULT NULL,
  `EndYear` varchar(10) DEFAULT NULL,
  `EventTime` varchar(50) DEFAULT NULL,
  `FilterSize` varchar(50) DEFAULT NULL,
  `GeoreferencedBy` varchar(50) DEFAULT NULL,
  `GeoreferencedDate` date DEFAULT NULL,
  `GPSSource` varchar(50) DEFAULT NULL,
  `Habitat` varchar(50) DEFAULT NULL,
  `Latitude` varchar(100) DEFAULT NULL,
  `Longitude` varchar(100) DEFAULT NULL,
  `Month` varchar(10) DEFAULT NULL,
  `Notes` longtext,
  `Preparations` varchar(100) DEFAULT NULL,
  `Province` varchar(50) DEFAULT NULL,
  `RainFall` varchar(50) DEFAULT NULL,
  `RainVolumeCollected` varchar(50) DEFAULT NULL,
  `Region` varchar(50) DEFAULT NULL,
  `RiverStreamName` varchar(100) DEFAULT NULL,
  `SampleSource` varchar(100) DEFAULT NULL,
  `SamplerCollectionDate` date DEFAULT NULL,
  `SamplerInstallationDate` date DEFAULT NULL,
  `Sector` varchar(50) DEFAULT NULL,
  `Site` varchar(200) DEFAULT NULL,
  `SiteCodes` varchar(50) DEFAULT NULL,
  `StreamOrder` int(11) DEFAULT NULL,
  `Week` varchar(50) DEFAULT NULL,
  `Year` varchar(10) DEFAULT NULL,
  `ProtocolID` int(11) DEFAULT NULL,
  PRIMARY KEY (`CollectionInfoID`,`REV`),
  KEY `FK_1xm6fatpxmudxlvx20wg8n5h5` (`REV`),
  CONSTRAINT `FK_1xm6fatpxmudxlvx20wg8n5h5` FOREIGN KEY (`REV`) REFERENCES `Revision` (`id`)
) ENGINE=InnoDB DEFAULT CHARSET=latin1;
/*!40101 SET character_set_client = @saved_cs_client */;

--
-- Dumping data for table `CollectionInfos_AUD`
--

LOCK TABLES `CollectionInfos_AUD` WRITE;
/*!40000 ALTER TABLE `CollectionInfos_AUD` DISABLE KEYS */;
INSERT INTO `CollectionInfos_AUD` VALUES (15,6,0,NULL,NULL,'Strmsund (S)',NULL,NULL,NULL,'SWEREF 99',NULL,NULL,'23',NULL,NULL,NULL,NULL,NULL,NULL,NULL,NULL,NULL,NULL,NULL,NULL,NULL,NULL,NULL,NULL,'473722','7144350','9',NULL,NULL,'Jmtlands ln (S)',NULL,NULL,NULL,NULL,NULL,NULL,NULL,NULL,NULL,NULL,NULL,NULL,'2015',NULL),(16,6,0,NULL,NULL,'Strmsund (S)',NULL,NULL,NULL,'SWEREF 99',NULL,NULL,'21',NULL,NULL,NULL,NULL,NULL,NULL,NULL,NULL,NULL,NULL,NULL,NULL,NULL,NULL,NULL,NULL,'476246','7142943','8',NULL,NULL,'Jmtlands ln (S)',NULL,NULL,NULL,NULL,NULL,NULL,NULL,NULL,NULL,NULL,NULL,NULL,'2015',NULL),(17,6,0,NULL,NULL,'Strmsund (S)',NULL,NULL,NULL,'SWEREF 99',NULL,NULL,'10',NULL,NULL,NULL,NULL,NULL,NULL,NULL,NULL,NULL,NULL,NULL,NULL,NULL,NULL,NULL,NULL,'478044','7146154','10',NULL,NULL,'Jmtlands ln (S)',NULL,NULL,NULL,NULL,NULL,NULL,NULL,NULL,NULL,NULL,NULL,NULL,'2015',NULL),(18,6,0,NULL,NULL,'Strmsund (S)',NULL,NULL,NULL,'SWEREF 99',NULL,NULL,'10',NULL,NULL,NULL,NULL,NULL,NULL,NULL,NULL,NULL,NULL,NULL,NULL,NULL,NULL,NULL,NULL,'477002','7141056','10',NULL,NULL,'Jmtlands ln (S)',NULL,NULL,NULL,NULL,NULL,NULL,NULL,NULL,NULL,NULL,NULL,NULL,'2015',NULL),(19,6,0,NULL,NULL,'re (S)',NULL,NULL,NULL,'SWEREF 99',NULL,NULL,'7',NULL,NULL,NULL,NULL,NULL,NULL,NULL,NULL,NULL,NULL,NULL,NULL,NULL,NULL,NULL,NULL,'400959','7092077','10',NULL,NULL,'Jmtlands ln (S)',NULL,NULL,NULL,NULL,NULL,NULL,NULL,NULL,NULL,NULL,NULL,NULL,'2015',NULL),(20,6,0,NULL,NULL,'re (S)',NULL,NULL,NULL,'SWEREF 99',NULL,NULL,'9',NULL,NULL,NULL,NULL,NULL,NULL,NULL,NULL,NULL,NULL,NULL,NULL,NULL,NULL,NULL,NULL,'404603','7082947','10',NULL,NULL,'Jmtlands ln (S)',NULL,NULL,NULL,NULL,NULL,NULL,NULL,NULL,NULL,NULL,NULL,NULL,'2015',NULL),(21,6,0,NULL,NULL,'Sollefte (S)',NULL,NULL,NULL,'SWEREF 99',NULL,NULL,'22',NULL,NULL,NULL,NULL,NULL,NULL,NULL,NULL,NULL,NULL,NULL,NULL,NULL,NULL,NULL,NULL,'585381','7092178','9',NULL,NULL,'Vsternorrlands ln (S)',NULL,NULL,NULL,NULL,NULL,NULL,NULL,NULL,NULL,NULL,NULL,NULL,'2015',NULL),(22,6,0,NULL,NULL,'Sollefte (S)',NULL,NULL,NULL,'SWEREF 99',NULL,NULL,'11',NULL,NULL,NULL,NULL,NULL,NULL,NULL,NULL,NULL,NULL,NULL,NULL,NULL,NULL,NULL,NULL,'588859','7093924','10',NULL,NULL,'Vsternorrlands ln (S)',NULL,NULL,NULL,NULL,NULL,NULL,NULL,NULL,NULL,NULL,NULL,NULL,'2015',NULL),(23,6,0,NULL,NULL,'Sollefte (S)',NULL,NULL,NULL,'SWEREF 99',NULL,NULL,'6',NULL,NULL,NULL,NULL,NULL,NULL,NULL,NULL,NULL,NULL,NULL,NULL,NULL,NULL,NULL,NULL,'586091','7095017','9',NULL,NULL,'Vsternorrlands ln (S)',NULL,NULL,NULL,NULL,NULL,NULL,NULL,NULL,NULL,NULL,NULL,NULL,'2015',NULL),(24,6,0,NULL,NULL,'Sollefte (S)',NULL,NULL,NULL,'SWEREF 99',NULL,NULL,'26',NULL,NULL,NULL,NULL,NULL,NULL,NULL,NULL,NULL,NULL,NULL,NULL,NULL,NULL,NULL,NULL,'586972','7092053','9',NULL,NULL,'Vsternorrlands ln (S)',NULL,NULL,NULL,NULL,NULL,NULL,NULL,NULL,NULL,NULL,NULL,NULL,'2015',NULL),(25,6,0,NULL,NULL,'Sollefte (S)',NULL,NULL,NULL,'SWEREF 99',NULL,NULL,'22',NULL,NULL,NULL,NULL,NULL,NULL,NULL,NULL,NULL,NULL,NULL,NULL,NULL,NULL,NULL,NULL,'587044','7091986','9',NULL,NULL,'Vsternorrlands ln (S)',NULL,NULL,NULL,NULL,NULL,NULL,NULL,NULL,NULL,NULL,NULL,NULL,'2015',NULL),(26,6,0,NULL,NULL,'Sollefte (S)',NULL,NULL,NULL,'SWEREF 99',NULL,NULL,'4',NULL,NULL,NULL,NULL,NULL,NULL,NULL,NULL,NULL,NULL,NULL,NULL,NULL,NULL,NULL,NULL,'587392','7094399','10',NULL,NULL,'Vsternorrlands ln (S)',NULL,NULL,NULL,NULL,NULL,NULL,NULL,NULL,NULL,NULL,NULL,NULL,'2015',NULL),(27,6,0,NULL,NULL,'Sollefte (S)',NULL,NULL,NULL,'SWEREF 99',NULL,NULL,'17',NULL,NULL,NULL,NULL,NULL,NULL,NULL,NULL,NULL,NULL,NULL,NULL,NULL,NULL,NULL,NULL,'588731','7092264','10',NULL,NULL,'Vsternorrlands ln (S)',NULL,NULL,NULL,NULL,NULL,NULL,NULL,NULL,NULL,NULL,NULL,NULL,'2015',NULL),(28,6,0,NULL,NULL,'Sollefte (S)',NULL,NULL,NULL,'SWEREF 99',NULL,NULL,'22',NULL,NULL,NULL,NULL,NULL,NULL,NULL,NULL,NULL,NULL,NULL,NULL,NULL,NULL,NULL,NULL,'587426','7094457','9',NULL,NULL,'Vsternorrlands ln (S)',NULL,NULL,NULL,NULL,NULL,NULL,NULL,NULL,NULL,NULL,NULL,NULL,'2015',NULL),(29,6,0,NULL,NULL,'Strmsund (S)',NULL,NULL,NULL,'SWEREF 99',NULL,NULL,'5',NULL,NULL,NULL,NULL,NULL,NULL,NULL,NULL,NULL,NULL,NULL,NULL,NULL,NULL,NULL,NULL,'562236','7087916','10',NULL,NULL,'Jmtlands ln (S)',NULL,NULL,NULL,NULL,NULL,NULL,NULL,NULL,NULL,NULL,NULL,NULL,'2015',NULL),(30,6,0,NULL,NULL,'Sollefte (S)',NULL,NULL,NULL,'SWEREF 99',NULL,NULL,'12',NULL,NULL,NULL,NULL,NULL,NULL,NULL,NULL,NULL,NULL,NULL,NULL,NULL,NULL,NULL,NULL,'587447','7091968','9',NULL,NULL,'Vsternorrlands ln (S)',NULL,NULL,NULL,NULL,NULL,NULL,NULL,NULL,NULL,NULL,NULL,NULL,'2015',NULL),(31,6,0,NULL,NULL,'Sollefte (S)',NULL,NULL,NULL,'SWEREF 99',NULL,NULL,'26',NULL,NULL,NULL,NULL,NULL,NULL,NULL,NULL,NULL,NULL,NULL,NULL,NULL,NULL,NULL,NULL,'587286','7093393','9',NULL,NULL,'Vsternorrlands ln (S)',NULL,NULL,NULL,NULL,NULL,NULL,NULL,NULL,NULL,NULL,NULL,NULL,'2015',NULL),(32,6,0,NULL,NULL,'Hrjedalen (S)',NULL,NULL,NULL,'SWEREF 99',NULL,NULL,'18',NULL,NULL,NULL,NULL,NULL,NULL,NULL,NULL,NULL,NULL,NULL,NULL,NULL,NULL,NULL,NULL,'458726','6838283','10',NULL,NULL,'Jmtlands ln (S)',NULL,NULL,NULL,NULL,NULL,NULL,NULL,NULL,NULL,NULL,NULL,NULL,'2015',NULL),(33,6,0,NULL,NULL,'Hrjedalen (S)',NULL,NULL,NULL,'SWEREF 99',NULL,NULL,'8',NULL,NULL,NULL,NULL,NULL,NULL,NULL,NULL,NULL,NULL,NULL,NULL,NULL,NULL,NULL,NULL,'461113','6847342','10',NULL,NULL,'Jmtlands ln (S)',NULL,NULL,NULL,NULL,NULL,NULL,NULL,NULL,NULL,NULL,NULL,NULL,'2015',NULL),(34,6,0,NULL,NULL,'Hrjedalen (S)',NULL,NULL,NULL,'SWEREF 99',NULL,NULL,'29',NULL,NULL,NULL,NULL,NULL,NULL,NULL,NULL,NULL,NULL,NULL,NULL,NULL,NULL,NULL,NULL,'441594','6863156','10',NULL,NULL,'Jmtlands ln (S)',NULL,NULL,NULL,NULL,NULL,NULL,NULL,NULL,NULL,NULL,NULL,NULL,'2015',NULL),(35,6,0,NULL,NULL,'Hrjedalen (S)',NULL,NULL,NULL,'SWEREF 99',NULL,NULL,'27',NULL,NULL,NULL,NULL,NULL,NULL,NULL,NULL,NULL,NULL,NULL,NULL,NULL,NULL,NULL,NULL,'450306','6885723','8',NULL,NULL,'Jmtlands ln (S)',NULL,NULL,NULL,NULL,NULL,NULL,NULL,NULL,NULL,NULL,NULL,NULL,'2015',NULL),(36,6,0,NULL,NULL,'Hrjedalen (S)',NULL,NULL,NULL,'SWEREF 99',NULL,NULL,'23',NULL,NULL,NULL,NULL,NULL,NULL,NULL,NULL,NULL,NULL,NULL,NULL,NULL,NULL,NULL,NULL,'450306','6885723','8',NULL,NULL,'Jmtlands ln (S)',NULL,NULL,NULL,NULL,NULL,NULL,NULL,NULL,NULL,NULL,NULL,NULL,'2015',NULL),(37,6,0,NULL,NULL,'Hrjedalen (S)',NULL,NULL,NULL,'SWEREF 99',NULL,NULL,'10',NULL,NULL,NULL,NULL,NULL,NULL,NULL,NULL,NULL,NULL,NULL,NULL,NULL,NULL,NULL,NULL,'438687','6860729','9',NULL,NULL,'Jmtlands ln (S)',NULL,NULL,NULL,NULL,NULL,NULL,NULL,NULL,NULL,NULL,NULL,NULL,'2015',NULL),(38,6,0,NULL,NULL,'Sollefte (S)',NULL,NULL,NULL,'SWEREF 99',NULL,NULL,'23',NULL,NULL,NULL,NULL,NULL,NULL,NULL,NULL,NULL,NULL,NULL,NULL,NULL,NULL,NULL,NULL,'569426','7039454','10',NULL,NULL,'Vsternorrlands ln (S)',NULL,NULL,NULL,NULL,NULL,NULL,NULL,NULL,NULL,NULL,NULL,NULL,'2015',NULL),(39,6,0,NULL,NULL,'Sollefte (S)',NULL,NULL,NULL,'SWEREF 99',NULL,NULL,'15',NULL,NULL,NULL,NULL,NULL,NULL,NULL,NULL,NULL,NULL,NULL,NULL,NULL,NULL,NULL,NULL,'563295','7041886','10',NULL,NULL,'Vsternorrlands ln (S)',NULL,NULL,NULL,NULL,NULL,NULL,NULL,NULL,NULL,NULL,NULL,NULL,'2015',NULL),(40,6,0,NULL,NULL,'rnskldsvik (S)',NULL,NULL,NULL,'SWEREF 99',NULL,NULL,'1',NULL,NULL,NULL,NULL,NULL,NULL,NULL,NULL,NULL,NULL,NULL,NULL,NULL,NULL,NULL,NULL,'644338','7026055','9',NULL,NULL,'Vsternorrlands ln (S)',NULL,NULL,NULL,NULL,NULL,NULL,NULL,NULL,NULL,NULL,NULL,NULL,'2015',NULL),(41,6,0,NULL,NULL,'rnskldsvik (S)',NULL,NULL,NULL,'SWEREF 99',NULL,NULL,'12',NULL,NULL,NULL,NULL,NULL,NULL,NULL,NULL,NULL,NULL,NULL,NULL,NULL,NULL,NULL,NULL,'627418','7056813','9',NULL,NULL,'Vsternorrlands ln (S)',NULL,NULL,NULL,NULL,NULL,NULL,NULL,NULL,NULL,NULL,NULL,NULL,'2015',NULL),(42,6,0,NULL,NULL,'rnskldsvik (S)',NULL,NULL,NULL,'SWEREF 99',NULL,NULL,'14',NULL,NULL,NULL,NULL,NULL,NULL,NULL,NULL,NULL,NULL,NULL,NULL,NULL,NULL,NULL,NULL,'628290','7070128','9',NULL,NULL,'Vsternorrlands ln (S)',NULL,NULL,NULL,NULL,NULL,NULL,NULL,NULL,NULL,NULL,NULL,NULL,'2015',NULL),(43,6,0,NULL,NULL,'rnskldsvik (S)',NULL,NULL,NULL,'SWEREF 99',NULL,NULL,'11',NULL,NULL,NULL,NULL,NULL,NULL,NULL,NULL,NULL,NULL,NULL,NULL,NULL,NULL,NULL,NULL,'620688','7044544','10',NULL,NULL,'Vsternorrlands ln (S)',NULL,NULL,NULL,NULL,NULL,NULL,NULL,NULL,NULL,NULL,NULL,NULL,'2015',NULL),(44,6,0,NULL,NULL,'Sollefte (S)',NULL,NULL,NULL,'SWEREF 99',NULL,NULL,'14',NULL,NULL,NULL,NULL,NULL,NULL,NULL,NULL,NULL,NULL,NULL,NULL,NULL,NULL,NULL,NULL,'604490','7077604','10',NULL,NULL,'Vsternorrlands ln (S)',NULL,NULL,NULL,NULL,NULL,NULL,NULL,NULL,NULL,NULL,NULL,NULL,'2015',NULL),(45,6,0,NULL,NULL,'rnskldsvik (S)',NULL,NULL,NULL,'SWEREF 99',NULL,NULL,'10',NULL,NULL,NULL,NULL,NULL,NULL,NULL,NULL,NULL,NULL,NULL,NULL,NULL,NULL,NULL,NULL,'617972','7052984','10',NULL,NULL,'Vsternorrlands ln (S)',NULL,NULL,NULL,NULL,NULL,NULL,NULL,NULL,NULL,NULL,NULL,NULL,'2015',NULL),(46,6,0,NULL,NULL,'rnskldsvik (S)',NULL,NULL,NULL,'SWEREF 99',NULL,NULL,'11',NULL,NULL,NULL,NULL,NULL,NULL,NULL,NULL,NULL,NULL,NULL,NULL,NULL,NULL,NULL,NULL,'627875','7058296','9',NULL,NULL,'Vsternorrlands ln (S)',NULL,NULL,NULL,NULL,NULL,NULL,NULL,NULL,NULL,NULL,NULL,NULL,'2015',NULL),(47,6,0,NULL,NULL,'rnskldsvik (S)',NULL,NULL,NULL,'SWEREF 99',NULL,NULL,'5',NULL,NULL,NULL,NULL,NULL,NULL,NULL,NULL,NULL,NULL,NULL,NULL,NULL,NULL,NULL,NULL,'626141','7059589','9',NULL,NULL,'Vsternorrlands ln (S)',NULL,NULL,NULL,NULL,NULL,NULL,NULL,NULL,NULL,NULL,NULL,NULL,'2015',NULL),(48,6,0,NULL,NULL,'rnskldsvik (S)',NULL,NULL,NULL,'SWEREF 99',NULL,NULL,'8',NULL,NULL,NULL,NULL,NULL,NULL,NULL,NULL,NULL,NULL,NULL,NULL,NULL,NULL,NULL,NULL,'624285','7063305','9',NULL,NULL,'Vsternorrlands ln (S)',NULL,NULL,NULL,NULL,NULL,NULL,NULL,NULL,NULL,NULL,NULL,NULL,'2015',NULL),(49,6,0,NULL,NULL,'rnskldsvik (S)',NULL,NULL,NULL,'SWEREF 99',NULL,NULL,'8',NULL,NULL,NULL,NULL,NULL,NULL,NULL,NULL,NULL,NULL,NULL,NULL,NULL,NULL,NULL,NULL,'624377','7063320','10',NULL,NULL,'Vsternorrlands ln (S)',NULL,NULL,NULL,NULL,NULL,NULL,NULL,NULL,NULL,NULL,NULL,NULL,'2015',NULL),(50,6,0,NULL,NULL,'rnskldsvik (S)',NULL,NULL,NULL,'SWEREF 99',NULL,NULL,'10',NULL,NULL,NULL,NULL,NULL,NULL,NULL,NULL,NULL,NULL,NULL,NULL,NULL,NULL,NULL,NULL,'618842','7044485','10',NULL,NULL,'Vsternorrlands ln (S)',NULL,NULL,NULL,NULL,NULL,NULL,NULL,NULL,NULL,NULL,NULL,NULL,'2015',NULL),(51,6,0,NULL,NULL,'Sollefte (S)',NULL,NULL,NULL,'SWEREF 99',NULL,NULL,'27',NULL,NULL,NULL,NULL,NULL,NULL,NULL,NULL,NULL,NULL,NULL,NULL,NULL,NULL,NULL,NULL,'605328','7042539','9',NULL,NULL,'Vsternorrlands ln (S)',NULL,NULL,NULL,NULL,NULL,NULL,NULL,NULL,NULL,NULL,NULL,NULL,'2015',NULL),(52,6,0,NULL,NULL,'Sollefte (S)',NULL,NULL,NULL,'SWEREF 99',NULL,NULL,'13',NULL,NULL,NULL,NULL,NULL,NULL,NULL,NULL,NULL,NULL,NULL,NULL,NULL,NULL,NULL,NULL,'605267','7031165','10',NULL,NULL,'Vsternorrlands ln (S)',NULL,NULL,NULL,NULL,NULL,NULL,NULL,NULL,NULL,NULL,NULL,NULL,'2015',NULL),(53,6,0,NULL,NULL,'Sollefte (S)',NULL,NULL,NULL,'SWEREF 99',NULL,NULL,'7',NULL,NULL,NULL,NULL,NULL,NULL,NULL,NULL,NULL,NULL,NULL,NULL,NULL,NULL,NULL,NULL,'608993','7036252','10',NULL,NULL,'Vsternorrlands ln (S)',NULL,NULL,NULL,NULL,NULL,NULL,NULL,NULL,NULL,NULL,NULL,NULL,'2015',NULL),(54,6,0,NULL,NULL,'Sollefte (S)',NULL,NULL,NULL,'SWEREF 99',NULL,NULL,'16',NULL,NULL,NULL,NULL,NULL,NULL,NULL,NULL,NULL,NULL,NULL,NULL,NULL,NULL,NULL,NULL,'602644','7035562','10',NULL,NULL,'Vsternorrlands ln (S)',NULL,NULL,NULL,NULL,NULL,NULL,NULL,NULL,NULL,NULL,NULL,NULL,'2015',NULL),(55,6,0,NULL,NULL,'Sollefte (S)',NULL,NULL,NULL,'SWEREF 99',NULL,NULL,'14',NULL,NULL,NULL,NULL,NULL,NULL,NULL,NULL,NULL,NULL,NULL,NULL,NULL,NULL,NULL,NULL,'610991','7044457','10',NULL,NULL,'Vsternorrlands ln (S)',NULL,NULL,NULL,NULL,NULL,NULL,NULL,NULL,NULL,NULL,NULL,NULL,'2015',NULL),(56,6,0,NULL,NULL,'Sollefte (S)',NULL,NULL,NULL,'SWEREF 99',NULL,NULL,'6',NULL,NULL,NULL,NULL,NULL,NULL,NULL,NULL,NULL,NULL,NULL,NULL,NULL,NULL,NULL,NULL,'580416','7074876','10',NULL,NULL,'Vsternorrlands ln (S)',NULL,NULL,NULL,NULL,NULL,NULL,NULL,NULL,NULL,NULL,NULL,NULL,'2015',NULL),(57,6,0,NULL,NULL,'Sollefte (S)',NULL,NULL,NULL,'SWEREF 99',NULL,NULL,'16',NULL,NULL,NULL,NULL,NULL,NULL,NULL,NULL,NULL,NULL,NULL,NULL,NULL,NULL,NULL,NULL,'579726','7071376','9',NULL,NULL,'Vsternorrlands ln (S)',NULL,NULL,NULL,NULL,NULL,NULL,NULL,NULL,NULL,NULL,NULL,NULL,'2015',NULL),(58,6,0,NULL,NULL,'rnskldsvik (S)',NULL,NULL,NULL,'SWEREF 99',NULL,NULL,'1',NULL,NULL,NULL,NULL,NULL,NULL,NULL,NULL,NULL,NULL,NULL,NULL,NULL,NULL,NULL,NULL,'651879','7050444','9',NULL,NULL,'Vsternorrlands ln (S)',NULL,NULL,NULL,NULL,NULL,NULL,NULL,NULL,NULL,NULL,NULL,NULL,'2015',NULL),(59,6,0,NULL,NULL,'rnskldsvik (S)',NULL,NULL,NULL,'SWEREF 99',NULL,NULL,'30',NULL,NULL,NULL,NULL,NULL,NULL,NULL,NULL,NULL,NULL,NULL,NULL,NULL,NULL,NULL,NULL,'658060','7054354','9',NULL,NULL,'Vsternorrlands ln (S)',NULL,NULL,NULL,NULL,NULL,NULL,NULL,NULL,NULL,NULL,NULL,NULL,'2015',NULL),(60,6,0,NULL,NULL,'rnskldsvik (S)',NULL,NULL,NULL,'SWEREF 99',NULL,NULL,'5',NULL,NULL,NULL,NULL,NULL,NULL,NULL,NULL,NULL,NULL,NULL,NULL,NULL,NULL,NULL,NULL,'657964','7060442','10',NULL,NULL,'Vsternorrlands ln (S)',NULL,NULL,NULL,NULL,NULL,NULL,NULL,NULL,NULL,NULL,NULL,NULL,'2015',NULL),(61,6,0,NULL,NULL,'rnskldsvik (S)',NULL,NULL,NULL,'SWEREF 99',NULL,NULL,'17',NULL,NULL,NULL,NULL,NULL,NULL,NULL,NULL,NULL,NULL,NULL,NULL,NULL,NULL,NULL,NULL,'658053','7060725','10',NULL,NULL,'Vsternorrlands ln (S)',NULL,NULL,NULL,NULL,NULL,NULL,NULL,NULL,NULL,NULL,NULL,NULL,'2015',NULL),(62,6,0,NULL,NULL,'rnskldsvik (S)',NULL,NULL,NULL,'SWEREF 99',NULL,NULL,'8',NULL,NULL,NULL,NULL,NULL,NULL,NULL,NULL,NULL,NULL,NULL,NULL,NULL,NULL,NULL,NULL,'675848','7039313','9',NULL,NULL,'Vsternorrlands ln (S)',NULL,NULL,NULL,NULL,NULL,NULL,NULL,NULL,NULL,NULL,NULL,NULL,'2015',NULL),(63,6,0,NULL,NULL,'rnskldsvik (S)',NULL,NULL,NULL,'SWEREF 99',NULL,NULL,'23',NULL,NULL,NULL,NULL,NULL,NULL,NULL,NULL,NULL,NULL,NULL,NULL,NULL,NULL,NULL,NULL,'677123','7042124','10',NULL,NULL,'Vsternorrlands ln (S)',NULL,NULL,NULL,NULL,NULL,NULL,NULL,NULL,NULL,NULL,NULL,NULL,'2015',NULL),(64,6,0,NULL,NULL,'rnskldsvik (S)',NULL,NULL,NULL,'SWEREF 99',NULL,NULL,'16',NULL,NULL,NULL,NULL,NULL,NULL,NULL,NULL,NULL,NULL,NULL,NULL,NULL,NULL,NULL,NULL,'674549','7036571','10',NULL,NULL,'Vsternorrlands ln (S)',NULL,NULL,NULL,NULL,NULL,NULL,NULL,NULL,NULL,NULL,NULL,NULL,'2015',NULL),(65,6,0,NULL,NULL,'rnskldsvik (S)',NULL,NULL,NULL,'SWEREF 99',NULL,NULL,'8',NULL,NULL,NULL,NULL,NULL,NULL,NULL,NULL,NULL,NULL,NULL,NULL,NULL,NULL,NULL,NULL,'667410','7041914','9',NULL,NULL,'Vsternorrlands ln (S)',NULL,NULL,NULL,NULL,NULL,NULL,NULL,NULL,NULL,NULL,NULL,NULL,'2015',NULL),(66,6,0,NULL,NULL,'rnskldsvik (S)',NULL,NULL,NULL,'SWEREF 99',NULL,NULL,'23',NULL,NULL,NULL,NULL,NULL,NULL,NULL,NULL,NULL,NULL,NULL,NULL,NULL,NULL,NULL,NULL,'675103','7040130','9',NULL,NULL,'Vsternorrlands ln (S)',NULL,NULL,NULL,NULL,NULL,NULL,NULL,NULL,NULL,NULL,NULL,NULL,'2015',NULL),(67,6,0,NULL,NULL,'Krokom (S)',NULL,NULL,NULL,'SWEREF 99',NULL,NULL,'11',NULL,NULL,NULL,NULL,NULL,NULL,NULL,NULL,NULL,NULL,NULL,NULL,NULL,NULL,NULL,NULL,'478281','7087203','10',NULL,NULL,'Jmtlands ln (S)',NULL,NULL,NULL,NULL,NULL,NULL,NULL,NULL,NULL,NULL,NULL,NULL,'2015',NULL),(68,6,0,NULL,NULL,'Krokom (S)',NULL,NULL,NULL,'SWEREF 99',NULL,NULL,'30',NULL,NULL,NULL,NULL,NULL,NULL,NULL,NULL,NULL,NULL,NULL,NULL,NULL,NULL,NULL,NULL,'482915','7097473','10',NULL,NULL,'Jmtlands ln (S)',NULL,NULL,NULL,NULL,NULL,NULL,NULL,NULL,NULL,NULL,NULL,NULL,'2015',NULL),(69,6,0,NULL,NULL,'Krokom (S)',NULL,NULL,NULL,'SWEREF 99',NULL,NULL,'12',NULL,NULL,NULL,NULL,NULL,NULL,NULL,NULL,NULL,NULL,NULL,NULL,NULL,NULL,NULL,NULL,'484705','7092906','9',NULL,NULL,'Jmtlands ln (S)',NULL,NULL,NULL,NULL,NULL,NULL,NULL,NULL,NULL,NULL,NULL,NULL,'2015',NULL),(70,6,0,NULL,NULL,'Krokom (S)',NULL,NULL,NULL,'SWEREF 99',NULL,NULL,'21',NULL,NULL,NULL,NULL,NULL,NULL,NULL,NULL,NULL,NULL,NULL,NULL,NULL,NULL,NULL,NULL,'477903','7086778','9',NULL,NULL,'Jmtlands ln (S)',NULL,NULL,NULL,NULL,NULL,NULL,NULL,NULL,NULL,NULL,NULL,NULL,'2015',NULL),(71,6,0,NULL,NULL,'Strmsund (S)',NULL,NULL,NULL,'SWEREF 99',NULL,NULL,'10',NULL,NULL,NULL,NULL,NULL,NULL,NULL,NULL,NULL,NULL,NULL,NULL,NULL,NULL,NULL,NULL,'512032','7125286','9',NULL,NULL,'Jmtlands ln (S)',NULL,NULL,NULL,NULL,NULL,NULL,NULL,NULL,NULL,NULL,NULL,NULL,'2015',NULL),(72,6,0,NULL,NULL,'Strmsund (S)',NULL,NULL,NULL,'SWEREF 99',NULL,NULL,'1',NULL,NULL,NULL,NULL,NULL,NULL,NULL,NULL,NULL,NULL,NULL,NULL,NULL,NULL,NULL,NULL,'511631','7130395','10',NULL,NULL,'Jmtlands ln (S)',NULL,NULL,NULL,NULL,NULL,NULL,NULL,NULL,NULL,NULL,NULL,NULL,'2015',NULL),(73,6,0,NULL,NULL,'Strmsund (S)',NULL,NULL,NULL,'SWEREF 99',NULL,NULL,'22',NULL,NULL,NULL,NULL,NULL,NULL,NULL,NULL,NULL,NULL,NULL,NULL,NULL,NULL,NULL,NULL,'510866','7128176','8',NULL,NULL,'Jmtlands ln (S)',NULL,NULL,NULL,NULL,NULL,NULL,NULL,NULL,NULL,NULL,NULL,NULL,'2015',NULL),(74,6,0,NULL,NULL,'Strmsund (S)',NULL,NULL,NULL,'SWEREF 99',NULL,NULL,'23',NULL,NULL,NULL,NULL,NULL,NULL,NULL,NULL,NULL,NULL,NULL,NULL,NULL,NULL,NULL,NULL,'509378','7127906','8',NULL,NULL,'Jmtlands ln (S)',NULL,NULL,NULL,NULL,NULL,NULL,NULL,NULL,NULL,NULL,NULL,NULL,'2015',NULL),(75,6,0,NULL,NULL,'Strmsund (S)',NULL,NULL,NULL,'SWEREF 99',NULL,NULL,'20',NULL,NULL,NULL,NULL,NULL,NULL,NULL,NULL,NULL,NULL,NULL,NULL,NULL,NULL,NULL,NULL,'540809','7091579','9',NULL,NULL,'Jmtlands ln (S)',NULL,NULL,NULL,NULL,NULL,NULL,NULL,NULL,NULL,NULL,NULL,NULL,'2015',NULL),(76,6,0,NULL,NULL,'Strmsund (S)',NULL,NULL,NULL,'SWEREF 99',NULL,NULL,'16',NULL,NULL,NULL,NULL,NULL,NULL,NULL,NULL,NULL,NULL,NULL,NULL,NULL,NULL,NULL,NULL,'536440','7092867','9',NULL,NULL,'Jmtlands ln (S)',NULL,NULL,NULL,NULL,NULL,NULL,NULL,NULL,NULL,NULL,NULL,NULL,'2015',NULL),(77,6,0,NULL,NULL,'Strmsund (S)',NULL,NULL,NULL,'SWEREF 99',NULL,NULL,'26',NULL,NULL,NULL,NULL,NULL,NULL,NULL,NULL,NULL,NULL,NULL,NULL,NULL,NULL,NULL,NULL,'539167','7092642','9',NULL,NULL,'Jmtlands ln (S)',NULL,NULL,NULL,NULL,NULL,NULL,NULL,NULL,NULL,NULL,NULL,NULL,'2015',NULL),(78,6,0,NULL,NULL,'Strmsund (S)',NULL,NULL,NULL,'SWEREF 99',NULL,NULL,'16',NULL,NULL,NULL,NULL,NULL,NULL,NULL,NULL,NULL,NULL,NULL,NULL,NULL,NULL,NULL,NULL,'541932','7090702','9',NULL,NULL,'Jmtlands ln (S)',NULL,NULL,NULL,NULL,NULL,NULL,NULL,NULL,NULL,NULL,NULL,NULL,'2015',NULL),(79,6,0,NULL,NULL,'Strmsund (S)',NULL,NULL,NULL,'SWEREF 99',NULL,NULL,'4',NULL,NULL,NULL,NULL,NULL,NULL,NULL,NULL,NULL,NULL,NULL,NULL,NULL,NULL,NULL,NULL,'541170','7088468','10',NULL,NULL,'Jmtlands ln (S)',NULL,NULL,NULL,NULL,NULL,NULL,NULL,NULL,NULL,NULL,NULL,NULL,'2015',NULL),(80,6,0,NULL,NULL,'Strmsund (S)',NULL,NULL,NULL,'SWEREF 99',NULL,NULL,'12',NULL,NULL,NULL,NULL,NULL,NULL,NULL,NULL,NULL,NULL,NULL,NULL,NULL,NULL,NULL,NULL,'524376','7108914','10',NULL,NULL,'Jmtlands ln (S)',NULL,NULL,NULL,NULL,NULL,NULL,NULL,NULL,NULL,NULL,NULL,NULL,'2015',NULL),(81,6,0,NULL,NULL,'Strmsund (S)',NULL,NULL,NULL,'SWEREF 99',NULL,NULL,'10',NULL,NULL,NULL,NULL,NULL,NULL,NULL,NULL,NULL,NULL,NULL,NULL,NULL,NULL,NULL,NULL,'518914','7111803','10',NULL,NULL,'Jmtlands ln (S)',NULL,NULL,NULL,NULL,NULL,NULL,NULL,NULL,NULL,NULL,NULL,NULL,'2015',NULL),(82,6,0,NULL,NULL,'Strmsund (S)',NULL,NULL,NULL,'SWEREF 99',NULL,NULL,'10',NULL,NULL,NULL,NULL,NULL,NULL,NULL,NULL,NULL,NULL,NULL,NULL,NULL,NULL,NULL,NULL,'521049','7109877','10',NULL,NULL,'Jmtlands ln (S)',NULL,NULL,NULL,NULL,NULL,NULL,NULL,NULL,NULL,NULL,NULL,NULL,'2015',NULL),(83,6,0,NULL,NULL,'Strmsund (S)',NULL,NULL,NULL,'SWEREF 99',NULL,NULL,'31',NULL,NULL,NULL,NULL,NULL,NULL,NULL,NULL,NULL,NULL,NULL,NULL,NULL,NULL,NULL,NULL,'522892','7110047','8',NULL,NULL,'Jmtlands ln (S)',NULL,NULL,NULL,NULL,NULL,NULL,NULL,NULL,NULL,NULL,NULL,NULL,'2015',NULL),(84,6,0,NULL,NULL,'Strmsund (S)',NULL,NULL,NULL,'SWEREF 99',NULL,NULL,'15',NULL,NULL,NULL,NULL,NULL,NULL,NULL,NULL,NULL,NULL,NULL,NULL,NULL,NULL,NULL,NULL,'529440','7114085','9',NULL,NULL,'Jmtlands ln (S)',NULL,NULL,NULL,NULL,NULL,NULL,NULL,NULL,NULL,NULL,NULL,NULL,'2015',NULL),(85,6,0,NULL,NULL,'Strmsund (S)',NULL,NULL,NULL,'SWEREF 99',NULL,NULL,'2',NULL,NULL,NULL,NULL,NULL,NULL,NULL,NULL,NULL,NULL,NULL,NULL,NULL,NULL,NULL,NULL,'521849','7102278','10',NULL,NULL,'Jmtlands ln (S)',NULL,NULL,NULL,NULL,NULL,NULL,NULL,NULL,NULL,NULL,NULL,NULL,'2015',NULL),(86,6,0,NULL,NULL,'Krokom (S)',NULL,NULL,NULL,'SWEREF 99',NULL,NULL,'14',NULL,NULL,NULL,NULL,NULL,NULL,NULL,NULL,NULL,NULL,NULL,NULL,NULL,NULL,NULL,NULL,'467200','7098834','9',NULL,NULL,'Jmtlands ln (S)',NULL,NULL,NULL,NULL,NULL,NULL,NULL,NULL,NULL,NULL,NULL,NULL,'2015',NULL),(87,6,0,NULL,NULL,'Krokom (S)',NULL,NULL,NULL,'SWEREF 99',NULL,NULL,'21',NULL,NULL,NULL,NULL,NULL,NULL,NULL,NULL,NULL,NULL,NULL,NULL,NULL,NULL,NULL,NULL,'466613','7099406','8',NULL,NULL,'Jmtlands ln (S)',NULL,NULL,NULL,NULL,NULL,NULL,NULL,NULL,NULL,NULL,NULL,NULL,'2015',NULL),(88,6,0,NULL,NULL,'Krokom (S)',NULL,NULL,NULL,'SWEREF 99',NULL,NULL,'25',NULL,NULL,NULL,NULL,NULL,NULL,NULL,NULL,NULL,NULL,NULL,NULL,NULL,NULL,NULL,NULL,'468873','7094089','8',NULL,NULL,'Jmtlands ln (S)',NULL,NULL,NULL,NULL,NULL,NULL,NULL,NULL,NULL,NULL,NULL,NULL,'2015',NULL),(89,6,0,NULL,NULL,'Krokom (S)',NULL,NULL,NULL,'SWEREF 99',NULL,NULL,'28',NULL,NULL,NULL,NULL,NULL,NULL,NULL,NULL,NULL,NULL,NULL,NULL,NULL,NULL,NULL,NULL,'458023','7105349','8',NULL,NULL,'Jmtlands ln (S)',NULL,NULL,NULL,NULL,NULL,NULL,NULL,NULL,NULL,NULL,NULL,NULL,'2015',NULL),(90,6,0,NULL,NULL,'re (S)',NULL,NULL,NULL,'SWEREF 99',NULL,NULL,'11',NULL,NULL,NULL,NULL,NULL,NULL,NULL,NULL,NULL,NULL,NULL,NULL,NULL,NULL,NULL,NULL,'404963','7005621','10',NULL,NULL,'Jmtlands ln (S)',NULL,NULL,NULL,NULL,NULL,NULL,NULL,NULL,NULL,NULL,NULL,NULL,'2015',NULL),(91,6,0,NULL,NULL,'re (S)',NULL,NULL,NULL,'SWEREF 99',NULL,NULL,'3',NULL,NULL,NULL,NULL,NULL,NULL,NULL,NULL,NULL,NULL,NULL,NULL,NULL,NULL,NULL,NULL,'418001','7014010','10',NULL,NULL,'Jmtlands ln (S)',NULL,NULL,NULL,NULL,NULL,NULL,NULL,NULL,NULL,NULL,NULL,NULL,'2015',NULL),(92,6,0,NULL,NULL,'re (S)',NULL,NULL,NULL,'SWEREF 99',NULL,NULL,'24',NULL,NULL,NULL,NULL,NULL,NULL,NULL,NULL,NULL,NULL,NULL,NULL,NULL,NULL,NULL,NULL,'439611','7005141','10',NULL,NULL,'Jmtlands ln (S)',NULL,NULL,NULL,NULL,NULL,NULL,NULL,NULL,NULL,NULL,NULL,NULL,'2015',NULL),(93,6,0,NULL,NULL,'re (S)',NULL,NULL,NULL,'SWEREF 99',NULL,NULL,'3',NULL,NULL,NULL,NULL,NULL,NULL,NULL,NULL,NULL,NULL,NULL,NULL,NULL,NULL,NULL,NULL,'419466','7011563','10',NULL,NULL,'Jmtlands ln (S)',NULL,NULL,NULL,NULL,NULL,NULL,NULL,NULL,NULL,NULL,NULL,NULL,'2015',NULL),(94,6,0,NULL,NULL,'re (S)',NULL,NULL,NULL,'SWEREF 99',NULL,NULL,'12',NULL,NULL,NULL,NULL,NULL,NULL,NULL,NULL,NULL,NULL,NULL,NULL,NULL,NULL,NULL,NULL,'405709','7007573','10',NULL,NULL,'Jmtlands ln (S)',NULL,NULL,NULL,NULL,NULL,NULL,NULL,NULL,NULL,NULL,NULL,NULL,'2015',NULL),(95,6,0,NULL,NULL,'Strmsund (S)',NULL,NULL,NULL,'SWEREF 99',NULL,NULL,'7',NULL,NULL,NULL,NULL,NULL,NULL,NULL,NULL,NULL,NULL,NULL,NULL,NULL,NULL,NULL,NULL,'518537','7137338','10',NULL,NULL,'Jmtlands ln (S)',NULL,NULL,NULL,NULL,NULL,NULL,NULL,NULL,NULL,NULL,NULL,NULL,'2015',NULL),(96,6,0,NULL,NULL,'Strmsund (S)',NULL,NULL,NULL,'SWEREF 99',NULL,NULL,'10',NULL,NULL,NULL,NULL,NULL,NULL,NULL,NULL,NULL,NULL,NULL,NULL,NULL,NULL,NULL,NULL,'522775','7156944','10',NULL,NULL,'Jmtlands ln (S)',NULL,NULL,NULL,NULL,NULL,NULL,NULL,NULL,NULL,NULL,NULL,NULL,'2015',NULL),(97,6,0,NULL,NULL,'Strmsund (S)',NULL,NULL,NULL,'SWEREF 99',NULL,NULL,'19',NULL,NULL,NULL,NULL,NULL,NULL,NULL,NULL,NULL,NULL,NULL,NULL,NULL,NULL,NULL,NULL,'506333','7141254','9',NULL,NULL,'Jmtlands ln (S)',NULL,NULL,NULL,NULL,NULL,NULL,NULL,NULL,NULL,NULL,NULL,NULL,'2015',NULL),(98,6,0,NULL,NULL,'Strmsund (S)',NULL,NULL,NULL,'SWEREF 99',NULL,NULL,'9',NULL,NULL,NULL,NULL,NULL,NULL,NULL,NULL,NULL,NULL,NULL,NULL,NULL,NULL,NULL,NULL,'497564','7138269','9',NULL,NULL,'Jmtlands ln (S)',NULL,NULL,NULL,NULL,NULL,NULL,NULL,NULL,NULL,NULL,NULL,NULL,'2015',NULL),(99,6,0,NULL,NULL,'Strmsund (S)',NULL,NULL,NULL,'SWEREF 99',NULL,NULL,'29',NULL,NULL,NULL,NULL,NULL,NULL,NULL,NULL,NULL,NULL,NULL,NULL,NULL,NULL,NULL,NULL,'515415','7100429','9',NULL,NULL,'Jmtlands ln (S)',NULL,NULL,NULL,NULL,NULL,NULL,NULL,NULL,NULL,NULL,NULL,NULL,'2015',NULL),(100,6,0,NULL,NULL,'Strmsund (S)',NULL,NULL,NULL,'SWEREF 99',NULL,NULL,'15',NULL,NULL,NULL,NULL,NULL,NULL,NULL,NULL,NULL,NULL,NULL,NULL,NULL,NULL,NULL,NULL,'514296','7103086','9',NULL,NULL,'Jmtlands ln (S)',NULL,NULL,NULL,NULL,NULL,NULL,NULL,NULL,NULL,NULL,NULL,NULL,'2015',NULL),(101,6,0,NULL,NULL,'Strmsund (S)',NULL,NULL,NULL,'SWEREF 99',NULL,NULL,'27',NULL,NULL,NULL,NULL,NULL,NULL,NULL,NULL,NULL,NULL,NULL,NULL,NULL,NULL,NULL,NULL,'510258','7119463','10',NULL,NULL,'Jmtlands ln (S)',NULL,NULL,NULL,NULL,NULL,NULL,NULL,NULL,NULL,NULL,NULL,NULL,'2015',NULL),(102,6,0,NULL,NULL,'Strmsund (S)',NULL,NULL,NULL,'SWEREF 99',NULL,NULL,'27',NULL,NULL,NULL,NULL,NULL,NULL,NULL,NULL,NULL,NULL,NULL,NULL,NULL,NULL,NULL,NULL,'508389','7120331','10',NULL,NULL,'Jmtlands ln (S)',NULL,NULL,NULL,NULL,NULL,NULL,NULL,NULL,NULL,NULL,NULL,NULL,'2015',NULL),(103,6,0,NULL,NULL,'Strmsund (S)',NULL,NULL,NULL,'SWEREF 99',NULL,NULL,'28',NULL,NULL,NULL,NULL,NULL,NULL,NULL,NULL,NULL,NULL,NULL,NULL,NULL,NULL,NULL,NULL,'510337','7118514','10',NULL,NULL,'Jmtlands ln (S)',NULL,NULL,NULL,NULL,NULL,NULL,NULL,NULL,NULL,NULL,NULL,NULL,'2015',NULL),(104,6,0,NULL,NULL,'Strmsund (S)',NULL,NULL,NULL,'SWEREF 99',NULL,NULL,'12',NULL,NULL,NULL,NULL,NULL,NULL,NULL,NULL,NULL,NULL,NULL,NULL,NULL,NULL,NULL,NULL,'508276','7112719','9',NULL,NULL,'Jmtlands ln (S)',NULL,NULL,NULL,NULL,NULL,NULL,NULL,NULL,NULL,NULL,NULL,NULL,'2015',NULL),(105,6,0,NULL,NULL,'Strmsund (S)',NULL,NULL,NULL,'SWEREF 99',NULL,NULL,'17',NULL,NULL,NULL,NULL,NULL,NULL,NULL,NULL,NULL,NULL,NULL,NULL,NULL,NULL,NULL,NULL,'509585','7118919','10',NULL,NULL,'Jmtlands ln (S)',NULL,NULL,NULL,NULL,NULL,NULL,NULL,NULL,NULL,NULL,NULL,NULL,'2015',NULL),(106,6,0,NULL,NULL,'Strmsund (S)',NULL,NULL,NULL,'SWEREF 99',NULL,NULL,'27',NULL,NULL,NULL,NULL,NULL,NULL,NULL,NULL,NULL,NULL,NULL,NULL,NULL,NULL,NULL,NULL,'510855','7120597','10',NULL,NULL,'Jmtlands ln (S)',NULL,NULL,NULL,NULL,NULL,NULL,NULL,NULL,NULL,NULL,NULL,NULL,'2015',NULL),(107,6,0,NULL,NULL,'Strmsund (S)',NULL,NULL,NULL,'SWEREF 99',NULL,NULL,'27',NULL,NULL,NULL,NULL,NULL,NULL,NULL,NULL,NULL,NULL,NULL,NULL,NULL,NULL,NULL,NULL,'510828','7118848','10',NULL,NULL,'Jmtlands ln (S)',NULL,NULL,NULL,NULL,NULL,NULL,NULL,NULL,NULL,NULL,NULL,NULL,'2015',NULL),(108,6,0,NULL,NULL,'Strmsund (S)',NULL,NULL,NULL,'SWEREF 99',NULL,NULL,'17',NULL,NULL,NULL,NULL,NULL,NULL,NULL,NULL,NULL,NULL,NULL,NULL,NULL,NULL,NULL,NULL,'511408','7119766','10',NULL,NULL,'Jmtlands ln (S)',NULL,NULL,NULL,NULL,NULL,NULL,NULL,NULL,NULL,NULL,NULL,NULL,'2015',NULL),(109,6,0,NULL,NULL,'Strmsund (S)',NULL,NULL,NULL,'SWEREF 99',NULL,NULL,'22',NULL,NULL,NULL,NULL,NULL,NULL,NULL,NULL,NULL,NULL,NULL,NULL,NULL,NULL,NULL,NULL,'511138','7118375','9',NULL,NULL,'Jmtlands ln (S)',NULL,NULL,NULL,NULL,NULL,NULL,NULL,NULL,NULL,NULL,NULL,NULL,'2015',NULL),(110,6,0,NULL,NULL,'Strmsund (S)',NULL,NULL,NULL,'SWEREF 99',NULL,NULL,'31',NULL,NULL,NULL,NULL,NULL,NULL,NULL,NULL,NULL,NULL,NULL,NULL,NULL,NULL,NULL,NULL,'519849','7055510','8',NULL,NULL,'Jmtlands ln (S)',NULL,NULL,NULL,NULL,NULL,NULL,NULL,NULL,NULL,NULL,NULL,NULL,'2015',NULL);
/*!40000 ALTER TABLE `CollectionInfos_AUD` ENABLE KEYS */;
UNLOCK TABLES;

--
-- Table structure for table `ContainerTypes`
--

DROP TABLE IF EXISTS `ContainerTypes`;
/*!40101 SET @saved_cs_client     = @@character_set_client */;
/*!40101 SET character_set_client = utf8 */;
CREATE TABLE `ContainerTypes` (
  `ContainerTypeID` int(11) NOT NULL AUTO_INCREMENT,
  `BaseType` varchar(50) NOT NULL,
  `LastModified` datetime(6) DEFAULT NULL,
  `Name` varchar(50) NOT NULL,
  `NumberOfColumns` int(11) NOT NULL,
  `NumberOfRows` int(11) NOT NULL,
  `NumberOfWells` int(11) NOT NULL,
  `GroupID` int(11) DEFAULT NULL,
  PRIMARY KEY (`ContainerTypeID`),
  UNIQUE KEY `UK_ij5h5jfwxkt0ppev6h0ra5cqo` (`Name`,`GroupID`),
  KEY `FK_jhw6u82ksauethycw3p0nuadr` (`GroupID`),
  CONSTRAINT `FK_jhw6u82ksauethycw3p0nuadr` FOREIGN KEY (`GroupID`) REFERENCES `Groups` (`GroupID`)
) ENGINE=InnoDB AUTO_INCREMENT=4 DEFAULT CHARSET=latin1;
/*!40101 SET character_set_client = @saved_cs_client */;

--
-- Dumping data for table `ContainerTypes`
--

LOCK TABLES `ContainerTypes` WRITE;
/*!40000 ALTER TABLE `ContainerTypes` DISABLE KEYS */;
INSERT INTO `ContainerTypes` VALUES (1,'Plate','2013-03-19 00:00:00.000000','96 Well 12x8 Plate',12,8,96,1),(2,'Test Tube Rack','2013-03-19 00:00:00.000000','25 Cell 5x5 Test Tube Rack',5,5,25,3),(3,'Primer Box','2013-03-19 00:00:00.000000','15x50 Primer Box',15,50,750,3);
/*!40000 ALTER TABLE `ContainerTypes` ENABLE KEYS */;
UNLOCK TABLES;

--
-- Table structure for table `Containers`
--

DROP TABLE IF EXISTS `Containers`;
/*!40101 SET @saved_cs_client     = @@character_set_client */;
/*!40101 SET character_set_client = utf8 */;
CREATE TABLE `Containers` (
  `ContainerID` int(11) NOT NULL AUTO_INCREMENT,
  `ContainerNumber` varchar(50) NOT NULL,
  `FillByRow` bit(1) NOT NULL,
  `LastModified` datetime(6) DEFAULT NULL,
  `ContainerTypeID` int(11) NOT NULL,
  `GroupID` int(11) DEFAULT NULL,
  `StorageID` int(11) DEFAULT NULL,
  `UnitSectionID` int(11) DEFAULT NULL,
  PRIMARY KEY (`ContainerID`),
  UNIQUE KEY `UK_rllpdna6qkanrondp46qn6a41` (`ContainerNumber`,`StorageID`,`GroupID`),
  KEY `FK_sii753dw6tfwj8lc4iokho2q` (`ContainerTypeID`),
  KEY `FK_8b01ws3lovo12oxco33193f2n` (`GroupID`),
  KEY `FK_qrjwbqax7ro6uos8jllr4noyi` (`StorageID`),
  KEY `FK_4hmy3nk8ec60v0ahr5fpr7vny` (`UnitSectionID`),
  CONSTRAINT `FK_4hmy3nk8ec60v0ahr5fpr7vny` FOREIGN KEY (`UnitSectionID`) REFERENCES `UnitSections` (`UnitSectionID`),
  CONSTRAINT `FK_8b01ws3lovo12oxco33193f2n` FOREIGN KEY (`GroupID`) REFERENCES `Groups` (`GroupID`),
  CONSTRAINT `FK_qrjwbqax7ro6uos8jllr4noyi` FOREIGN KEY (`StorageID`) REFERENCES `Storages` (`StorageID`),
  CONSTRAINT `FK_sii753dw6tfwj8lc4iokho2q` FOREIGN KEY (`ContainerTypeID`) REFERENCES `ContainerTypes` (`ContainerTypeID`)
) ENGINE=InnoDB AUTO_INCREMENT=10 DEFAULT CHARSET=latin1;
/*!40101 SET character_set_client = @saved_cs_client */;

--
-- Dumping data for table `Containers`
--

LOCK TABLES `Containers` WRITE;
/*!40000 ALTER TABLE `Containers` DISABLE KEYS */;
INSERT INTO `Containers` VALUES (1,'1','','2013-03-19 00:00:00.000000',1,1,1,1),(2,'2','','2013-03-19 00:00:00.000000',1,1,1,2),(3,'3','','2013-03-19 00:00:00.000000',2,1,1,3),(4,'4','','2013-03-19 00:00:00.000000',2,3,1,4),(5,'5','','2013-03-19 00:00:00.000000',1,3,2,5),(6,'6','','2013-03-19 00:00:00.000000',3,3,2,5),(7,'Test Barcoding Container','','2013-03-19 00:00:00.000000',1,1,1,1),(8,'3000142742','','2018-01-18 16:31:30.658000',1,1,NULL,NULL),(9,'3000142999','','2018-01-19 13:28:36.371000',1,1,NULL,NULL);
/*!40000 ALTER TABLE `Containers` ENABLE KEYS */;
UNLOCK TABLES;

--
-- Table structure for table `Countries`
--

DROP TABLE IF EXISTS `Countries`;
/*!40101 SET @saved_cs_client     = @@character_set_client */;
/*!40101 SET character_set_client = utf8 */;
CREATE TABLE `Countries` (
  `CountryId` int(11) NOT NULL AUTO_INCREMENT,
  `Abbrev` varchar(100) DEFAULT NULL,
  `LastModified` datetime(6) DEFAULT NULL,
  `Name` varchar(512) NOT NULL,
  `Note` varchar(512) DEFAULT NULL,
  PRIMARY KEY (`CountryId`)
) ENGINE=InnoDB AUTO_INCREMENT=2 DEFAULT CHARSET=latin1;
/*!40101 SET character_set_client = @saved_cs_client */;

--
-- Dumping data for table `Countries`
--

LOCK TABLES `Countries` WRITE;
/*!40000 ALTER TABLE `Countries` DISABLE KEYS */;
INSERT INTO `Countries` VALUES (1,'SW','2013-03-19 00:00:00.000000','Somewhere','');
/*!40000 ALTER TABLE `Countries` ENABLE KEYS */;
UNLOCK TABLES;

--
-- Table structure for table `Datasets`
--

DROP TABLE IF EXISTS `Datasets`;
/*!40101 SET @saved_cs_client     = @@character_set_client */;
/*!40101 SET character_set_client = utf8 */;
CREATE TABLE `Datasets` (
  `DatasetID` int(11) NOT NULL AUTO_INCREMENT,
  `DatasetType` varchar(20) NOT NULL,
  `Description` longtext,
  `Directory` varchar(255) DEFAULT NULL,
  `Filename` varchar(50) DEFAULT NULL,
  `FilterProgramFile` varchar(255) DEFAULT NULL,
  `LastModified` datetime(6) DEFAULT NULL,
  `Name` varchar(50) NOT NULL,
  `Query` varchar(255) DEFAULT NULL,
  `URL` varchar(255) DEFAULT NULL,
  PRIMARY KEY (`DatasetID`),
  UNIQUE KEY `UK_nemceqssvsiayn95cwo2n4l3k` (`Name`)
) ENGINE=InnoDB AUTO_INCREMENT=3 DEFAULT CHARSET=latin1;
/*!40101 SET character_set_client = @saved_cs_client */;

--
-- Dumping data for table `Datasets`
--

LOCK TABLES `Datasets` WRITE;
/*!40000 ALTER TABLE `Datasets` DISABLE KEYS */;
INSERT INTO `Datasets` VALUES (1,'Nucleotide','','','','','2007-04-03 00:00:00.000000','Some dataset','',''),(2,'Nucleotide','','','','','2007-04-03 00:00:00.000000','Some other dataset','','');
/*!40000 ALTER TABLE `Datasets` ENABLE KEYS */;
UNLOCK TABLES;

--
-- Table structure for table `EmailAddrs`
--

DROP TABLE IF EXISTS `EmailAddrs`;
/*!40101 SET @saved_cs_client     = @@character_set_client */;
/*!40101 SET character_set_client = utf8 */;
CREATE TABLE `EmailAddrs` (
  `EmailID` int(11) NOT NULL AUTO_INCREMENT,
  `EmailAddr` varchar(60) NOT NULL,
  `EmailType` varchar(20) NOT NULL,
  `LastModified` datetime(6) DEFAULT NULL,
  `PrimaryEmail` bit(1) NOT NULL,
  `PeopleID` int(11) DEFAULT NULL,
  PRIMARY KEY (`EmailID`),
  KEY `FK_lwuk6hh8xifok37n2yry6owi2` (`PeopleID`),
  CONSTRAINT `FK_lwuk6hh8xifok37n2yry6owi2` FOREIGN KEY (`PeopleID`) REFERENCES `People` (`PeopleID`)
) ENGINE=InnoDB DEFAULT CHARSET=latin1;
/*!40101 SET character_set_client = @saved_cs_client */;

--
-- Dumping data for table `EmailAddrs`
--

LOCK TABLES `EmailAddrs` WRITE;
/*!40000 ALTER TABLE `EmailAddrs` DISABLE KEYS */;
/*!40000 ALTER TABLE `EmailAddrs` ENABLE KEYS */;
UNLOCK TABLES;

--
-- Table structure for table `Events`
--

DROP TABLE IF EXISTS `Events`;
/*!40101 SET @saved_cs_client     = @@character_set_client */;
/*!40101 SET character_set_client = utf8 */;
CREATE TABLE `Events` (
  `EventID` int(11) NOT NULL AUTO_INCREMENT,
  `argument` varchar(255) DEFAULT NULL,
  `Entity` varchar(255) NOT NULL,
  `Filter` varchar(255) DEFAULT NULL,
  `Operation` varchar(255) NOT NULL,
  `TaskID` int(11) NOT NULL,
  PRIMARY KEY (`EventID`),
  KEY `FK_r6bjqv7jmvqu5j2kbf017wvwv` (`TaskID`),
  CONSTRAINT `FK_r6bjqv7jmvqu5j2kbf017wvwv` FOREIGN KEY (`TaskID`) REFERENCES `Tasks` (`TaskID`)
) ENGINE=InnoDB DEFAULT CHARSET=latin1;
/*!40101 SET character_set_client = @saved_cs_client */;

--
-- Dumping data for table `Events`
--

LOCK TABLES `Events` WRITE;
/*!40000 ALTER TABLE `Events` DISABLE KEYS */;
/*!40000 ALTER TABLE `Events` ENABLE KEYS */;
UNLOCK TABLES;

--
-- Table structure for table `FeatureLocations`
--

DROP TABLE IF EXISTS `FeatureLocations`;
/*!40101 SET @saved_cs_client     = @@character_set_client */;
/*!40101 SET character_set_client = utf8 */;
CREATE TABLE `FeatureLocations` (
  `FeatureLocationID` int(11) NOT NULL AUTO_INCREMENT,
  `End` int(11) NOT NULL,
  `FeatureSequence` longtext,
  `Frame` int(11) NOT NULL,
  `LastModified` datetime(6) DEFAULT NULL,
  `Start` int(11) NOT NULL,
  `Strand` int(11) NOT NULL,
  `FeatureID` int(11) DEFAULT NULL,
  PRIMARY KEY (`FeatureLocationID`),
  KEY `FK_thvqsq3ko7r52yfedudeab4vr` (`FeatureID`),
  CONSTRAINT `FK_thvqsq3ko7r52yfedudeab4vr` FOREIGN KEY (`FeatureID`) REFERENCES `Features` (`FeatureID`)
) ENGINE=InnoDB AUTO_INCREMENT=68 DEFAULT CHARSET=latin1;
/*!40101 SET character_set_client = @saved_cs_client */;

--
-- Dumping data for table `FeatureLocations`
--

LOCK TABLES `FeatureLocations` WRITE;
/*!40000 ALTER TABLE `FeatureLocations` DISABLE KEYS */;
INSERT INTO `FeatureLocations` VALUES (67,5,'GA',1,'2013-03-19 00:00:00.000000',3,1,10);
/*!40000 ALTER TABLE `FeatureLocations` ENABLE KEYS */;
UNLOCK TABLES;

--
-- Table structure for table `FeatureLocations_AUD`
--

DROP TABLE IF EXISTS `FeatureLocations_AUD`;
/*!40101 SET @saved_cs_client     = @@character_set_client */;
/*!40101 SET character_set_client = utf8 */;
CREATE TABLE `FeatureLocations_AUD` (
  `FeatureLocationID` int(11) NOT NULL,
  `REV` int(11) NOT NULL,
  `REVTYPE` tinyint(4) DEFAULT NULL,
  `End` int(11) DEFAULT NULL,
  `FeatureSequence` longtext,
  `Frame` int(11) DEFAULT NULL,
  `Start` int(11) DEFAULT NULL,
  `Strand` int(11) DEFAULT NULL,
  `FeatureID` int(11) DEFAULT NULL,
  PRIMARY KEY (`FeatureLocationID`,`REV`),
  KEY `FK_p9o0sc50cparbgwdhviasv27e` (`REV`),
  CONSTRAINT `FK_p9o0sc50cparbgwdhviasv27e` FOREIGN KEY (`REV`) REFERENCES `Revision` (`id`)
) ENGINE=InnoDB DEFAULT CHARSET=latin1;
/*!40101 SET character_set_client = @saved_cs_client */;

--
-- Dumping data for table `FeatureLocations_AUD`
--

LOCK TABLES `FeatureLocations_AUD` WRITE;
/*!40000 ALTER TABLE `FeatureLocations_AUD` DISABLE KEYS */;
/*!40000 ALTER TABLE `FeatureLocations_AUD` ENABLE KEYS */;
UNLOCK TABLES;

--
-- Table structure for table `Features`
--

DROP TABLE IF EXISTS `Features`;
/*!40101 SET @saved_cs_client     = @@character_set_client */;
/*!40101 SET character_set_client = utf8 */;
CREATE TABLE `Features` (
  `FeatureID` int(11) NOT NULL AUTO_INCREMENT,
  `DateCreated` datetime NOT NULL,
  `Description` longtext,
  `FeatureDefault` bit(1) NOT NULL,
  `LastModified` datetime(6) DEFAULT NULL,
  `Name` varchar(255) NOT NULL,
  `Link2FeatureID` int(11) DEFAULT NULL,
  `RegionID` int(11) DEFAULT NULL,
  `SequenceID` int(11) DEFAULT NULL,
  PRIMARY KEY (`FeatureID`),
  KEY `FK_b4jkqt4yxxuuwre2sum1lys12` (`Link2FeatureID`),
  KEY `FK_qps6ai7tcwe35281n22f5qgac` (`RegionID`),
  KEY `FK_c4u5jdc3fu4776plhw40lwqh9` (`SequenceID`),
  CONSTRAINT `FK_b4jkqt4yxxuuwre2sum1lys12` FOREIGN KEY (`Link2FeatureID`) REFERENCES `Features` (`FeatureID`),
  CONSTRAINT `FK_c4u5jdc3fu4776plhw40lwqh9` FOREIGN KEY (`SequenceID`) REFERENCES `Sequences` (`SequenceID`),
  CONSTRAINT `FK_qps6ai7tcwe35281n22f5qgac` FOREIGN KEY (`RegionID`) REFERENCES `Regions` (`TagID`)
) ENGINE=InnoDB AUTO_INCREMENT=11 DEFAULT CHARSET=latin1;
/*!40101 SET character_set_client = @saved_cs_client */;

--
-- Dumping data for table `Features`
--

LOCK TABLES `Features` WRITE;
/*!40000 ALTER TABLE `Features` DISABLE KEYS */;
INSERT INTO `Features` VALUES (10,'2007-04-03 00:00:00','Test Feature of type Test Feature Type','\0','2013-03-19 00:00:00.000000','Test Feature',NULL,2,1);
/*!40000 ALTER TABLE `Features` ENABLE KEYS */;
UNLOCK TABLES;

--
-- Table structure for table `Features_AUD`
--

DROP TABLE IF EXISTS `Features_AUD`;
/*!40101 SET @saved_cs_client     = @@character_set_client */;
/*!40101 SET character_set_client = utf8 */;
CREATE TABLE `Features_AUD` (
  `FeatureID` int(11) NOT NULL,
  `REV` int(11) NOT NULL,
  `REVTYPE` tinyint(4) DEFAULT NULL,
  `DateCreated` datetime DEFAULT NULL,
  `Description` longtext,
  `FeatureDefault` bit(1) DEFAULT NULL,
  `Name` varchar(255) DEFAULT NULL,
  `Link2FeatureID` int(11) DEFAULT NULL,
  `RegionID` int(11) DEFAULT NULL,
  `SequenceID` int(11) DEFAULT NULL,
  PRIMARY KEY (`FeatureID`,`REV`),
  KEY `FK_i5819kpc7x3sxes3meew98m7n` (`REV`),
  CONSTRAINT `FK_i5819kpc7x3sxes3meew98m7n` FOREIGN KEY (`REV`) REFERENCES `Revision` (`id`)
) ENGINE=InnoDB DEFAULT CHARSET=latin1;
/*!40101 SET character_set_client = @saved_cs_client */;

--
-- Dumping data for table `Features_AUD`
--

LOCK TABLES `Features_AUD` WRITE;
/*!40000 ALTER TABLE `Features_AUD` DISABLE KEYS */;
/*!40000 ALTER TABLE `Features_AUD` ENABLE KEYS */;
UNLOCK TABLES;

--
-- Table structure for table `FileSystemWatcherEntry`
--

DROP TABLE IF EXISTS `FileSystemWatcherEntry`;
/*!40101 SET @saved_cs_client     = @@character_set_client */;
/*!40101 SET character_set_client = utf8 */;
CREATE TABLE `FileSystemWatcherEntry` (
  `FileSystemWatcherEntryID` int(11) NOT NULL AUTO_INCREMENT,
  `AutoLink` bit(1) NOT NULL,
  `AutoLinkingRegex` varchar(255) DEFAULT NULL,
  `EntityType` varchar(255) NOT NULL,
  `FieldToLink` varchar(255) DEFAULT NULL,
  `FileNameFilter` varchar(255) DEFAULT NULL,
  `LastModified` datetime(6) DEFAULT NULL,
  `Path` varchar(255) NOT NULL,
  `Recursive` bit(1) NOT NULL,
  PRIMARY KEY (`FileSystemWatcherEntryID`),
  UNIQUE KEY `UK_fbuc77csbl7qcicve29l7d04a` (`Path`)
) ENGINE=InnoDB DEFAULT CHARSET=latin1;
/*!40101 SET character_set_client = @saved_cs_client */;

--
-- Dumping data for table `FileSystemWatcherEntry`
--

LOCK TABLES `FileSystemWatcherEntry` WRITE;
/*!40000 ALTER TABLE `FileSystemWatcherEntry` DISABLE KEYS */;
/*!40000 ALTER TABLE `FileSystemWatcherEntry` ENABLE KEYS */;
UNLOCK TABLES;

--
-- Table structure for table `Fragments`
--

DROP TABLE IF EXISTS `Fragments`;
/*!40101 SET @saved_cs_client     = @@character_set_client */;
/*!40101 SET character_set_client = utf8 */;
CREATE TABLE `Fragments` (
  `FragmentID` int(11) NOT NULL AUTO_INCREMENT,
  `CreationDate` datetime(6) DEFAULT NULL,
  `FileDir` varchar(255) DEFAULT NULL,
  `FileName` varchar(255) DEFAULT NULL,
  `LastModified` datetime(6) DEFAULT NULL,
  `Name` varchar(255) NOT NULL,
  `Note` varchar(1024) DEFAULT NULL,
  `Result` varchar(50) DEFAULT NULL,
  `GroupID` int(11) DEFAULT NULL,
  `PcrBatchID` int(11) DEFAULT NULL,
  `PcrReactionID` int(11) DEFAULT NULL,
  `RegionID` int(11) DEFAULT NULL,
  `SampleID` int(11) DEFAULT NULL,
  `SeqBatchID` int(11) DEFAULT NULL,
  `SeqReactionID` int(11) DEFAULT NULL,
  `SpecimenID` int(11) DEFAULT NULL,
  PRIMARY KEY (`FragmentID`),
  KEY `fragment_name_idx` (`Name`),
  KEY `FK_690ir8h4t5713e5g8bpjxuqbv` (`GroupID`),
  KEY `FK_btqnax4uj78wdq9hc58g2s3ey` (`PcrBatchID`),
  KEY `FK_is4e1n5v2h6ynpek902c5h7bu` (`PcrReactionID`),
  KEY `FK_nfv5dwm6h44wnc721jf51uigy` (`RegionID`),
  KEY `FK_jsofbufrsm6m5h8qisfhkv9or` (`SampleID`),
  KEY `FK_n4b3g85fdqd5j407l6n3pmy3b` (`SeqBatchID`),
  KEY `FK_gcnjlac5jn8tln0ug2qkftf9b` (`SeqReactionID`),
  KEY `FK_7kanmm9rrhdfnmdx641s6f68j` (`SpecimenID`),
  CONSTRAINT `FK_690ir8h4t5713e5g8bpjxuqbv` FOREIGN KEY (`GroupID`) REFERENCES `Groups` (`GroupID`),
  CONSTRAINT `FK_7kanmm9rrhdfnmdx641s6f68j` FOREIGN KEY (`SpecimenID`) REFERENCES `Specimens` (`SpecimenID`),
  CONSTRAINT `FK_btqnax4uj78wdq9hc58g2s3ey` FOREIGN KEY (`PcrBatchID`) REFERENCES `PcrBatchs` (`PCRBatchID`),
  CONSTRAINT `FK_gcnjlac5jn8tln0ug2qkftf9b` FOREIGN KEY (`SeqReactionID`) REFERENCES `SeqReactions` (`SeqReactionID`),
  CONSTRAINT `FK_is4e1n5v2h6ynpek902c5h7bu` FOREIGN KEY (`PcrReactionID`) REFERENCES `PcrReactions` (`PcrReactionID`),
  CONSTRAINT `FK_jsofbufrsm6m5h8qisfhkv9or` FOREIGN KEY (`SampleID`) REFERENCES `Samples` (`SampleID`),
  CONSTRAINT `FK_n4b3g85fdqd5j407l6n3pmy3b` FOREIGN KEY (`SeqBatchID`) REFERENCES `SeqBatchs` (`SeqBatchID`),
  CONSTRAINT `FK_nfv5dwm6h44wnc721jf51uigy` FOREIGN KEY (`RegionID`) REFERENCES `Regions` (`TagID`)
) ENGINE=InnoDB AUTO_INCREMENT=3 DEFAULT CHARSET=latin1;
/*!40101 SET character_set_client = @saved_cs_client */;

--
-- Dumping data for table `Fragments`
--

LOCK TABLES `Fragments` WRITE;
/*!40000 ALTER TABLE `Fragments` DISABLE KEYS */;
INSERT INTO `Fragments` VALUES (1,'2015-01-09 00:00:00.000000','/Users/fragments/run1','frag1.fsa','2015-02-09 00:00:00.000000','frag1','sequence is faint','faint',2,NULL,1,NULL,1,1,NULL,1),(2,'2015-01-09 00:00:00.000000','/Users/fragments/run2','frag2.fsa','2015-02-09 00:00:00.000000','frag002','sequence is faint','good',2,NULL,1,NULL,2,1,NULL,2);
/*!40000 ALTER TABLE `Fragments` ENABLE KEYS */;
UNLOCK TABLES;

--
-- Table structure for table `Fragments_AUD`
--

DROP TABLE IF EXISTS `Fragments_AUD`;
/*!40101 SET @saved_cs_client     = @@character_set_client */;
/*!40101 SET character_set_client = utf8 */;
CREATE TABLE `Fragments_AUD` (
  `FragmentID` int(11) NOT NULL,
  `REV` int(11) NOT NULL,
  `REVTYPE` tinyint(4) DEFAULT NULL,
  `CreationDate` datetime(6) DEFAULT NULL,
  `FileDir` varchar(255) DEFAULT NULL,
  `FileName` varchar(255) DEFAULT NULL,
  `Name` varchar(255) DEFAULT NULL,
  `Note` varchar(1024) DEFAULT NULL,
  `Result` varchar(50) DEFAULT NULL,
  `GroupID` int(11) DEFAULT NULL,
  `PcrBatchID` int(11) DEFAULT NULL,
  `PcrReactionID` int(11) DEFAULT NULL,
  `RegionID` int(11) DEFAULT NULL,
  `SampleID` int(11) DEFAULT NULL,
  `SeqBatchID` int(11) DEFAULT NULL,
  `SeqReactionID` int(11) DEFAULT NULL,
  `SpecimenID` int(11) DEFAULT NULL,
  PRIMARY KEY (`FragmentID`,`REV`),
  KEY `FK_c3c6aipgssi2std58qr8hltxa` (`REV`),
  CONSTRAINT `FK_c3c6aipgssi2std58qr8hltxa` FOREIGN KEY (`REV`) REFERENCES `Revision` (`id`)
) ENGINE=InnoDB DEFAULT CHARSET=latin1;
/*!40101 SET character_set_client = @saved_cs_client */;

--
-- Dumping data for table `Fragments_AUD`
--

LOCK TABLES `Fragments_AUD` WRITE;
/*!40000 ALTER TABLE `Fragments_AUD` DISABLE KEYS */;
/*!40000 ALTER TABLE `Fragments_AUD` ENABLE KEYS */;
UNLOCK TABLES;

--
-- Table structure for table `FungalInfos`
--

DROP TABLE IF EXISTS `FungalInfos`;
/*!40101 SET @saved_cs_client     = @@character_set_client */;
/*!40101 SET character_set_client = utf8 */;
CREATE TABLE `FungalInfos` (
  `FungalInfoID` int(11) NOT NULL AUTO_INCREMENT,
  `CCFCNumber` varchar(50) DEFAULT NULL,
  `DAOMGroup` varchar(50) DEFAULT NULL,
  `DAOMNumber` varchar(50) DEFAULT NULL,
  `Culture` bit(1) DEFAULT NULL,
  `CultureType` varchar(50) DEFAULT NULL,
  `IsolateNumber` varchar(50) DEFAULT NULL,
  `IsolatedBy` varchar(50) DEFAULT NULL,
  `IsolationDate` date DEFAULT NULL,
  `LastModified` datetime(6) DEFAULT NULL,
  `Notes` varchar(1024) DEFAULT NULL,
  `ReceivedFrom` varchar(255) DEFAULT NULL,
  `SavedAs` varchar(50) DEFAULT NULL,
  `ToCCFC` date DEFAULT NULL,
  `ToDAOM` date DEFAULT NULL,
  PRIMARY KEY (`FungalInfoID`)
) ENGINE=InnoDB AUTO_INCREMENT=111 DEFAULT CHARSET=latin1;
/*!40101 SET character_set_client = @saved_cs_client */;

--
-- Dumping data for table `FungalInfos`
--

LOCK TABLES `FungalInfos` WRITE;
/*!40000 ALTER TABLE `FungalInfos` DISABLE KEYS */;
INSERT INTO `FungalInfos` VALUES (1,'CCFC23','Dunno','DAOM2323',NULL,'Water','KAS 1','Keith Seifert','2007-01-05','2013-03-19 00:00:00.000000',NULL,'bob1','Culture','2007-01-05','2007-01-05'),(2,'CCFC2','Dunno2','DAOM2323',NULL,'Water2','KAS 2','Keith Seifert','2002-01-05','2013-03-19 00:00:00.000000',NULL,'bob2','Culture2','2004-01-02','2004-02-05'),(3,'CCFC3','Dunno','DAOM233',NULL,'Water3','KAS 3','Keith3 Seifert','2003-01-05','2013-03-19 00:00:00.000000',NULL,'bob3','Culture3','2007-01-03','2007-03-05'),(4,'CCFC4','soil4','DAOM24',NULL,'Water4','KAS 4','Keith4 Seifert','2004-01-05','2013-03-19 00:00:00.000000',NULL,'bob4','Culture4','2007-04-05','2007-01-05'),(5,'CCFC5','soil5','DAOM25',NULL,'Water5','KAS 5','Keith4 Seifert','2005-01-05','2013-03-19 00:00:00.000000',NULL,'bob5','Culture5','2007-05-05','2007-01-05'),(12,'CCFC12','soil12','DAOM212',NULL,'Water12','KAS 12','Keith4 Seifert','2004-05-12','2013-03-19 00:00:00.000000',NULL,'bob12','Culture12','2005-05-12','2005-01-05'),(13,'CCFC13','soil12','DAOM213',NULL,'Water13','XYZ 13','Mat Poff','2004-05-12','2013-03-19 00:00:00.000000',NULL,'bob13','Culture13','2005-05-13','2005-01-05'),(14,'CCFC14','soil14','DAOM214',NULL,'Water14','XYZ 14','Mat Poff','2004-05-14','2013-03-19 00:00:00.000000',NULL,'bob14','Culture14','2005-05-14','2005-01-05'),(15,NULL,NULL,NULL,NULL,NULL,NULL,NULL,NULL,'2018-01-18 16:32:52.971000',NULL,NULL,NULL,NULL,NULL),(16,NULL,NULL,NULL,NULL,NULL,NULL,NULL,NULL,'2018-01-18 16:32:53.193000',NULL,NULL,NULL,NULL,NULL),(17,NULL,NULL,NULL,NULL,NULL,NULL,NULL,NULL,'2018-01-18 16:32:53.376000',NULL,NULL,NULL,NULL,NULL),(18,NULL,NULL,NULL,NULL,NULL,NULL,NULL,NULL,'2018-01-18 16:32:53.634000',NULL,NULL,NULL,NULL,NULL),(19,NULL,NULL,NULL,NULL,NULL,NULL,NULL,NULL,'2018-01-18 16:32:53.801000',NULL,NULL,NULL,NULL,NULL),(20,NULL,NULL,NULL,NULL,NULL,NULL,NULL,NULL,'2018-01-18 16:32:53.953000',NULL,NULL,NULL,NULL,NULL),(21,NULL,NULL,NULL,NULL,NULL,NULL,NULL,NULL,'2018-01-18 16:32:54.082000',NULL,NULL,NULL,NULL,NULL),(22,NULL,NULL,NULL,NULL,NULL,NULL,NULL,NULL,'2018-01-18 16:32:54.206000',NULL,NULL,NULL,NULL,NULL),(23,NULL,NULL,NULL,NULL,NULL,NULL,NULL,NULL,'2018-01-18 16:32:54.338000',NULL,NULL,NULL,NULL,NULL),(24,NULL,NULL,NULL,NULL,NULL,NULL,NULL,NULL,'2018-01-18 16:32:54.467000',NULL,NULL,NULL,NULL,NULL),(25,NULL,NULL,NULL,NULL,NULL,NULL,NULL,NULL,'2018-01-18 16:32:54.589000',NULL,NULL,NULL,NULL,NULL),(26,NULL,NULL,NULL,NULL,NULL,NULL,NULL,NULL,'2018-01-18 16:32:54.706000',NULL,NULL,NULL,NULL,NULL),(27,NULL,NULL,NULL,NULL,NULL,NULL,NULL,NULL,'2018-01-18 16:32:54.823000',NULL,NULL,NULL,NULL,NULL),(28,NULL,NULL,NULL,NULL,NULL,NULL,NULL,NULL,'2018-01-18 16:32:55.054000',NULL,NULL,NULL,NULL,NULL),(29,NULL,NULL,NULL,NULL,NULL,NULL,NULL,NULL,'2018-01-18 16:32:55.187000',NULL,NULL,NULL,NULL,NULL),(30,NULL,NULL,NULL,NULL,NULL,NULL,NULL,NULL,'2018-01-18 16:32:55.424000',NULL,NULL,NULL,NULL,NULL),(31,NULL,NULL,NULL,NULL,NULL,NULL,NULL,NULL,'2018-01-18 16:32:55.567000',NULL,NULL,NULL,NULL,NULL),(32,NULL,NULL,NULL,NULL,NULL,NULL,NULL,NULL,'2018-01-18 16:32:55.676000',NULL,NULL,NULL,NULL,NULL),(33,NULL,NULL,NULL,NULL,NULL,NULL,NULL,NULL,'2018-01-18 16:32:55.781000',NULL,NULL,NULL,NULL,NULL),(34,NULL,NULL,NULL,NULL,NULL,NULL,NULL,NULL,'2018-01-18 16:32:55.889000',NULL,NULL,NULL,NULL,NULL),(35,NULL,NULL,NULL,NULL,NULL,NULL,NULL,NULL,'2018-01-18 16:32:56.013000',NULL,NULL,NULL,NULL,NULL),(36,NULL,NULL,NULL,NULL,NULL,NULL,NULL,NULL,'2018-01-18 16:32:56.204000',NULL,NULL,NULL,NULL,NULL),(37,NULL,NULL,NULL,NULL,NULL,NULL,NULL,NULL,'2018-01-18 16:32:56.327000',NULL,NULL,NULL,NULL,NULL),(38,NULL,NULL,NULL,NULL,NULL,NULL,NULL,NULL,'2018-01-18 16:32:56.442000',NULL,NULL,NULL,NULL,NULL),(39,NULL,NULL,NULL,NULL,NULL,NULL,NULL,NULL,'2018-01-18 16:32:56.566000',NULL,NULL,NULL,NULL,NULL),(40,NULL,NULL,NULL,NULL,NULL,NULL,NULL,NULL,'2018-01-18 16:32:56.700000',NULL,NULL,NULL,NULL,NULL),(41,NULL,NULL,NULL,NULL,NULL,NULL,NULL,NULL,'2018-01-18 16:32:56.820000',NULL,NULL,NULL,NULL,NULL),(42,NULL,NULL,NULL,NULL,NULL,NULL,NULL,NULL,'2018-01-18 16:32:56.943000',NULL,NULL,NULL,NULL,NULL),(43,NULL,NULL,NULL,NULL,NULL,NULL,NULL,NULL,'2018-01-18 16:32:57.069000',NULL,NULL,NULL,NULL,NULL),(44,NULL,NULL,NULL,NULL,NULL,NULL,NULL,NULL,'2018-01-18 16:32:57.196000',NULL,NULL,NULL,NULL,NULL),(45,NULL,NULL,NULL,NULL,NULL,NULL,NULL,NULL,'2018-01-18 16:32:57.317000',NULL,NULL,NULL,NULL,NULL),(46,NULL,NULL,NULL,NULL,NULL,NULL,NULL,NULL,'2018-01-18 16:32:57.447000',NULL,NULL,NULL,NULL,NULL),(47,NULL,NULL,NULL,NULL,NULL,NULL,NULL,NULL,'2018-01-18 16:32:57.578000',NULL,NULL,NULL,NULL,NULL),(48,NULL,NULL,NULL,NULL,NULL,NULL,NULL,NULL,'2018-01-18 16:32:57.717000',NULL,NULL,NULL,NULL,NULL),(49,NULL,NULL,NULL,NULL,NULL,NULL,NULL,NULL,'2018-01-18 16:32:57.861000',NULL,NULL,NULL,NULL,NULL),(50,NULL,NULL,NULL,NULL,NULL,NULL,NULL,NULL,'2018-01-18 16:32:57.999000',NULL,NULL,NULL,NULL,NULL),(51,NULL,NULL,NULL,NULL,NULL,NULL,NULL,NULL,'2018-01-18 16:32:58.136000',NULL,NULL,NULL,NULL,NULL),(52,NULL,NULL,NULL,NULL,NULL,NULL,NULL,NULL,'2018-01-18 16:32:58.262000',NULL,NULL,NULL,NULL,NULL),(53,NULL,NULL,NULL,NULL,NULL,NULL,NULL,NULL,'2018-01-18 16:32:58.389000',NULL,NULL,NULL,NULL,NULL),(54,NULL,NULL,NULL,NULL,NULL,NULL,NULL,NULL,'2018-01-18 16:32:58.528000',NULL,NULL,NULL,NULL,NULL),(55,NULL,NULL,NULL,NULL,NULL,NULL,NULL,NULL,'2018-01-18 16:32:58.667000',NULL,NULL,NULL,NULL,NULL),(56,NULL,NULL,NULL,NULL,NULL,NULL,NULL,NULL,'2018-01-18 16:32:58.814000',NULL,NULL,NULL,NULL,NULL),(57,NULL,NULL,NULL,NULL,NULL,NULL,NULL,NULL,'2018-01-18 16:32:58.954000',NULL,NULL,NULL,NULL,NULL),(58,NULL,NULL,NULL,NULL,NULL,NULL,NULL,NULL,'2018-01-18 16:32:59.092000',NULL,NULL,NULL,NULL,NULL),(59,NULL,NULL,NULL,NULL,NULL,NULL,NULL,NULL,'2018-01-18 16:32:59.223000',NULL,NULL,NULL,NULL,NULL),(60,NULL,NULL,NULL,NULL,NULL,NULL,NULL,NULL,'2018-01-18 16:32:59.346000',NULL,NULL,NULL,NULL,NULL),(61,NULL,NULL,NULL,NULL,NULL,NULL,NULL,NULL,'2018-01-18 16:32:59.472000',NULL,NULL,NULL,NULL,NULL),(62,NULL,NULL,NULL,NULL,NULL,NULL,NULL,NULL,'2018-01-18 16:32:59.602000',NULL,NULL,NULL,NULL,NULL),(63,NULL,NULL,NULL,NULL,NULL,NULL,NULL,NULL,'2018-01-18 16:32:59.733000',NULL,NULL,NULL,NULL,NULL),(64,NULL,NULL,NULL,NULL,NULL,NULL,NULL,NULL,'2018-01-18 16:32:59.862000',NULL,NULL,NULL,NULL,NULL),(65,NULL,NULL,NULL,NULL,NULL,NULL,NULL,NULL,'2018-01-18 16:33:00.004000',NULL,NULL,NULL,NULL,NULL),(66,NULL,NULL,NULL,NULL,NULL,NULL,NULL,NULL,'2018-01-18 16:33:00.148000',NULL,NULL,NULL,NULL,NULL),(67,NULL,NULL,NULL,NULL,NULL,NULL,NULL,NULL,'2018-01-18 16:33:00.276000',NULL,NULL,NULL,NULL,NULL),(68,NULL,NULL,NULL,NULL,NULL,NULL,NULL,NULL,'2018-01-18 16:33:00.403000',NULL,NULL,NULL,NULL,NULL),(69,NULL,NULL,NULL,NULL,NULL,NULL,NULL,NULL,'2018-01-18 16:33:00.533000',NULL,NULL,NULL,NULL,NULL),(70,NULL,NULL,NULL,NULL,NULL,NULL,NULL,NULL,'2018-01-18 16:33:00.705000',NULL,NULL,NULL,NULL,NULL),(71,NULL,NULL,NULL,NULL,NULL,NULL,NULL,NULL,'2018-01-18 16:33:00.836000',NULL,NULL,NULL,NULL,NULL),(72,NULL,NULL,NULL,NULL,NULL,NULL,NULL,NULL,'2018-01-18 16:33:00.969000',NULL,NULL,NULL,NULL,NULL),(73,NULL,NULL,NULL,NULL,NULL,NULL,NULL,NULL,'2018-01-18 16:33:01.154000',NULL,NULL,NULL,NULL,NULL),(74,NULL,NULL,NULL,NULL,NULL,NULL,NULL,NULL,'2018-01-18 16:33:01.293000',NULL,NULL,NULL,NULL,NULL),(75,NULL,NULL,NULL,NULL,NULL,NULL,NULL,NULL,'2018-01-18 16:33:01.427000',NULL,NULL,NULL,NULL,NULL),(76,NULL,NULL,NULL,NULL,NULL,NULL,NULL,NULL,'2018-01-18 16:33:01.560000',NULL,NULL,NULL,NULL,NULL),(77,NULL,NULL,NULL,NULL,NULL,NULL,NULL,NULL,'2018-01-18 16:33:01.694000',NULL,NULL,NULL,NULL,NULL),(78,NULL,NULL,NULL,NULL,NULL,NULL,NULL,NULL,'2018-01-18 16:33:01.827000',NULL,NULL,NULL,NULL,NULL),(79,NULL,NULL,NULL,NULL,NULL,NULL,NULL,NULL,'2018-01-18 16:33:01.961000',NULL,NULL,NULL,NULL,NULL),(80,NULL,NULL,NULL,NULL,NULL,NULL,NULL,NULL,'2018-01-18 16:33:02.095000',NULL,NULL,NULL,NULL,NULL),(81,NULL,NULL,NULL,NULL,NULL,NULL,NULL,NULL,'2018-01-18 16:33:02.231000',NULL,NULL,NULL,NULL,NULL),(82,NULL,NULL,NULL,NULL,NULL,NULL,NULL,NULL,'2018-01-18 16:33:02.362000',NULL,NULL,NULL,NULL,NULL),(83,NULL,NULL,NULL,NULL,NULL,NULL,NULL,NULL,'2018-01-18 16:33:02.492000',NULL,NULL,NULL,NULL,NULL),(84,NULL,NULL,NULL,NULL,NULL,NULL,NULL,NULL,'2018-01-18 16:33:02.622000',NULL,NULL,NULL,NULL,NULL),(85,NULL,NULL,NULL,NULL,NULL,NULL,NULL,NULL,'2018-01-18 16:33:02.752000',NULL,NULL,NULL,NULL,NULL),(86,NULL,NULL,NULL,NULL,NULL,NULL,NULL,NULL,'2018-01-18 16:33:02.886000',NULL,NULL,NULL,NULL,NULL),(87,NULL,NULL,NULL,NULL,NULL,NULL,NULL,NULL,'2018-01-18 16:33:03.021000',NULL,NULL,NULL,NULL,NULL),(88,NULL,NULL,NULL,NULL,NULL,NULL,NULL,NULL,'2018-01-18 16:33:03.161000',NULL,NULL,NULL,NULL,NULL),(89,NULL,NULL,NULL,NULL,NULL,NULL,NULL,NULL,'2018-01-18 16:33:03.295000',NULL,NULL,NULL,NULL,NULL),(90,NULL,NULL,NULL,NULL,NULL,NULL,NULL,NULL,'2018-01-18 16:33:03.434000',NULL,NULL,NULL,NULL,NULL),(91,NULL,NULL,NULL,NULL,NULL,NULL,NULL,NULL,'2018-01-18 16:33:03.572000',NULL,NULL,NULL,NULL,NULL),(92,NULL,NULL,NULL,NULL,NULL,NULL,NULL,NULL,'2018-01-18 16:33:03.728000',NULL,NULL,NULL,NULL,NULL),(93,NULL,NULL,NULL,NULL,NULL,NULL,NULL,NULL,'2018-01-18 16:33:03.876000',NULL,NULL,NULL,NULL,NULL),(94,NULL,NULL,NULL,NULL,NULL,NULL,NULL,NULL,'2018-01-18 16:33:04.028000',NULL,NULL,NULL,NULL,NULL),(95,NULL,NULL,NULL,NULL,NULL,NULL,NULL,NULL,'2018-01-18 16:33:04.175000',NULL,NULL,NULL,NULL,NULL),(96,NULL,NULL,NULL,NULL,NULL,NULL,NULL,NULL,'2018-01-18 16:33:04.328000',NULL,NULL,NULL,NULL,NULL),(97,NULL,NULL,NULL,NULL,NULL,NULL,NULL,NULL,'2018-01-18 16:33:04.465000',NULL,NULL,NULL,NULL,NULL),(98,NULL,NULL,NULL,NULL,NULL,NULL,NULL,NULL,'2018-01-18 16:33:04.599000',NULL,NULL,NULL,NULL,NULL),(99,NULL,NULL,NULL,NULL,NULL,NULL,NULL,NULL,'2018-01-18 16:33:04.780000',NULL,NULL,NULL,NULL,NULL),(100,NULL,NULL,NULL,NULL,NULL,NULL,NULL,NULL,'2018-01-18 16:33:04.913000',NULL,NULL,NULL,NULL,NULL),(101,NULL,NULL,NULL,NULL,NULL,NULL,NULL,NULL,'2018-01-18 16:33:05.048000',NULL,NULL,NULL,NULL,NULL),(102,NULL,NULL,NULL,NULL,NULL,NULL,NULL,NULL,'2018-01-18 16:33:05.181000',NULL,NULL,NULL,NULL,NULL),(103,NULL,NULL,NULL,NULL,NULL,NULL,NULL,NULL,'2018-01-18 16:33:05.320000',NULL,NULL,NULL,NULL,NULL),(104,NULL,NULL,NULL,NULL,NULL,NULL,NULL,NULL,'2018-01-18 16:33:05.458000',NULL,NULL,NULL,NULL,NULL),(105,NULL,NULL,NULL,NULL,NULL,NULL,NULL,NULL,'2018-01-18 16:33:05.594000',NULL,NULL,NULL,NULL,NULL),(106,NULL,NULL,NULL,NULL,NULL,NULL,NULL,NULL,'2018-01-18 16:33:05.732000',NULL,NULL,NULL,NULL,NULL),(107,NULL,NULL,NULL,NULL,NULL,NULL,NULL,NULL,'2018-01-18 16:33:05.871000',NULL,NULL,NULL,NULL,NULL),(108,NULL,NULL,NULL,NULL,NULL,NULL,NULL,NULL,'2018-01-18 16:33:06.010000',NULL,NULL,NULL,NULL,NULL),(109,NULL,NULL,NULL,NULL,NULL,NULL,NULL,NULL,'2018-01-18 16:33:06.151000',NULL,NULL,NULL,NULL,NULL),(110,NULL,NULL,NULL,NULL,NULL,NULL,NULL,NULL,'2018-01-18 16:33:06.293000',NULL,NULL,NULL,NULL,NULL);
/*!40000 ALTER TABLE `FungalInfos` ENABLE KEYS */;
UNLOCK TABLES;

--
-- Table structure for table `FungalInfos_AUD`
--

DROP TABLE IF EXISTS `FungalInfos_AUD`;
/*!40101 SET @saved_cs_client     = @@character_set_client */;
/*!40101 SET character_set_client = utf8 */;
CREATE TABLE `FungalInfos_AUD` (
  `FungalInfoID` int(11) NOT NULL,
  `REV` int(11) NOT NULL,
  `REVTYPE` tinyint(4) DEFAULT NULL,
  `CCFCNumber` varchar(50) DEFAULT NULL,
  `DAOMGroup` varchar(50) DEFAULT NULL,
  `DAOMNumber` varchar(50) DEFAULT NULL,
  `Culture` bit(1) DEFAULT NULL,
  `CultureType` varchar(50) DEFAULT NULL,
  `IsolateNumber` varchar(50) DEFAULT NULL,
  `IsolatedBy` varchar(50) DEFAULT NULL,
  `IsolationDate` date DEFAULT NULL,
  `Notes` varchar(1024) DEFAULT NULL,
  `ReceivedFrom` varchar(255) DEFAULT NULL,
  `SavedAs` varchar(50) DEFAULT NULL,
  `ToCCFC` date DEFAULT NULL,
  `ToDAOM` date DEFAULT NULL,
  PRIMARY KEY (`FungalInfoID`,`REV`),
  KEY `FK_60m2opdbdh0oovy8ojgwg2kf3` (`REV`),
  CONSTRAINT `FK_60m2opdbdh0oovy8ojgwg2kf3` FOREIGN KEY (`REV`) REFERENCES `Revision` (`id`)
) ENGINE=InnoDB DEFAULT CHARSET=latin1;
/*!40101 SET character_set_client = @saved_cs_client */;

--
-- Dumping data for table `FungalInfos_AUD`
--

LOCK TABLES `FungalInfos_AUD` WRITE;
/*!40000 ALTER TABLE `FungalInfos_AUD` DISABLE KEYS */;
INSERT INTO `FungalInfos_AUD` VALUES (15,6,0,NULL,NULL,NULL,NULL,NULL,NULL,NULL,NULL,NULL,NULL,NULL,NULL,NULL),(16,6,0,NULL,NULL,NULL,NULL,NULL,NULL,NULL,NULL,NULL,NULL,NULL,NULL,NULL),(17,6,0,NULL,NULL,NULL,NULL,NULL,NULL,NULL,NULL,NULL,NULL,NULL,NULL,NULL),(18,6,0,NULL,NULL,NULL,NULL,NULL,NULL,NULL,NULL,NULL,NULL,NULL,NULL,NULL),(19,6,0,NULL,NULL,NULL,NULL,NULL,NULL,NULL,NULL,NULL,NULL,NULL,NULL,NULL),(20,6,0,NULL,NULL,NULL,NULL,NULL,NULL,NULL,NULL,NULL,NULL,NULL,NULL,NULL),(21,6,0,NULL,NULL,NULL,NULL,NULL,NULL,NULL,NULL,NULL,NULL,NULL,NULL,NULL),(22,6,0,NULL,NULL,NULL,NULL,NULL,NULL,NULL,NULL,NULL,NULL,NULL,NULL,NULL),(23,6,0,NULL,NULL,NULL,NULL,NULL,NULL,NULL,NULL,NULL,NULL,NULL,NULL,NULL),(24,6,0,NULL,NULL,NULL,NULL,NULL,NULL,NULL,NULL,NULL,NULL,NULL,NULL,NULL),(25,6,0,NULL,NULL,NULL,NULL,NULL,NULL,NULL,NULL,NULL,NULL,NULL,NULL,NULL),(26,6,0,NULL,NULL,NULL,NULL,NULL,NULL,NULL,NULL,NULL,NULL,NULL,NULL,NULL),(27,6,0,NULL,NULL,NULL,NULL,NULL,NULL,NULL,NULL,NULL,NULL,NULL,NULL,NULL),(28,6,0,NULL,NULL,NULL,NULL,NULL,NULL,NULL,NULL,NULL,NULL,NULL,NULL,NULL),(29,6,0,NULL,NULL,NULL,NULL,NULL,NULL,NULL,NULL,NULL,NULL,NULL,NULL,NULL),(30,6,0,NULL,NULL,NULL,NULL,NULL,NULL,NULL,NULL,NULL,NULL,NULL,NULL,NULL),(31,6,0,NULL,NULL,NULL,NULL,NULL,NULL,NULL,NULL,NULL,NULL,NULL,NULL,NULL),(32,6,0,NULL,NULL,NULL,NULL,NULL,NULL,NULL,NULL,NULL,NULL,NULL,NULL,NULL),(33,6,0,NULL,NULL,NULL,NULL,NULL,NULL,NULL,NULL,NULL,NULL,NULL,NULL,NULL),(34,6,0,NULL,NULL,NULL,NULL,NULL,NULL,NULL,NULL,NULL,NULL,NULL,NULL,NULL),(35,6,0,NULL,NULL,NULL,NULL,NULL,NULL,NULL,NULL,NULL,NULL,NULL,NULL,NULL),(36,6,0,NULL,NULL,NULL,NULL,NULL,NULL,NULL,NULL,NULL,NULL,NULL,NULL,NULL),(37,6,0,NULL,NULL,NULL,NULL,NULL,NULL,NULL,NULL,NULL,NULL,NULL,NULL,NULL),(38,6,0,NULL,NULL,NULL,NULL,NULL,NULL,NULL,NULL,NULL,NULL,NULL,NULL,NULL),(39,6,0,NULL,NULL,NULL,NULL,NULL,NULL,NULL,NULL,NULL,NULL,NULL,NULL,NULL),(40,6,0,NULL,NULL,NULL,NULL,NULL,NULL,NULL,NULL,NULL,NULL,NULL,NULL,NULL),(41,6,0,NULL,NULL,NULL,NULL,NULL,NULL,NULL,NULL,NULL,NULL,NULL,NULL,NULL),(42,6,0,NULL,NULL,NULL,NULL,NULL,NULL,NULL,NULL,NULL,NULL,NULL,NULL,NULL),(43,6,0,NULL,NULL,NULL,NULL,NULL,NULL,NULL,NULL,NULL,NULL,NULL,NULL,NULL),(44,6,0,NULL,NULL,NULL,NULL,NULL,NULL,NULL,NULL,NULL,NULL,NULL,NULL,NULL),(45,6,0,NULL,NULL,NULL,NULL,NULL,NULL,NULL,NULL,NULL,NULL,NULL,NULL,NULL),(46,6,0,NULL,NULL,NULL,NULL,NULL,NULL,NULL,NULL,NULL,NULL,NULL,NULL,NULL),(47,6,0,NULL,NULL,NULL,NULL,NULL,NULL,NULL,NULL,NULL,NULL,NULL,NULL,NULL),(48,6,0,NULL,NULL,NULL,NULL,NULL,NULL,NULL,NULL,NULL,NULL,NULL,NULL,NULL),(49,6,0,NULL,NULL,NULL,NULL,NULL,NULL,NULL,NULL,NULL,NULL,NULL,NULL,NULL),(50,6,0,NULL,NULL,NULL,NULL,NULL,NULL,NULL,NULL,NULL,NULL,NULL,NULL,NULL),(51,6,0,NULL,NULL,NULL,NULL,NULL,NULL,NULL,NULL,NULL,NULL,NULL,NULL,NULL),(52,6,0,NULL,NULL,NULL,NULL,NULL,NULL,NULL,NULL,NULL,NULL,NULL,NULL,NULL),(53,6,0,NULL,NULL,NULL,NULL,NULL,NULL,NULL,NULL,NULL,NULL,NULL,NULL,NULL),(54,6,0,NULL,NULL,NULL,NULL,NULL,NULL,NULL,NULL,NULL,NULL,NULL,NULL,NULL),(55,6,0,NULL,NULL,NULL,NULL,NULL,NULL,NULL,NULL,NULL,NULL,NULL,NULL,NULL),(56,6,0,NULL,NULL,NULL,NULL,NULL,NULL,NULL,NULL,NULL,NULL,NULL,NULL,NULL),(57,6,0,NULL,NULL,NULL,NULL,NULL,NULL,NULL,NULL,NULL,NULL,NULL,NULL,NULL),(58,6,0,NULL,NULL,NULL,NULL,NULL,NULL,NULL,NULL,NULL,NULL,NULL,NULL,NULL),(59,6,0,NULL,NULL,NULL,NULL,NULL,NULL,NULL,NULL,NULL,NULL,NULL,NULL,NULL),(60,6,0,NULL,NULL,NULL,NULL,NULL,NULL,NULL,NULL,NULL,NULL,NULL,NULL,NULL),(61,6,0,NULL,NULL,NULL,NULL,NULL,NULL,NULL,NULL,NULL,NULL,NULL,NULL,NULL),(62,6,0,NULL,NULL,NULL,NULL,NULL,NULL,NULL,NULL,NULL,NULL,NULL,NULL,NULL),(63,6,0,NULL,NULL,NULL,NULL,NULL,NULL,NULL,NULL,NULL,NULL,NULL,NULL,NULL),(64,6,0,NULL,NULL,NULL,NULL,NULL,NULL,NULL,NULL,NULL,NULL,NULL,NULL,NULL),(65,6,0,NULL,NULL,NULL,NULL,NULL,NULL,NULL,NULL,NULL,NULL,NULL,NULL,NULL),(66,6,0,NULL,NULL,NULL,NULL,NULL,NULL,NULL,NULL,NULL,NULL,NULL,NULL,NULL),(67,6,0,NULL,NULL,NULL,NULL,NULL,NULL,NULL,NULL,NULL,NULL,NULL,NULL,NULL),(68,6,0,NULL,NULL,NULL,NULL,NULL,NULL,NULL,NULL,NULL,NULL,NULL,NULL,NULL),(69,6,0,NULL,NULL,NULL,NULL,NULL,NULL,NULL,NULL,NULL,NULL,NULL,NULL,NULL),(70,6,0,NULL,NULL,NULL,NULL,NULL,NULL,NULL,NULL,NULL,NULL,NULL,NULL,NULL),(71,6,0,NULL,NULL,NULL,NULL,NULL,NULL,NULL,NULL,NULL,NULL,NULL,NULL,NULL),(72,6,0,NULL,NULL,NULL,NULL,NULL,NULL,NULL,NULL,NULL,NULL,NULL,NULL,NULL),(73,6,0,NULL,NULL,NULL,NULL,NULL,NULL,NULL,NULL,NULL,NULL,NULL,NULL,NULL),(74,6,0,NULL,NULL,NULL,NULL,NULL,NULL,NULL,NULL,NULL,NULL,NULL,NULL,NULL),(75,6,0,NULL,NULL,NULL,NULL,NULL,NULL,NULL,NULL,NULL,NULL,NULL,NULL,NULL),(76,6,0,NULL,NULL,NULL,NULL,NULL,NULL,NULL,NULL,NULL,NULL,NULL,NULL,NULL),(77,6,0,NULL,NULL,NULL,NULL,NULL,NULL,NULL,NULL,NULL,NULL,NULL,NULL,NULL),(78,6,0,NULL,NULL,NULL,NULL,NULL,NULL,NULL,NULL,NULL,NULL,NULL,NULL,NULL),(79,6,0,NULL,NULL,NULL,NULL,NULL,NULL,NULL,NULL,NULL,NULL,NULL,NULL,NULL),(80,6,0,NULL,NULL,NULL,NULL,NULL,NULL,NULL,NULL,NULL,NULL,NULL,NULL,NULL),(81,6,0,NULL,NULL,NULL,NULL,NULL,NULL,NULL,NULL,NULL,NULL,NULL,NULL,NULL),(82,6,0,NULL,NULL,NULL,NULL,NULL,NULL,NULL,NULL,NULL,NULL,NULL,NULL,NULL),(83,6,0,NULL,NULL,NULL,NULL,NULL,NULL,NULL,NULL,NULL,NULL,NULL,NULL,NULL),(84,6,0,NULL,NULL,NULL,NULL,NULL,NULL,NULL,NULL,NULL,NULL,NULL,NULL,NULL),(85,6,0,NULL,NULL,NULL,NULL,NULL,NULL,NULL,NULL,NULL,NULL,NULL,NULL,NULL),(86,6,0,NULL,NULL,NULL,NULL,NULL,NULL,NULL,NULL,NULL,NULL,NULL,NULL,NULL),(87,6,0,NULL,NULL,NULL,NULL,NULL,NULL,NULL,NULL,NULL,NULL,NULL,NULL,NULL),(88,6,0,NULL,NULL,NULL,NULL,NULL,NULL,NULL,NULL,NULL,NULL,NULL,NULL,NULL),(89,6,0,NULL,NULL,NULL,NULL,NULL,NULL,NULL,NULL,NULL,NULL,NULL,NULL,NULL),(90,6,0,NULL,NULL,NULL,NULL,NULL,NULL,NULL,NULL,NULL,NULL,NULL,NULL,NULL),(91,6,0,NULL,NULL,NULL,NULL,NULL,NULL,NULL,NULL,NULL,NULL,NULL,NULL,NULL),(92,6,0,NULL,NULL,NULL,NULL,NULL,NULL,NULL,NULL,NULL,NULL,NULL,NULL,NULL),(93,6,0,NULL,NULL,NULL,NULL,NULL,NULL,NULL,NULL,NULL,NULL,NULL,NULL,NULL),(94,6,0,NULL,NULL,NULL,NULL,NULL,NULL,NULL,NULL,NULL,NULL,NULL,NULL,NULL),(95,6,0,NULL,NULL,NULL,NULL,NULL,NULL,NULL,NULL,NULL,NULL,NULL,NULL,NULL),(96,6,0,NULL,NULL,NULL,NULL,NULL,NULL,NULL,NULL,NULL,NULL,NULL,NULL,NULL),(97,6,0,NULL,NULL,NULL,NULL,NULL,NULL,NULL,NULL,NULL,NULL,NULL,NULL,NULL),(98,6,0,NULL,NULL,NULL,NULL,NULL,NULL,NULL,NULL,NULL,NULL,NULL,NULL,NULL),(99,6,0,NULL,NULL,NULL,NULL,NULL,NULL,NULL,NULL,NULL,NULL,NULL,NULL,NULL),(100,6,0,NULL,NULL,NULL,NULL,NULL,NULL,NULL,NULL,NULL,NULL,NULL,NULL,NULL),(101,6,0,NULL,NULL,NULL,NULL,NULL,NULL,NULL,NULL,NULL,NULL,NULL,NULL,NULL),(102,6,0,NULL,NULL,NULL,NULL,NULL,NULL,NULL,NULL,NULL,NULL,NULL,NULL,NULL),(103,6,0,NULL,NULL,NULL,NULL,NULL,NULL,NULL,NULL,NULL,NULL,NULL,NULL,NULL),(104,6,0,NULL,NULL,NULL,NULL,NULL,NULL,NULL,NULL,NULL,NULL,NULL,NULL,NULL),(105,6,0,NULL,NULL,NULL,NULL,NULL,NULL,NULL,NULL,NULL,NULL,NULL,NULL,NULL),(106,6,0,NULL,NULL,NULL,NULL,NULL,NULL,NULL,NULL,NULL,NULL,NULL,NULL,NULL),(107,6,0,NULL,NULL,NULL,NULL,NULL,NULL,NULL,NULL,NULL,NULL,NULL,NULL,NULL),(108,6,0,NULL,NULL,NULL,NULL,NULL,NULL,NULL,NULL,NULL,NULL,NULL,NULL,NULL),(109,6,0,NULL,NULL,NULL,NULL,NULL,NULL,NULL,NULL,NULL,NULL,NULL,NULL,NULL),(110,6,0,NULL,NULL,NULL,NULL,NULL,NULL,NULL,NULL,NULL,NULL,NULL,NULL,NULL);
/*!40000 ALTER TABLE `FungalInfos_AUD` ENABLE KEYS */;
UNLOCK TABLES;

--
-- Table structure for table `Genotypes`
--

DROP TABLE IF EXISTS `Genotypes`;
/*!40101 SET @saved_cs_client     = @@character_set_client */;
/*!40101 SET character_set_client = utf8 */;
CREATE TABLE `Genotypes` (
  `GenotypeID` int(11) NOT NULL AUTO_INCREMENT,
  `AnalysisProgram` varchar(50) DEFAULT NULL,
  `Dye` varchar(50) DEFAULT NULL,
  `FragmentFileName` varchar(100) NOT NULL,
  `GeneMapperProjectName` varchar(50) DEFAULT NULL,
  `MachineName` varchar(50) DEFAULT NULL,
  `Marker` varchar(50) DEFAULT NULL,
  `Polymer` varchar(50) DEFAULT NULL,
  `ProjectFileName` varchar(100) NOT NULL,
  `SizeStandard` varchar(50) DEFAULT NULL,
  `FragmentID` int(11) DEFAULT NULL,
  `GroupID` int(11) DEFAULT NULL,
  `PcrReactionID` int(11) DEFAULT NULL,
  `SampleID` int(11) DEFAULT NULL,
  `SeqReactionID` int(11) DEFAULT NULL,
  `SpecimenID` int(11) DEFAULT NULL,
  PRIMARY KEY (`GenotypeID`),
  KEY `FK_k7l4tnbth2y7o68pirvugiewk` (`FragmentID`),
  KEY `FK_rpbwh1f9k66r13ma96vy1wmvq` (`GroupID`),
  KEY `FK_rn5embtsuc9p9bbs027gun5px` (`PcrReactionID`),
  KEY `FK_agn2dbwsghp1adwacwp995vsu` (`SampleID`),
  KEY `FK_6v2oc6eppswssh1e5sqe9bnrk` (`SeqReactionID`),
  KEY `FK_3cwj5t84yd9qrhe8q0q9lc95k` (`SpecimenID`),
  CONSTRAINT `FK_3cwj5t84yd9qrhe8q0q9lc95k` FOREIGN KEY (`SpecimenID`) REFERENCES `Specimens` (`SpecimenID`),
  CONSTRAINT `FK_6v2oc6eppswssh1e5sqe9bnrk` FOREIGN KEY (`SeqReactionID`) REFERENCES `SeqReactions` (`SeqReactionID`),
  CONSTRAINT `FK_agn2dbwsghp1adwacwp995vsu` FOREIGN KEY (`SampleID`) REFERENCES `Samples` (`SampleID`),
  CONSTRAINT `FK_k7l4tnbth2y7o68pirvugiewk` FOREIGN KEY (`FragmentID`) REFERENCES `Fragments` (`FragmentID`),
  CONSTRAINT `FK_rn5embtsuc9p9bbs027gun5px` FOREIGN KEY (`PcrReactionID`) REFERENCES `PcrReactions` (`PcrReactionID`),
  CONSTRAINT `FK_rpbwh1f9k66r13ma96vy1wmvq` FOREIGN KEY (`GroupID`) REFERENCES `Groups` (`GroupID`)
) ENGINE=InnoDB AUTO_INCREMENT=103 DEFAULT CHARSET=latin1;
/*!40101 SET character_set_client = @saved_cs_client */;

--
-- Dumping data for table `Genotypes`
--

LOCK TABLES `Genotypes` WRITE;
/*!40000 ALTER TABLE `Genotypes` DISABLE KEYS */;
INSERT INTO `Genotypes` VALUES (1,NULL,'dye1','frag1.fsa','Project 1',NULL,'COI',NULL,'Project 1.csv',NULL,1,1,NULL,NULL,NULL,1),(2,NULL,'dye2','frag2.fsa','Project 2',NULL,'ITS',NULL,'Project 2.csv',NULL,1,1,NULL,NULL,NULL,2),(3,NULL,'dye2','frag_002_A10_Frag#132_SH_ME_PT12_73_SSR_RSA2168_154','Project 3',NULL,'ITS',NULL,'Project 3.csv',NULL,1,2,4,1,4,2),(4,NULL,'dye2','frag2.fsa','Project 4',NULL,'ITS',NULL,'Project 4.csv',NULL,1,2,4,1,4,2),(5,NULL,'dye2','frag2.fsa','Project 5',NULL,'ITS',NULL,'Project 5.csv',NULL,1,2,NULL,NULL,NULL,2),(6,NULL,'dye2','frag2.fsa','Project 6',NULL,'ITS',NULL,'Project 6.csv',NULL,1,2,NULL,NULL,NULL,2),(7,NULL,'','',NULL,NULL,NULL,NULL,'',NULL,NULL,1,NULL,8,NULL,15),(8,NULL,'','',NULL,NULL,NULL,NULL,'',NULL,NULL,1,NULL,9,NULL,16),(9,NULL,'','',NULL,NULL,NULL,NULL,'',NULL,NULL,1,NULL,10,NULL,17),(10,NULL,'','',NULL,NULL,NULL,NULL,'',NULL,NULL,1,NULL,11,NULL,18),(11,NULL,'','',NULL,NULL,NULL,NULL,'',NULL,NULL,1,NULL,12,NULL,19),(12,NULL,'','',NULL,NULL,NULL,NULL,'',NULL,NULL,1,NULL,13,NULL,20),(13,NULL,'','',NULL,NULL,NULL,NULL,'',NULL,NULL,1,NULL,14,NULL,21),(14,NULL,'','',NULL,NULL,NULL,NULL,'',NULL,NULL,1,NULL,15,NULL,22),(15,NULL,'','',NULL,NULL,NULL,NULL,'',NULL,NULL,1,NULL,16,NULL,23),(16,NULL,'','',NULL,NULL,NULL,NULL,'',NULL,NULL,1,NULL,17,NULL,24),(17,NULL,'','',NULL,NULL,NULL,NULL,'',NULL,NULL,1,NULL,18,NULL,25),(18,NULL,'','',NULL,NULL,NULL,NULL,'',NULL,NULL,1,NULL,19,NULL,26),(19,NULL,'','',NULL,NULL,NULL,NULL,'',NULL,NULL,1,NULL,20,NULL,27),(20,NULL,'','',NULL,NULL,NULL,NULL,'',NULL,NULL,1,NULL,21,NULL,28),(21,NULL,'','',NULL,NULL,NULL,NULL,'',NULL,NULL,1,NULL,22,NULL,29),(22,NULL,'','',NULL,NULL,NULL,NULL,'',NULL,NULL,1,NULL,23,NULL,30),(23,NULL,'','',NULL,NULL,NULL,NULL,'',NULL,NULL,1,NULL,24,NULL,31),(24,NULL,'','',NULL,NULL,NULL,NULL,'',NULL,NULL,1,NULL,25,NULL,32),(25,NULL,'','',NULL,NULL,NULL,NULL,'',NULL,NULL,1,NULL,26,NULL,33),(26,NULL,'','',NULL,NULL,NULL,NULL,'',NULL,NULL,1,NULL,27,NULL,34),(27,NULL,'','',NULL,NULL,NULL,NULL,'',NULL,NULL,1,NULL,28,NULL,35),(28,NULL,'','',NULL,NULL,NULL,NULL,'',NULL,NULL,1,NULL,29,NULL,36),(29,NULL,'','',NULL,NULL,NULL,NULL,'',NULL,NULL,1,NULL,30,NULL,37),(30,NULL,'','',NULL,NULL,NULL,NULL,'',NULL,NULL,1,NULL,31,NULL,38),(31,NULL,'','',NULL,NULL,NULL,NULL,'',NULL,NULL,1,NULL,32,NULL,39),(32,NULL,'','',NULL,NULL,NULL,NULL,'',NULL,NULL,1,NULL,33,NULL,40),(33,NULL,'','',NULL,NULL,NULL,NULL,'',NULL,NULL,1,NULL,34,NULL,41),(34,NULL,'','',NULL,NULL,NULL,NULL,'',NULL,NULL,1,NULL,35,NULL,42),(35,NULL,'','',NULL,NULL,NULL,NULL,'',NULL,NULL,1,NULL,36,NULL,43),(36,NULL,'','',NULL,NULL,NULL,NULL,'',NULL,NULL,1,NULL,37,NULL,44),(37,NULL,'','',NULL,NULL,NULL,NULL,'',NULL,NULL,1,NULL,38,NULL,45),(38,NULL,'','',NULL,NULL,NULL,NULL,'',NULL,NULL,1,NULL,39,NULL,46),(39,NULL,'','',NULL,NULL,NULL,NULL,'',NULL,NULL,1,NULL,40,NULL,47),(40,NULL,'','',NULL,NULL,NULL,NULL,'',NULL,NULL,1,NULL,41,NULL,48),(41,NULL,'','',NULL,NULL,NULL,NULL,'',NULL,NULL,1,NULL,42,NULL,49),(42,NULL,'','',NULL,NULL,NULL,NULL,'',NULL,NULL,1,NULL,43,NULL,50),(43,NULL,'','',NULL,NULL,NULL,NULL,'',NULL,NULL,1,NULL,44,NULL,51),(44,NULL,'','',NULL,NULL,NULL,NULL,'',NULL,NULL,1,NULL,45,NULL,52),(45,NULL,'','',NULL,NULL,NULL,NULL,'',NULL,NULL,1,NULL,46,NULL,53),(46,NULL,'','',NULL,NULL,NULL,NULL,'',NULL,NULL,1,NULL,47,NULL,54),(47,NULL,'','',NULL,NULL,NULL,NULL,'',NULL,NULL,1,NULL,48,NULL,55),(48,NULL,'','',NULL,NULL,NULL,NULL,'',NULL,NULL,1,NULL,49,NULL,56),(49,NULL,'','',NULL,NULL,NULL,NULL,'',NULL,NULL,1,NULL,50,NULL,57),(50,NULL,'','',NULL,NULL,NULL,NULL,'',NULL,NULL,1,NULL,51,NULL,58),(51,NULL,'','',NULL,NULL,NULL,NULL,'',NULL,NULL,1,NULL,52,NULL,59),(52,NULL,'','',NULL,NULL,NULL,NULL,'',NULL,NULL,1,NULL,53,NULL,60),(53,NULL,'','',NULL,NULL,NULL,NULL,'',NULL,NULL,1,NULL,54,NULL,61),(54,NULL,'','',NULL,NULL,NULL,NULL,'',NULL,NULL,1,NULL,55,NULL,62),(55,NULL,'','',NULL,NULL,NULL,NULL,'',NULL,NULL,1,NULL,56,NULL,63),(56,NULL,'','',NULL,NULL,NULL,NULL,'',NULL,NULL,1,NULL,57,NULL,64),(57,NULL,'','',NULL,NULL,NULL,NULL,'',NULL,NULL,1,NULL,58,NULL,65),(58,NULL,'','',NULL,NULL,NULL,NULL,'',NULL,NULL,1,NULL,59,NULL,66),(59,NULL,'','',NULL,NULL,NULL,NULL,'',NULL,NULL,1,NULL,60,NULL,67),(60,NULL,'','',NULL,NULL,NULL,NULL,'',NULL,NULL,1,NULL,61,NULL,68),(61,NULL,'','',NULL,NULL,NULL,NULL,'',NULL,NULL,1,NULL,62,NULL,69),(62,NULL,'','',NULL,NULL,NULL,NULL,'',NULL,NULL,1,NULL,63,NULL,70),(63,NULL,'','',NULL,NULL,NULL,NULL,'',NULL,NULL,1,NULL,64,NULL,71),(64,NULL,'','',NULL,NULL,NULL,NULL,'',NULL,NULL,1,NULL,65,NULL,72),(65,NULL,'','',NULL,NULL,NULL,NULL,'',NULL,NULL,1,NULL,66,NULL,73),(66,NULL,'','',NULL,NULL,NULL,NULL,'',NULL,NULL,1,NULL,67,NULL,74),(67,NULL,'','',NULL,NULL,NULL,NULL,'',NULL,NULL,1,NULL,68,NULL,75),(68,NULL,'','',NULL,NULL,NULL,NULL,'',NULL,NULL,1,NULL,69,NULL,76),(69,NULL,'','',NULL,NULL,NULL,NULL,'',NULL,NULL,1,NULL,70,NULL,77),(70,NULL,'','',NULL,NULL,NULL,NULL,'',NULL,NULL,1,NULL,71,NULL,78),(71,NULL,'','',NULL,NULL,NULL,NULL,'',NULL,NULL,1,NULL,72,NULL,79),(72,NULL,'','',NULL,NULL,NULL,NULL,'',NULL,NULL,1,NULL,73,NULL,80),(73,NULL,'','',NULL,NULL,NULL,NULL,'',NULL,NULL,1,NULL,74,NULL,81),(74,NULL,'','',NULL,NULL,NULL,NULL,'',NULL,NULL,1,NULL,75,NULL,82),(75,NULL,'','',NULL,NULL,NULL,NULL,'',NULL,NULL,1,NULL,76,NULL,83),(76,NULL,'','',NULL,NULL,NULL,NULL,'',NULL,NULL,1,NULL,77,NULL,84),(77,NULL,'','',NULL,NULL,NULL,NULL,'',NULL,NULL,1,NULL,78,NULL,85),(78,NULL,'','',NULL,NULL,NULL,NULL,'',NULL,NULL,1,NULL,79,NULL,86),(79,NULL,'','',NULL,NULL,NULL,NULL,'',NULL,NULL,1,NULL,80,NULL,87),(80,NULL,'','',NULL,NULL,NULL,NULL,'',NULL,NULL,1,NULL,81,NULL,88),(81,NULL,'','',NULL,NULL,NULL,NULL,'',NULL,NULL,1,NULL,82,NULL,89),(82,NULL,'','',NULL,NULL,NULL,NULL,'',NULL,NULL,1,NULL,83,NULL,90),(83,NULL,'','',NULL,NULL,NULL,NULL,'',NULL,NULL,1,NULL,84,NULL,91),(84,NULL,'','',NULL,NULL,NULL,NULL,'',NULL,NULL,1,NULL,85,NULL,92),(85,NULL,'','',NULL,NULL,NULL,NULL,'',NULL,NULL,1,NULL,86,NULL,93),(86,NULL,'','',NULL,NULL,NULL,NULL,'',NULL,NULL,1,NULL,87,NULL,94),(87,NULL,'','',NULL,NULL,NULL,NULL,'',NULL,NULL,1,NULL,88,NULL,95),(88,NULL,'','',NULL,NULL,NULL,NULL,'',NULL,NULL,1,NULL,89,NULL,96),(89,NULL,'','',NULL,NULL,NULL,NULL,'',NULL,NULL,1,NULL,90,NULL,97),(90,NULL,'','',NULL,NULL,NULL,NULL,'',NULL,NULL,1,NULL,91,NULL,98),(91,NULL,'','',NULL,NULL,NULL,NULL,'',NULL,NULL,1,NULL,92,NULL,99),(92,NULL,'','',NULL,NULL,NULL,NULL,'',NULL,NULL,1,NULL,93,NULL,100),(93,NULL,'','',NULL,NULL,NULL,NULL,'',NULL,NULL,1,NULL,94,NULL,101),(94,NULL,'','',NULL,NULL,NULL,NULL,'',NULL,NULL,1,NULL,95,NULL,102),(95,NULL,'','',NULL,NULL,NULL,NULL,'',NULL,NULL,1,NULL,96,NULL,103),(96,NULL,'','',NULL,NULL,NULL,NULL,'',NULL,NULL,1,NULL,97,NULL,104),(97,NULL,'','',NULL,NULL,NULL,NULL,'',NULL,NULL,1,NULL,98,NULL,105),(98,NULL,'','',NULL,NULL,NULL,NULL,'',NULL,NULL,1,NULL,99,NULL,106),(99,NULL,'','',NULL,NULL,NULL,NULL,'',NULL,NULL,1,NULL,100,NULL,107),(100,NULL,'','',NULL,NULL,NULL,NULL,'',NULL,NULL,1,NULL,101,NULL,108),(101,NULL,'','',NULL,NULL,NULL,NULL,'',NULL,NULL,1,NULL,102,NULL,109),(102,NULL,'','',NULL,NULL,NULL,NULL,'',NULL,NULL,1,NULL,103,NULL,110);
/*!40000 ALTER TABLE `Genotypes` ENABLE KEYS */;
UNLOCK TABLES;

--
-- Table structure for table `Genotypes_AUD`
--

DROP TABLE IF EXISTS `Genotypes_AUD`;
/*!40101 SET @saved_cs_client     = @@character_set_client */;
/*!40101 SET character_set_client = utf8 */;
CREATE TABLE `Genotypes_AUD` (
  `GenotypeID` int(11) NOT NULL,
  `REV` int(11) NOT NULL,
  `REVTYPE` tinyint(4) DEFAULT NULL,
  `AnalysisProgram` varchar(50) DEFAULT NULL,
  `Dye` varchar(50) DEFAULT NULL,
  `FragmentFileName` varchar(100) DEFAULT NULL,
  `GeneMapperProjectName` varchar(50) DEFAULT NULL,
  `MachineName` varchar(50) DEFAULT NULL,
  `Marker` varchar(50) DEFAULT NULL,
  `Polymer` varchar(50) DEFAULT NULL,
  `ProjectFileName` varchar(100) DEFAULT NULL,
  `SizeStandard` varchar(50) DEFAULT NULL,
  `FragmentID` int(11) DEFAULT NULL,
  `GroupID` int(11) DEFAULT NULL,
  `PcrReactionID` int(11) DEFAULT NULL,
  `SampleID` int(11) DEFAULT NULL,
  `SeqReactionID` int(11) DEFAULT NULL,
  `SpecimenID` int(11) DEFAULT NULL,
  PRIMARY KEY (`GenotypeID`,`REV`),
  KEY `FK_5251so8coqx5l8rxh8yb4kwoq` (`REV`),
  CONSTRAINT `FK_5251so8coqx5l8rxh8yb4kwoq` FOREIGN KEY (`REV`) REFERENCES `Revision` (`id`)
) ENGINE=InnoDB DEFAULT CHARSET=latin1;
/*!40101 SET character_set_client = @saved_cs_client */;

--
-- Dumping data for table `Genotypes_AUD`
--

LOCK TABLES `Genotypes_AUD` WRITE;
/*!40000 ALTER TABLE `Genotypes_AUD` DISABLE KEYS */;
INSERT INTO `Genotypes_AUD` VALUES (1,7,1,NULL,'dye1','frag1.fsa','Project 1',NULL,'COI',NULL,'Project 1.csv',NULL,1,1,NULL,NULL,NULL,1),(2,7,1,NULL,'dye2','frag2.fsa','Project 2',NULL,'ITS',NULL,'Project 2.csv',NULL,1,1,NULL,NULL,NULL,2),(7,6,0,NULL,'','',NULL,NULL,NULL,NULL,'',NULL,NULL,1,NULL,8,NULL,15),(8,6,0,NULL,'','',NULL,NULL,NULL,NULL,'',NULL,NULL,1,NULL,9,NULL,16),(9,6,0,NULL,'','',NULL,NULL,NULL,NULL,'',NULL,NULL,1,NULL,10,NULL,17),(10,6,0,NULL,'','',NULL,NULL,NULL,NULL,'',NULL,NULL,1,NULL,11,NULL,18),(11,6,0,NULL,'','',NULL,NULL,NULL,NULL,'',NULL,NULL,1,NULL,12,NULL,19),(12,6,0,NULL,'','',NULL,NULL,NULL,NULL,'',NULL,NULL,1,NULL,13,NULL,20),(13,6,0,NULL,'','',NULL,NULL,NULL,NULL,'',NULL,NULL,1,NULL,14,NULL,21),(14,6,0,NULL,'','',NULL,NULL,NULL,NULL,'',NULL,NULL,1,NULL,15,NULL,22),(15,6,0,NULL,'','',NULL,NULL,NULL,NULL,'',NULL,NULL,1,NULL,16,NULL,23),(16,6,0,NULL,'','',NULL,NULL,NULL,NULL,'',NULL,NULL,1,NULL,17,NULL,24),(17,6,0,NULL,'','',NULL,NULL,NULL,NULL,'',NULL,NULL,1,NULL,18,NULL,25),(18,6,0,NULL,'','',NULL,NULL,NULL,NULL,'',NULL,NULL,1,NULL,19,NULL,26),(19,6,0,NULL,'','',NULL,NULL,NULL,NULL,'',NULL,NULL,1,NULL,20,NULL,27),(20,6,0,NULL,'','',NULL,NULL,NULL,NULL,'',NULL,NULL,1,NULL,21,NULL,28),(21,6,0,NULL,'','',NULL,NULL,NULL,NULL,'',NULL,NULL,1,NULL,22,NULL,29),(22,6,0,NULL,'','',NULL,NULL,NULL,NULL,'',NULL,NULL,1,NULL,23,NULL,30),(23,6,0,NULL,'','',NULL,NULL,NULL,NULL,'',NULL,NULL,1,NULL,24,NULL,31),(24,6,0,NULL,'','',NULL,NULL,NULL,NULL,'',NULL,NULL,1,NULL,25,NULL,32),(25,6,0,NULL,'','',NULL,NULL,NULL,NULL,'',NULL,NULL,1,NULL,26,NULL,33),(26,6,0,NULL,'','',NULL,NULL,NULL,NULL,'',NULL,NULL,1,NULL,27,NULL,34),(27,6,0,NULL,'','',NULL,NULL,NULL,NULL,'',NULL,NULL,1,NULL,28,NULL,35),(28,6,0,NULL,'','',NULL,NULL,NULL,NULL,'',NULL,NULL,1,NULL,29,NULL,36),(29,6,0,NULL,'','',NULL,NULL,NULL,NULL,'',NULL,NULL,1,NULL,30,NULL,37),(30,6,0,NULL,'','',NULL,NULL,NULL,NULL,'',NULL,NULL,1,NULL,31,NULL,38),(31,6,0,NULL,'','',NULL,NULL,NULL,NULL,'',NULL,NULL,1,NULL,32,NULL,39),(32,6,0,NULL,'','',NULL,NULL,NULL,NULL,'',NULL,NULL,1,NULL,33,NULL,40),(33,6,0,NULL,'','',NULL,NULL,NULL,NULL,'',NULL,NULL,1,NULL,34,NULL,41),(34,6,0,NULL,'','',NULL,NULL,NULL,NULL,'',NULL,NULL,1,NULL,35,NULL,42),(35,6,0,NULL,'','',NULL,NULL,NULL,NULL,'',NULL,NULL,1,NULL,36,NULL,43),(36,6,0,NULL,'','',NULL,NULL,NULL,NULL,'',NULL,NULL,1,NULL,37,NULL,44),(37,6,0,NULL,'','',NULL,NULL,NULL,NULL,'',NULL,NULL,1,NULL,38,NULL,45),(38,6,0,NULL,'','',NULL,NULL,NULL,NULL,'',NULL,NULL,1,NULL,39,NULL,46),(39,6,0,NULL,'','',NULL,NULL,NULL,NULL,'',NULL,NULL,1,NULL,40,NULL,47),(40,6,0,NULL,'','',NULL,NULL,NULL,NULL,'',NULL,NULL,1,NULL,41,NULL,48),(41,6,0,NULL,'','',NULL,NULL,NULL,NULL,'',NULL,NULL,1,NULL,42,NULL,49),(42,6,0,NULL,'','',NULL,NULL,NULL,NULL,'',NULL,NULL,1,NULL,43,NULL,50),(43,6,0,NULL,'','',NULL,NULL,NULL,NULL,'',NULL,NULL,1,NULL,44,NULL,51),(44,6,0,NULL,'','',NULL,NULL,NULL,NULL,'',NULL,NULL,1,NULL,45,NULL,52),(45,6,0,NULL,'','',NULL,NULL,NULL,NULL,'',NULL,NULL,1,NULL,46,NULL,53),(46,6,0,NULL,'','',NULL,NULL,NULL,NULL,'',NULL,NULL,1,NULL,47,NULL,54),(47,6,0,NULL,'','',NULL,NULL,NULL,NULL,'',NULL,NULL,1,NULL,48,NULL,55),(48,6,0,NULL,'','',NULL,NULL,NULL,NULL,'',NULL,NULL,1,NULL,49,NULL,56),(49,6,0,NULL,'','',NULL,NULL,NULL,NULL,'',NULL,NULL,1,NULL,50,NULL,57),(50,6,0,NULL,'','',NULL,NULL,NULL,NULL,'',NULL,NULL,1,NULL,51,NULL,58),(51,6,0,NULL,'','',NULL,NULL,NULL,NULL,'',NULL,NULL,1,NULL,52,NULL,59),(52,6,0,NULL,'','',NULL,NULL,NULL,NULL,'',NULL,NULL,1,NULL,53,NULL,60),(53,6,0,NULL,'','',NULL,NULL,NULL,NULL,'',NULL,NULL,1,NULL,54,NULL,61),(54,6,0,NULL,'','',NULL,NULL,NULL,NULL,'',NULL,NULL,1,NULL,55,NULL,62),(55,6,0,NULL,'','',NULL,NULL,NULL,NULL,'',NULL,NULL,1,NULL,56,NULL,63),(56,6,0,NULL,'','',NULL,NULL,NULL,NULL,'',NULL,NULL,1,NULL,57,NULL,64),(57,6,0,NULL,'','',NULL,NULL,NULL,NULL,'',NULL,NULL,1,NULL,58,NULL,65),(58,6,0,NULL,'','',NULL,NULL,NULL,NULL,'',NULL,NULL,1,NULL,59,NULL,66),(59,6,0,NULL,'','',NULL,NULL,NULL,NULL,'',NULL,NULL,1,NULL,60,NULL,67),(60,6,0,NULL,'','',NULL,NULL,NULL,NULL,'',NULL,NULL,1,NULL,61,NULL,68),(61,6,0,NULL,'','',NULL,NULL,NULL,NULL,'',NULL,NULL,1,NULL,62,NULL,69),(62,6,0,NULL,'','',NULL,NULL,NULL,NULL,'',NULL,NULL,1,NULL,63,NULL,70),(63,6,0,NULL,'','',NULL,NULL,NULL,NULL,'',NULL,NULL,1,NULL,64,NULL,71),(64,6,0,NULL,'','',NULL,NULL,NULL,NULL,'',NULL,NULL,1,NULL,65,NULL,72),(65,6,0,NULL,'','',NULL,NULL,NULL,NULL,'',NULL,NULL,1,NULL,66,NULL,73),(66,6,0,NULL,'','',NULL,NULL,NULL,NULL,'',NULL,NULL,1,NULL,67,NULL,74),(67,6,0,NULL,'','',NULL,NULL,NULL,NULL,'',NULL,NULL,1,NULL,68,NULL,75),(68,6,0,NULL,'','',NULL,NULL,NULL,NULL,'',NULL,NULL,1,NULL,69,NULL,76),(69,6,0,NULL,'','',NULL,NULL,NULL,NULL,'',NULL,NULL,1,NULL,70,NULL,77),(70,6,0,NULL,'','',NULL,NULL,NULL,NULL,'',NULL,NULL,1,NULL,71,NULL,78),(71,6,0,NULL,'','',NULL,NULL,NULL,NULL,'',NULL,NULL,1,NULL,72,NULL,79),(72,6,0,NULL,'','',NULL,NULL,NULL,NULL,'',NULL,NULL,1,NULL,73,NULL,80),(73,6,0,NULL,'','',NULL,NULL,NULL,NULL,'',NULL,NULL,1,NULL,74,NULL,81),(74,6,0,NULL,'','',NULL,NULL,NULL,NULL,'',NULL,NULL,1,NULL,75,NULL,82),(75,6,0,NULL,'','',NULL,NULL,NULL,NULL,'',NULL,NULL,1,NULL,76,NULL,83),(76,6,0,NULL,'','',NULL,NULL,NULL,NULL,'',NULL,NULL,1,NULL,77,NULL,84),(77,6,0,NULL,'','',NULL,NULL,NULL,NULL,'',NULL,NULL,1,NULL,78,NULL,85),(78,6,0,NULL,'','',NULL,NULL,NULL,NULL,'',NULL,NULL,1,NULL,79,NULL,86),(79,6,0,NULL,'','',NULL,NULL,NULL,NULL,'',NULL,NULL,1,NULL,80,NULL,87),(80,6,0,NULL,'','',NULL,NULL,NULL,NULL,'',NULL,NULL,1,NULL,81,NULL,88),(81,6,0,NULL,'','',NULL,NULL,NULL,NULL,'',NULL,NULL,1,NULL,82,NULL,89),(82,6,0,NULL,'','',NULL,NULL,NULL,NULL,'',NULL,NULL,1,NULL,83,NULL,90),(83,6,0,NULL,'','',NULL,NULL,NULL,NULL,'',NULL,NULL,1,NULL,84,NULL,91),(84,6,0,NULL,'','',NULL,NULL,NULL,NULL,'',NULL,NULL,1,NULL,85,NULL,92),(85,6,0,NULL,'','',NULL,NULL,NULL,NULL,'',NULL,NULL,1,NULL,86,NULL,93),(86,6,0,NULL,'','',NULL,NULL,NULL,NULL,'',NULL,NULL,1,NULL,87,NULL,94),(87,6,0,NULL,'','',NULL,NULL,NULL,NULL,'',NULL,NULL,1,NULL,88,NULL,95),(88,6,0,NULL,'','',NULL,NULL,NULL,NULL,'',NULL,NULL,1,NULL,89,NULL,96),(89,6,0,NULL,'','',NULL,NULL,NULL,NULL,'',NULL,NULL,1,NULL,90,NULL,97),(90,6,0,NULL,'','',NULL,NULL,NULL,NULL,'',NULL,NULL,1,NULL,91,NULL,98),(91,6,0,NULL,'','',NULL,NULL,NULL,NULL,'',NULL,NULL,1,NULL,92,NULL,99),(92,6,0,NULL,'','',NULL,NULL,NULL,NULL,'',NULL,NULL,1,NULL,93,NULL,100),(93,6,0,NULL,'','',NULL,NULL,NULL,NULL,'',NULL,NULL,1,NULL,94,NULL,101),(94,6,0,NULL,'','',NULL,NULL,NULL,NULL,'',NULL,NULL,1,NULL,95,NULL,102),(95,6,0,NULL,'','',NULL,NULL,NULL,NULL,'',NULL,NULL,1,NULL,96,NULL,103),(96,6,0,NULL,'','',NULL,NULL,NULL,NULL,'',NULL,NULL,1,NULL,97,NULL,104),(97,6,0,NULL,'','',NULL,NULL,NULL,NULL,'',NULL,NULL,1,NULL,98,NULL,105),(98,6,0,NULL,'','',NULL,NULL,NULL,NULL,'',NULL,NULL,1,NULL,99,NULL,106),(99,6,0,NULL,'','',NULL,NULL,NULL,NULL,'',NULL,NULL,1,NULL,100,NULL,107),(100,6,0,NULL,'','',NULL,NULL,NULL,NULL,'',NULL,NULL,1,NULL,101,NULL,108),(101,6,0,NULL,'','',NULL,NULL,NULL,NULL,'',NULL,NULL,1,NULL,102,NULL,109),(102,6,0,NULL,'','',NULL,NULL,NULL,NULL,'',NULL,NULL,1,NULL,103,NULL,110);
/*!40000 ALTER TABLE `Genotypes_AUD` ENABLE KEYS */;
UNLOCK TABLES;

--
-- Table structure for table `Genotypes_Alleles`
--

DROP TABLE IF EXISTS `Genotypes_Alleles`;
/*!40101 SET @saved_cs_client     = @@character_set_client */;
/*!40101 SET character_set_client = utf8 */;
CREATE TABLE `Genotypes_Alleles` (
  `Genotypes_GenotypeID` int(11) NOT NULL,
  `alleles_ID` int(11) NOT NULL,
  PRIMARY KEY (`Genotypes_GenotypeID`,`alleles_ID`),
  UNIQUE KEY `UK_p9aeysdiexcu7dr041maq74bd` (`alleles_ID`),
  CONSTRAINT `FK_jsstmpg0ykv0ka19vwsjh86ap` FOREIGN KEY (`Genotypes_GenotypeID`) REFERENCES `Genotypes` (`GenotypeID`),
  CONSTRAINT `FK_p9aeysdiexcu7dr041maq74bd` FOREIGN KEY (`alleles_ID`) REFERENCES `Alleles` (`ID`)
) ENGINE=InnoDB DEFAULT CHARSET=latin1;
/*!40101 SET character_set_client = @saved_cs_client */;

--
-- Dumping data for table `Genotypes_Alleles`
--

LOCK TABLES `Genotypes_Alleles` WRITE;
/*!40000 ALTER TABLE `Genotypes_Alleles` DISABLE KEYS */;
INSERT INTO `Genotypes_Alleles` VALUES (1,1),(1,2),(2,3),(2,4),(7,5),(7,6),(7,7),(7,8),(7,9),(7,10),(7,11),(7,12),(7,13),(7,14),(7,15),(7,16),(7,17),(7,18),(7,19),(8,20),(8,21),(8,22),(8,23),(8,24),(8,25),(8,26),(8,27),(8,28),(8,29),(8,30),(8,31),(8,32),(8,33),(8,34),(9,35),(9,36),(9,37),(9,38),(9,39),(9,40),(9,41),(9,42),(9,43),(9,44),(9,45),(9,46),(9,47),(9,48),(9,49),(10,50),(10,51),(10,52),(10,53),(10,54),(10,55),(10,56),(10,57),(10,58),(10,59),(10,60),(10,61),(10,62),(10,63),(10,64),(11,65),(11,66),(11,67),(11,68),(11,69),(11,70),(11,71),(11,72),(11,73),(11,74),(11,75),(11,76),(11,77),(11,78),(11,79),(12,80),(12,81),(12,82),(12,83),(12,84),(12,85),(12,86),(12,87),(12,88),(12,89),(12,90),(12,91),(12,92),(12,93),(12,94),(13,95),(13,96),(13,97),(13,98),(13,99),(13,100),(13,101),(13,102),(13,103),(13,104),(13,105),(13,106),(13,107),(13,108),(13,109),(14,110),(14,111),(14,112),(14,113),(14,114),(14,115),(14,116),(14,117),(14,118),(14,119),(14,120),(14,121),(14,122),(14,123),(14,124),(15,125),(15,126),(15,127),(15,128),(15,129),(15,130),(15,131),(15,132),(15,133),(15,134),(15,135),(15,136),(15,137),(15,138),(15,139),(16,140),(16,141),(16,142),(16,143),(16,144),(16,145),(16,146),(16,147),(16,148),(16,149),(16,150),(16,151),(16,152),(16,153),(16,154),(17,155),(17,156),(17,157),(17,158),(17,159),(17,160),(17,161),(17,162),(17,163),(17,164),(17,165),(17,166),(17,167),(17,168),(17,169),(18,170),(18,171),(18,172),(18,173),(18,174),(18,175),(18,176),(18,177),(18,178),(18,179),(18,180),(18,181),(18,182),(18,183),(18,184),(19,185),(19,186),(19,187),(19,188),(19,189),(19,190),(19,191),(19,192),(19,193),(19,194),(19,195),(19,196),(19,197),(19,198),(19,199),(20,200),(20,201),(20,202),(20,203),(20,204),(20,205),(20,206),(20,207),(20,208),(20,209),(20,210),(20,211),(20,212),(20,213),(20,214),(21,215),(21,216),(21,217),(21,218),(21,219),(21,220),(21,221),(21,222),(21,223),(21,224),(21,225),(21,226),(21,227),(21,228),(21,229),(22,230),(22,231),(22,232),(22,233),(22,234),(22,235),(22,236),(22,237),(22,238),(22,239),(22,240),(22,241),(22,242),(22,243),(22,244),(23,245),(23,246),(23,247),(23,248),(23,249),(23,250),(23,251),(23,252),(23,253),(23,254),(23,255),(23,256),(23,257),(23,258),(23,259),(24,260),(24,261),(24,262),(24,263),(24,264),(24,265),(24,266),(24,267),(24,268),(24,269),(24,270),(24,271),(24,272),(24,273),(24,274),(25,275),(25,276),(25,277),(25,278),(25,279),(25,280),(25,281),(25,282),(25,283),(25,284),(25,285),(25,286),(25,287),(25,288),(25,289),(26,290),(26,291),(26,292),(26,293),(26,294),(26,295),(26,296),(26,297),(26,298),(26,299),(26,300),(26,301),(26,302),(26,303),(26,304),(27,305),(27,306),(27,307),(27,308),(27,309),(27,310),(27,311),(27,312),(27,313),(27,314),(27,315),(27,316),(27,317),(27,318),(27,319),(28,320),(28,321),(28,322),(28,323),(28,324),(28,325),(28,326),(28,327),(28,328),(28,329),(28,330),(28,331),(28,332),(28,333),(28,334),(29,335),(29,336),(29,337),(29,338),(29,339),(29,340),(29,341),(29,342),(29,343),(29,344),(29,345),(29,346),(29,347),(29,348),(29,349),(30,350),(30,351),(30,352),(30,353),(30,354),(30,355),(30,356),(30,357),(30,358),(30,359),(30,360),(30,361),(30,362),(30,363),(30,364),(31,365),(31,366),(31,367),(31,368),(31,369),(31,370),(31,371),(31,372),(31,373),(31,374),(31,375),(31,376),(31,377),(31,378),(31,379),(32,380),(32,381),(32,382),(32,383),(32,384),(32,385),(32,386),(32,387),(32,388),(32,389),(32,390),(32,391),(32,392),(32,393),(32,394),(33,395),(33,396),(33,397),(33,398),(33,399),(33,400),(33,401),(33,402),(33,403),(33,404),(33,405),(33,406),(33,407),(33,408),(33,409),(34,410),(34,411),(34,412),(34,413),(34,414),(34,415),(34,416),(34,417),(34,418),(34,419),(34,420),(34,421),(34,422),(34,423),(34,424),(35,425),(35,426),(35,427),(35,428),(35,429),(35,430),(35,431),(35,432),(35,433),(35,434),(35,435),(35,436),(35,437),(35,438),(35,439),(36,440),(36,441),(36,442),(36,443),(36,444),(36,445),(36,446),(36,447),(36,448),(36,449),(36,450),(36,451),(36,452),(36,453),(36,454),(37,455),(37,456),(37,457),(37,458),(37,459),(37,460),(37,461),(37,462),(37,463),(37,464),(37,465),(37,466),(37,467),(37,468),(37,469),(38,470),(38,471),(38,472),(38,473),(38,474),(38,475),(38,476),(38,477),(38,478),(38,479),(38,480),(38,481),(38,482),(38,483),(38,484),(39,485),(39,486),(39,487),(39,488),(39,489),(39,490),(39,491),(39,492),(39,493),(39,494),(39,495),(39,496),(39,497),(39,498),(39,499),(40,500),(40,501),(40,502),(40,503),(40,504),(40,505),(40,506),(40,507),(40,508),(40,509),(40,510),(40,511),(40,512),(40,513),(40,514),(41,515),(41,516),(41,517),(41,518),(41,519),(41,520),(41,521),(41,522),(41,523),(41,524),(41,525),(41,526),(41,527),(41,528),(41,529),(42,530),(42,531),(42,532),(42,533),(42,534),(42,535),(42,536),(42,537),(42,538),(42,539),(42,540),(42,541),(42,542),(42,543),(42,544),(43,545),(43,546),(43,547),(43,548),(43,549),(43,550),(43,551),(43,552),(43,553),(43,554),(43,555),(43,556),(43,557),(43,558),(43,559),(44,560),(44,561),(44,562),(44,563),(44,564),(44,565),(44,566),(44,567),(44,568),(44,569),(44,570),(44,571),(44,572),(44,573),(44,574),(45,575),(45,576),(45,577),(45,578),(45,579),(45,580),(45,581),(45,582),(45,583),(45,584),(45,585),(45,586),(45,587),(45,588),(45,589),(46,590),(46,591),(46,592),(46,593),(46,594),(46,595),(46,596),(46,597),(46,598),(46,599),(46,600),(46,601),(46,602),(46,603),(46,604),(47,605),(47,606),(47,607),(47,608),(47,609),(47,610),(47,611),(47,612),(47,613),(47,614),(47,615),(47,616),(47,617),(47,618),(47,619),(48,620),(48,621),(48,622),(48,623),(48,624),(48,625),(48,626),(48,627),(48,628),(48,629),(48,630),(48,631),(48,632),(48,633),(48,634),(49,635),(49,636),(49,637),(49,638),(49,639),(49,640),(49,641),(49,642),(49,643),(49,644),(49,645),(49,646),(49,647),(49,648),(49,649),(50,650),(50,651),(50,652),(50,653),(50,654),(50,655),(50,656),(50,657),(50,658),(50,659),(50,660),(50,661),(50,662),(50,663),(50,664),(51,665),(51,666),(51,667),(51,668),(51,669),(51,670),(51,671),(51,672),(51,673),(51,674),(51,675),(51,676),(51,677),(51,678),(51,679),(52,680),(52,681),(52,682),(52,683),(52,684),(52,685),(52,686),(52,687),(52,688),(52,689),(52,690),(52,691),(52,692),(52,693),(52,694),(53,695),(53,696),(53,697),(53,698),(53,699),(53,700),(53,701),(53,702),(53,703),(53,704),(53,705),(53,706),(53,707),(53,708),(53,709),(54,710),(54,711),(54,712),(54,713),(54,714),(54,715),(54,716),(54,717),(54,718),(54,719),(54,720),(54,721),(54,722),(54,723),(54,724),(55,725),(55,726),(55,727),(55,728),(55,729),(55,730),(55,731),(55,732),(55,733),(55,734),(55,735),(55,736),(55,737),(55,738),(55,739),(56,740),(56,741),(56,742),(56,743),(56,744),(56,745),(56,746),(56,747),(56,748),(56,749),(56,750),(56,751),(56,752),(56,753),(56,754),(57,755),(57,756),(57,757),(57,758),(57,759),(57,760),(57,761),(57,762),(57,763),(57,764),(57,765),(57,766),(57,767),(57,768),(57,769),(58,770),(58,771),(58,772),(58,773),(58,774),(58,775),(58,776),(58,777),(58,778),(58,779),(58,780),(58,781),(58,782),(58,783),(58,784),(59,785),(59,786),(59,787),(59,788),(59,789),(59,790),(59,791),(59,792),(59,793),(59,794),(59,795),(59,796),(59,797),(59,798),(59,799),(60,800),(60,801),(60,802),(60,803),(60,804),(60,805),(60,806),(60,807),(60,808),(60,809),(60,810),(60,811),(60,812),(60,813),(60,814),(61,815),(61,816),(61,817),(61,818),(61,819),(61,820),(61,821),(61,822),(61,823),(61,824),(61,825),(61,826),(61,827),(61,828),(61,829),(62,830),(62,831),(62,832),(62,833),(62,834),(62,835),(62,836),(62,837),(62,838),(62,839),(62,840),(62,841),(62,842),(62,843),(62,844),(63,845),(63,846),(63,847),(63,848),(63,849),(63,850),(63,851),(63,852),(63,853),(63,854),(63,855),(63,856),(63,857),(63,858),(63,859),(64,860),(64,861),(64,862),(64,863),(64,864),(64,865),(64,866),(64,867),(64,868),(64,869),(64,870),(64,871),(64,872),(64,873),(64,874),(65,875),(65,876),(65,877),(65,878),(65,879),(65,880),(65,881),(65,882),(65,883),(65,884),(65,885),(65,886),(65,887),(65,888),(65,889),(66,890),(66,891),(66,892),(66,893),(66,894),(66,895),(66,896),(66,897),(66,898),(66,899),(66,900),(66,901),(66,902),(66,903),(66,904),(67,905),(67,906),(67,907),(67,908),(67,909),(67,910),(67,911),(67,912),(67,913),(67,914),(67,915),(67,916),(67,917),(67,918),(67,919),(68,920),(68,921),(68,922),(68,923),(68,924),(68,925),(68,926),(68,927),(68,928),(68,929),(68,930),(68,931),(68,932),(68,933),(68,934),(69,935),(69,936),(69,937),(69,938),(69,939),(69,940),(69,941),(69,942),(69,943),(69,944),(69,945),(69,946),(69,947),(69,948),(69,949),(70,950),(70,951),(70,952),(70,953),(70,954),(70,955),(70,956),(70,957),(70,958),(70,959),(70,960),(70,961),(70,962),(70,963),(70,964),(71,965),(71,966),(71,967),(71,968),(71,969),(71,970),(71,971),(71,972),(71,973),(71,974),(71,975),(71,976),(71,977),(71,978),(71,979),(72,980),(72,981),(72,982),(72,983),(72,984),(72,985),(72,986),(72,987),(72,988),(72,989),(72,990),(72,991),(72,992),(72,993),(72,994),(73,995),(73,996),(73,997),(73,998),(73,999),(73,1000),(73,1001),(73,1002),(73,1003),(73,1004),(73,1005),(73,1006),(73,1007),(73,1008),(73,1009),(74,1010),(74,1011),(74,1012),(74,1013),(74,1014),(74,1015),(74,1016),(74,1017),(74,1018),(74,1019),(74,1020),(74,1021),(74,1022),(74,1023),(74,1024),(75,1025),(75,1026),(75,1027),(75,1028),(75,1029),(75,1030),(75,1031),(75,1032),(75,1033),(75,1034),(75,1035),(75,1036),(75,1037),(75,1038),(75,1039),(76,1040),(76,1041),(76,1042),(76,1043),(76,1044),(76,1045),(76,1046),(76,1047),(76,1048),(76,1049),(76,1050),(76,1051),(76,1052),(76,1053),(76,1054),(77,1055),(77,1056),(77,1057),(77,1058),(77,1059),(77,1060),(77,1061),(77,1062),(77,1063),(77,1064),(77,1065),(77,1066),(77,1067),(77,1068),(77,1069),(78,1070),(78,1071),(78,1072),(78,1073),(78,1074),(78,1075),(78,1076),(78,1077),(78,1078),(78,1079),(78,1080),(78,1081),(78,1082),(78,1083),(78,1084),(79,1085),(79,1086),(79,1087),(79,1088),(79,1089),(79,1090),(79,1091),(79,1092),(79,1093),(79,1094),(79,1095),(79,1096),(79,1097),(79,1098),(79,1099),(80,1100),(80,1101),(80,1102),(80,1103),(80,1104),(80,1105),(80,1106),(80,1107),(80,1108),(80,1109),(80,1110),(80,1111),(80,1112),(80,1113),(80,1114),(81,1115),(81,1116),(81,1117),(81,1118),(81,1119),(81,1120),(81,1121),(81,1122),(81,1123),(81,1124),(81,1125),(81,1126),(81,1127),(81,1128),(81,1129),(82,1130),(82,1131),(82,1132),(82,1133),(82,1134),(82,1135),(82,1136),(82,1137),(82,1138),(82,1139),(82,1140),(82,1141),(82,1142),(82,1143),(82,1144),(83,1145),(83,1146),(83,1147),(83,1148),(83,1149),(83,1150),(83,1151),(83,1152),(83,1153),(83,1154),(83,1155),(83,1156),(83,1157),(83,1158),(83,1159),(84,1160),(84,1161),(84,1162),(84,1163),(84,1164),(84,1165),(84,1166),(84,1167),(84,1168),(84,1169),(84,1170),(84,1171),(84,1172),(84,1173),(84,1174),(85,1175),(85,1176),(85,1177),(85,1178),(85,1179),(85,1180),(85,1181),(85,1182),(85,1183),(85,1184),(85,1185),(85,1186),(85,1187),(85,1188),(85,1189),(86,1190),(86,1191),(86,1192),(86,1193),(86,1194),(86,1195),(86,1196),(86,1197),(86,1198),(86,1199),(86,1200),(86,1201),(86,1202),(86,1203),(86,1204),(87,1205),(87,1206),(87,1207),(87,1208),(87,1209),(87,1210),(87,1211),(87,1212),(87,1213),(87,1214),(87,1215),(87,1216),(87,1217),(87,1218),(87,1219),(88,1220),(88,1221),(88,1222),(88,1223),(88,1224),(88,1225),(88,1226),(88,1227),(88,1228),(88,1229),(88,1230),(88,1231),(88,1232),(88,1233),(88,1234),(89,1235),(89,1236),(89,1237),(89,1238),(89,1239),(89,1240),(89,1241),(89,1242),(89,1243),(89,1244),(89,1245),(89,1246),(89,1247),(89,1248),(89,1249),(90,1250),(90,1251),(90,1252),(90,1253),(90,1254),(90,1255),(90,1256),(90,1257),(90,1258),(90,1259),(90,1260),(90,1261),(90,1262),(90,1263),(90,1264),(91,1265),(91,1266),(91,1267),(91,1268),(91,1269),(91,1270),(91,1271),(91,1272),(91,1273),(91,1274),(91,1275),(91,1276),(91,1277),(91,1278),(91,1279),(92,1280),(92,1281),(92,1282),(92,1283),(92,1284),(92,1285),(92,1286),(92,1287),(92,1288),(92,1289),(92,1290),(92,1291),(92,1292),(92,1293),(92,1294),(93,1295),(93,1296),(93,1297),(93,1298),(93,1299),(93,1300),(93,1301),(93,1302),(93,1303),(93,1304),(93,1305),(93,1306),(93,1307),(93,1308),(93,1309),(94,1310),(94,1311),(94,1312),(94,1313),(94,1314),(94,1315),(94,1316),(94,1317),(94,1318),(94,1319),(94,1320),(94,1321),(94,1322),(94,1323),(94,1324),(95,1325),(95,1326),(95,1327),(95,1328),(95,1329),(95,1330),(95,1331),(95,1332),(95,1333),(95,1334),(95,1335),(95,1336),(95,1337),(95,1338),(95,1339),(96,1340),(96,1341),(96,1342),(96,1343),(96,1344),(96,1345),(96,1346),(96,1347),(96,1348),(96,1349),(96,1350),(96,1351),(96,1352),(96,1353),(96,1354),(97,1355),(97,1356),(97,1357),(97,1358),(97,1359),(97,1360),(97,1361),(97,1362),(97,1363),(97,1364),(97,1365),(97,1366),(97,1367),(97,1368),(97,1369),(98,1370),(98,1371),(98,1372),(98,1373),(98,1374),(98,1375),(98,1376),(98,1377),(98,1378),(98,1379),(98,1380),(98,1381),(98,1382),(98,1383),(98,1384),(99,1385),(99,1386),(99,1387),(99,1388),(99,1389),(99,1390),(99,1391),(99,1392),(99,1393),(99,1394),(99,1395),(99,1396),(99,1397),(99,1398),(99,1399),(100,1400),(100,1401),(100,1402),(100,1403),(100,1404),(100,1405),(100,1406),(100,1407),(100,1408),(100,1409),(100,1410),(100,1411),(100,1412),(100,1413),(100,1414),(101,1415),(101,1416),(101,1417),(101,1418),(101,1419),(101,1420),(101,1421),(101,1422),(101,1423),(101,1424),(101,1425),(101,1426),(101,1427),(101,1428),(101,1429),(102,1430),(102,1431),(102,1432),(102,1433),(102,1434),(102,1435),(102,1436),(102,1437),(102,1438),(102,1439),(102,1440),(102,1441),(102,1442),(102,1443),(102,1444);
/*!40000 ALTER TABLE `Genotypes_Alleles` ENABLE KEYS */;
UNLOCK TABLES;

--
-- Table structure for table `Genotypes_Alleles_AUD`
--

DROP TABLE IF EXISTS `Genotypes_Alleles_AUD`;
/*!40101 SET @saved_cs_client     = @@character_set_client */;
/*!40101 SET character_set_client = utf8 */;
CREATE TABLE `Genotypes_Alleles_AUD` (
  `REV` int(11) NOT NULL,
  `Genotypes_GenotypeID` int(11) NOT NULL,
  `alleles_ID` int(11) NOT NULL,
  `REVTYPE` tinyint(4) DEFAULT NULL,
  PRIMARY KEY (`REV`,`Genotypes_GenotypeID`,`alleles_ID`),
  CONSTRAINT `FK_9544thckmnk9s5b7pnnhebp6l` FOREIGN KEY (`REV`) REFERENCES `Revision` (`id`)
) ENGINE=InnoDB DEFAULT CHARSET=latin1;
/*!40101 SET character_set_client = @saved_cs_client */;

--
-- Dumping data for table `Genotypes_Alleles_AUD`
--

LOCK TABLES `Genotypes_Alleles_AUD` WRITE;
/*!40000 ALTER TABLE `Genotypes_Alleles_AUD` DISABLE KEYS */;
INSERT INTO `Genotypes_Alleles_AUD` VALUES (6,7,5,0),(6,7,6,0),(6,7,7,0),(6,7,8,0),(6,7,9,0),(6,7,10,0),(6,7,11,0),(6,7,12,0),(6,7,13,0),(6,7,14,0),(6,7,15,0),(6,7,16,0),(6,7,17,0),(6,7,18,0),(6,7,19,0),(6,8,20,0),(6,8,21,0),(6,8,22,0),(6,8,23,0),(6,8,24,0),(6,8,25,0),(6,8,26,0),(6,8,27,0),(6,8,28,0),(6,8,29,0),(6,8,30,0),(6,8,31,0),(6,8,32,0),(6,8,33,0),(6,8,34,0),(6,9,35,0),(6,9,36,0),(6,9,37,0),(6,9,38,0),(6,9,39,0),(6,9,40,0),(6,9,41,0),(6,9,42,0),(6,9,43,0),(6,9,44,0),(6,9,45,0),(6,9,46,0),(6,9,47,0),(6,9,48,0),(6,9,49,0),(6,10,50,0),(6,10,51,0),(6,10,52,0),(6,10,53,0),(6,10,54,0),(6,10,55,0),(6,10,56,0),(6,10,57,0),(6,10,58,0),(6,10,59,0),(6,10,60,0),(6,10,61,0),(6,10,62,0),(6,10,63,0),(6,10,64,0),(6,11,65,0),(6,11,66,0),(6,11,67,0),(6,11,68,0),(6,11,69,0),(6,11,70,0),(6,11,71,0),(6,11,72,0),(6,11,73,0),(6,11,74,0),(6,11,75,0),(6,11,76,0),(6,11,77,0),(6,11,78,0),(6,11,79,0),(6,12,80,0),(6,12,81,0),(6,12,82,0),(6,12,83,0),(6,12,84,0),(6,12,85,0),(6,12,86,0),(6,12,87,0),(6,12,88,0),(6,12,89,0),(6,12,90,0),(6,12,91,0),(6,12,92,0),(6,12,93,0),(6,12,94,0),(6,13,95,0),(6,13,96,0),(6,13,97,0),(6,13,98,0),(6,13,99,0),(6,13,100,0),(6,13,101,0),(6,13,102,0),(6,13,103,0),(6,13,104,0),(6,13,105,0),(6,13,106,0),(6,13,107,0),(6,13,108,0),(6,13,109,0),(6,14,110,0),(6,14,111,0),(6,14,112,0),(6,14,113,0),(6,14,114,0),(6,14,115,0),(6,14,116,0),(6,14,117,0),(6,14,118,0),(6,14,119,0),(6,14,120,0),(6,14,121,0),(6,14,122,0),(6,14,123,0),(6,14,124,0),(6,15,125,0),(6,15,126,0),(6,15,127,0),(6,15,128,0),(6,15,129,0),(6,15,130,0),(6,15,131,0),(6,15,132,0),(6,15,133,0),(6,15,134,0),(6,15,135,0),(6,15,136,0),(6,15,137,0),(6,15,138,0),(6,15,139,0),(6,16,140,0),(6,16,141,0),(6,16,142,0),(6,16,143,0),(6,16,144,0),(6,16,145,0),(6,16,146,0),(6,16,147,0),(6,16,148,0),(6,16,149,0),(6,16,150,0),(6,16,151,0),(6,16,152,0),(6,16,153,0),(6,16,154,0),(6,17,155,0),(6,17,156,0),(6,17,157,0),(6,17,158,0),(6,17,159,0),(6,17,160,0),(6,17,161,0),(6,17,162,0),(6,17,163,0),(6,17,164,0),(6,17,165,0),(6,17,166,0),(6,17,167,0),(6,17,168,0),(6,17,169,0),(6,18,170,0),(6,18,171,0),(6,18,172,0),(6,18,173,0),(6,18,174,0),(6,18,175,0),(6,18,176,0),(6,18,177,0),(6,18,178,0),(6,18,179,0),(6,18,180,0),(6,18,181,0),(6,18,182,0),(6,18,183,0),(6,18,184,0),(6,19,185,0),(6,19,186,0),(6,19,187,0),(6,19,188,0),(6,19,189,0),(6,19,190,0),(6,19,191,0),(6,19,192,0),(6,19,193,0),(6,19,194,0),(6,19,195,0),(6,19,196,0),(6,19,197,0),(6,19,198,0),(6,19,199,0),(6,20,200,0),(6,20,201,0),(6,20,202,0),(6,20,203,0),(6,20,204,0),(6,20,205,0),(6,20,206,0),(6,20,207,0),(6,20,208,0),(6,20,209,0),(6,20,210,0),(6,20,211,0),(6,20,212,0),(6,20,213,0),(6,20,214,0),(6,21,215,0),(6,21,216,0),(6,21,217,0),(6,21,218,0),(6,21,219,0),(6,21,220,0),(6,21,221,0),(6,21,222,0),(6,21,223,0),(6,21,224,0),(6,21,225,0),(6,21,226,0),(6,21,227,0),(6,21,228,0),(6,21,229,0),(6,22,230,0),(6,22,231,0),(6,22,232,0),(6,22,233,0),(6,22,234,0),(6,22,235,0),(6,22,236,0),(6,22,237,0),(6,22,238,0),(6,22,239,0),(6,22,240,0),(6,22,241,0),(6,22,242,0),(6,22,243,0),(6,22,244,0),(6,23,245,0),(6,23,246,0),(6,23,247,0),(6,23,248,0),(6,23,249,0),(6,23,250,0),(6,23,251,0),(6,23,252,0),(6,23,253,0),(6,23,254,0),(6,23,255,0),(6,23,256,0),(6,23,257,0),(6,23,258,0),(6,23,259,0),(6,24,260,0),(6,24,261,0),(6,24,262,0),(6,24,263,0),(6,24,264,0),(6,24,265,0),(6,24,266,0),(6,24,267,0),(6,24,268,0),(6,24,269,0),(6,24,270,0),(6,24,271,0),(6,24,272,0),(6,24,273,0),(6,24,274,0),(6,25,275,0),(6,25,276,0),(6,25,277,0),(6,25,278,0),(6,25,279,0),(6,25,280,0),(6,25,281,0),(6,25,282,0),(6,25,283,0),(6,25,284,0),(6,25,285,0),(6,25,286,0),(6,25,287,0),(6,25,288,0),(6,25,289,0),(6,26,290,0),(6,26,291,0),(6,26,292,0),(6,26,293,0),(6,26,294,0),(6,26,295,0),(6,26,296,0),(6,26,297,0),(6,26,298,0),(6,26,299,0),(6,26,300,0),(6,26,301,0),(6,26,302,0),(6,26,303,0),(6,26,304,0),(6,27,305,0),(6,27,306,0),(6,27,307,0),(6,27,308,0),(6,27,309,0),(6,27,310,0),(6,27,311,0),(6,27,312,0),(6,27,313,0),(6,27,314,0),(6,27,315,0),(6,27,316,0),(6,27,317,0),(6,27,318,0),(6,27,319,0),(6,28,320,0),(6,28,321,0),(6,28,322,0),(6,28,323,0),(6,28,324,0),(6,28,325,0),(6,28,326,0),(6,28,327,0),(6,28,328,0),(6,28,329,0),(6,28,330,0),(6,28,331,0),(6,28,332,0),(6,28,333,0),(6,28,334,0),(6,29,335,0),(6,29,336,0),(6,29,337,0),(6,29,338,0),(6,29,339,0),(6,29,340,0),(6,29,341,0),(6,29,342,0),(6,29,343,0),(6,29,344,0),(6,29,345,0),(6,29,346,0),(6,29,347,0),(6,29,348,0),(6,29,349,0),(6,30,350,0),(6,30,351,0),(6,30,352,0),(6,30,353,0),(6,30,354,0),(6,30,355,0),(6,30,356,0),(6,30,357,0),(6,30,358,0),(6,30,359,0),(6,30,360,0),(6,30,361,0),(6,30,362,0),(6,30,363,0),(6,30,364,0),(6,31,365,0),(6,31,366,0),(6,31,367,0),(6,31,368,0),(6,31,369,0),(6,31,370,0),(6,31,371,0),(6,31,372,0),(6,31,373,0),(6,31,374,0),(6,31,375,0),(6,31,376,0),(6,31,377,0),(6,31,378,0),(6,31,379,0),(6,32,380,0),(6,32,381,0),(6,32,382,0),(6,32,383,0),(6,32,384,0),(6,32,385,0),(6,32,386,0),(6,32,387,0),(6,32,388,0),(6,32,389,0),(6,32,390,0),(6,32,391,0),(6,32,392,0),(6,32,393,0),(6,32,394,0),(6,33,395,0),(6,33,396,0),(6,33,397,0),(6,33,398,0),(6,33,399,0),(6,33,400,0),(6,33,401,0),(6,33,402,0),(6,33,403,0),(6,33,404,0),(6,33,405,0),(6,33,406,0),(6,33,407,0),(6,33,408,0),(6,33,409,0),(6,34,410,0),(6,34,411,0),(6,34,412,0),(6,34,413,0),(6,34,414,0),(6,34,415,0),(6,34,416,0),(6,34,417,0),(6,34,418,0),(6,34,419,0),(6,34,420,0),(6,34,421,0),(6,34,422,0),(6,34,423,0),(6,34,424,0),(6,35,425,0),(6,35,426,0),(6,35,427,0),(6,35,428,0),(6,35,429,0),(6,35,430,0),(6,35,431,0),(6,35,432,0),(6,35,433,0),(6,35,434,0),(6,35,435,0),(6,35,436,0),(6,35,437,0),(6,35,438,0),(6,35,439,0),(6,36,440,0),(6,36,441,0),(6,36,442,0),(6,36,443,0),(6,36,444,0),(6,36,445,0),(6,36,446,0),(6,36,447,0),(6,36,448,0),(6,36,449,0),(6,36,450,0),(6,36,451,0),(6,36,452,0),(6,36,453,0),(6,36,454,0),(6,37,455,0),(6,37,456,0),(6,37,457,0),(6,37,458,0),(6,37,459,0),(6,37,460,0),(6,37,461,0),(6,37,462,0),(6,37,463,0),(6,37,464,0),(6,37,465,0),(6,37,466,0),(6,37,467,0),(6,37,468,0),(6,37,469,0),(6,38,470,0),(6,38,471,0),(6,38,472,0),(6,38,473,0),(6,38,474,0),(6,38,475,0),(6,38,476,0),(6,38,477,0),(6,38,478,0),(6,38,479,0),(6,38,480,0),(6,38,481,0),(6,38,482,0),(6,38,483,0),(6,38,484,0),(6,39,485,0),(6,39,486,0),(6,39,487,0),(6,39,488,0),(6,39,489,0),(6,39,490,0),(6,39,491,0),(6,39,492,0),(6,39,493,0),(6,39,494,0),(6,39,495,0),(6,39,496,0),(6,39,497,0),(6,39,498,0),(6,39,499,0),(6,40,500,0),(6,40,501,0),(6,40,502,0),(6,40,503,0),(6,40,504,0),(6,40,505,0),(6,40,506,0),(6,40,507,0),(6,40,508,0),(6,40,509,0),(6,40,510,0),(6,40,511,0),(6,40,512,0),(6,40,513,0),(6,40,514,0),(6,41,515,0),(6,41,516,0),(6,41,517,0),(6,41,518,0),(6,41,519,0),(6,41,520,0),(6,41,521,0),(6,41,522,0),(6,41,523,0),(6,41,524,0),(6,41,525,0),(6,41,526,0),(6,41,527,0),(6,41,528,0),(6,41,529,0),(6,42,530,0),(6,42,531,0),(6,42,532,0),(6,42,533,0),(6,42,534,0),(6,42,535,0),(6,42,536,0),(6,42,537,0),(6,42,538,0),(6,42,539,0),(6,42,540,0),(6,42,541,0),(6,42,542,0),(6,42,543,0),(6,42,544,0),(6,43,545,0),(6,43,546,0),(6,43,547,0),(6,43,548,0),(6,43,549,0),(6,43,550,0),(6,43,551,0),(6,43,552,0),(6,43,553,0),(6,43,554,0),(6,43,555,0),(6,43,556,0),(6,43,557,0),(6,43,558,0),(6,43,559,0),(6,44,560,0),(6,44,561,0),(6,44,562,0),(6,44,563,0),(6,44,564,0),(6,44,565,0),(6,44,566,0),(6,44,567,0),(6,44,568,0),(6,44,569,0),(6,44,570,0),(6,44,571,0),(6,44,572,0),(6,44,573,0),(6,44,574,0),(6,45,575,0),(6,45,576,0),(6,45,577,0),(6,45,578,0),(6,45,579,0),(6,45,580,0),(6,45,581,0),(6,45,582,0),(6,45,583,0),(6,45,584,0),(6,45,585,0),(6,45,586,0),(6,45,587,0),(6,45,588,0),(6,45,589,0),(6,46,590,0),(6,46,591,0),(6,46,592,0),(6,46,593,0),(6,46,594,0),(6,46,595,0),(6,46,596,0),(6,46,597,0),(6,46,598,0),(6,46,599,0),(6,46,600,0),(6,46,601,0),(6,46,602,0),(6,46,603,0),(6,46,604,0),(6,47,605,0),(6,47,606,0),(6,47,607,0),(6,47,608,0),(6,47,609,0),(6,47,610,0),(6,47,611,0),(6,47,612,0),(6,47,613,0),(6,47,614,0),(6,47,615,0),(6,47,616,0),(6,47,617,0),(6,47,618,0),(6,47,619,0),(6,48,620,0),(6,48,621,0),(6,48,622,0),(6,48,623,0),(6,48,624,0),(6,48,625,0),(6,48,626,0),(6,48,627,0),(6,48,628,0),(6,48,629,0),(6,48,630,0),(6,48,631,0),(6,48,632,0),(6,48,633,0),(6,48,634,0),(6,49,635,0),(6,49,636,0),(6,49,637,0),(6,49,638,0),(6,49,639,0),(6,49,640,0),(6,49,641,0),(6,49,642,0),(6,49,643,0),(6,49,644,0),(6,49,645,0),(6,49,646,0),(6,49,647,0),(6,49,648,0),(6,49,649,0),(6,50,650,0),(6,50,651,0),(6,50,652,0),(6,50,653,0),(6,50,654,0),(6,50,655,0),(6,50,656,0),(6,50,657,0),(6,50,658,0),(6,50,659,0),(6,50,660,0),(6,50,661,0),(6,50,662,0),(6,50,663,0),(6,50,664,0),(6,51,665,0),(6,51,666,0),(6,51,667,0),(6,51,668,0),(6,51,669,0),(6,51,670,0),(6,51,671,0),(6,51,672,0),(6,51,673,0),(6,51,674,0),(6,51,675,0),(6,51,676,0),(6,51,677,0),(6,51,678,0),(6,51,679,0),(6,52,680,0),(6,52,681,0),(6,52,682,0),(6,52,683,0),(6,52,684,0),(6,52,685,0),(6,52,686,0),(6,52,687,0),(6,52,688,0),(6,52,689,0),(6,52,690,0),(6,52,691,0),(6,52,692,0),(6,52,693,0),(6,52,694,0),(6,53,695,0),(6,53,696,0),(6,53,697,0),(6,53,698,0),(6,53,699,0),(6,53,700,0),(6,53,701,0),(6,53,702,0),(6,53,703,0),(6,53,704,0),(6,53,705,0),(6,53,706,0),(6,53,707,0),(6,53,708,0),(6,53,709,0),(6,54,710,0),(6,54,711,0),(6,54,712,0),(6,54,713,0),(6,54,714,0),(6,54,715,0),(6,54,716,0),(6,54,717,0),(6,54,718,0),(6,54,719,0),(6,54,720,0),(6,54,721,0),(6,54,722,0),(6,54,723,0),(6,54,724,0),(6,55,725,0),(6,55,726,0),(6,55,727,0),(6,55,728,0),(6,55,729,0),(6,55,730,0),(6,55,731,0),(6,55,732,0),(6,55,733,0),(6,55,734,0),(6,55,735,0),(6,55,736,0),(6,55,737,0),(6,55,738,0),(6,55,739,0),(6,56,740,0),(6,56,741,0),(6,56,742,0),(6,56,743,0),(6,56,744,0),(6,56,745,0),(6,56,746,0),(6,56,747,0),(6,56,748,0),(6,56,749,0),(6,56,750,0),(6,56,751,0),(6,56,752,0),(6,56,753,0),(6,56,754,0),(6,57,755,0),(6,57,756,0),(6,57,757,0),(6,57,758,0),(6,57,759,0),(6,57,760,0),(6,57,761,0),(6,57,762,0),(6,57,763,0),(6,57,764,0),(6,57,765,0),(6,57,766,0),(6,57,767,0),(6,57,768,0),(6,57,769,0),(6,58,770,0),(6,58,771,0),(6,58,772,0),(6,58,773,0),(6,58,774,0),(6,58,775,0),(6,58,776,0),(6,58,777,0),(6,58,778,0),(6,58,779,0),(6,58,780,0),(6,58,781,0),(6,58,782,0),(6,58,783,0),(6,58,784,0),(6,59,785,0),(6,59,786,0),(6,59,787,0),(6,59,788,0),(6,59,789,0),(6,59,790,0),(6,59,791,0),(6,59,792,0),(6,59,793,0),(6,59,794,0),(6,59,795,0),(6,59,796,0),(6,59,797,0),(6,59,798,0),(6,59,799,0),(6,60,800,0),(6,60,801,0),(6,60,802,0),(6,60,803,0),(6,60,804,0),(6,60,805,0),(6,60,806,0),(6,60,807,0),(6,60,808,0),(6,60,809,0),(6,60,810,0),(6,60,811,0),(6,60,812,0),(6,60,813,0),(6,60,814,0),(6,61,815,0),(6,61,816,0),(6,61,817,0),(6,61,818,0),(6,61,819,0),(6,61,820,0),(6,61,821,0),(6,61,822,0),(6,61,823,0),(6,61,824,0),(6,61,825,0),(6,61,826,0),(6,61,827,0),(6,61,828,0),(6,61,829,0),(6,62,830,0),(6,62,831,0),(6,62,832,0),(6,62,833,0),(6,62,834,0),(6,62,835,0),(6,62,836,0),(6,62,837,0),(6,62,838,0),(6,62,839,0),(6,62,840,0),(6,62,841,0),(6,62,842,0),(6,62,843,0),(6,62,844,0),(6,63,845,0),(6,63,846,0),(6,63,847,0),(6,63,848,0),(6,63,849,0),(6,63,850,0),(6,63,851,0),(6,63,852,0),(6,63,853,0),(6,63,854,0),(6,63,855,0),(6,63,856,0),(6,63,857,0),(6,63,858,0),(6,63,859,0),(6,64,860,0),(6,64,861,0),(6,64,862,0),(6,64,863,0),(6,64,864,0),(6,64,865,0),(6,64,866,0),(6,64,867,0),(6,64,868,0),(6,64,869,0),(6,64,870,0),(6,64,871,0),(6,64,872,0),(6,64,873,0),(6,64,874,0),(6,65,875,0),(6,65,876,0),(6,65,877,0),(6,65,878,0),(6,65,879,0),(6,65,880,0),(6,65,881,0),(6,65,882,0),(6,65,883,0),(6,65,884,0),(6,65,885,0),(6,65,886,0),(6,65,887,0),(6,65,888,0),(6,65,889,0),(6,66,890,0),(6,66,891,0),(6,66,892,0),(6,66,893,0),(6,66,894,0),(6,66,895,0),(6,66,896,0),(6,66,897,0),(6,66,898,0),(6,66,899,0),(6,66,900,0),(6,66,901,0),(6,66,902,0),(6,66,903,0),(6,66,904,0),(6,67,905,0),(6,67,906,0),(6,67,907,0),(6,67,908,0),(6,67,909,0),(6,67,910,0),(6,67,911,0),(6,67,912,0),(6,67,913,0),(6,67,914,0),(6,67,915,0),(6,67,916,0),(6,67,917,0),(6,67,918,0),(6,67,919,0),(6,68,920,0),(6,68,921,0),(6,68,922,0),(6,68,923,0),(6,68,924,0),(6,68,925,0),(6,68,926,0),(6,68,927,0),(6,68,928,0),(6,68,929,0),(6,68,930,0),(6,68,931,0),(6,68,932,0),(6,68,933,0),(6,68,934,0),(6,69,935,0),(6,69,936,0),(6,69,937,0),(6,69,938,0),(6,69,939,0),(6,69,940,0),(6,69,941,0),(6,69,942,0),(6,69,943,0),(6,69,944,0),(6,69,945,0),(6,69,946,0),(6,69,947,0),(6,69,948,0),(6,69,949,0),(6,70,950,0),(6,70,951,0),(6,70,952,0),(6,70,953,0),(6,70,954,0),(6,70,955,0),(6,70,956,0),(6,70,957,0),(6,70,958,0),(6,70,959,0),(6,70,960,0),(6,70,961,0),(6,70,962,0),(6,70,963,0),(6,70,964,0),(6,71,965,0),(6,71,966,0),(6,71,967,0),(6,71,968,0),(6,71,969,0),(6,71,970,0),(6,71,971,0),(6,71,972,0),(6,71,973,0),(6,71,974,0),(6,71,975,0),(6,71,976,0),(6,71,977,0),(6,71,978,0),(6,71,979,0),(6,72,980,0),(6,72,981,0),(6,72,982,0),(6,72,983,0),(6,72,984,0),(6,72,985,0),(6,72,986,0),(6,72,987,0),(6,72,988,0),(6,72,989,0),(6,72,990,0),(6,72,991,0),(6,72,992,0),(6,72,993,0),(6,72,994,0),(6,73,995,0),(6,73,996,0),(6,73,997,0),(6,73,998,0),(6,73,999,0),(6,73,1000,0),(6,73,1001,0),(6,73,1002,0),(6,73,1003,0),(6,73,1004,0),(6,73,1005,0),(6,73,1006,0),(6,73,1007,0),(6,73,1008,0),(6,73,1009,0),(6,74,1010,0),(6,74,1011,0),(6,74,1012,0),(6,74,1013,0),(6,74,1014,0),(6,74,1015,0),(6,74,1016,0),(6,74,1017,0),(6,74,1018,0),(6,74,1019,0),(6,74,1020,0),(6,74,1021,0),(6,74,1022,0),(6,74,1023,0),(6,74,1024,0),(6,75,1025,0),(6,75,1026,0),(6,75,1027,0),(6,75,1028,0),(6,75,1029,0),(6,75,1030,0),(6,75,1031,0),(6,75,1032,0),(6,75,1033,0),(6,75,1034,0),(6,75,1035,0),(6,75,1036,0),(6,75,1037,0),(6,75,1038,0),(6,75,1039,0),(6,76,1040,0),(6,76,1041,0),(6,76,1042,0),(6,76,1043,0),(6,76,1044,0),(6,76,1045,0),(6,76,1046,0),(6,76,1047,0),(6,76,1048,0),(6,76,1049,0),(6,76,1050,0),(6,76,1051,0),(6,76,1052,0),(6,76,1053,0),(6,76,1054,0),(6,77,1055,0),(6,77,1056,0),(6,77,1057,0),(6,77,1058,0),(6,77,1059,0),(6,77,1060,0),(6,77,1061,0),(6,77,1062,0),(6,77,1063,0),(6,77,1064,0),(6,77,1065,0),(6,77,1066,0),(6,77,1067,0),(6,77,1068,0),(6,77,1069,0),(6,78,1070,0),(6,78,1071,0),(6,78,1072,0),(6,78,1073,0),(6,78,1074,0),(6,78,1075,0),(6,78,1076,0),(6,78,1077,0),(6,78,1078,0),(6,78,1079,0),(6,78,1080,0),(6,78,1081,0),(6,78,1082,0),(6,78,1083,0),(6,78,1084,0),(6,79,1085,0),(6,79,1086,0),(6,79,1087,0),(6,79,1088,0),(6,79,1089,0),(6,79,1090,0),(6,79,1091,0),(6,79,1092,0),(6,79,1093,0),(6,79,1094,0),(6,79,1095,0),(6,79,1096,0),(6,79,1097,0),(6,79,1098,0),(6,79,1099,0),(6,80,1100,0),(6,80,1101,0),(6,80,1102,0),(6,80,1103,0),(6,80,1104,0),(6,80,1105,0),(6,80,1106,0),(6,80,1107,0),(6,80,1108,0),(6,80,1109,0),(6,80,1110,0),(6,80,1111,0),(6,80,1112,0),(6,80,1113,0),(6,80,1114,0),(6,81,1115,0),(6,81,1116,0),(6,81,1117,0),(6,81,1118,0),(6,81,1119,0),(6,81,1120,0),(6,81,1121,0),(6,81,1122,0),(6,81,1123,0),(6,81,1124,0),(6,81,1125,0),(6,81,1126,0),(6,81,1127,0),(6,81,1128,0),(6,81,1129,0),(6,82,1130,0),(6,82,1131,0),(6,82,1132,0),(6,82,1133,0),(6,82,1134,0),(6,82,1135,0),(6,82,1136,0),(6,82,1137,0),(6,82,1138,0),(6,82,1139,0),(6,82,1140,0),(6,82,1141,0),(6,82,1142,0),(6,82,1143,0),(6,82,1144,0),(6,83,1145,0),(6,83,1146,0),(6,83,1147,0),(6,83,1148,0),(6,83,1149,0),(6,83,1150,0),(6,83,1151,0),(6,83,1152,0),(6,83,1153,0),(6,83,1154,0),(6,83,1155,0),(6,83,1156,0),(6,83,1157,0),(6,83,1158,0),(6,83,1159,0),(6,84,1160,0),(6,84,1161,0),(6,84,1162,0),(6,84,1163,0),(6,84,1164,0),(6,84,1165,0),(6,84,1166,0),(6,84,1167,0),(6,84,1168,0),(6,84,1169,0),(6,84,1170,0),(6,84,1171,0),(6,84,1172,0),(6,84,1173,0),(6,84,1174,0),(6,85,1175,0),(6,85,1176,0),(6,85,1177,0),(6,85,1178,0),(6,85,1179,0),(6,85,1180,0),(6,85,1181,0),(6,85,1182,0),(6,85,1183,0),(6,85,1184,0),(6,85,1185,0),(6,85,1186,0),(6,85,1187,0),(6,85,1188,0),(6,85,1189,0),(6,86,1190,0),(6,86,1191,0),(6,86,1192,0),(6,86,1193,0),(6,86,1194,0),(6,86,1195,0),(6,86,1196,0),(6,86,1197,0),(6,86,1198,0),(6,86,1199,0),(6,86,1200,0),(6,86,1201,0),(6,86,1202,0),(6,86,1203,0),(6,86,1204,0),(6,87,1205,0),(6,87,1206,0),(6,87,1207,0),(6,87,1208,0),(6,87,1209,0),(6,87,1210,0),(6,87,1211,0),(6,87,1212,0),(6,87,1213,0),(6,87,1214,0),(6,87,1215,0),(6,87,1216,0),(6,87,1217,0),(6,87,1218,0),(6,87,1219,0),(6,88,1220,0),(6,88,1221,0),(6,88,1222,0),(6,88,1223,0),(6,88,1224,0),(6,88,1225,0),(6,88,1226,0),(6,88,1227,0),(6,88,1228,0),(6,88,1229,0),(6,88,1230,0),(6,88,1231,0),(6,88,1232,0),(6,88,1233,0),(6,88,1234,0),(6,89,1235,0),(6,89,1236,0),(6,89,1237,0),(6,89,1238,0),(6,89,1239,0),(6,89,1240,0),(6,89,1241,0),(6,89,1242,0),(6,89,1243,0),(6,89,1244,0),(6,89,1245,0),(6,89,1246,0),(6,89,1247,0),(6,89,1248,0),(6,89,1249,0),(6,90,1250,0),(6,90,1251,0),(6,90,1252,0),(6,90,1253,0),(6,90,1254,0),(6,90,1255,0),(6,90,1256,0),(6,90,1257,0),(6,90,1258,0),(6,90,1259,0),(6,90,1260,0),(6,90,1261,0),(6,90,1262,0),(6,90,1263,0),(6,90,1264,0),(6,91,1265,0),(6,91,1266,0),(6,91,1267,0),(6,91,1268,0),(6,91,1269,0),(6,91,1270,0),(6,91,1271,0),(6,91,1272,0),(6,91,1273,0),(6,91,1274,0),(6,91,1275,0),(6,91,1276,0),(6,91,1277,0),(6,91,1278,0),(6,91,1279,0),(6,92,1280,0),(6,92,1281,0),(6,92,1282,0),(6,92,1283,0),(6,92,1284,0),(6,92,1285,0),(6,92,1286,0),(6,92,1287,0),(6,92,1288,0),(6,92,1289,0),(6,92,1290,0),(6,92,1291,0),(6,92,1292,0),(6,92,1293,0),(6,92,1294,0),(6,93,1295,0),(6,93,1296,0),(6,93,1297,0),(6,93,1298,0),(6,93,1299,0),(6,93,1300,0),(6,93,1301,0),(6,93,1302,0),(6,93,1303,0),(6,93,1304,0),(6,93,1305,0),(6,93,1306,0),(6,93,1307,0),(6,93,1308,0),(6,93,1309,0),(6,94,1310,0),(6,94,1311,0),(6,94,1312,0),(6,94,1313,0),(6,94,1314,0),(6,94,1315,0),(6,94,1316,0),(6,94,1317,0),(6,94,1318,0),(6,94,1319,0),(6,94,1320,0),(6,94,1321,0),(6,94,1322,0),(6,94,1323,0),(6,94,1324,0),(6,95,1325,0),(6,95,1326,0),(6,95,1327,0),(6,95,1328,0),(6,95,1329,0),(6,95,1330,0),(6,95,1331,0),(6,95,1332,0),(6,95,1333,0),(6,95,1334,0),(6,95,1335,0),(6,95,1336,0),(6,95,1337,0),(6,95,1338,0),(6,95,1339,0),(6,96,1340,0),(6,96,1341,0),(6,96,1342,0),(6,96,1343,0),(6,96,1344,0),(6,96,1345,0),(6,96,1346,0),(6,96,1347,0),(6,96,1348,0),(6,96,1349,0),(6,96,1350,0),(6,96,1351,0),(6,96,1352,0),(6,96,1353,0),(6,96,1354,0),(6,97,1355,0),(6,97,1356,0),(6,97,1357,0),(6,97,1358,0),(6,97,1359,0),(6,97,1360,0),(6,97,1361,0),(6,97,1362,0),(6,97,1363,0),(6,97,1364,0),(6,97,1365,0),(6,97,1366,0),(6,97,1367,0),(6,97,1368,0),(6,97,1369,0),(6,98,1370,0),(6,98,1371,0),(6,98,1372,0),(6,98,1373,0),(6,98,1374,0),(6,98,1375,0),(6,98,1376,0),(6,98,1377,0),(6,98,1378,0),(6,98,1379,0),(6,98,1380,0),(6,98,1381,0),(6,98,1382,0),(6,98,1383,0),(6,98,1384,0),(6,99,1385,0),(6,99,1386,0),(6,99,1387,0),(6,99,1388,0),(6,99,1389,0),(6,99,1390,0),(6,99,1391,0),(6,99,1392,0),(6,99,1393,0),(6,99,1394,0),(6,99,1395,0),(6,99,1396,0),(6,99,1397,0),(6,99,1398,0),(6,99,1399,0),(6,100,1400,0),(6,100,1401,0),(6,100,1402,0),(6,100,1403,0),(6,100,1404,0),(6,100,1405,0),(6,100,1406,0),(6,100,1407,0),(6,100,1408,0),(6,100,1409,0),(6,100,1410,0),(6,100,1411,0),(6,100,1412,0),(6,100,1413,0),(6,100,1414,0),(6,101,1415,0),(6,101,1416,0),(6,101,1417,0),(6,101,1418,0),(6,101,1419,0),(6,101,1420,0),(6,101,1421,0),(6,101,1422,0),(6,101,1423,0),(6,101,1424,0),(6,101,1425,0),(6,101,1426,0),(6,101,1427,0),(6,101,1428,0),(6,101,1429,0),(6,102,1430,0),(6,102,1431,0),(6,102,1432,0),(6,102,1433,0),(6,102,1434,0),(6,102,1435,0),(6,102,1436,0),(6,102,1437,0),(6,102,1438,0),(6,102,1439,0),(6,102,1440,0),(6,102,1441,0),(6,102,1442,0),(6,102,1443,0),(6,102,1444,0),(7,1,1,0),(7,1,2,0),(7,2,3,0),(7,2,4,0);
/*!40000 ALTER TABLE `Genotypes_Alleles_AUD` ENABLE KEYS */;
UNLOCK TABLES;

--
-- Table structure for table `GoHits`
--

DROP TABLE IF EXISTS `GoHits`;
/*!40101 SET @saved_cs_client     = @@character_set_client */;
/*!40101 SET character_set_client = utf8 */;
CREATE TABLE `GoHits` (
  `GoHitID` int(11) NOT NULL AUTO_INCREMENT,
  `GoBiologicalProc` bit(1) NOT NULL,
  `GoCellularComp` bit(1) NOT NULL,
  `GoDefinition` longtext,
  `GoHitNumber` varchar(20) NOT NULL,
  `GoMolecularFunc` bit(1) NOT NULL,
  `GoTerm` longtext,
  `LastModified` datetime(6) DEFAULT NULL,
  `GoProjectID` int(11) DEFAULT NULL,
  PRIMARY KEY (`GoHitID`),
  KEY `FK_jt00wmbuf1wewbs6lxhhvrnhl` (`GoProjectID`),
  CONSTRAINT `FK_jt00wmbuf1wewbs6lxhhvrnhl` FOREIGN KEY (`GoProjectID`) REFERENCES `GoProjects` (`GoProjectID`)
) ENGINE=InnoDB DEFAULT CHARSET=latin1;
/*!40101 SET character_set_client = @saved_cs_client */;

--
-- Dumping data for table `GoHits`
--

LOCK TABLES `GoHits` WRITE;
/*!40000 ALTER TABLE `GoHits` DISABLE KEYS */;
/*!40000 ALTER TABLE `GoHits` ENABLE KEYS */;
UNLOCK TABLES;

--
-- Table structure for table `GoProjects`
--

DROP TABLE IF EXISTS `GoProjects`;
/*!40101 SET @saved_cs_client     = @@character_set_client */;
/*!40101 SET character_set_client = utf8 */;
CREATE TABLE `GoProjects` (
  `GoProjectID` int(11) NOT NULL AUTO_INCREMENT,
  `DateCreated` datetime NOT NULL,
  `Description` longtext,
  `LastModified` datetime(6) DEFAULT NULL,
  `ProjectName` varchar(50) NOT NULL,
  `ProjectID` int(11) DEFAULT NULL,
  PRIMARY KEY (`GoProjectID`),
  UNIQUE KEY `UK_9id627ihsxoaojj0d5pxkyp5d` (`ProjectName`),
  KEY `FK_mqehuefgg1n7lejxjaurysses` (`ProjectID`),
  CONSTRAINT `FK_mqehuefgg1n7lejxjaurysses` FOREIGN KEY (`ProjectID`) REFERENCES `Projects` (`ProjectID`)
) ENGINE=InnoDB DEFAULT CHARSET=latin1;
/*!40101 SET character_set_client = @saved_cs_client */;

--
-- Dumping data for table `GoProjects`
--

LOCK TABLES `GoProjects` WRITE;
/*!40000 ALTER TABLE `GoProjects` DISABLE KEYS */;
/*!40000 ALTER TABLE `GoProjects` ENABLE KEYS */;
UNLOCK TABLES;

--
-- Table structure for table `Groups`
--

DROP TABLE IF EXISTS `Groups`;
/*!40101 SET @saved_cs_client     = @@character_set_client */;
/*!40101 SET character_set_client = utf8 */;
CREATE TABLE `Groups` (
  `GroupID` int(11) NOT NULL AUTO_INCREMENT,
  `DefaultRights` varchar(20) DEFAULT NULL,
  `Description` longtext,
  `GroupName` varchar(50) NOT NULL,
  `LastModified` datetime(6) DEFAULT NULL,
  PRIMARY KEY (`GroupID`),
  UNIQUE KEY `UK_lysadmheq7r9mxfllh6byrp0k` (`GroupName`)
) ENGINE=InnoDB AUTO_INCREMENT=9 DEFAULT CHARSET=latin1;
/*!40101 SET character_set_client = @saved_cs_client */;

--
-- Dumping data for table `Groups`
--

LOCK TABLES `Groups` WRITE;
/*!40000 ALTER TABLE `Groups` DISABLE KEYS */;
INSERT INTO `Groups` VALUES (1,'0000',NULL,'Admin Group','2013-03-19 00:00:00.000000'),(2,'0000',NULL,'User Group','2013-03-19 00:00:00.000000'),(3,'0000',NULL,'TEST Group','2013-03-19 00:00:00.000000'),(4,'0000',NULL,'CNC Loan Diptera','2013-03-19 00:00:00.000000'),(5,'0000',NULL,'CNC Loan General','2013-03-19 00:00:00.000000'),(6,'0000',NULL,'CNC Loan Staff','2013-03-19 00:00:00.000000'),(7,'0000',NULL,'CNC Loan Client','2013-03-19 00:00:00.000000'),(8,'1000',NULL,'Public','2016-06-15 00:00:00.000000');
/*!40000 ALTER TABLE `Groups` ENABLE KEYS */;
UNLOCK TABLES;

--
-- Table structure for table `Hosts`
--

DROP TABLE IF EXISTS `Hosts`;
/*!40101 SET @saved_cs_client     = @@character_set_client */;
/*!40101 SET character_set_client = utf8 */;
CREATE TABLE `Hosts` (
  `HostID` int(11) NOT NULL AUTO_INCREMENT,
  `Description` varchar(512) DEFAULT NULL,
  `Habitat` varchar(512) DEFAULT NULL,
  `HostETC` varchar(225) DEFAULT NULL,
  `LastModified` datetime(6) DEFAULT NULL,
  `Part` varchar(50) DEFAULT NULL,
  `TaxonID` int(11) DEFAULT NULL,
  `TaxonomyID` int(11) DEFAULT NULL,
  PRIMARY KEY (`HostID`),
  KEY `FK_klgh9npei7xn60sbiv941cn5e` (`TaxonID`),
  KEY `FK_i0qacll44p0uklvkejag31tf3` (`TaxonomyID`),
  CONSTRAINT `FK_i0qacll44p0uklvkejag31tf3` FOREIGN KEY (`TaxonomyID`) REFERENCES `Taxonomys` (`TaxonomyID`),
  CONSTRAINT `FK_klgh9npei7xn60sbiv941cn5e` FOREIGN KEY (`TaxonID`) REFERENCES `Taxa` (`TaxonID`)
) ENGINE=InnoDB AUTO_INCREMENT=111 DEFAULT CHARSET=latin1;
/*!40101 SET character_set_client = @saved_cs_client */;

--
-- Dumping data for table `Hosts`
--

LOCK TABLES `Hosts` WRITE;
/*!40000 ALTER TABLE `Hosts` DISABLE KEYS */;
INSERT INTO `Hosts` VALUES (1,'description 1','habitat 1','host etc 1','2013-03-19 00:00:00.000000','part 1',NULL,5),(2,'description 2','habitat 2','host etc 2','2013-03-19 00:00:00.000000','part 2',NULL,6),(3,'description 3','habitat 3','host etc 3','2013-03-19 00:00:00.000000','part 3',NULL,7),(4,'description 4','habitat 4','host etc 4','2013-03-19 00:00:00.000000','part 4',NULL,5),(5,'description 5','habitat 5','host etc 5','2013-03-19 00:00:00.000000','part 5',NULL,5),(12,'description 12','habitat 12','host etc 12','2013-03-19 00:00:00.000000','part 12',NULL,8),(13,'description 13','habitat 13','host etc 13','2013-03-19 00:00:00.000000','part 13',NULL,8),(14,'description 14','habitat 14','host etc 14','2013-03-19 00:00:00.000000','part 14',NULL,8),(15,NULL,NULL,NULL,'2018-01-18 16:32:52.976000',NULL,NULL,102),(16,NULL,NULL,NULL,'2018-01-18 16:32:53.203000',NULL,NULL,104),(17,NULL,NULL,NULL,'2018-01-18 16:32:53.379000',NULL,NULL,106),(18,NULL,NULL,NULL,'2018-01-18 16:32:53.638000',NULL,NULL,108),(19,NULL,NULL,NULL,'2018-01-18 16:32:53.805000',NULL,NULL,110),(20,NULL,NULL,NULL,'2018-01-18 16:32:53.956000',NULL,NULL,112),(21,NULL,NULL,NULL,'2018-01-18 16:32:54.086000',NULL,NULL,114),(22,NULL,NULL,NULL,'2018-01-18 16:32:54.209000',NULL,NULL,116),(23,NULL,NULL,NULL,'2018-01-18 16:32:54.341000',NULL,NULL,118),(24,NULL,NULL,NULL,'2018-01-18 16:32:54.470000',NULL,NULL,120),(25,NULL,NULL,NULL,'2018-01-18 16:32:54.591000',NULL,NULL,122),(26,NULL,NULL,NULL,'2018-01-18 16:32:54.708000',NULL,NULL,124),(27,NULL,NULL,NULL,'2018-01-18 16:32:54.825000',NULL,NULL,126),(28,NULL,NULL,NULL,'2018-01-18 16:32:55.057000',NULL,NULL,128),(29,NULL,NULL,NULL,'2018-01-18 16:32:55.189000',NULL,NULL,130),(30,NULL,NULL,NULL,'2018-01-18 16:32:55.426000',NULL,NULL,132),(31,NULL,NULL,NULL,'2018-01-18 16:32:55.569000',NULL,NULL,134),(32,NULL,NULL,NULL,'2018-01-18 16:32:55.678000',NULL,NULL,136),(33,NULL,NULL,NULL,'2018-01-18 16:32:55.783000',NULL,NULL,138),(34,NULL,NULL,NULL,'2018-01-18 16:32:55.891000',NULL,NULL,140),(35,NULL,NULL,NULL,'2018-01-18 16:32:56.015000',NULL,NULL,142),(36,NULL,NULL,NULL,'2018-01-18 16:32:56.206000',NULL,NULL,144),(37,NULL,NULL,NULL,'2018-01-18 16:32:56.329000',NULL,NULL,146),(38,NULL,NULL,NULL,'2018-01-18 16:32:56.444000',NULL,NULL,148),(39,NULL,NULL,NULL,'2018-01-18 16:32:56.568000',NULL,NULL,150),(40,NULL,NULL,NULL,'2018-01-18 16:32:56.702000',NULL,NULL,152),(41,NULL,NULL,NULL,'2018-01-18 16:32:56.822000',NULL,NULL,154),(42,NULL,NULL,NULL,'2018-01-18 16:32:56.945000',NULL,NULL,156),(43,NULL,NULL,NULL,'2018-01-18 16:32:57.071000',NULL,NULL,158),(44,NULL,NULL,NULL,'2018-01-18 16:32:57.198000',NULL,NULL,160),(45,NULL,NULL,NULL,'2018-01-18 16:32:57.319000',NULL,NULL,162),(46,NULL,NULL,NULL,'2018-01-18 16:32:57.449000',NULL,NULL,164),(47,NULL,NULL,NULL,'2018-01-18 16:32:57.580000',NULL,NULL,166),(48,NULL,NULL,NULL,'2018-01-18 16:32:57.719000',NULL,NULL,168),(49,NULL,NULL,NULL,'2018-01-18 16:32:57.862000',NULL,NULL,170),(50,NULL,NULL,NULL,'2018-01-18 16:32:58.001000',NULL,NULL,172),(51,NULL,NULL,NULL,'2018-01-18 16:32:58.138000',NULL,NULL,174),(52,NULL,NULL,NULL,'2018-01-18 16:32:58.264000',NULL,NULL,176),(53,NULL,NULL,NULL,'2018-01-18 16:32:58.391000',NULL,NULL,178),(54,NULL,NULL,NULL,'2018-01-18 16:32:58.529000',NULL,NULL,180),(55,NULL,NULL,NULL,'2018-01-18 16:32:58.668000',NULL,NULL,182),(56,NULL,NULL,NULL,'2018-01-18 16:32:58.816000',NULL,NULL,184),(57,NULL,NULL,NULL,'2018-01-18 16:32:58.956000',NULL,NULL,186),(58,NULL,NULL,NULL,'2018-01-18 16:32:59.094000',NULL,NULL,188),(59,NULL,NULL,NULL,'2018-01-18 16:32:59.225000',NULL,NULL,190),(60,NULL,NULL,NULL,'2018-01-18 16:32:59.347000',NULL,NULL,192),(61,NULL,NULL,NULL,'2018-01-18 16:32:59.474000',NULL,NULL,194),(62,NULL,NULL,NULL,'2018-01-18 16:32:59.603000',NULL,NULL,196),(63,NULL,NULL,NULL,'2018-01-18 16:32:59.734000',NULL,NULL,198),(64,NULL,NULL,NULL,'2018-01-18 16:32:59.863000',NULL,NULL,200),(65,NULL,NULL,NULL,'2018-01-18 16:33:00.006000',NULL,NULL,202),(66,NULL,NULL,NULL,'2018-01-18 16:33:00.150000',NULL,NULL,204),(67,NULL,NULL,NULL,'2018-01-18 16:33:00.277000',NULL,NULL,206),(68,NULL,NULL,NULL,'2018-01-18 16:33:00.405000',NULL,NULL,208),(69,NULL,NULL,NULL,'2018-01-18 16:33:00.535000',NULL,NULL,210),(70,NULL,NULL,NULL,'2018-01-18 16:33:00.707000',NULL,NULL,212),(71,NULL,NULL,NULL,'2018-01-18 16:33:00.838000',NULL,NULL,214),(72,NULL,NULL,NULL,'2018-01-18 16:33:00.970000',NULL,NULL,216),(73,NULL,NULL,NULL,'2018-01-18 16:33:01.155000',NULL,NULL,218),(74,NULL,NULL,NULL,'2018-01-18 16:33:01.295000',NULL,NULL,220),(75,NULL,NULL,NULL,'2018-01-18 16:33:01.429000',NULL,NULL,222),(76,NULL,NULL,NULL,'2018-01-18 16:33:01.562000',NULL,NULL,224),(77,NULL,NULL,NULL,'2018-01-18 16:33:01.695000',NULL,NULL,226),(78,NULL,NULL,NULL,'2018-01-18 16:33:01.829000',NULL,NULL,228),(79,NULL,NULL,NULL,'2018-01-18 16:33:01.962000',NULL,NULL,230),(80,NULL,NULL,NULL,'2018-01-18 16:33:02.096000',NULL,NULL,232),(81,NULL,NULL,NULL,'2018-01-18 16:33:02.232000',NULL,NULL,234),(82,NULL,NULL,NULL,'2018-01-18 16:33:02.363000',NULL,NULL,236),(83,NULL,NULL,NULL,'2018-01-18 16:33:02.494000',NULL,NULL,238),(84,NULL,NULL,NULL,'2018-01-18 16:33:02.623000',NULL,NULL,240),(85,NULL,NULL,NULL,'2018-01-18 16:33:02.753000',NULL,NULL,242),(86,NULL,NULL,NULL,'2018-01-18 16:33:02.887000',NULL,NULL,244),(87,NULL,NULL,NULL,'2018-01-18 16:33:03.023000',NULL,NULL,246),(88,NULL,NULL,NULL,'2018-01-18 16:33:03.162000',NULL,NULL,248),(89,NULL,NULL,NULL,'2018-01-18 16:33:03.296000',NULL,NULL,250),(90,NULL,NULL,NULL,'2018-01-18 16:33:03.435000',NULL,NULL,252),(91,NULL,NULL,NULL,'2018-01-18 16:33:03.574000',NULL,NULL,254),(92,NULL,NULL,NULL,'2018-01-18 16:33:03.730000',NULL,NULL,256),(93,NULL,NULL,NULL,'2018-01-18 16:33:03.878000',NULL,NULL,258),(94,NULL,NULL,NULL,'2018-01-18 16:33:04.029000',NULL,NULL,260),(95,NULL,NULL,NULL,'2018-01-18 16:33:04.176000',NULL,NULL,262),(96,NULL,NULL,NULL,'2018-01-18 16:33:04.329000',NULL,NULL,264),(97,NULL,NULL,NULL,'2018-01-18 16:33:04.466000',NULL,NULL,266),(98,NULL,NULL,NULL,'2018-01-18 16:33:04.600000',NULL,NULL,268),(99,NULL,NULL,NULL,'2018-01-18 16:33:04.781000',NULL,NULL,270),(100,NULL,NULL,NULL,'2018-01-18 16:33:04.914000',NULL,NULL,272),(101,NULL,NULL,NULL,'2018-01-18 16:33:05.049000',NULL,NULL,274),(102,NULL,NULL,NULL,'2018-01-18 16:33:05.182000',NULL,NULL,276),(103,NULL,NULL,NULL,'2018-01-18 16:33:05.321000',NULL,NULL,278),(104,NULL,NULL,NULL,'2018-01-18 16:33:05.459000',NULL,NULL,280),(105,NULL,NULL,NULL,'2018-01-18 16:33:05.595000',NULL,NULL,282),(106,NULL,NULL,NULL,'2018-01-18 16:33:05.734000',NULL,NULL,284),(107,NULL,NULL,NULL,'2018-01-18 16:33:05.872000',NULL,NULL,286),(108,NULL,NULL,NULL,'2018-01-18 16:33:06.011000',NULL,NULL,288),(109,NULL,NULL,NULL,'2018-01-18 16:33:06.152000',NULL,NULL,290),(110,NULL,NULL,NULL,'2018-01-18 16:33:06.294000',NULL,NULL,292);
/*!40000 ALTER TABLE `Hosts` ENABLE KEYS */;
UNLOCK TABLES;

--
-- Table structure for table `Hosts_AUD`
--

DROP TABLE IF EXISTS `Hosts_AUD`;
/*!40101 SET @saved_cs_client     = @@character_set_client */;
/*!40101 SET character_set_client = utf8 */;
CREATE TABLE `Hosts_AUD` (
  `HostID` int(11) NOT NULL,
  `REV` int(11) NOT NULL,
  `REVTYPE` tinyint(4) DEFAULT NULL,
  `Description` varchar(512) DEFAULT NULL,
  `Habitat` varchar(512) DEFAULT NULL,
  `HostETC` varchar(225) DEFAULT NULL,
  `Part` varchar(50) DEFAULT NULL,
  `TaxonID` int(11) DEFAULT NULL,
  `TaxonomyID` int(11) DEFAULT NULL,
  PRIMARY KEY (`HostID`,`REV`),
  KEY `FK_f1ko8oiulps3jmtxrq9f87mmj` (`REV`),
  CONSTRAINT `FK_f1ko8oiulps3jmtxrq9f87mmj` FOREIGN KEY (`REV`) REFERENCES `Revision` (`id`)
) ENGINE=InnoDB DEFAULT CHARSET=latin1;
/*!40101 SET character_set_client = @saved_cs_client */;

--
-- Dumping data for table `Hosts_AUD`
--

LOCK TABLES `Hosts_AUD` WRITE;
/*!40000 ALTER TABLE `Hosts_AUD` DISABLE KEYS */;
INSERT INTO `Hosts_AUD` VALUES (15,6,0,NULL,NULL,NULL,NULL,NULL,102),(16,6,0,NULL,NULL,NULL,NULL,NULL,104),(17,6,0,NULL,NULL,NULL,NULL,NULL,106),(18,6,0,NULL,NULL,NULL,NULL,NULL,108),(19,6,0,NULL,NULL,NULL,NULL,NULL,110),(20,6,0,NULL,NULL,NULL,NULL,NULL,112),(21,6,0,NULL,NULL,NULL,NULL,NULL,114),(22,6,0,NULL,NULL,NULL,NULL,NULL,116),(23,6,0,NULL,NULL,NULL,NULL,NULL,118),(24,6,0,NULL,NULL,NULL,NULL,NULL,120),(25,6,0,NULL,NULL,NULL,NULL,NULL,122),(26,6,0,NULL,NULL,NULL,NULL,NULL,124),(27,6,0,NULL,NULL,NULL,NULL,NULL,126),(28,6,0,NULL,NULL,NULL,NULL,NULL,128),(29,6,0,NULL,NULL,NULL,NULL,NULL,130),(30,6,0,NULL,NULL,NULL,NULL,NULL,132),(31,6,0,NULL,NULL,NULL,NULL,NULL,134),(32,6,0,NULL,NULL,NULL,NULL,NULL,136),(33,6,0,NULL,NULL,NULL,NULL,NULL,138),(34,6,0,NULL,NULL,NULL,NULL,NULL,140),(35,6,0,NULL,NULL,NULL,NULL,NULL,142),(36,6,0,NULL,NULL,NULL,NULL,NULL,144),(37,6,0,NULL,NULL,NULL,NULL,NULL,146),(38,6,0,NULL,NULL,NULL,NULL,NULL,148),(39,6,0,NULL,NULL,NULL,NULL,NULL,150),(40,6,0,NULL,NULL,NULL,NULL,NULL,152),(41,6,0,NULL,NULL,NULL,NULL,NULL,154),(42,6,0,NULL,NULL,NULL,NULL,NULL,156),(43,6,0,NULL,NULL,NULL,NULL,NULL,158),(44,6,0,NULL,NULL,NULL,NULL,NULL,160),(45,6,0,NULL,NULL,NULL,NULL,NULL,162),(46,6,0,NULL,NULL,NULL,NULL,NULL,164),(47,6,0,NULL,NULL,NULL,NULL,NULL,166),(48,6,0,NULL,NULL,NULL,NULL,NULL,168),(49,6,0,NULL,NULL,NULL,NULL,NULL,170),(50,6,0,NULL,NULL,NULL,NULL,NULL,172),(51,6,0,NULL,NULL,NULL,NULL,NULL,174),(52,6,0,NULL,NULL,NULL,NULL,NULL,176),(53,6,0,NULL,NULL,NULL,NULL,NULL,178),(54,6,0,NULL,NULL,NULL,NULL,NULL,180),(55,6,0,NULL,NULL,NULL,NULL,NULL,182),(56,6,0,NULL,NULL,NULL,NULL,NULL,184),(57,6,0,NULL,NULL,NULL,NULL,NULL,186),(58,6,0,NULL,NULL,NULL,NULL,NULL,188),(59,6,0,NULL,NULL,NULL,NULL,NULL,190),(60,6,0,NULL,NULL,NULL,NULL,NULL,192),(61,6,0,NULL,NULL,NULL,NULL,NULL,194),(62,6,0,NULL,NULL,NULL,NULL,NULL,196),(63,6,0,NULL,NULL,NULL,NULL,NULL,198),(64,6,0,NULL,NULL,NULL,NULL,NULL,200),(65,6,0,NULL,NULL,NULL,NULL,NULL,202),(66,6,0,NULL,NULL,NULL,NULL,NULL,204),(67,6,0,NULL,NULL,NULL,NULL,NULL,206),(68,6,0,NULL,NULL,NULL,NULL,NULL,208),(69,6,0,NULL,NULL,NULL,NULL,NULL,210),(70,6,0,NULL,NULL,NULL,NULL,NULL,212),(71,6,0,NULL,NULL,NULL,NULL,NULL,214),(72,6,0,NULL,NULL,NULL,NULL,NULL,216),(73,6,0,NULL,NULL,NULL,NULL,NULL,218),(74,6,0,NULL,NULL,NULL,NULL,NULL,220),(75,6,0,NULL,NULL,NULL,NULL,NULL,222),(76,6,0,NULL,NULL,NULL,NULL,NULL,224),(77,6,0,NULL,NULL,NULL,NULL,NULL,226),(78,6,0,NULL,NULL,NULL,NULL,NULL,228),(79,6,0,NULL,NULL,NULL,NULL,NULL,230),(80,6,0,NULL,NULL,NULL,NULL,NULL,232),(81,6,0,NULL,NULL,NULL,NULL,NULL,234),(82,6,0,NULL,NULL,NULL,NULL,NULL,236),(83,6,0,NULL,NULL,NULL,NULL,NULL,238),(84,6,0,NULL,NULL,NULL,NULL,NULL,240),(85,6,0,NULL,NULL,NULL,NULL,NULL,242),(86,6,0,NULL,NULL,NULL,NULL,NULL,244),(87,6,0,NULL,NULL,NULL,NULL,NULL,246),(88,6,0,NULL,NULL,NULL,NULL,NULL,248),(89,6,0,NULL,NULL,NULL,NULL,NULL,250),(90,6,0,NULL,NULL,NULL,NULL,NULL,252),(91,6,0,NULL,NULL,NULL,NULL,NULL,254),(92,6,0,NULL,NULL,NULL,NULL,NULL,256),(93,6,0,NULL,NULL,NULL,NULL,NULL,258),(94,6,0,NULL,NULL,NULL,NULL,NULL,260),(95,6,0,NULL,NULL,NULL,NULL,NULL,262),(96,6,0,NULL,NULL,NULL,NULL,NULL,264),(97,6,0,NULL,NULL,NULL,NULL,NULL,266),(98,6,0,NULL,NULL,NULL,NULL,NULL,268),(99,6,0,NULL,NULL,NULL,NULL,NULL,270),(100,6,0,NULL,NULL,NULL,NULL,NULL,272),(101,6,0,NULL,NULL,NULL,NULL,NULL,274),(102,6,0,NULL,NULL,NULL,NULL,NULL,276),(103,6,0,NULL,NULL,NULL,NULL,NULL,278),(104,6,0,NULL,NULL,NULL,NULL,NULL,280),(105,6,0,NULL,NULL,NULL,NULL,NULL,282),(106,6,0,NULL,NULL,NULL,NULL,NULL,284),(107,6,0,NULL,NULL,NULL,NULL,NULL,286),(108,6,0,NULL,NULL,NULL,NULL,NULL,288),(109,6,0,NULL,NULL,NULL,NULL,NULL,290),(110,6,0,NULL,NULL,NULL,NULL,NULL,292);
/*!40000 ALTER TABLE `Hosts_AUD` ENABLE KEYS */;
UNLOCK TABLES;

--
-- Table structure for table `HybProjects`
--

DROP TABLE IF EXISTS `HybProjects`;
/*!40101 SET @saved_cs_client     = @@character_set_client */;
/*!40101 SET character_set_client = utf8 */;
CREATE TABLE `HybProjects` (
  `HyProjectID` int(11) NOT NULL AUTO_INCREMENT,
  `Description` longtext,
  `LastModified` datetime(6) DEFAULT NULL,
  `Name` varchar(50) NOT NULL,
  PRIMARY KEY (`HyProjectID`)
) ENGINE=InnoDB DEFAULT CHARSET=latin1;
/*!40101 SET character_set_client = @saved_cs_client */;

--
-- Dumping data for table `HybProjects`
--

LOCK TABLES `HybProjects` WRITE;
/*!40000 ALTER TABLE `HybProjects` DISABLE KEYS */;
/*!40000 ALTER TABLE `HybProjects` ENABLE KEYS */;
UNLOCK TABLES;

--
-- Table structure for table `HybProjectsProjects`
--

DROP TABLE IF EXISTS `HybProjectsProjects`;
/*!40101 SET @saved_cs_client     = @@character_set_client */;
/*!40101 SET character_set_client = utf8 */;
CREATE TABLE `HybProjectsProjects` (
  `HybProjectsProjectID` int(11) NOT NULL AUTO_INCREMENT,
  `HyProjectID` int(11) DEFAULT NULL,
  `ProjectID` int(11) DEFAULT NULL,
  PRIMARY KEY (`HybProjectsProjectID`),
  KEY `FK_2uf57ss4mb8chcq4jlq5tmtwv` (`HyProjectID`),
  KEY `FK_ebs36c3v9l1trpqs5obdfxmt4` (`ProjectID`),
  CONSTRAINT `FK_2uf57ss4mb8chcq4jlq5tmtwv` FOREIGN KEY (`HyProjectID`) REFERENCES `HybProjects` (`HyProjectID`),
  CONSTRAINT `FK_ebs36c3v9l1trpqs5obdfxmt4` FOREIGN KEY (`ProjectID`) REFERENCES `Projects` (`ProjectID`)
) ENGINE=InnoDB DEFAULT CHARSET=latin1;
/*!40101 SET character_set_client = @saved_cs_client */;

--
-- Dumping data for table `HybProjectsProjects`
--

LOCK TABLES `HybProjectsProjects` WRITE;
/*!40000 ALTER TABLE `HybProjectsProjects` DISABLE KEYS */;
/*!40000 ALTER TABLE `HybProjectsProjects` ENABLE KEYS */;
UNLOCK TABLES;

--
-- Table structure for table `Hybridizations`
--

DROP TABLE IF EXISTS `Hybridizations`;
/*!40101 SET @saved_cs_client     = @@character_set_client */;
/*!40101 SET character_set_client = utf8 */;
CREATE TABLE `Hybridizations` (
  `HybridizationID` int(11) NOT NULL AUTO_INCREMENT,
  `Date` datetime NOT NULL,
  `Description` longtext,
  `Duplicate` bit(1) NOT NULL,
  `ExpositionTime` time NOT NULL,
  `ImageDir` varchar(255) DEFAULT NULL,
  `ImageFileName` varchar(50) DEFAULT NULL,
  `LastModified` datetime(6) DEFAULT NULL,
  `ArrayTypeID` int(11) DEFAULT NULL,
  `HyProjectID` int(11) DEFAULT NULL,
  PRIMARY KEY (`HybridizationID`),
  KEY `FK_nyf42lnk7bl6lvvutnqm8u4vy` (`ArrayTypeID`),
  KEY `FK_mqt6y55s7tmnvab0suukcp22v` (`HyProjectID`),
  CONSTRAINT `FK_mqt6y55s7tmnvab0suukcp22v` FOREIGN KEY (`HyProjectID`) REFERENCES `HybProjects` (`HyProjectID`),
  CONSTRAINT `FK_nyf42lnk7bl6lvvutnqm8u4vy` FOREIGN KEY (`ArrayTypeID`) REFERENCES `ArrayTypes` (`ArrayTypeID`)
) ENGINE=InnoDB DEFAULT CHARSET=latin1;
/*!40101 SET character_set_client = @saved_cs_client */;

--
-- Dumping data for table `Hybridizations`
--

LOCK TABLES `Hybridizations` WRITE;
/*!40000 ALTER TABLE `Hybridizations` DISABLE KEYS */;
/*!40000 ALTER TABLE `Hybridizations` ENABLE KEYS */;
UNLOCK TABLES;

--
-- Table structure for table `INT_GROUP_TO_MESSAGE`
--

DROP TABLE IF EXISTS `INT_GROUP_TO_MESSAGE`;
/*!40101 SET @saved_cs_client     = @@character_set_client */;
/*!40101 SET character_set_client = utf8 */;
CREATE TABLE `INT_GROUP_TO_MESSAGE` (
  `GROUP_KEY` char(36) NOT NULL,
  `MESSAGE_ID` char(36) NOT NULL,
  PRIMARY KEY (`GROUP_KEY`,`MESSAGE_ID`)
) ENGINE=InnoDB DEFAULT CHARSET=latin1;
/*!40101 SET character_set_client = @saved_cs_client */;

--
-- Dumping data for table `INT_GROUP_TO_MESSAGE`
--

LOCK TABLES `INT_GROUP_TO_MESSAGE` WRITE;
/*!40000 ALTER TABLE `INT_GROUP_TO_MESSAGE` DISABLE KEYS */;
/*!40000 ALTER TABLE `INT_GROUP_TO_MESSAGE` ENABLE KEYS */;
UNLOCK TABLES;

--
-- Table structure for table `INT_MESSAGE`
--

DROP TABLE IF EXISTS `INT_MESSAGE`;
/*!40101 SET @saved_cs_client     = @@character_set_client */;
/*!40101 SET character_set_client = utf8 */;
CREATE TABLE `INT_MESSAGE` (
  `MESSAGE_ID` char(36) NOT NULL,
  `REGION` varchar(100) DEFAULT NULL,
  `CREATED_DATE` datetime(6) NOT NULL,
  `MESSAGE_BYTES` blob,
  PRIMARY KEY (`MESSAGE_ID`),
  KEY `INT_MESSAGE_IX1` (`CREATED_DATE`)
) ENGINE=InnoDB DEFAULT CHARSET=latin1;
/*!40101 SET character_set_client = @saved_cs_client */;

--
-- Dumping data for table `INT_MESSAGE`
--

LOCK TABLES `INT_MESSAGE` WRITE;
/*!40000 ALTER TABLE `INT_MESSAGE` DISABLE KEYS */;
/*!40000 ALTER TABLE `INT_MESSAGE` ENABLE KEYS */;
UNLOCK TABLES;

--
-- Table structure for table `INT_MESSAGE_GROUP`
--

DROP TABLE IF EXISTS `INT_MESSAGE_GROUP`;
/*!40101 SET @saved_cs_client     = @@character_set_client */;
/*!40101 SET character_set_client = utf8 */;
CREATE TABLE `INT_MESSAGE_GROUP` (
  `GROUP_KEY` char(36) NOT NULL,
  `REGION` varchar(100) DEFAULT NULL,
  `MARKED` bigint(20) DEFAULT NULL,
  `COMPLETE` bigint(20) DEFAULT NULL,
  `LAST_RELEASED_SEQUENCE` bigint(20) DEFAULT NULL,
  `CREATED_DATE` datetime(6) NOT NULL,
  `UPDATED_DATE` datetime(6) DEFAULT NULL,
  PRIMARY KEY (`GROUP_KEY`)
) ENGINE=InnoDB DEFAULT CHARSET=latin1;
/*!40101 SET character_set_client = @saved_cs_client */;

--
-- Dumping data for table `INT_MESSAGE_GROUP`
--

LOCK TABLES `INT_MESSAGE_GROUP` WRITE;
/*!40000 ALTER TABLE `INT_MESSAGE_GROUP` DISABLE KEYS */;
/*!40000 ALTER TABLE `INT_MESSAGE_GROUP` ENABLE KEYS */;
UNLOCK TABLES;

--
-- Table structure for table `Identifications`
--

DROP TABLE IF EXISTS `Identifications`;
/*!40101 SET @saved_cs_client     = @@character_set_client */;
/*!40101 SET character_set_client = utf8 */;
CREATE TABLE `Identifications` (
  `IdentificationID` int(11) NOT NULL AUTO_INCREMENT,
  `Accepted` bit(1) NOT NULL,
  `Day` varchar(10) DEFAULT NULL,
  `Error` varchar(50) DEFAULT NULL,
  `EvidenceNotes` varchar(1024) DEFAULT NULL,
  `IdentifiedBy` varchar(200) DEFAULT NULL,
  `IdentifierEmail` varchar(200) DEFAULT NULL,
  `LastModified` datetime(6) DEFAULT NULL,
  `LifeCycle` varchar(20) DEFAULT NULL,
  `Month` varchar(10) DEFAULT NULL,
  `NCBITaxonID` varchar(12) DEFAULT NULL,
  `Representative` bit(1) DEFAULT NULL,
  `Result` varchar(50) DEFAULT NULL,
  `Year` varchar(10) DEFAULT NULL,
  `SequenceID` int(11) DEFAULT NULL,
  `SpecimenID` int(11) DEFAULT NULL,
  `TaxonID` int(11) DEFAULT NULL,
  `TaxonomyID` int(11) DEFAULT NULL,
  PRIMARY KEY (`IdentificationID`),
  KEY `FK_16rjw3tn0pbitl26qtce8a0iq` (`SequenceID`),
  KEY `FK_nabkyxwrsp4lhr4uihk8idcru` (`SpecimenID`),
  KEY `FK_sdfpg9um9vmjk132spagwfp3q` (`TaxonID`),
  KEY `FK_mvxonmas5vjv82wb2nym1na41` (`TaxonomyID`),
  CONSTRAINT `FK_16rjw3tn0pbitl26qtce8a0iq` FOREIGN KEY (`SequenceID`) REFERENCES `Sequences` (`SequenceID`),
  CONSTRAINT `FK_mvxonmas5vjv82wb2nym1na41` FOREIGN KEY (`TaxonomyID`) REFERENCES `Taxonomys` (`TaxonomyID`),
  CONSTRAINT `FK_nabkyxwrsp4lhr4uihk8idcru` FOREIGN KEY (`SpecimenID`) REFERENCES `Specimens` (`SpecimenID`),
  CONSTRAINT `FK_sdfpg9um9vmjk132spagwfp3q` FOREIGN KEY (`TaxonID`) REFERENCES `Taxa` (`TaxonID`)
) ENGINE=InnoDB AUTO_INCREMENT=197 DEFAULT CHARSET=latin1;
/*!40101 SET character_set_client = @saved_cs_client */;

--
-- Dumping data for table `Identifications`
--

LOCK TABLES `Identifications` WRITE;
/*!40000 ALTER TABLE `Identifications` DISABLE KEYS */;
INSERT INTO `Identifications` VALUES (1,'','10','an error',NULL,'Tom Jones','aEmail@email.com','2013-03-19 00:00:00.000000','','11',NULL,'','Errored','2007',NULL,1,NULL,1),(2,'','10','test error',NULL,'Tommy','aEmail@email.com','2013-03-19 00:00:00.000000','','11',NULL,'\0','Errored','2002',NULL,2,NULL,2),(3,'','10','',NULL,'Tom ','a3Email@email.com','2013-03-19 00:00:00.000000','','11',NULL,'','Grouped:Identified','2003',NULL,3,NULL,3),(4,'','10','',NULL,'Jones','a4Email@email.com','2013-03-19 00:00:00.000000','','11',NULL,'','Grouped:Identified','2004',NULL,4,NULL,4),(5,'','10','',NULL,'Smith','a5Email@email.com','2013-03-19 00:00:00.000000','','11',NULL,'\0','Grouped:Identified','2005',NULL,5,NULL,5),(12,'','10','12error',NULL,'Smith','a12Email@email.com','2013-03-19 00:00:00.000000','','11',NULL,'','Errored','2012',NULL,12,NULL,12),(13,'','10','12error',NULL,'Smith','a12Email@email.com','2013-03-19 00:00:00.000000','','11',NULL,'','Errored','2012',NULL,13,NULL,13),(14,'','10','12error',NULL,'Smith','a12Email@email.com','2013-03-19 00:00:00.000000','','11',NULL,'','Errored','2012',NULL,14,NULL,14),(100,'','10','100error',NULL,'Smith','a100Email@email.com','2013-03-19 00:00:00.000000','','11',NULL,'','Errored','2012',1,100,NULL,100),(101,'',NULL,NULL,NULL,NULL,NULL,'2018-01-18 16:32:52.958000',NULL,NULL,NULL,NULL,NULL,NULL,NULL,NULL,NULL,101),(102,'',NULL,NULL,NULL,NULL,NULL,'2018-01-18 16:32:53.175000',NULL,NULL,NULL,NULL,NULL,NULL,NULL,NULL,NULL,103),(103,'',NULL,NULL,NULL,NULL,NULL,'2018-01-18 16:32:53.343000',NULL,NULL,NULL,NULL,NULL,NULL,NULL,NULL,NULL,105),(104,'',NULL,NULL,NULL,NULL,NULL,'2018-01-18 16:32:53.607000',NULL,NULL,NULL,NULL,NULL,NULL,NULL,NULL,NULL,107),(105,'',NULL,NULL,NULL,NULL,NULL,'2018-01-18 16:32:53.788000',NULL,NULL,NULL,NULL,NULL,NULL,NULL,NULL,NULL,109),(106,'',NULL,NULL,NULL,NULL,NULL,'2018-01-18 16:32:53.940000',NULL,NULL,NULL,NULL,NULL,NULL,NULL,NULL,NULL,111),(107,'',NULL,NULL,NULL,NULL,NULL,'2018-01-18 16:32:54.067000',NULL,NULL,NULL,NULL,NULL,NULL,NULL,NULL,NULL,113),(108,'',NULL,NULL,NULL,NULL,NULL,'2018-01-18 16:32:54.193000',NULL,NULL,NULL,NULL,NULL,NULL,NULL,NULL,NULL,115),(109,'',NULL,NULL,NULL,NULL,NULL,'2018-01-18 16:32:54.324000',NULL,NULL,NULL,NULL,NULL,NULL,NULL,NULL,NULL,117),(110,'',NULL,NULL,NULL,NULL,NULL,'2018-01-18 16:32:54.448000',NULL,NULL,NULL,NULL,NULL,NULL,NULL,NULL,NULL,119),(111,'',NULL,NULL,NULL,NULL,NULL,'2018-01-18 16:32:54.573000',NULL,NULL,NULL,NULL,NULL,NULL,NULL,NULL,NULL,121),(112,'',NULL,NULL,NULL,NULL,NULL,'2018-01-18 16:32:54.693000',NULL,NULL,NULL,NULL,NULL,NULL,NULL,NULL,NULL,123),(113,'',NULL,NULL,NULL,NULL,NULL,'2018-01-18 16:32:54.810000',NULL,NULL,NULL,NULL,NULL,NULL,NULL,NULL,NULL,125),(114,'',NULL,NULL,NULL,NULL,NULL,'2018-01-18 16:32:55.039000',NULL,NULL,NULL,NULL,NULL,NULL,NULL,NULL,NULL,127),(115,'',NULL,NULL,NULL,NULL,NULL,'2018-01-18 16:32:55.171000',NULL,NULL,NULL,NULL,NULL,NULL,NULL,NULL,NULL,129),(116,'',NULL,NULL,NULL,NULL,NULL,'2018-01-18 16:32:55.301000',NULL,NULL,NULL,NULL,NULL,NULL,NULL,NULL,NULL,131),(117,'',NULL,NULL,NULL,NULL,NULL,'2018-01-18 16:32:55.544000',NULL,NULL,NULL,NULL,NULL,NULL,NULL,NULL,NULL,133),(118,'',NULL,NULL,NULL,NULL,NULL,'2018-01-18 16:32:55.664000',NULL,NULL,NULL,NULL,NULL,NULL,NULL,NULL,NULL,135),(119,'',NULL,NULL,NULL,NULL,NULL,'2018-01-18 16:32:55.768000',NULL,NULL,NULL,NULL,NULL,NULL,NULL,NULL,NULL,137),(120,'',NULL,NULL,NULL,NULL,NULL,'2018-01-18 16:32:55.877000',NULL,NULL,NULL,NULL,NULL,NULL,NULL,NULL,NULL,139),(121,'',NULL,NULL,NULL,NULL,NULL,'2018-01-18 16:32:55.998000',NULL,NULL,NULL,NULL,NULL,NULL,NULL,NULL,NULL,141),(122,'',NULL,NULL,NULL,NULL,NULL,'2018-01-18 16:32:56.176000',NULL,NULL,NULL,NULL,NULL,NULL,NULL,NULL,NULL,143),(123,'',NULL,NULL,NULL,NULL,NULL,'2018-01-18 16:32:56.311000',NULL,NULL,NULL,NULL,NULL,NULL,NULL,NULL,NULL,145),(124,'',NULL,NULL,NULL,NULL,NULL,'2018-01-18 16:32:56.428000',NULL,NULL,NULL,NULL,NULL,NULL,NULL,NULL,NULL,147),(125,'',NULL,NULL,NULL,NULL,NULL,'2018-01-18 16:32:56.550000',NULL,NULL,NULL,NULL,NULL,NULL,NULL,NULL,NULL,149),(126,'',NULL,NULL,NULL,NULL,NULL,'2018-01-18 16:32:56.684000',NULL,NULL,NULL,NULL,NULL,NULL,NULL,NULL,NULL,151),(127,'',NULL,NULL,NULL,NULL,NULL,'2018-01-18 16:32:56.804000',NULL,NULL,NULL,NULL,NULL,NULL,NULL,NULL,NULL,153),(128,'',NULL,NULL,NULL,NULL,NULL,'2018-01-18 16:32:56.928000',NULL,NULL,NULL,NULL,NULL,NULL,NULL,NULL,NULL,155),(129,'',NULL,NULL,NULL,NULL,NULL,'2018-01-18 16:32:57.053000',NULL,NULL,NULL,NULL,NULL,NULL,NULL,NULL,NULL,157),(130,'',NULL,NULL,NULL,NULL,NULL,'2018-01-18 16:32:57.181000',NULL,NULL,NULL,NULL,NULL,NULL,NULL,NULL,NULL,159),(131,'',NULL,NULL,NULL,NULL,NULL,'2018-01-18 16:32:57.302000',NULL,NULL,NULL,NULL,NULL,NULL,NULL,NULL,NULL,161),(132,'',NULL,NULL,NULL,NULL,NULL,'2018-01-18 16:32:57.431000',NULL,NULL,NULL,NULL,NULL,NULL,NULL,NULL,NULL,163),(133,'',NULL,NULL,NULL,NULL,NULL,'2018-01-18 16:32:57.561000',NULL,NULL,NULL,NULL,NULL,NULL,NULL,NULL,NULL,165),(134,'',NULL,NULL,NULL,NULL,NULL,'2018-01-18 16:32:57.699000',NULL,NULL,NULL,NULL,NULL,NULL,NULL,NULL,NULL,167),(135,'',NULL,NULL,NULL,NULL,NULL,'2018-01-18 16:32:57.844000',NULL,NULL,NULL,NULL,NULL,NULL,NULL,NULL,NULL,169),(136,'',NULL,NULL,NULL,NULL,NULL,'2018-01-18 16:32:57.981000',NULL,NULL,NULL,NULL,NULL,NULL,NULL,NULL,NULL,171),(137,'',NULL,NULL,NULL,NULL,NULL,'2018-01-18 16:32:58.121000',NULL,NULL,NULL,NULL,NULL,NULL,NULL,NULL,NULL,173),(138,'',NULL,NULL,NULL,NULL,NULL,'2018-01-18 16:32:58.247000',NULL,NULL,NULL,NULL,NULL,NULL,NULL,NULL,NULL,175),(139,'',NULL,NULL,NULL,NULL,NULL,'2018-01-18 16:32:58.371000',NULL,NULL,NULL,NULL,NULL,NULL,NULL,NULL,NULL,177),(140,'',NULL,NULL,NULL,NULL,NULL,'2018-01-18 16:32:58.509000',NULL,NULL,NULL,NULL,NULL,NULL,NULL,NULL,NULL,179),(141,'',NULL,NULL,NULL,NULL,NULL,'2018-01-18 16:32:58.651000',NULL,NULL,NULL,NULL,NULL,NULL,NULL,NULL,NULL,181),(142,'',NULL,NULL,NULL,NULL,NULL,'2018-01-18 16:32:58.795000',NULL,NULL,NULL,NULL,NULL,NULL,NULL,NULL,NULL,183),(143,'',NULL,NULL,NULL,NULL,NULL,'2018-01-18 16:32:58.937000',NULL,NULL,NULL,NULL,NULL,NULL,NULL,NULL,NULL,185),(144,'',NULL,NULL,NULL,NULL,NULL,'2018-01-18 16:32:59.075000',NULL,NULL,NULL,NULL,NULL,NULL,NULL,NULL,NULL,187),(145,'',NULL,NULL,NULL,NULL,NULL,'2018-01-18 16:32:59.208000',NULL,NULL,NULL,NULL,NULL,NULL,NULL,NULL,NULL,189),(146,'',NULL,NULL,NULL,NULL,NULL,'2018-01-18 16:32:59.330000',NULL,NULL,NULL,NULL,NULL,NULL,NULL,NULL,NULL,191),(147,'',NULL,NULL,NULL,NULL,NULL,'2018-01-18 16:32:59.456000',NULL,NULL,NULL,NULL,NULL,NULL,NULL,NULL,NULL,193),(148,'',NULL,NULL,NULL,NULL,NULL,'2018-01-18 16:32:59.584000',NULL,NULL,NULL,NULL,NULL,NULL,NULL,NULL,NULL,195),(149,'',NULL,NULL,NULL,NULL,NULL,'2018-01-18 16:32:59.714000',NULL,NULL,NULL,NULL,NULL,NULL,NULL,NULL,NULL,197),(150,'',NULL,NULL,NULL,NULL,NULL,'2018-01-18 16:32:59.843000',NULL,NULL,NULL,NULL,NULL,NULL,NULL,NULL,NULL,199),(151,'',NULL,NULL,NULL,NULL,NULL,'2018-01-18 16:32:59.985000',NULL,NULL,NULL,NULL,NULL,NULL,NULL,NULL,NULL,201),(152,'',NULL,NULL,NULL,NULL,NULL,'2018-01-18 16:33:00.131000',NULL,NULL,NULL,NULL,NULL,NULL,NULL,NULL,NULL,203),(153,'',NULL,NULL,NULL,NULL,NULL,'2018-01-18 16:33:00.258000',NULL,NULL,NULL,NULL,NULL,NULL,NULL,NULL,NULL,205),(154,'',NULL,NULL,NULL,NULL,NULL,'2018-01-18 16:33:00.386000',NULL,NULL,NULL,NULL,NULL,NULL,NULL,NULL,NULL,207),(155,'',NULL,NULL,NULL,NULL,NULL,'2018-01-18 16:33:00.517000',NULL,NULL,NULL,NULL,NULL,NULL,NULL,NULL,NULL,209),(156,'',NULL,NULL,NULL,NULL,NULL,'2018-01-18 16:33:00.688000',NULL,NULL,NULL,NULL,NULL,NULL,NULL,NULL,NULL,211),(157,'',NULL,NULL,NULL,NULL,NULL,'2018-01-18 16:33:00.819000',NULL,NULL,NULL,NULL,NULL,NULL,NULL,NULL,NULL,213),(158,'',NULL,NULL,NULL,NULL,NULL,'2018-01-18 16:33:00.951000',NULL,NULL,NULL,NULL,NULL,NULL,NULL,NULL,NULL,215),(159,'',NULL,NULL,NULL,NULL,NULL,'2018-01-18 16:33:01.137000',NULL,NULL,NULL,NULL,NULL,NULL,NULL,NULL,NULL,217),(160,'',NULL,NULL,NULL,NULL,NULL,'2018-01-18 16:33:01.277000',NULL,NULL,NULL,NULL,NULL,NULL,NULL,NULL,NULL,219),(161,'',NULL,NULL,NULL,NULL,NULL,'2018-01-18 16:33:01.410000',NULL,NULL,NULL,NULL,NULL,NULL,NULL,NULL,NULL,221),(162,'',NULL,NULL,NULL,NULL,NULL,'2018-01-18 16:33:01.543000',NULL,NULL,NULL,NULL,NULL,NULL,NULL,NULL,NULL,223),(163,'',NULL,NULL,NULL,NULL,NULL,'2018-01-18 16:33:01.676000',NULL,NULL,NULL,NULL,NULL,NULL,NULL,NULL,NULL,225),(164,'',NULL,NULL,NULL,NULL,NULL,'2018-01-18 16:33:01.810000',NULL,NULL,NULL,NULL,NULL,NULL,NULL,NULL,NULL,227),(165,'',NULL,NULL,NULL,NULL,NULL,'2018-01-18 16:33:01.942000',NULL,NULL,NULL,NULL,NULL,NULL,NULL,NULL,NULL,229),(166,'',NULL,NULL,NULL,NULL,NULL,'2018-01-18 16:33:02.077000',NULL,NULL,NULL,NULL,NULL,NULL,NULL,NULL,NULL,231),(167,'',NULL,NULL,NULL,NULL,NULL,'2018-01-18 16:33:02.214000',NULL,NULL,NULL,NULL,NULL,NULL,NULL,NULL,NULL,233),(168,'',NULL,NULL,NULL,NULL,NULL,'2018-01-18 16:33:02.344000',NULL,NULL,NULL,NULL,NULL,NULL,NULL,NULL,NULL,235),(169,'',NULL,NULL,NULL,NULL,NULL,'2018-01-18 16:33:02.475000',NULL,NULL,NULL,NULL,NULL,NULL,NULL,NULL,NULL,237),(170,'',NULL,NULL,NULL,NULL,NULL,'2018-01-18 16:33:02.605000',NULL,NULL,NULL,NULL,NULL,NULL,NULL,NULL,NULL,239),(171,'',NULL,NULL,NULL,NULL,NULL,'2018-01-18 16:33:02.735000',NULL,NULL,NULL,NULL,NULL,NULL,NULL,NULL,NULL,241),(172,'',NULL,NULL,NULL,NULL,NULL,'2018-01-18 16:33:02.868000',NULL,NULL,NULL,NULL,NULL,NULL,NULL,NULL,NULL,243),(173,'',NULL,NULL,NULL,NULL,NULL,'2018-01-18 16:33:03.003000',NULL,NULL,NULL,NULL,NULL,NULL,NULL,NULL,NULL,245),(174,'',NULL,NULL,NULL,NULL,NULL,'2018-01-18 16:33:03.143000',NULL,NULL,NULL,NULL,NULL,NULL,NULL,NULL,NULL,247),(175,'',NULL,NULL,NULL,NULL,NULL,'2018-01-18 16:33:03.277000',NULL,NULL,NULL,NULL,NULL,NULL,NULL,NULL,NULL,249),(176,'',NULL,NULL,NULL,NULL,NULL,'2018-01-18 16:33:03.416000',NULL,NULL,NULL,NULL,NULL,NULL,NULL,NULL,NULL,251),(177,'',NULL,NULL,NULL,NULL,NULL,'2018-01-18 16:33:03.553000',NULL,NULL,NULL,NULL,NULL,NULL,NULL,NULL,NULL,253),(178,'',NULL,NULL,NULL,NULL,NULL,'2018-01-18 16:33:03.710000',NULL,NULL,NULL,NULL,NULL,NULL,NULL,NULL,NULL,255),(179,'',NULL,NULL,NULL,NULL,NULL,'2018-01-18 16:33:03.858000',NULL,NULL,NULL,NULL,NULL,NULL,NULL,NULL,NULL,257),(180,'',NULL,NULL,NULL,NULL,NULL,'2018-01-18 16:33:04.010000',NULL,NULL,NULL,NULL,NULL,NULL,NULL,NULL,NULL,259),(181,'',NULL,NULL,NULL,NULL,NULL,'2018-01-18 16:33:04.156000',NULL,NULL,NULL,NULL,NULL,NULL,NULL,NULL,NULL,261),(182,'',NULL,NULL,NULL,NULL,NULL,'2018-01-18 16:33:04.310000',NULL,NULL,NULL,NULL,NULL,NULL,NULL,NULL,NULL,263),(183,'',NULL,NULL,NULL,NULL,NULL,'2018-01-18 16:33:04.447000',NULL,NULL,NULL,NULL,NULL,NULL,NULL,NULL,NULL,265),(184,'',NULL,NULL,NULL,NULL,NULL,'2018-01-18 16:33:04.580000',NULL,NULL,NULL,NULL,NULL,NULL,NULL,NULL,NULL,267),(185,'',NULL,NULL,NULL,NULL,NULL,'2018-01-18 16:33:04.762000',NULL,NULL,NULL,NULL,NULL,NULL,NULL,NULL,NULL,269),(186,'',NULL,NULL,NULL,NULL,NULL,'2018-01-18 16:33:04.894000',NULL,NULL,NULL,NULL,NULL,NULL,NULL,NULL,NULL,271),(187,'',NULL,NULL,NULL,NULL,NULL,'2018-01-18 16:33:05.031000',NULL,NULL,NULL,NULL,NULL,NULL,NULL,NULL,NULL,273),(188,'',NULL,NULL,NULL,NULL,NULL,'2018-01-18 16:33:05.163000',NULL,NULL,NULL,NULL,NULL,NULL,NULL,NULL,NULL,275),(189,'',NULL,NULL,NULL,NULL,NULL,'2018-01-18 16:33:05.302000',NULL,NULL,NULL,NULL,NULL,NULL,NULL,NULL,NULL,277),(190,'',NULL,NULL,NULL,NULL,NULL,'2018-01-18 16:33:05.440000',NULL,NULL,NULL,NULL,NULL,NULL,NULL,NULL,NULL,279),(191,'',NULL,NULL,NULL,NULL,NULL,'2018-01-18 16:33:05.575000',NULL,NULL,NULL,NULL,NULL,NULL,NULL,NULL,NULL,281),(192,'',NULL,NULL,NULL,NULL,NULL,'2018-01-18 16:33:05.713000',NULL,NULL,NULL,NULL,NULL,NULL,NULL,NULL,NULL,283),(193,'',NULL,NULL,NULL,NULL,NULL,'2018-01-18 16:33:05.852000',NULL,NULL,NULL,NULL,NULL,NULL,NULL,NULL,NULL,285),(194,'',NULL,NULL,NULL,NULL,NULL,'2018-01-18 16:33:05.991000',NULL,NULL,NULL,NULL,NULL,NULL,NULL,NULL,NULL,287),(195,'',NULL,NULL,NULL,NULL,NULL,'2018-01-18 16:33:06.132000',NULL,NULL,NULL,NULL,NULL,NULL,NULL,NULL,NULL,289),(196,'',NULL,NULL,NULL,NULL,NULL,'2018-01-18 16:33:06.274000',NULL,NULL,NULL,NULL,NULL,NULL,NULL,NULL,NULL,291);
/*!40000 ALTER TABLE `Identifications` ENABLE KEYS */;
UNLOCK TABLES;

--
-- Table structure for table `Identifications_AUD`
--

DROP TABLE IF EXISTS `Identifications_AUD`;
/*!40101 SET @saved_cs_client     = @@character_set_client */;
/*!40101 SET character_set_client = utf8 */;
CREATE TABLE `Identifications_AUD` (
  `IdentificationID` int(11) NOT NULL,
  `REV` int(11) NOT NULL,
  `REVTYPE` tinyint(4) DEFAULT NULL,
  `Accepted` bit(1) DEFAULT NULL,
  `Day` varchar(10) DEFAULT NULL,
  `Error` varchar(50) DEFAULT NULL,
  `EvidenceNotes` varchar(1024) DEFAULT NULL,
  `IdentifiedBy` varchar(200) DEFAULT NULL,
  `IdentifierEmail` varchar(200) DEFAULT NULL,
  `LifeCycle` varchar(20) DEFAULT NULL,
  `Month` varchar(10) DEFAULT NULL,
  `NCBITaxonID` varchar(12) DEFAULT NULL,
  `Representative` bit(1) DEFAULT NULL,
  `Result` varchar(50) DEFAULT NULL,
  `Year` varchar(10) DEFAULT NULL,
  `SequenceID` int(11) DEFAULT NULL,
  `SpecimenID` int(11) DEFAULT NULL,
  `TaxonID` int(11) DEFAULT NULL,
  `TaxonomyID` int(11) DEFAULT NULL,
  PRIMARY KEY (`IdentificationID`,`REV`),
  KEY `FK_q9hx6uro42m6jguo0ubywc73b` (`REV`),
  CONSTRAINT `FK_q9hx6uro42m6jguo0ubywc73b` FOREIGN KEY (`REV`) REFERENCES `Revision` (`id`)
) ENGINE=InnoDB DEFAULT CHARSET=latin1;
/*!40101 SET character_set_client = @saved_cs_client */;

--
-- Dumping data for table `Identifications_AUD`
--

LOCK TABLES `Identifications_AUD` WRITE;
/*!40000 ALTER TABLE `Identifications_AUD` DISABLE KEYS */;
INSERT INTO `Identifications_AUD` VALUES (101,6,0,'',NULL,NULL,NULL,NULL,NULL,NULL,NULL,NULL,NULL,NULL,NULL,NULL,NULL,NULL,101),(102,6,0,'',NULL,NULL,NULL,NULL,NULL,NULL,NULL,NULL,NULL,NULL,NULL,NULL,NULL,NULL,103),(103,6,0,'',NULL,NULL,NULL,NULL,NULL,NULL,NULL,NULL,NULL,NULL,NULL,NULL,NULL,NULL,105),(104,6,0,'',NULL,NULL,NULL,NULL,NULL,NULL,NULL,NULL,NULL,NULL,NULL,NULL,NULL,NULL,107),(105,6,0,'',NULL,NULL,NULL,NULL,NULL,NULL,NULL,NULL,NULL,NULL,NULL,NULL,NULL,NULL,109),(106,6,0,'',NULL,NULL,NULL,NULL,NULL,NULL,NULL,NULL,NULL,NULL,NULL,NULL,NULL,NULL,111),(107,6,0,'',NULL,NULL,NULL,NULL,NULL,NULL,NULL,NULL,NULL,NULL,NULL,NULL,NULL,NULL,113),(108,6,0,'',NULL,NULL,NULL,NULL,NULL,NULL,NULL,NULL,NULL,NULL,NULL,NULL,NULL,NULL,115),(109,6,0,'',NULL,NULL,NULL,NULL,NULL,NULL,NULL,NULL,NULL,NULL,NULL,NULL,NULL,NULL,117),(110,6,0,'',NULL,NULL,NULL,NULL,NULL,NULL,NULL,NULL,NULL,NULL,NULL,NULL,NULL,NULL,119),(111,6,0,'',NULL,NULL,NULL,NULL,NULL,NULL,NULL,NULL,NULL,NULL,NULL,NULL,NULL,NULL,121),(112,6,0,'',NULL,NULL,NULL,NULL,NULL,NULL,NULL,NULL,NULL,NULL,NULL,NULL,NULL,NULL,123),(113,6,0,'',NULL,NULL,NULL,NULL,NULL,NULL,NULL,NULL,NULL,NULL,NULL,NULL,NULL,NULL,125),(114,6,0,'',NULL,NULL,NULL,NULL,NULL,NULL,NULL,NULL,NULL,NULL,NULL,NULL,NULL,NULL,127),(115,6,0,'',NULL,NULL,NULL,NULL,NULL,NULL,NULL,NULL,NULL,NULL,NULL,NULL,NULL,NULL,129),(116,6,0,'',NULL,NULL,NULL,NULL,NULL,NULL,NULL,NULL,NULL,NULL,NULL,NULL,NULL,NULL,131),(117,6,0,'',NULL,NULL,NULL,NULL,NULL,NULL,NULL,NULL,NULL,NULL,NULL,NULL,NULL,NULL,133),(118,6,0,'',NULL,NULL,NULL,NULL,NULL,NULL,NULL,NULL,NULL,NULL,NULL,NULL,NULL,NULL,135),(119,6,0,'',NULL,NULL,NULL,NULL,NULL,NULL,NULL,NULL,NULL,NULL,NULL,NULL,NULL,NULL,137),(120,6,0,'',NULL,NULL,NULL,NULL,NULL,NULL,NULL,NULL,NULL,NULL,NULL,NULL,NULL,NULL,139),(121,6,0,'',NULL,NULL,NULL,NULL,NULL,NULL,NULL,NULL,NULL,NULL,NULL,NULL,NULL,NULL,141),(122,6,0,'',NULL,NULL,NULL,NULL,NULL,NULL,NULL,NULL,NULL,NULL,NULL,NULL,NULL,NULL,143),(123,6,0,'',NULL,NULL,NULL,NULL,NULL,NULL,NULL,NULL,NULL,NULL,NULL,NULL,NULL,NULL,145),(124,6,0,'',NULL,NULL,NULL,NULL,NULL,NULL,NULL,NULL,NULL,NULL,NULL,NULL,NULL,NULL,147),(125,6,0,'',NULL,NULL,NULL,NULL,NULL,NULL,NULL,NULL,NULL,NULL,NULL,NULL,NULL,NULL,149),(126,6,0,'',NULL,NULL,NULL,NULL,NULL,NULL,NULL,NULL,NULL,NULL,NULL,NULL,NULL,NULL,151),(127,6,0,'',NULL,NULL,NULL,NULL,NULL,NULL,NULL,NULL,NULL,NULL,NULL,NULL,NULL,NULL,153),(128,6,0,'',NULL,NULL,NULL,NULL,NULL,NULL,NULL,NULL,NULL,NULL,NULL,NULL,NULL,NULL,155),(129,6,0,'',NULL,NULL,NULL,NULL,NULL,NULL,NULL,NULL,NULL,NULL,NULL,NULL,NULL,NULL,157),(130,6,0,'',NULL,NULL,NULL,NULL,NULL,NULL,NULL,NULL,NULL,NULL,NULL,NULL,NULL,NULL,159),(131,6,0,'',NULL,NULL,NULL,NULL,NULL,NULL,NULL,NULL,NULL,NULL,NULL,NULL,NULL,NULL,161),(132,6,0,'',NULL,NULL,NULL,NULL,NULL,NULL,NULL,NULL,NULL,NULL,NULL,NULL,NULL,NULL,163),(133,6,0,'',NULL,NULL,NULL,NULL,NULL,NULL,NULL,NULL,NULL,NULL,NULL,NULL,NULL,NULL,165),(134,6,0,'',NULL,NULL,NULL,NULL,NULL,NULL,NULL,NULL,NULL,NULL,NULL,NULL,NULL,NULL,167),(135,6,0,'',NULL,NULL,NULL,NULL,NULL,NULL,NULL,NULL,NULL,NULL,NULL,NULL,NULL,NULL,169),(136,6,0,'',NULL,NULL,NULL,NULL,NULL,NULL,NULL,NULL,NULL,NULL,NULL,NULL,NULL,NULL,171),(137,6,0,'',NULL,NULL,NULL,NULL,NULL,NULL,NULL,NULL,NULL,NULL,NULL,NULL,NULL,NULL,173),(138,6,0,'',NULL,NULL,NULL,NULL,NULL,NULL,NULL,NULL,NULL,NULL,NULL,NULL,NULL,NULL,175),(139,6,0,'',NULL,NULL,NULL,NULL,NULL,NULL,NULL,NULL,NULL,NULL,NULL,NULL,NULL,NULL,177),(140,6,0,'',NULL,NULL,NULL,NULL,NULL,NULL,NULL,NULL,NULL,NULL,NULL,NULL,NULL,NULL,179),(141,6,0,'',NULL,NULL,NULL,NULL,NULL,NULL,NULL,NULL,NULL,NULL,NULL,NULL,NULL,NULL,181),(142,6,0,'',NULL,NULL,NULL,NULL,NULL,NULL,NULL,NULL,NULL,NULL,NULL,NULL,NULL,NULL,183),(143,6,0,'',NULL,NULL,NULL,NULL,NULL,NULL,NULL,NULL,NULL,NULL,NULL,NULL,NULL,NULL,185),(144,6,0,'',NULL,NULL,NULL,NULL,NULL,NULL,NULL,NULL,NULL,NULL,NULL,NULL,NULL,NULL,187),(145,6,0,'',NULL,NULL,NULL,NULL,NULL,NULL,NULL,NULL,NULL,NULL,NULL,NULL,NULL,NULL,189),(146,6,0,'',NULL,NULL,NULL,NULL,NULL,NULL,NULL,NULL,NULL,NULL,NULL,NULL,NULL,NULL,191),(147,6,0,'',NULL,NULL,NULL,NULL,NULL,NULL,NULL,NULL,NULL,NULL,NULL,NULL,NULL,NULL,193),(148,6,0,'',NULL,NULL,NULL,NULL,NULL,NULL,NULL,NULL,NULL,NULL,NULL,NULL,NULL,NULL,195),(149,6,0,'',NULL,NULL,NULL,NULL,NULL,NULL,NULL,NULL,NULL,NULL,NULL,NULL,NULL,NULL,197),(150,6,0,'',NULL,NULL,NULL,NULL,NULL,NULL,NULL,NULL,NULL,NULL,NULL,NULL,NULL,NULL,199),(151,6,0,'',NULL,NULL,NULL,NULL,NULL,NULL,NULL,NULL,NULL,NULL,NULL,NULL,NULL,NULL,201),(152,6,0,'',NULL,NULL,NULL,NULL,NULL,NULL,NULL,NULL,NULL,NULL,NULL,NULL,NULL,NULL,203),(153,6,0,'',NULL,NULL,NULL,NULL,NULL,NULL,NULL,NULL,NULL,NULL,NULL,NULL,NULL,NULL,205),(154,6,0,'',NULL,NULL,NULL,NULL,NULL,NULL,NULL,NULL,NULL,NULL,NULL,NULL,NULL,NULL,207),(155,6,0,'',NULL,NULL,NULL,NULL,NULL,NULL,NULL,NULL,NULL,NULL,NULL,NULL,NULL,NULL,209),(156,6,0,'',NULL,NULL,NULL,NULL,NULL,NULL,NULL,NULL,NULL,NULL,NULL,NULL,NULL,NULL,211),(157,6,0,'',NULL,NULL,NULL,NULL,NULL,NULL,NULL,NULL,NULL,NULL,NULL,NULL,NULL,NULL,213),(158,6,0,'',NULL,NULL,NULL,NULL,NULL,NULL,NULL,NULL,NULL,NULL,NULL,NULL,NULL,NULL,215),(159,6,0,'',NULL,NULL,NULL,NULL,NULL,NULL,NULL,NULL,NULL,NULL,NULL,NULL,NULL,NULL,217),(160,6,0,'',NULL,NULL,NULL,NULL,NULL,NULL,NULL,NULL,NULL,NULL,NULL,NULL,NULL,NULL,219),(161,6,0,'',NULL,NULL,NULL,NULL,NULL,NULL,NULL,NULL,NULL,NULL,NULL,NULL,NULL,NULL,221),(162,6,0,'',NULL,NULL,NULL,NULL,NULL,NULL,NULL,NULL,NULL,NULL,NULL,NULL,NULL,NULL,223),(163,6,0,'',NULL,NULL,NULL,NULL,NULL,NULL,NULL,NULL,NULL,NULL,NULL,NULL,NULL,NULL,225),(164,6,0,'',NULL,NULL,NULL,NULL,NULL,NULL,NULL,NULL,NULL,NULL,NULL,NULL,NULL,NULL,227),(165,6,0,'',NULL,NULL,NULL,NULL,NULL,NULL,NULL,NULL,NULL,NULL,NULL,NULL,NULL,NULL,229),(166,6,0,'',NULL,NULL,NULL,NULL,NULL,NULL,NULL,NULL,NULL,NULL,NULL,NULL,NULL,NULL,231),(167,6,0,'',NULL,NULL,NULL,NULL,NULL,NULL,NULL,NULL,NULL,NULL,NULL,NULL,NULL,NULL,233),(168,6,0,'',NULL,NULL,NULL,NULL,NULL,NULL,NULL,NULL,NULL,NULL,NULL,NULL,NULL,NULL,235),(169,6,0,'',NULL,NULL,NULL,NULL,NULL,NULL,NULL,NULL,NULL,NULL,NULL,NULL,NULL,NULL,237),(170,6,0,'',NULL,NULL,NULL,NULL,NULL,NULL,NULL,NULL,NULL,NULL,NULL,NULL,NULL,NULL,239),(171,6,0,'',NULL,NULL,NULL,NULL,NULL,NULL,NULL,NULL,NULL,NULL,NULL,NULL,NULL,NULL,241),(172,6,0,'',NULL,NULL,NULL,NULL,NULL,NULL,NULL,NULL,NULL,NULL,NULL,NULL,NULL,NULL,243),(173,6,0,'',NULL,NULL,NULL,NULL,NULL,NULL,NULL,NULL,NULL,NULL,NULL,NULL,NULL,NULL,245),(174,6,0,'',NULL,NULL,NULL,NULL,NULL,NULL,NULL,NULL,NULL,NULL,NULL,NULL,NULL,NULL,247),(175,6,0,'',NULL,NULL,NULL,NULL,NULL,NULL,NULL,NULL,NULL,NULL,NULL,NULL,NULL,NULL,249),(176,6,0,'',NULL,NULL,NULL,NULL,NULL,NULL,NULL,NULL,NULL,NULL,NULL,NULL,NULL,NULL,251),(177,6,0,'',NULL,NULL,NULL,NULL,NULL,NULL,NULL,NULL,NULL,NULL,NULL,NULL,NULL,NULL,253),(178,6,0,'',NULL,NULL,NULL,NULL,NULL,NULL,NULL,NULL,NULL,NULL,NULL,NULL,NULL,NULL,255),(179,6,0,'',NULL,NULL,NULL,NULL,NULL,NULL,NULL,NULL,NULL,NULL,NULL,NULL,NULL,NULL,257),(180,6,0,'',NULL,NULL,NULL,NULL,NULL,NULL,NULL,NULL,NULL,NULL,NULL,NULL,NULL,NULL,259),(181,6,0,'',NULL,NULL,NULL,NULL,NULL,NULL,NULL,NULL,NULL,NULL,NULL,NULL,NULL,NULL,261),(182,6,0,'',NULL,NULL,NULL,NULL,NULL,NULL,NULL,NULL,NULL,NULL,NULL,NULL,NULL,NULL,263),(183,6,0,'',NULL,NULL,NULL,NULL,NULL,NULL,NULL,NULL,NULL,NULL,NULL,NULL,NULL,NULL,265),(184,6,0,'',NULL,NULL,NULL,NULL,NULL,NULL,NULL,NULL,NULL,NULL,NULL,NULL,NULL,NULL,267),(185,6,0,'',NULL,NULL,NULL,NULL,NULL,NULL,NULL,NULL,NULL,NULL,NULL,NULL,NULL,NULL,269),(186,6,0,'',NULL,NULL,NULL,NULL,NULL,NULL,NULL,NULL,NULL,NULL,NULL,NULL,NULL,NULL,271),(187,6,0,'',NULL,NULL,NULL,NULL,NULL,NULL,NULL,NULL,NULL,NULL,NULL,NULL,NULL,NULL,273),(188,6,0,'',NULL,NULL,NULL,NULL,NULL,NULL,NULL,NULL,NULL,NULL,NULL,NULL,NULL,NULL,275),(189,6,0,'',NULL,NULL,NULL,NULL,NULL,NULL,NULL,NULL,NULL,NULL,NULL,NULL,NULL,NULL,277),(190,6,0,'',NULL,NULL,NULL,NULL,NULL,NULL,NULL,NULL,NULL,NULL,NULL,NULL,NULL,NULL,279),(191,6,0,'',NULL,NULL,NULL,NULL,NULL,NULL,NULL,NULL,NULL,NULL,NULL,NULL,NULL,NULL,281),(192,6,0,'',NULL,NULL,NULL,NULL,NULL,NULL,NULL,NULL,NULL,NULL,NULL,NULL,NULL,NULL,283),(193,6,0,'',NULL,NULL,NULL,NULL,NULL,NULL,NULL,NULL,NULL,NULL,NULL,NULL,NULL,NULL,285),(194,6,0,'',NULL,NULL,NULL,NULL,NULL,NULL,NULL,NULL,NULL,NULL,NULL,NULL,NULL,NULL,287),(195,6,0,'',NULL,NULL,NULL,NULL,NULL,NULL,NULL,NULL,NULL,NULL,NULL,NULL,NULL,NULL,289),(196,6,0,'',NULL,NULL,NULL,NULL,NULL,NULL,NULL,NULL,NULL,NULL,NULL,NULL,NULL,NULL,291);
/*!40000 ALTER TABLE `Identifications_AUD` ENABLE KEYS */;
UNLOCK TABLES;

--
-- Table structure for table `ImportPermitAttach`
--

DROP TABLE IF EXISTS `ImportPermitAttach`;
/*!40101 SET @saved_cs_client     = @@character_set_client */;
/*!40101 SET character_set_client = utf8 */;
CREATE TABLE `ImportPermitAttach` (
  `ImportPermitAttachId` int(11) NOT NULL AUTO_INCREMENT,
  `DateEntered` date NOT NULL,
  `FileExtension` varchar(255) DEFAULT NULL,
  `FileName` varchar(255) NOT NULL,
  `FileTitle` varchar(255) DEFAULT NULL,
  `Height` int(11) DEFAULT NULL,
  `Notes` varchar(1024) DEFAULT NULL,
  `Width` int(11) DEFAULT NULL,
  `ImportPermitId` int(11) NOT NULL,
  PRIMARY KEY (`ImportPermitAttachId`),
  KEY `FK_8op37369nil7onkhfvwsjx8qg` (`ImportPermitId`),
  CONSTRAINT `FK_8op37369nil7onkhfvwsjx8qg` FOREIGN KEY (`ImportPermitId`) REFERENCES `ImportPermits` (`ImportPermitID`)
) ENGINE=InnoDB DEFAULT CHARSET=latin1;
/*!40101 SET character_set_client = @saved_cs_client */;

--
-- Dumping data for table `ImportPermitAttach`
--

LOCK TABLES `ImportPermitAttach` WRITE;
/*!40000 ALTER TABLE `ImportPermitAttach` DISABLE KEYS */;
/*!40000 ALTER TABLE `ImportPermitAttach` ENABLE KEYS */;
UNLOCK TABLES;

--
-- Table structure for table `ImportPermitEvents`
--

DROP TABLE IF EXISTS `ImportPermitEvents`;
/*!40101 SET @saved_cs_client     = @@character_set_client */;
/*!40101 SET character_set_client = utf8 */;
CREATE TABLE `ImportPermitEvents` (
  `ImportPermitEventID` int(11) NOT NULL AUTO_INCREMENT,
  `ImportationDate` date DEFAULT NULL,
  `ImportedBy` varchar(200) DEFAULT NULL,
  `LastModified` datetime(6) DEFAULT NULL,
  `NumberOfSamples` varchar(50) DEFAULT NULL,
  `ImportPermitID` int(11) DEFAULT NULL,
  PRIMARY KEY (`ImportPermitEventID`),
  KEY `FK_kn41lnvoh0wd5wo2otg013lnw` (`ImportPermitID`),
  CONSTRAINT `FK_kn41lnvoh0wd5wo2otg013lnw` FOREIGN KEY (`ImportPermitID`) REFERENCES `ImportPermits` (`ImportPermitID`)
) ENGINE=InnoDB AUTO_INCREMENT=9 DEFAULT CHARSET=latin1;
/*!40101 SET character_set_client = @saved_cs_client */;

--
-- Dumping data for table `ImportPermitEvents`
--

LOCK TABLES `ImportPermitEvents` WRITE;
/*!40000 ALTER TABLE `ImportPermitEvents` DISABLE KEYS */;
INSERT INTO `ImportPermitEvents` VALUES (1,'2007-01-05','Bob','2013-03-19 00:00:00.000000','7+',1),(2,'2003-04-05','Jean','2013-03-19 00:00:00.000000','12',2),(3,'2007-01-05','Xavier','2013-03-19 00:00:00.000000','1',3),(4,'2007-01-05','Logan','2013-03-19 00:00:00.000000','12000',4),(5,'2008-01-05','John','2013-03-19 00:00:00.000000','120',5),(6,'2005-01-05','Peter','2013-03-19 00:00:00.000000','4',6),(7,'2003-01-05','Ron','2013-03-19 00:00:00.000000','1',1),(8,'2003-01-05','Greg','2013-03-19 00:00:00.000000','2',3);
/*!40000 ALTER TABLE `ImportPermitEvents` ENABLE KEYS */;
UNLOCK TABLES;

--
-- Table structure for table `ImportPermitEvents_AUD`
--

DROP TABLE IF EXISTS `ImportPermitEvents_AUD`;
/*!40101 SET @saved_cs_client     = @@character_set_client */;
/*!40101 SET character_set_client = utf8 */;
CREATE TABLE `ImportPermitEvents_AUD` (
  `ImportPermitEventID` int(11) NOT NULL,
  `REV` int(11) NOT NULL,
  `REVTYPE` tinyint(4) DEFAULT NULL,
  `ImportationDate` date DEFAULT NULL,
  `ImportedBy` varchar(200) DEFAULT NULL,
  `NumberOfSamples` varchar(50) DEFAULT NULL,
  `ImportPermitID` int(11) DEFAULT NULL,
  PRIMARY KEY (`ImportPermitEventID`,`REV`),
  KEY `FK_3gp7w8nmhjrync27b1vmjm1d3` (`REV`),
  CONSTRAINT `FK_3gp7w8nmhjrync27b1vmjm1d3` FOREIGN KEY (`REV`) REFERENCES `Revision` (`id`)
) ENGINE=InnoDB DEFAULT CHARSET=latin1;
/*!40101 SET character_set_client = @saved_cs_client */;

--
-- Dumping data for table `ImportPermitEvents_AUD`
--

LOCK TABLES `ImportPermitEvents_AUD` WRITE;
/*!40000 ALTER TABLE `ImportPermitEvents_AUD` DISABLE KEYS */;
INSERT INTO `ImportPermitEvents_AUD` VALUES (9,3,0,NULL,NULL,NULL,36),(9,4,2,NULL,NULL,NULL,NULL);
/*!40000 ALTER TABLE `ImportPermitEvents_AUD` ENABLE KEYS */;
UNLOCK TABLES;

--
-- Table structure for table `ImportPermits`
--

DROP TABLE IF EXISTS `ImportPermits`;
/*!40101 SET @saved_cs_client     = @@character_set_client */;
/*!40101 SET character_set_client = utf8 */;
CREATE TABLE `ImportPermits` (
  `ImportPermitID` int(11) NOT NULL AUTO_INCREMENT,
  `CFIAPermitNumber` varchar(50) NOT NULL,
  `Country` varchar(50) DEFAULT NULL,
  `LastModified` datetime(6) DEFAULT NULL,
  `GroupID` int(11) DEFAULT NULL,
  PRIMARY KEY (`ImportPermitID`),
  UNIQUE KEY `UK_l2q8blrlithu5ngexk2at256h` (`CFIAPermitNumber`),
  KEY `FK_8t3csx2jn8t4wvjfyx0o87wsv` (`GroupID`),
  CONSTRAINT `FK_8t3csx2jn8t4wvjfyx0o87wsv` FOREIGN KEY (`GroupID`) REFERENCES `Groups` (`GroupID`)
) ENGINE=InnoDB AUTO_INCREMENT=15 DEFAULT CHARSET=latin1;
/*!40101 SET character_set_client = @saved_cs_client */;

--
-- Dumping data for table `ImportPermits`
--

LOCK TABLES `ImportPermits` WRITE;
/*!40000 ALTER TABLE `ImportPermits` DISABLE KEYS */;
INSERT INTO `ImportPermits` VALUES (1,'T-100','China','2013-03-19 00:00:00.000000',1),(2,'T-200','Africa','2013-03-19 00:00:00.000000',1),(3,'T-300','Japan','2013-03-19 00:00:00.000000',3),(4,'T-400','India','2013-03-19 00:00:00.000000',3),(5,'T-1000','UK','2013-03-19 00:00:00.000000',3),(6,'T-3000','America','2013-03-19 00:00:00.000000',3),(12,'T-112','Bolivia','2013-03-19 00:00:00.000000',1),(13,'T-113','Bolivia','2013-03-19 00:00:00.000000',1),(14,'T-114','Bolivia','2013-03-19 00:00:00.000000',1);
/*!40000 ALTER TABLE `ImportPermits` ENABLE KEYS */;
UNLOCK TABLES;

--
-- Table structure for table `ImportPermits_AUD`
--

DROP TABLE IF EXISTS `ImportPermits_AUD`;
/*!40101 SET @saved_cs_client     = @@character_set_client */;
/*!40101 SET character_set_client = utf8 */;
CREATE TABLE `ImportPermits_AUD` (
  `ImportPermitID` int(11) NOT NULL,
  `REV` int(11) NOT NULL,
  `REVTYPE` tinyint(4) DEFAULT NULL,
  `CFIAPermitNumber` varchar(50) DEFAULT NULL,
  `Country` varchar(50) DEFAULT NULL,
  `GroupID` int(11) DEFAULT NULL,
  PRIMARY KEY (`ImportPermitID`,`REV`),
  KEY `FK_9yt5xppi0c6phhbb9a0uo0klr` (`REV`),
  CONSTRAINT `FK_9yt5xppi0c6phhbb9a0uo0klr` FOREIGN KEY (`REV`) REFERENCES `Revision` (`id`)
) ENGINE=InnoDB DEFAULT CHARSET=latin1;
/*!40101 SET character_set_client = @saved_cs_client */;

--
-- Dumping data for table `ImportPermits_AUD`
--

LOCK TABLES `ImportPermits_AUD` WRITE;
/*!40000 ALTER TABLE `ImportPermits_AUD` DISABLE KEYS */;
INSERT INTO `ImportPermits_AUD` VALUES (3,1,1,'T-Update','Country Update',2),(36,2,0,'T-Test','Canada',2),(36,3,1,'T-Test','Canada',2),(36,4,2,NULL,NULL,NULL);
/*!40000 ALTER TABLE `ImportPermits_AUD` ENABLE KEYS */;
UNLOCK TABLES;

--
-- Table structure for table `LabelFormats`
--

DROP TABLE IF EXISTS `LabelFormats`;
/*!40101 SET @saved_cs_client     = @@character_set_client */;
/*!40101 SET character_set_client = utf8 */;
CREATE TABLE `LabelFormats` (
  `LabelFormatID` int(11) NOT NULL AUTO_INCREMENT,
  `Description` varchar(255) NOT NULL,
  `LabelFormatName` varchar(50) NOT NULL,
  `LastModified` datetime(6) DEFAULT NULL,
  `RibbonType` varchar(50) NOT NULL,
  PRIMARY KEY (`LabelFormatID`)
) ENGINE=InnoDB AUTO_INCREMENT=4 DEFAULT CHARSET=latin1;
/*!40101 SET character_set_client = @saved_cs_client */;

--
-- Dumping data for table `LabelFormats`
--

LOCK TABLES `LabelFormats` WRITE;
/*!40000 ALTER TABLE `LabelFormats` DISABLE KEYS */;
INSERT INTO `LabelFormats` VALUES (1,'Tube + Cap Label','THT-142','2013-03-19 00:00:00.000000','R60XX'),(2,'This is a THT-163 Label','THT-163','2013-03-19 00:00:00.000000','R43XX'),(3,'A sheet of paper','8.5x11','2013-03-19 00:00:00.000000','Laser');
/*!40000 ALTER TABLE `LabelFormats` ENABLE KEYS */;
UNLOCK TABLES;

--
-- Table structure for table `LabelTemplates`
--

DROP TABLE IF EXISTS `LabelTemplates`;
/*!40101 SET @saved_cs_client     = @@character_set_client */;
/*!40101 SET character_set_client = utf8 */;
CREATE TABLE `LabelTemplates` (
  `LabelTemplateID` int(11) NOT NULL AUTO_INCREMENT,
  `Description` longtext,
  `LabelFile` longtext,
  `LabelTemplateName` varchar(50) NOT NULL,
  `LastModified` datetime(6) DEFAULT NULL,
  `BarcodeableMapID` int(11) DEFAULT NULL,
  `LabelFormatID` int(11) DEFAULT NULL,
  PRIMARY KEY (`LabelTemplateID`),
  KEY `FK_7ni5bxxry15ocko3jkdtblh0l` (`BarcodeableMapID`),
  KEY `FK_df6kifjhg2ci1s074w5cho48g` (`LabelFormatID`),
  CONSTRAINT `FK_7ni5bxxry15ocko3jkdtblh0l` FOREIGN KEY (`BarcodeableMapID`) REFERENCES `BarcodeableMaps` (`BarcodeableMapID`),
  CONSTRAINT `FK_df6kifjhg2ci1s074w5cho48g` FOREIGN KEY (`LabelFormatID`) REFERENCES `LabelFormats` (`LabelFormatID`)
) ENGINE=InnoDB AUTO_INCREMENT=10 DEFAULT CHARSET=latin1;
/*!40101 SET character_set_client = @saved_cs_client */;

--
-- Dumping data for table `LabelTemplates`
--

LOCK TABLES `LabelTemplates` WRITE;
/*!40000 ALTER TABLE `LabelTemplates` DISABLE KEYS */;
INSERT INTO `LabelTemplates` VALUES (2,'A template for DAOM specimen','c:\\sentinel\\labels\\test_specimen_printing1_v3.lab','DAOM Label','2013-03-19 00:00:00.000000',1,1),(5,'Generic Specimen Replicate label with tube cap and strip label','c:\\sentinel\\labels\\seifertk_specimen_replicate_June_2013.lab','Specimen Replicate Label','2013-03-19 00:00:00.000000',1,1),(6,'Long strip label for side of plates','Plate Label File','Plate Label','2013-03-19 00:00:00.000000',1,2),(7,'Generic template for printing DNA Samples. Prints to a THT-163 format label.','c:\\sentinel\\labels\\default_sample_June_2013.lab','Sample Template','2013-03-19 00:00:00.000000',2,2),(8,'Generic template for printing Pcr Primers. Prints to a THT-163 format label.','c:\\sentinel\\labels\\LEV_primer_June_2013.lab','PcrPrimer Template','2013-03-19 00:00:00.000000',7,2),(9,'Generic template for printing Container labels. Prints to a THT-163 format label.','c:\\sentinel\\labels\\default_container_June_2013.lab','Container Template','2013-03-19 00:00:00.000000',3,2);
/*!40000 ALTER TABLE `LabelTemplates` ENABLE KEYS */;
UNLOCK TABLES;

--
-- Table structure for table `Lexicon`
--

DROP TABLE IF EXISTS `Lexicon`;
/*!40101 SET @saved_cs_client     = @@character_set_client */;
/*!40101 SET character_set_client = utf8 */;
CREATE TABLE `Lexicon` (
  `LexiconID` int(11) NOT NULL AUTO_INCREMENT,
  `LastModified` datetime(6) DEFAULT NULL,
  `LastModifiedBy` varchar(80) NOT NULL,
  `LexStr` varchar(500) NOT NULL,
  `LanguageID` int(11) NOT NULL,
  PRIMARY KEY (`LexiconID`),
  KEY `FK_j2o9mp4t113b0nuulwkidj9kh` (`LanguageID`),
  CONSTRAINT `FK_j2o9mp4t113b0nuulwkidj9kh` FOREIGN KEY (`LanguageID`) REFERENCES `UsageKeys` (`UsageKeysID`)
) ENGINE=InnoDB AUTO_INCREMENT=5 DEFAULT CHARSET=latin1;
/*!40101 SET character_set_client = @saved_cs_client */;

--
-- Dumping data for table `Lexicon`
--

LOCK TABLES `Lexicon` WRITE;
/*!40000 ALTER TABLE `Lexicon` DISABLE KEYS */;
INSERT INTO `Lexicon` VALUES (1,'2013-03-19 00:00:00.000000','John','taxonomy',1),(2,'2013-03-19 00:00:00.000000','John','biology',1),(3,'2013-03-19 00:00:00.000000','John','distribution',1),(4,'2013-03-19 00:00:00.000000','John','morphology',1);
/*!40000 ALTER TABLE `Lexicon` ENABLE KEYS */;
UNLOCK TABLES;

--
-- Table structure for table `LexiconGroups`
--

DROP TABLE IF EXISTS `LexiconGroups`;
/*!40101 SET @saved_cs_client     = @@character_set_client */;
/*!40101 SET character_set_client = utf8 */;
CREATE TABLE `LexiconGroups` (
  `LexiconGroupID` int(11) NOT NULL AUTO_INCREMENT,
  `LastModified` datetime(6) DEFAULT NULL,
  `GroupID` int(11) DEFAULT NULL,
  `LexiconID` int(11) DEFAULT NULL,
  PRIMARY KEY (`LexiconGroupID`),
  KEY `FK_7wr7n039uaxxytw4qwac0401p` (`GroupID`),
  KEY `FK_3ak1ms9na75m4spxnkp9hkn4g` (`LexiconID`),
  CONSTRAINT `FK_3ak1ms9na75m4spxnkp9hkn4g` FOREIGN KEY (`LexiconID`) REFERENCES `Lexicon` (`LexiconID`),
  CONSTRAINT `FK_7wr7n039uaxxytw4qwac0401p` FOREIGN KEY (`GroupID`) REFERENCES `Groups` (`GroupID`)
) ENGINE=InnoDB DEFAULT CHARSET=latin1;
/*!40101 SET character_set_client = @saved_cs_client */;

--
-- Dumping data for table `LexiconGroups`
--

LOCK TABLES `LexiconGroups` WRITE;
/*!40000 ALTER TABLE `LexiconGroups` DISABLE KEYS */;
/*!40000 ALTER TABLE `LexiconGroups` ENABLE KEYS */;
UNLOCK TABLES;

--
-- Table structure for table `LexiconUsage`
--

DROP TABLE IF EXISTS `LexiconUsage`;
/*!40101 SET @saved_cs_client     = @@character_set_client */;
/*!40101 SET character_set_client = utf8 */;
CREATE TABLE `LexiconUsage` (
  `LexiconUsageID` int(11) NOT NULL AUTO_INCREMENT,
  `LastModified` datetime(6) DEFAULT NULL,
  `LexiconID` int(11) DEFAULT NULL,
  `UsageID` int(11) DEFAULT NULL,
  PRIMARY KEY (`LexiconUsageID`),
  KEY `FK_lobmdymx6yfsxg526yp1xjt2y` (`LexiconID`),
  KEY `FK_3mvttib8prndkuvcuts418msh` (`UsageID`),
  CONSTRAINT `FK_3mvttib8prndkuvcuts418msh` FOREIGN KEY (`UsageID`) REFERENCES `UsageKeys` (`UsageKeysID`),
  CONSTRAINT `FK_lobmdymx6yfsxg526yp1xjt2y` FOREIGN KEY (`LexiconID`) REFERENCES `Lexicon` (`LexiconID`)
) ENGINE=InnoDB DEFAULT CHARSET=latin1;
/*!40101 SET character_set_client = @saved_cs_client */;

--
-- Dumping data for table `LexiconUsage`
--

LOCK TABLES `LexiconUsage` WRITE;
/*!40000 ALTER TABLE `LexiconUsage` DISABLE KEYS */;
/*!40000 ALTER TABLE `LexiconUsage` ENABLE KEYS */;
UNLOCK TABLES;

--
-- Table structure for table `Libraries`
--

DROP TABLE IF EXISTS `Libraries`;
/*!40101 SET @saved_cs_client     = @@character_set_client */;
/*!40101 SET character_set_client = utf8 */;
CREATE TABLE `Libraries` (
  `LibraryID` int(11) NOT NULL AUTO_INCREMENT,
  `Description` longtext,
  `LastModified` datetime(6) DEFAULT NULL,
  `Name` varchar(50) NOT NULL,
  `SampleID` int(11) DEFAULT NULL,
  PRIMARY KEY (`LibraryID`),
  UNIQUE KEY `UK_i7jye0mnqo3vd3vsgj4j55ocu` (`Name`),
  KEY `FK_9bdt7x1mdttes489fiu6ca0vc` (`SampleID`),
  CONSTRAINT `FK_9bdt7x1mdttes489fiu6ca0vc` FOREIGN KEY (`SampleID`) REFERENCES `Samples` (`SampleID`)
) ENGINE=InnoDB AUTO_INCREMENT=2 DEFAULT CHARSET=latin1;
/*!40101 SET character_set_client = @saved_cs_client */;

--
-- Dumping data for table `Libraries`
--

LOCK TABLES `Libraries` WRITE;
/*!40000 ALTER TABLE `Libraries` DISABLE KEYS */;
INSERT INTO `Libraries` VALUES (1,'Genomic Library','2013-03-19 00:00:00.000000','Library 1',2);
/*!40000 ALTER TABLE `Libraries` ENABLE KEYS */;
UNLOCK TABLES;

--
-- Table structure for table `LibrariesProjects`
--

DROP TABLE IF EXISTS `LibrariesProjects`;
/*!40101 SET @saved_cs_client     = @@character_set_client */;
/*!40101 SET character_set_client = utf8 */;
CREATE TABLE `LibrariesProjects` (
  `LibrariesProjectsID` int(11) NOT NULL AUTO_INCREMENT,
  `LibraryID` int(11) DEFAULT NULL,
  `ProjectID` int(11) DEFAULT NULL,
  PRIMARY KEY (`LibrariesProjectsID`),
  KEY `FK_873ojhy1tfgyvqcvlhlaq1v0w` (`LibraryID`),
  KEY `FK_fkisljs3fflmp59td40rdh9py` (`ProjectID`),
  CONSTRAINT `FK_873ojhy1tfgyvqcvlhlaq1v0w` FOREIGN KEY (`LibraryID`) REFERENCES `Libraries` (`LibraryID`),
  CONSTRAINT `FK_fkisljs3fflmp59td40rdh9py` FOREIGN KEY (`ProjectID`) REFERENCES `Projects` (`ProjectID`)
) ENGINE=InnoDB AUTO_INCREMENT=2 DEFAULT CHARSET=latin1;
/*!40101 SET character_set_client = @saved_cs_client */;

--
-- Dumping data for table `LibrariesProjects`
--

LOCK TABLES `LibrariesProjects` WRITE;
/*!40000 ALTER TABLE `LibrariesProjects` DISABLE KEYS */;
INSERT INTO `LibrariesProjects` VALUES (1,1,1);
/*!40000 ALTER TABLE `LibrariesProjects` ENABLE KEYS */;
UNLOCK TABLES;

--
-- Table structure for table `LoanAct`
--

DROP TABLE IF EXISTS `LoanAct`;
/*!40101 SET @saved_cs_client     = @@character_set_client */;
/*!40101 SET character_set_client = utf8 */;
CREATE TABLE `LoanAct` (
  `LoanActId` int(11) NOT NULL AUTO_INCREMENT,
  `ActContent` varchar(512) DEFAULT NULL,
  `ActType` varchar(255) DEFAULT NULL,
  `DateEntered` date DEFAULT NULL,
  `LastModified` datetime(6) DEFAULT NULL,
  `CareOf` int(11) DEFAULT NULL,
  `LoanFormId` int(11) NOT NULL,
  PRIMARY KEY (`LoanActId`),
  KEY `FK_n24pcn7qawqpqsrnqk5blmoyp` (`CareOf`),
  KEY `FK_a4ruos4y5lde9c6vpbfedu1x8` (`LoanFormId`),
  CONSTRAINT `FK_a4ruos4y5lde9c6vpbfedu1x8` FOREIGN KEY (`LoanFormId`) REFERENCES `LoanForm` (`LoanFormID`),
  CONSTRAINT `FK_n24pcn7qawqpqsrnqk5blmoyp` FOREIGN KEY (`CareOf`) REFERENCES `People` (`PeopleID`)
) ENGINE=InnoDB AUTO_INCREMENT=2 DEFAULT CHARSET=latin1;
/*!40101 SET character_set_client = @saved_cs_client */;

--
-- Dumping data for table `LoanAct`
--

LOCK TABLES `LoanAct` WRITE;
/*!40000 ALTER TABLE `LoanAct` DISABLE KEYS */;
INSERT INTO `LoanAct` VALUES (1,'aaa','Acknowledged','2011-10-21','2013-03-19 00:00:00.000000',1,1);
/*!40000 ALTER TABLE `LoanAct` ENABLE KEYS */;
UNLOCK TABLES;

--
-- Table structure for table `LoanAttach`
--

DROP TABLE IF EXISTS `LoanAttach`;
/*!40101 SET @saved_cs_client     = @@character_set_client */;
/*!40101 SET character_set_client = utf8 */;
CREATE TABLE `LoanAttach` (
  `LoanAttachId` int(11) NOT NULL AUTO_INCREMENT,
  `DateEntered` date NOT NULL,
  `FileExtension` varchar(255) DEFAULT NULL,
  `FileName` varchar(255) NOT NULL,
  `FileTitle` varchar(255) DEFAULT NULL,
  `Height` int(11) DEFAULT NULL,
  `Width` int(11) DEFAULT NULL,
  `LoanFormId` int(11) NOT NULL,
  PRIMARY KEY (`LoanAttachId`),
  KEY `FK_8hienxmj6umhwwdwtdia6mo00` (`LoanFormId`),
  CONSTRAINT `FK_8hienxmj6umhwwdwtdia6mo00` FOREIGN KEY (`LoanFormId`) REFERENCES `LoanForm` (`LoanFormID`)
) ENGINE=InnoDB AUTO_INCREMENT=2 DEFAULT CHARSET=latin1;
/*!40101 SET character_set_client = @saved_cs_client */;

--
-- Dumping data for table `LoanAttach`
--

LOCK TABLES `LoanAttach` WRITE;
/*!40000 ALTER TABLE `LoanAttach` DISABLE KEYS */;
INSERT INTO `LoanAttach` VALUES (1,'2011-10-21','pdf','AT1-1.pdf','Loan invoice',0,0,1);
/*!40000 ALTER TABLE `LoanAttach` ENABLE KEYS */;
UNLOCK TABLES;

--
-- Table structure for table `LoanForm`
--

DROP TABLE IF EXISTS `LoanForm`;
/*!40101 SET @saved_cs_client     = @@character_set_client */;
/*!40101 SET character_set_client = utf8 */;
CREATE TABLE `LoanForm` (
  `LoanFormID` int(11) NOT NULL AUTO_INCREMENT,
  `Email` varchar(100) DEFAULT NULL,
  `FileClosedOn` date DEFAULT NULL,
  `InvoiceId` varchar(20) NOT NULL,
  `LastModified` datetime(6) DEFAULT NULL,
  `LoanRemarks` varchar(512) DEFAULT NULL,
  `MaterialSent` varchar(10000) DEFAULT NULL,
  `NumberOfParcels` int(11) DEFAULT NULL,
  `Phone` varchar(100) DEFAULT NULL,
  `ReturnDate` date DEFAULT NULL,
  `ShippedDate` date DEFAULT NULL,
  `ShippingMethod` varchar(100) DEFAULT NULL,
  `Address` int(11) DEFAULT NULL,
  `ApprovedBy` int(11) DEFAULT NULL,
  `Borrower` int(11) DEFAULT NULL,
  `CareOf` int(11) DEFAULT NULL,
  `CollectionCode` int(11) DEFAULT NULL,
  `GroupID` int(11) DEFAULT NULL,
  `InitiatedBy` int(11) DEFAULT NULL,
  PRIMARY KEY (`LoanFormID`),
  UNIQUE KEY `UK_r2o9pn5gdr6mxwl692sw1tav` (`InvoiceId`),
  KEY `FK_ap7h52t09ifgna8eb18rewjdw` (`Address`),
  KEY `FK_ksm66fxg7l7qyaxf1vsg0bfl2` (`ApprovedBy`),
  KEY `FK_cvux8wn8y5p76osk93xs676h3` (`Borrower`),
  KEY `FK_4p35ltc0esje5dqk6bijs1j8b` (`CareOf`),
  KEY `FK_focrnu2ify77abyh6uxpwlkfx` (`CollectionCode`),
  KEY `FK_mfvlp5u1havi9ud5sjy5wnqud` (`GroupID`),
  KEY `FK_ok08fa4vh19nl7hqardtce2vh` (`InitiatedBy`),
  CONSTRAINT `FK_4p35ltc0esje5dqk6bijs1j8b` FOREIGN KEY (`CareOf`) REFERENCES `People` (`PeopleID`),
  CONSTRAINT `FK_ap7h52t09ifgna8eb18rewjdw` FOREIGN KEY (`Address`) REFERENCES `Addresses` (`AddressID`),
  CONSTRAINT `FK_cvux8wn8y5p76osk93xs676h3` FOREIGN KEY (`Borrower`) REFERENCES `People` (`PeopleID`),
  CONSTRAINT `FK_focrnu2ify77abyh6uxpwlkfx` FOREIGN KEY (`CollectionCode`) REFERENCES `BiologicalCollections` (`BiologicalCollectionID`),
  CONSTRAINT `FK_ksm66fxg7l7qyaxf1vsg0bfl2` FOREIGN KEY (`ApprovedBy`) REFERENCES `People` (`PeopleID`),
  CONSTRAINT `FK_mfvlp5u1havi9ud5sjy5wnqud` FOREIGN KEY (`GroupID`) REFERENCES `Groups` (`GroupID`),
  CONSTRAINT `FK_ok08fa4vh19nl7hqardtce2vh` FOREIGN KEY (`InitiatedBy`) REFERENCES `People` (`PeopleID`)
) ENGINE=InnoDB AUTO_INCREMENT=2 DEFAULT CHARSET=latin1;
/*!40101 SET character_set_client = @saved_cs_client */;

--
-- Dumping data for table `LoanForm`
--

LOCK TABLES `LoanForm` WRITE;
/*!40000 ALTER TABLE `LoanForm` DISABLE KEYS */;
INSERT INTO `LoanForm` VALUES (1,'aaa',NULL,'X-11-001','2013-03-19 00:00:00.000000','aaa','1 ichneumon',1,'911','2012-10-21','2011-10-21','Airmail',1,1,1,1,1,4,1);
/*!40000 ALTER TABLE `LoanForm` ENABLE KEYS */;
UNLOCK TABLES;

--
-- Table structure for table `Locations`
--

DROP TABLE IF EXISTS `Locations`;
/*!40101 SET @saved_cs_client     = @@character_set_client */;
/*!40101 SET character_set_client = utf8 */;
CREATE TABLE `Locations` (
  `LocationID` int(11) NOT NULL AUTO_INCREMENT,
  `DateMoved` datetime DEFAULT NULL,
  `LastModified` datetime(6) DEFAULT NULL,
  `WellColumn` int(11) DEFAULT NULL,
  `WellRow` varchar(2) DEFAULT NULL,
  `CloneID` int(11) DEFAULT NULL,
  `ContainerID` int(11) NOT NULL,
  `FragmentID` int(11) DEFAULT NULL,
  `MixedSpecimenID` int(11) DEFAULT NULL,
  `PcrPrimerID` int(11) DEFAULT NULL,
  `SampleID` int(11) DEFAULT NULL,
  `SequenceID` int(11) DEFAULT NULL,
  `SpecimenReplicateID` int(11) DEFAULT NULL,
  PRIMARY KEY (`LocationID`),
  UNIQUE KEY `UK_ftabvest74ag91ge26690247a` (`ContainerID`,`WellColumn`,`WellRow`),
  KEY `FK_t6cd9ar6svjw54k8x9hk5rfoa` (`CloneID`),
  KEY `FK_4ytymn0oh44qtb1qlhxde27oe` (`FragmentID`),
  KEY `FK_amshi66em4jphq5t3nempuqb9` (`MixedSpecimenID`),
  KEY `FK_owenubne8jbacxg0mwdliutp5` (`PcrPrimerID`),
  KEY `FK_pgeq6y89t7machd9auk56xfxv` (`SampleID`),
  KEY `FK_swn4iqbmyw7uoe1m7hq6fnyst` (`SequenceID`),
  KEY `FK_p2if06fynkj3xjn86klpe2rhq` (`SpecimenReplicateID`),
  CONSTRAINT `FK_4ytymn0oh44qtb1qlhxde27oe` FOREIGN KEY (`FragmentID`) REFERENCES `Fragments` (`FragmentID`),
  CONSTRAINT `FK_amshi66em4jphq5t3nempuqb9` FOREIGN KEY (`MixedSpecimenID`) REFERENCES `MixedSpecimens` (`MixedSpecimenID`),
  CONSTRAINT `FK_hqjcgefol6i4h3bx8mxyarxyl` FOREIGN KEY (`ContainerID`) REFERENCES `Containers` (`ContainerID`),
  CONSTRAINT `FK_owenubne8jbacxg0mwdliutp5` FOREIGN KEY (`PcrPrimerID`) REFERENCES `PcrPrimers` (`PCRPrimerID`),
  CONSTRAINT `FK_p2if06fynkj3xjn86klpe2rhq` FOREIGN KEY (`SpecimenReplicateID`) REFERENCES `SpecimenReplicates` (`SpecimenReplicateID`),
  CONSTRAINT `FK_pgeq6y89t7machd9auk56xfxv` FOREIGN KEY (`SampleID`) REFERENCES `Samples` (`SampleID`),
  CONSTRAINT `FK_swn4iqbmyw7uoe1m7hq6fnyst` FOREIGN KEY (`SequenceID`) REFERENCES `Sequences` (`SequenceID`),
  CONSTRAINT `FK_t6cd9ar6svjw54k8x9hk5rfoa` FOREIGN KEY (`CloneID`) REFERENCES `Clones` (`CloneID`)
) ENGINE=InnoDB AUTO_INCREMENT=122 DEFAULT CHARSET=latin1;
/*!40101 SET character_set_client = @saved_cs_client */;

--
-- Dumping data for table `Locations`
--

LOCK TABLES `Locations` WRITE;
/*!40000 ALTER TABLE `Locations` DISABLE KEYS */;
INSERT INTO `Locations` VALUES (12,'2006-05-03 00:00:00','2013-03-19 00:00:00.000000',1,'C',NULL,1,NULL,NULL,NULL,NULL,1,NULL),(13,'2007-05-03 00:00:00','2013-03-19 00:00:00.000000',2,'A',NULL,5,NULL,NULL,NULL,NULL,2,NULL),(14,'2004-05-03 00:00:00','2013-03-19 00:00:00.000000',1,'A',NULL,2,NULL,NULL,NULL,NULL,NULL,NULL),(15,'2005-05-03 00:00:00','2013-03-19 00:00:00.000000',2,'B',NULL,2,NULL,NULL,NULL,NULL,NULL,NULL),(16,'2006-05-03 00:00:00','2013-03-19 00:00:00.000000',3,'C',NULL,3,NULL,NULL,NULL,NULL,NULL,NULL),(17,'2007-05-03 00:00:00','2013-03-19 00:00:00.000000',4,'D',NULL,3,NULL,NULL,NULL,NULL,NULL,NULL),(18,'2007-05-03 00:00:00','2013-03-19 00:00:00.000000',4,'A',NULL,6,NULL,NULL,NULL,NULL,NULL,NULL),(19,'2007-05-03 00:00:00','2013-03-19 00:00:00.000000',3,'B',NULL,6,NULL,NULL,NULL,NULL,NULL,NULL),(20,'2007-05-03 00:00:00','2013-03-19 00:00:00.000000',2,'C',NULL,6,NULL,NULL,NULL,NULL,NULL,NULL),(21,'2007-05-03 00:00:00','2013-03-19 00:00:00.000000',1,'D',NULL,6,NULL,NULL,NULL,NULL,NULL,NULL),(22,'2007-05-03 00:00:00','2013-03-19 00:00:00.000000',4,'E',NULL,4,NULL,NULL,NULL,NULL,NULL,NULL),(23,'2007-05-03 00:00:00','2013-03-19 00:00:00.000000',1,'C',NULL,4,NULL,NULL,NULL,NULL,NULL,NULL),(24,'2007-05-03 00:00:00','2013-03-19 00:00:00.000000',3,'C',NULL,5,NULL,NULL,NULL,NULL,NULL,NULL),(25,'2007-05-03 00:00:00','2013-03-19 00:00:00.000000',5,'D',NULL,5,NULL,NULL,NULL,NULL,NULL,NULL),(26,NULL,'2018-01-18 16:32:53.055000',1,'A',NULL,8,NULL,NULL,NULL,8,NULL,NULL),(27,NULL,'2018-01-18 16:32:53.263000',2,'A',NULL,8,NULL,NULL,NULL,9,NULL,NULL),(28,NULL,'2018-01-18 16:32:53.531000',3,'A',NULL,8,NULL,NULL,NULL,10,NULL,NULL),(29,NULL,'2018-01-18 16:32:53.711000',4,'A',NULL,8,NULL,NULL,NULL,11,NULL,NULL),(30,NULL,'2018-01-18 16:32:53.878000',5,'A',NULL,8,NULL,NULL,NULL,12,NULL,NULL),(31,NULL,'2018-01-18 16:32:54.014000',6,'A',NULL,8,NULL,NULL,NULL,13,NULL,NULL),(32,NULL,'2018-01-18 16:32:54.141000',7,'A',NULL,8,NULL,NULL,NULL,14,NULL,NULL),(33,NULL,'2018-01-18 16:32:54.273000',8,'A',NULL,8,NULL,NULL,NULL,15,NULL,NULL),(34,NULL,'2018-01-18 16:32:54.396000',9,'A',NULL,8,NULL,NULL,NULL,16,NULL,NULL),(35,NULL,'2018-01-18 16:32:54.524000',10,'A',NULL,8,NULL,NULL,NULL,17,NULL,NULL),(36,NULL,'2018-01-18 16:32:54.646000',11,'A',NULL,8,NULL,NULL,NULL,18,NULL,NULL),(37,NULL,'2018-01-18 16:32:54.763000',12,'A',NULL,8,NULL,NULL,NULL,19,NULL,NULL),(38,NULL,'2018-01-18 16:32:54.986000',1,'B',NULL,8,NULL,NULL,NULL,20,NULL,NULL),(39,NULL,'2018-01-18 16:32:55.121000',2,'B',NULL,8,NULL,NULL,NULL,21,NULL,NULL),(40,NULL,'2018-01-18 16:32:55.249000',3,'B',NULL,8,NULL,NULL,NULL,22,NULL,NULL),(41,NULL,'2018-01-18 16:32:55.478000',4,'B',NULL,8,NULL,NULL,NULL,23,NULL,NULL),(42,NULL,'2018-01-18 16:32:55.621000',5,'B',NULL,8,NULL,NULL,NULL,24,NULL,NULL),(43,NULL,'2018-01-18 16:32:55.727000',6,'B',NULL,8,NULL,NULL,NULL,25,NULL,NULL),(44,NULL,'2018-01-18 16:32:55.834000',7,'B',NULL,8,NULL,NULL,NULL,26,NULL,NULL),(45,NULL,'2018-01-18 16:32:55.943000',8,'B',NULL,8,NULL,NULL,NULL,27,NULL,NULL),(46,NULL,'2018-01-18 16:32:56.125000',9,'B',NULL,8,NULL,NULL,NULL,28,NULL,NULL),(47,NULL,'2018-01-18 16:32:56.263000',10,'B',NULL,8,NULL,NULL,NULL,29,NULL,NULL),(48,NULL,'2018-01-18 16:32:56.381000',11,'B',NULL,8,NULL,NULL,NULL,30,NULL,NULL),(49,NULL,'2018-01-18 16:32:56.500000',12,'B',NULL,8,NULL,NULL,NULL,31,NULL,NULL),(50,NULL,'2018-01-18 16:32:56.625000',1,'C',NULL,8,NULL,NULL,NULL,32,NULL,NULL),(51,NULL,'2018-01-18 16:32:56.757000',2,'C',NULL,8,NULL,NULL,NULL,33,NULL,NULL),(52,NULL,'2018-01-18 16:32:56.882000',3,'C',NULL,8,NULL,NULL,NULL,34,NULL,NULL),(53,NULL,'2018-01-18 16:32:57.004000',4,'C',NULL,8,NULL,NULL,NULL,35,NULL,NULL),(54,NULL,'2018-01-18 16:32:57.133000',5,'C',NULL,8,NULL,NULL,NULL,36,NULL,NULL),(55,NULL,'2018-01-18 16:32:57.251000',6,'C',NULL,8,NULL,NULL,NULL,37,NULL,NULL),(56,NULL,'2018-01-18 16:32:57.380000',7,'C',NULL,8,NULL,NULL,NULL,38,NULL,NULL),(57,NULL,'2018-01-18 16:32:57.511000',8,'C',NULL,8,NULL,NULL,NULL,39,NULL,NULL),(58,NULL,'2018-01-18 16:32:57.641000',9,'C',NULL,8,NULL,NULL,NULL,40,NULL,NULL),(59,NULL,'2018-01-18 16:32:57.789000',10,'C',NULL,8,NULL,NULL,NULL,41,NULL,NULL),(60,NULL,'2018-01-18 16:32:57.929000',11,'C',NULL,8,NULL,NULL,NULL,42,NULL,NULL),(61,NULL,'2018-01-18 16:32:58.069000',12,'C',NULL,8,NULL,NULL,NULL,43,NULL,NULL),(62,NULL,'2018-01-18 16:32:58.200000',1,'D',NULL,8,NULL,NULL,NULL,44,NULL,NULL),(63,NULL,'2018-01-18 16:32:58.325000',2,'D',NULL,8,NULL,NULL,NULL,45,NULL,NULL),(64,NULL,'2018-01-18 16:32:58.455000',3,'D',NULL,8,NULL,NULL,NULL,46,NULL,NULL),(65,NULL,'2018-01-18 16:32:58.601000',4,'D',NULL,8,NULL,NULL,NULL,47,NULL,NULL),(66,NULL,'2018-01-18 16:32:58.742000',5,'D',NULL,8,NULL,NULL,NULL,48,NULL,NULL),(67,NULL,'2018-01-18 16:32:58.886000',6,'D',NULL,8,NULL,NULL,NULL,49,NULL,NULL),(68,NULL,'2018-01-18 16:32:59.027000',7,'D',NULL,8,NULL,NULL,NULL,50,NULL,NULL),(69,NULL,'2018-01-18 16:32:59.161000',8,'D',NULL,8,NULL,NULL,NULL,51,NULL,NULL),(70,NULL,'2018-01-18 16:32:59.286000',9,'D',NULL,8,NULL,NULL,NULL,52,NULL,NULL),(71,NULL,'2018-01-18 16:32:59.410000',10,'D',NULL,8,NULL,NULL,NULL,53,NULL,NULL),(72,NULL,'2018-01-18 16:32:59.539000',11,'D',NULL,8,NULL,NULL,NULL,54,NULL,NULL),(73,NULL,'2018-01-18 16:32:59.667000',12,'D',NULL,8,NULL,NULL,NULL,55,NULL,NULL),(74,NULL,'2018-01-18 16:32:59.797000',1,'E',NULL,8,NULL,NULL,NULL,56,NULL,NULL),(75,NULL,'2018-01-18 16:32:59.935000',2,'E',NULL,8,NULL,NULL,NULL,57,NULL,NULL),(76,NULL,'2018-01-18 16:33:00.077000',3,'E',NULL,8,NULL,NULL,NULL,58,NULL,NULL),(77,NULL,'2018-01-18 16:33:00.213000',4,'E',NULL,8,NULL,NULL,NULL,59,NULL,NULL),(78,NULL,'2018-01-18 16:33:00.341000',5,'E',NULL,8,NULL,NULL,NULL,60,NULL,NULL),(79,NULL,'2018-01-18 16:33:00.472000',6,'E',NULL,8,NULL,NULL,NULL,61,NULL,NULL),(80,NULL,'2018-01-18 16:33:00.601000',7,'E',NULL,8,NULL,NULL,NULL,62,NULL,NULL),(81,NULL,'2018-01-18 16:33:00.772000',8,'E',NULL,8,NULL,NULL,NULL,63,NULL,NULL),(82,NULL,'2018-01-18 16:33:00.902000',9,'E',NULL,8,NULL,NULL,NULL,64,NULL,NULL),(83,NULL,'2018-01-18 16:33:01.037000',10,'E',NULL,8,NULL,NULL,NULL,65,NULL,NULL),(84,NULL,'2018-01-18 16:33:01.226000',11,'E',NULL,8,NULL,NULL,NULL,66,NULL,NULL),(85,NULL,'2018-01-18 16:33:01.362000',12,'E',NULL,8,NULL,NULL,NULL,67,NULL,NULL),(86,NULL,'2018-01-18 16:33:01.495000',1,'F',NULL,8,NULL,NULL,NULL,68,NULL,NULL),(87,NULL,'2018-01-18 16:33:01.628000',2,'F',NULL,8,NULL,NULL,NULL,69,NULL,NULL),(88,NULL,'2018-01-18 16:33:01.763000',3,'F',NULL,8,NULL,NULL,NULL,70,NULL,NULL),(89,NULL,'2018-01-18 16:33:01.897000',4,'F',NULL,8,NULL,NULL,NULL,71,NULL,NULL),(90,NULL,'2018-01-18 16:33:02.031000',5,'F',NULL,8,NULL,NULL,NULL,72,NULL,NULL),(91,NULL,'2018-01-18 16:33:02.170000',6,'F',NULL,8,NULL,NULL,NULL,73,NULL,NULL),(92,NULL,'2018-01-18 16:33:02.299000',7,'F',NULL,8,NULL,NULL,NULL,74,NULL,NULL),(93,NULL,'2018-01-18 16:33:02.430000',8,'F',NULL,8,NULL,NULL,NULL,75,NULL,NULL),(94,NULL,'2018-01-18 16:33:02.560000',9,'F',NULL,8,NULL,NULL,NULL,76,NULL,NULL),(95,NULL,'2018-01-18 16:33:02.689000',10,'F',NULL,8,NULL,NULL,NULL,77,NULL,NULL),(96,NULL,'2018-01-18 16:33:02.821000',11,'F',NULL,8,NULL,NULL,NULL,78,NULL,NULL),(97,NULL,'2018-01-18 16:33:02.956000',12,'F',NULL,8,NULL,NULL,NULL,79,NULL,NULL),(98,NULL,'2018-01-18 16:33:03.093000',1,'G',NULL,8,NULL,NULL,NULL,80,NULL,NULL),(99,NULL,'2018-01-18 16:33:03.230000',2,'G',NULL,8,NULL,NULL,NULL,81,NULL,NULL),(100,NULL,'2018-01-18 16:33:03.367000',3,'G',NULL,8,NULL,NULL,NULL,82,NULL,NULL),(101,NULL,'2018-01-18 16:33:03.505000',4,'G',NULL,8,NULL,NULL,NULL,83,NULL,NULL),(102,NULL,'2018-01-18 16:33:03.657000',5,'G',NULL,8,NULL,NULL,NULL,84,NULL,NULL),(103,NULL,'2018-01-18 16:33:03.804000',6,'G',NULL,8,NULL,NULL,NULL,85,NULL,NULL),(104,NULL,'2018-01-18 16:33:03.958000',7,'G',NULL,8,NULL,NULL,NULL,86,NULL,NULL),(105,NULL,'2018-01-18 16:33:04.101000',8,'G',NULL,8,NULL,NULL,NULL,87,NULL,NULL),(106,NULL,'2018-01-18 16:33:04.259000',9,'G',NULL,8,NULL,NULL,NULL,88,NULL,NULL),(107,NULL,'2018-01-18 16:33:04.400000',10,'G',NULL,8,NULL,NULL,NULL,89,NULL,NULL),(108,NULL,'2018-01-18 16:33:04.535000',11,'G',NULL,8,NULL,NULL,NULL,90,NULL,NULL),(109,NULL,'2018-01-18 16:33:04.715000',12,'G',NULL,8,NULL,NULL,NULL,91,NULL,NULL),(110,NULL,'2018-01-18 16:33:04.849000',1,'H',NULL,8,NULL,NULL,NULL,92,NULL,NULL),(111,NULL,'2018-01-18 16:33:04.985000',2,'H',NULL,8,NULL,NULL,NULL,93,NULL,NULL),(112,NULL,'2018-01-18 16:33:05.118000',3,'H',NULL,8,NULL,NULL,NULL,94,NULL,NULL),(113,NULL,'2018-01-18 16:33:05.251000',4,'H',NULL,8,NULL,NULL,NULL,95,NULL,NULL),(114,NULL,'2018-01-18 16:33:05.394000',5,'H',NULL,8,NULL,NULL,NULL,96,NULL,NULL),(115,NULL,'2018-01-18 16:33:05.529000',6,'H',NULL,8,NULL,NULL,NULL,97,NULL,NULL),(116,NULL,'2018-01-18 16:33:05.666000',7,'H',NULL,8,NULL,NULL,NULL,98,NULL,NULL),(117,NULL,'2018-01-18 16:33:05.805000',8,'H',NULL,8,NULL,NULL,NULL,99,NULL,NULL),(118,NULL,'2018-01-18 16:33:05.944000',9,'H',NULL,8,NULL,NULL,NULL,100,NULL,NULL),(119,NULL,'2018-01-18 16:33:06.085000',10,'H',NULL,8,NULL,NULL,NULL,101,NULL,NULL),(120,NULL,'2018-01-18 16:33:06.227000',11,'H',NULL,8,NULL,NULL,NULL,102,NULL,NULL),(121,NULL,'2018-01-18 16:33:06.369000',12,'H',NULL,8,NULL,NULL,NULL,103,NULL,NULL);
/*!40000 ALTER TABLE `Locations` ENABLE KEYS */;
UNLOCK TABLES;

--
-- Table structure for table `MixedSpecimenAttach`
--

DROP TABLE IF EXISTS `MixedSpecimenAttach`;
/*!40101 SET @saved_cs_client     = @@character_set_client */;
/*!40101 SET character_set_client = utf8 */;
CREATE TABLE `MixedSpecimenAttach` (
  `MixedSpecimenAttachId` int(11) NOT NULL AUTO_INCREMENT,
  `DateEntered` date NOT NULL,
  `FileExtension` varchar(255) DEFAULT NULL,
  `FileName` varchar(255) NOT NULL,
  `FileTitle` varchar(255) DEFAULT NULL,
  `Height` int(11) DEFAULT NULL,
  `Notes` varchar(1024) DEFAULT NULL,
  `Width` int(11) DEFAULT NULL,
  `MixedSpecimenId` int(11) NOT NULL,
  PRIMARY KEY (`MixedSpecimenAttachId`),
  KEY `FK_c5x1738wdf7q5e7hxgq4o78e` (`MixedSpecimenId`),
  CONSTRAINT `FK_c5x1738wdf7q5e7hxgq4o78e` FOREIGN KEY (`MixedSpecimenId`) REFERENCES `MixedSpecimens` (`MixedSpecimenID`)
) ENGINE=InnoDB DEFAULT CHARSET=latin1;
/*!40101 SET character_set_client = @saved_cs_client */;

--
-- Dumping data for table `MixedSpecimenAttach`
--

LOCK TABLES `MixedSpecimenAttach` WRITE;
/*!40000 ALTER TABLE `MixedSpecimenAttach` DISABLE KEYS */;
/*!40000 ALTER TABLE `MixedSpecimenAttach` ENABLE KEYS */;
UNLOCK TABLES;

--
-- Table structure for table `MixedSpecimens`
--

DROP TABLE IF EXISTS `MixedSpecimens`;
/*!40101 SET @saved_cs_client     = @@character_set_client */;
/*!40101 SET character_set_client = utf8 */;
CREATE TABLE `MixedSpecimens` (
  `MixedSpecimenID` int(11) NOT NULL AUTO_INCREMENT,
  `AssociatedPlants` varchar(200) DEFAULT NULL,
  `CabinRefOrTestSite` varchar(50) DEFAULT NULL,
  `CabinSiteCode` varchar(50) DEFAULT NULL,
  `CabinStudy` varchar(50) DEFAULT NULL,
  `ExperimentalReplicate` varchar(5) DEFAULT NULL,
  `FungiIsolated` varchar(50) DEFAULT NULL,
  `LabAnalysisReport` varchar(50) DEFAULT NULL,
  `LastModified` datetime(6) DEFAULT NULL,
  `MixedSpecimenNumber` varchar(50) NOT NULL,
  `Notes` varchar(1024) DEFAULT NULL,
  `NumberOfSubsamples` int(11) DEFAULT NULL,
  `OtherIDs` varchar(200) DEFAULT NULL,
  `ReplicateInfo` varchar(200) DEFAULT NULL,
  `SampleDestroyed` date DEFAULT NULL,
  `SampleReceiptDate` date DEFAULT NULL,
  `SpikeMaterial` varchar(100) DEFAULT NULL,
  `SubstrateSize` int(11) DEFAULT NULL,
  `SubstrateType` varchar(200) DEFAULT NULL,
  `Treatment` varchar(100) DEFAULT NULL,
  `WaterQualitySampleId` varchar(50) DEFAULT NULL,
  `WaterQualitySiteId` varchar(50) DEFAULT NULL,
  `WaterSamplingTime` varchar(50) DEFAULT NULL,
  `BiologicalCollectionID` int(11) NOT NULL,
  `CollectionInfoID` int(11) DEFAULT NULL,
  `GroupID` int(11) DEFAULT NULL,
  `ImportPermitID` int(11) DEFAULT NULL,
  `MixsSpecificationID` int(11) DEFAULT NULL,
  PRIMARY KEY (`MixedSpecimenID`),
  UNIQUE KEY `UK_kx2r3f1xk5ath9pj7nth70tm6` (`MixedSpecimenNumber`,`BiologicalCollectionID`),
  UNIQUE KEY `UK_3bnrsjvog8w18jw1y2eh5hdo0` (`MixsSpecificationID`),
  KEY `mixedSpecimen_substrateType_idx` (`SubstrateType`),
  KEY `FK_mr2al2qrjhtfdjurqp4rlai3a` (`BiologicalCollectionID`),
  KEY `FK_a6yywjr2k3p8liflvfcqvijhk` (`CollectionInfoID`),
  KEY `FK_4sbel4md60bhymihq22boplmq` (`GroupID`),
  KEY `FK_94np4iqalsmisrmtv3i0ce51c` (`ImportPermitID`),
  CONSTRAINT `FK_3bnrsjvog8w18jw1y2eh5hdo0` FOREIGN KEY (`MixsSpecificationID`) REFERENCES `MixsSpecification` (`MixsSpecificationID`),
  CONSTRAINT `FK_4sbel4md60bhymihq22boplmq` FOREIGN KEY (`GroupID`) REFERENCES `Groups` (`GroupID`),
  CONSTRAINT `FK_94np4iqalsmisrmtv3i0ce51c` FOREIGN KEY (`ImportPermitID`) REFERENCES `ImportPermits` (`ImportPermitID`),
  CONSTRAINT `FK_a6yywjr2k3p8liflvfcqvijhk` FOREIGN KEY (`CollectionInfoID`) REFERENCES `CollectionInfos` (`CollectionInfoID`),
  CONSTRAINT `FK_mr2al2qrjhtfdjurqp4rlai3a` FOREIGN KEY (`BiologicalCollectionID`) REFERENCES `BiologicalCollections` (`BiologicalCollectionID`)
) ENGINE=InnoDB AUTO_INCREMENT=15 DEFAULT CHARSET=latin1;
/*!40101 SET character_set_client = @saved_cs_client */;

--
-- Dumping data for table `MixedSpecimens`
--

LOCK TABLES `MixedSpecimens` WRITE;
/*!40000 ALTER TABLE `MixedSpecimens` DISABLE KEYS */;
INSERT INTO `MixedSpecimens` VALUES (1,'some Plantes',NULL,NULL,NULL,NULL,'some Fungi',NULL,'2013-03-19 00:00:00.000000','2000','here are some notes',NULL,'otherId_1',NULL,'2007-01-05',NULL,NULL,NULL,'someSoil','test Treatment',NULL,NULL,NULL,1,7,1,5,7),(2,'some Plantes',NULL,NULL,NULL,NULL,'some Fungi',NULL,'2013-03-19 00:00:00.000000','2002','here are some notes',NULL,'otherId_2',NULL,'2007-01-05',NULL,NULL,NULL,'Soil Sample','test Treatment',NULL,NULL,NULL,1,6,3,4,8),(3,'some Plantes',NULL,NULL,NULL,NULL,'some Fungi3',NULL,'2013-03-19 00:00:00.000000','2003','here are some notes',NULL,'otherId_3',NULL,'2007-01-05',NULL,NULL,NULL,'Air Sample','test Treatment',NULL,NULL,NULL,5,5,1,6,9),(4,'n/a',NULL,NULL,NULL,NULL,'some Fungi4',NULL,'2013-03-19 00:00:00.000000','2004','here are some notes',NULL,'otherId_4',NULL,'2007-01-05',NULL,NULL,NULL,'Air Sample','test Treatment',NULL,NULL,NULL,5,5,1,2,10),(5,'n/a',NULL,NULL,NULL,NULL,'some Fungi5',NULL,'2013-03-19 00:00:00.000000','2005','here are some notes',NULL,'otherId_5',NULL,'2007-01-05',NULL,NULL,NULL,'Air Sample','test Treatment',NULL,NULL,NULL,5,5,1,2,11),(6,'n/a',NULL,NULL,NULL,NULL,'some Fungi6',NULL,'2013-03-19 00:00:00.000000','2006','here are some notes',NULL,'otherId_6',NULL,'2007-01-05',NULL,NULL,NULL,'Rain Sample','test Treatment',NULL,NULL,NULL,6,6,1,2,6),(12,'12some Plantes',NULL,NULL,NULL,NULL,'12some Fungi',NULL,'2013-03-19 00:00:00.000000','2012','12here are some notes',NULL,'otherId_12',NULL,'2005-12-12',NULL,NULL,NULL,'12someSoil','test Treatment',NULL,NULL,NULL,3,8,3,2,12),(13,'13some Plantes',NULL,NULL,NULL,NULL,'13some Fungi',NULL,'2013-03-19 00:00:00.000000','2013','13here are some notes',NULL,'otherId_13',NULL,'2005-12-13',NULL,NULL,NULL,'13someSoil','test Treatment',NULL,NULL,NULL,3,8,3,2,13),(14,'14some Plantes',NULL,NULL,NULL,NULL,'14some Fungi',NULL,'2013-03-19 00:00:00.000000','2014','14here are some notes',NULL,'otherId_14',NULL,'2005-12-14',NULL,NULL,NULL,'14someSoil','test Treatment',NULL,NULL,NULL,3,8,3,2,14);
/*!40000 ALTER TABLE `MixedSpecimens` ENABLE KEYS */;
UNLOCK TABLES;

--
-- Table structure for table `MixedSpecimens_AUD`
--

DROP TABLE IF EXISTS `MixedSpecimens_AUD`;
/*!40101 SET @saved_cs_client     = @@character_set_client */;
/*!40101 SET character_set_client = utf8 */;
CREATE TABLE `MixedSpecimens_AUD` (
  `MixedSpecimenID` int(11) NOT NULL,
  `REV` int(11) NOT NULL,
  `REVTYPE` tinyint(4) DEFAULT NULL,
  `AssociatedPlants` varchar(200) DEFAULT NULL,
  `CabinRefOrTestSite` varchar(50) DEFAULT NULL,
  `CabinSiteCode` varchar(50) DEFAULT NULL,
  `CabinStudy` varchar(50) DEFAULT NULL,
  `ExperimentalReplicate` varchar(5) DEFAULT NULL,
  `FungiIsolated` varchar(50) DEFAULT NULL,
  `LabAnalysisReport` varchar(50) DEFAULT NULL,
  `MixedSpecimenNumber` varchar(50) DEFAULT NULL,
  `Notes` varchar(1024) DEFAULT NULL,
  `NumberOfSubsamples` int(11) DEFAULT NULL,
  `OtherIDs` varchar(200) DEFAULT NULL,
  `ReplicateInfo` varchar(200) DEFAULT NULL,
  `SampleDestroyed` date DEFAULT NULL,
  `SampleReceiptDate` date DEFAULT NULL,
  `SpikeMaterial` varchar(100) DEFAULT NULL,
  `SubstrateSize` int(11) DEFAULT NULL,
  `SubstrateType` varchar(200) DEFAULT NULL,
  `Treatment` varchar(100) DEFAULT NULL,
  `WaterQualitySampleId` varchar(50) DEFAULT NULL,
  `WaterQualitySiteId` varchar(50) DEFAULT NULL,
  `WaterSamplingTime` varchar(50) DEFAULT NULL,
  `BiologicalCollectionID` int(11) DEFAULT NULL,
  `CollectionInfoID` int(11) DEFAULT NULL,
  `GroupID` int(11) DEFAULT NULL,
  `ImportPermitID` int(11) DEFAULT NULL,
  `MixsSpecificationID` int(11) DEFAULT NULL,
  PRIMARY KEY (`MixedSpecimenID`,`REV`),
  KEY `FK_argt4d0rarc85d2x82523b2cf` (`REV`),
  CONSTRAINT `FK_argt4d0rarc85d2x82523b2cf` FOREIGN KEY (`REV`) REFERENCES `Revision` (`id`)
) ENGINE=InnoDB DEFAULT CHARSET=latin1;
/*!40101 SET character_set_client = @saved_cs_client */;

--
-- Dumping data for table `MixedSpecimens_AUD`
--

LOCK TABLES `MixedSpecimens_AUD` WRITE;
/*!40000 ALTER TABLE `MixedSpecimens_AUD` DISABLE KEYS */;
/*!40000 ALTER TABLE `MixedSpecimens_AUD` ENABLE KEYS */;
UNLOCK TABLES;

--
-- Table structure for table `MixsSpecification`
--

DROP TABLE IF EXISTS `MixsSpecification`;
/*!40101 SET @saved_cs_client     = @@character_set_client */;
/*!40101 SET character_set_client = utf8 */;
CREATE TABLE `MixsSpecification` (
  `MixsSpecificationID` int(11) NOT NULL AUTO_INCREMENT,
  `AbsAirHumidity` varchar(50) DEFAULT NULL,
  `AgrochemAddition` varchar(50) DEFAULT NULL,
  `AirTemp` varchar(50) DEFAULT NULL,
  `AirTempRegm` varchar(50) DEFAULT NULL,
  `AlSat` varchar(50) DEFAULT NULL,
  `AlSatMeth` varchar(50) DEFAULT NULL,
  `Alkalinity` varchar(50) DEFAULT NULL,
  `AlkylDiethers` varchar(50) DEFAULT NULL,
  `AminopeptAct` varchar(50) DEFAULT NULL,
  `Ammonium` varchar(50) DEFAULT NULL,
  `AmnioticFluidColor` varchar(50) DEFAULT NULL,
  `AnnualSeasonPrecpt` varchar(100) DEFAULT NULL,
  `AnnualSeasonTemp` varchar(100) DEFAULT NULL,
  `AntibioticRegm` varchar(50) DEFAULT NULL,
  `AtmosphericData` varchar(50) DEFAULT NULL,
  `BacProd` varchar(50) DEFAULT NULL,
  `BacResp` varchar(50) DEFAULT NULL,
  `BacteriaCarbProd` varchar(50) DEFAULT NULL,
  `BankfullWettedDepth` varchar(10) DEFAULT NULL,
  `BankfullWidth` varchar(10) DEFAULT NULL,
  `BarometricPress` varchar(50) DEFAULT NULL,
  `BiochemOxygenDem` varchar(50) DEFAULT NULL,
  `Biomass` varchar(50) DEFAULT NULL,
  `Biome` varchar(50) DEFAULT NULL,
  `BioticRelationship` varchar(50) DEFAULT NULL,
  `BirthControl` varchar(50) DEFAULT NULL,
  `Bishomohopanol` varchar(50) DEFAULT NULL,
  `BloodBloodDisord` varchar(50) DEFAULT NULL,
  `Bromide` varchar(50) DEFAULT NULL,
  `BuildOccupType` varchar(50) DEFAULT NULL,
  `BuildingSetting` varchar(50) DEFAULT NULL,
  `Calcium` varchar(50) DEFAULT NULL,
  `CanopyCoverage` varchar(10) DEFAULT NULL,
  `CarbDioxide` varchar(50) DEFAULT NULL,
  `CarbMonoxide` varchar(50) DEFAULT NULL,
  `CarbNitroRatio` varchar(50) DEFAULT NULL,
  `ChemAdministration` varchar(50) DEFAULT NULL,
  `ChemMutagen` varchar(50) DEFAULT NULL,
  `ChemOxygenDem` varchar(50) DEFAULT NULL,
  `Chloride` varchar(50) DEFAULT NULL,
  `Chlorophyll` varchar(50) DEFAULT NULL,
  `ClimateEnvironment` varchar(50) DEFAULT NULL,
  `Conduc` varchar(50) DEFAULT NULL,
  `CropRotation` varchar(50) DEFAULT NULL,
  `CurLandUse` varchar(100) DEFAULT NULL,
  `CurVegetation` varchar(50) DEFAULT NULL,
  `CurVegetationMeth` varchar(50) DEFAULT NULL,
  `Density` varchar(50) DEFAULT NULL,
  `DermatologyDisord` varchar(50) DEFAULT NULL,
  `DewPoint` varchar(50) DEFAULT NULL,
  `DietLastSixMonth` varchar(50) DEFAULT NULL,
  `DietherLipids` varchar(50) DEFAULT NULL,
  `DissCarbDioxide` varchar(50) DEFAULT NULL,
  `DissHydrogen` varchar(50) DEFAULT NULL,
  `DissInorgCarb` varchar(50) DEFAULT NULL,
  `DissInorgNitro` varchar(50) DEFAULT NULL,
  `DissInorgPhosp` varchar(50) DEFAULT NULL,
  `DissOrgCarb` varchar(50) DEFAULT NULL,
  `DissOrgNitro` varchar(50) DEFAULT NULL,
  `DissOxygen` varchar(50) DEFAULT NULL,
  `DominantHand` varchar(50) DEFAULT NULL,
  `DominantLandUse` varchar(100) DEFAULT NULL,
  `DominantStreamsideVegetation` varchar(100) DEFAULT NULL,
  `Douche` datetime(6) DEFAULT NULL,
  `DownPar` varchar(50) DEFAULT NULL,
  `DrainageClass` varchar(50) DEFAULT NULL,
  `DrugUsage` varchar(50) DEFAULT NULL,
  `EColi` varchar(50) DEFAULT NULL,
  `EfficiencyPercent` varchar(50) DEFAULT NULL,
  `Emulsions` varchar(50) DEFAULT NULL,
  `EncodedTraits` varchar(50) DEFAULT NULL,
  `EnvPackage` varchar(50) DEFAULT NULL,
  `EstimatedSize` varchar(50) DEFAULT NULL,
  `ExperimentalFactor` varchar(50) DEFAULT NULL,
  `ExtrachromElements` varchar(50) DEFAULT NULL,
  `ExtremeEvent` datetime(6) DEFAULT NULL,
  `ExtremeSalinity` varchar(100) DEFAULT NULL,
  `FaoClass` varchar(50) DEFAULT NULL,
  `Feature` varchar(50) DEFAULT NULL,
  `FertilizerRegm` varchar(50) DEFAULT NULL,
  `FilterType` varchar(50) DEFAULT NULL,
  `Fire` datetime(6) DEFAULT NULL,
  `FishKillEventInfo` varchar(100) DEFAULT NULL,
  `Flooding` datetime(6) DEFAULT NULL,
  `Fluor` varchar(50) DEFAULT NULL,
  `FoetalHealthStat` varchar(50) DEFAULT NULL,
  `FungicideRegm` varchar(50) DEFAULT NULL,
  `GaseousEnvironment` varchar(50) DEFAULT NULL,
  `GaseousSubstances` varchar(50) DEFAULT NULL,
  `GastrointestDisord` varchar(50) DEFAULT NULL,
  `GestationState` varchar(50) DEFAULT NULL,
  `GlucosidaseAct` varchar(50) DEFAULT NULL,
  `Gravidity` varchar(50) DEFAULT NULL,
  `Gravity` varchar(50) DEFAULT NULL,
  `GrowthHormoneRegm` varchar(50) DEFAULT NULL,
  `GrowthMed` varchar(50) DEFAULT NULL,
  `GynecologicDisord` varchar(50) DEFAULT NULL,
  `HealthDiseaseStat` varchar(50) DEFAULT NULL,
  `HeatCoolType` varchar(50) DEFAULT NULL,
  `HeavyMetals` varchar(50) DEFAULT NULL,
  `HeavyMetalsMeth` varchar(50) DEFAULT NULL,
  `HerbicideRegm` varchar(50) DEFAULT NULL,
  `Horizon` varchar(50) DEFAULT NULL,
  `HorizonMeth` varchar(50) DEFAULT NULL,
  `HostAge` varchar(50) DEFAULT NULL,
  `HostBloodPressDiast` varchar(50) DEFAULT NULL,
  `HostBloodPressSyst` varchar(50) DEFAULT NULL,
  `HostBodyHabitat` varchar(50) DEFAULT NULL,
  `HostBodyMassIndex` varchar(50) DEFAULT NULL,
  `HostBodyProduct` varchar(50) DEFAULT NULL,
  `HostBodySite` varchar(50) DEFAULT NULL,
  `HostBodyTemp` varchar(50) DEFAULT NULL,
  `HostColor` varchar(50) DEFAULT NULL,
  `HostCommonName` varchar(50) DEFAULT NULL,
  `HostDiet` varchar(50) DEFAULT NULL,
  `HostDiseaseStat` varchar(50) DEFAULT NULL,
  `HostDryMass` varchar(50) DEFAULT NULL,
  `HostFamilyRelationship` varchar(50) DEFAULT NULL,
  `HostGenotype` varchar(50) DEFAULT NULL,
  `HostGrowthCond` varchar(50) DEFAULT NULL,
  `HostHeight` varchar(50) DEFAULT NULL,
  `HostHivStat` varchar(50) DEFAULT NULL,
  `HostInfraSpecificName` varchar(50) DEFAULT NULL,
  `HostInfraSpecificRank` varchar(50) DEFAULT NULL,
  `HostLastMeal` varchar(50) DEFAULT NULL,
  `HostLength` varchar(50) DEFAULT NULL,
  `HostLifeStage` varchar(50) DEFAULT NULL,
  `HostOccupation` int(11) DEFAULT NULL,
  `HostPhenotype` varchar(50) DEFAULT NULL,
  `HostPulse` varchar(50) DEFAULT NULL,
  `HostSex` varchar(50) DEFAULT NULL,
  `HostShape` varchar(50) DEFAULT NULL,
  `HostSubjectId` varchar(50) DEFAULT NULL,
  `HostSubstrate` varchar(50) DEFAULT NULL,
  `HostTaxid` int(11) DEFAULT NULL,
  `HostTotMass` varchar(50) DEFAULT NULL,
  `HostWetMass` varchar(50) DEFAULT NULL,
  `Hrt` datetime(6) DEFAULT NULL,
  `Humidity` varchar(50) DEFAULT NULL,
  `HumidityRegm` varchar(50) DEFAULT NULL,
  `Hysterectomy` bit(1) DEFAULT NULL,
  `IhmcEthnicity` varchar(50) DEFAULT NULL,
  `IhmcMedicationCode` int(11) DEFAULT NULL,
  `IndoorSpace` varchar(50) DEFAULT NULL,
  `IndoorSurf` varchar(50) DEFAULT NULL,
  `IndustEffPercent` varchar(50) DEFAULT NULL,
  `InorgParticles` varchar(50) DEFAULT NULL,
  `InvestigationType` varchar(20) DEFAULT NULL,
  `IsolGrowthCondt` varchar(50) DEFAULT NULL,
  `KidneyDisord` varchar(50) DEFAULT NULL,
  `LightIntensity` varchar(50) DEFAULT NULL,
  `LightType` varchar(50) DEFAULT NULL,
  `LinkAdditAnalys` varchar(50) DEFAULT NULL,
  `LinkClassInfo` varchar(250) DEFAULT NULL,
  `LinkClimateInfo` varchar(250) DEFAULT NULL,
  `LiverDisord` varchar(50) DEFAULT NULL,
  `LocalClass` varchar(50) DEFAULT NULL,
  `LocalClassMeth` varchar(50) DEFAULT NULL,
  `MacrophyteCoverage` varchar(10) DEFAULT NULL,
  `Magnesium` varchar(50) DEFAULT NULL,
  `Material` varchar(50) DEFAULT NULL,
  `MaternalHealthStat` varchar(50) DEFAULT NULL,
  `MeanFrictVel` varchar(50) DEFAULT NULL,
  `MeanPeakFrictVel` varchar(50) DEFAULT NULL,
  `MechanicalDamage` varchar(50) DEFAULT NULL,
  `MedicHistPerform` bit(1) DEFAULT NULL,
  `Menarche` datetime(6) DEFAULT NULL,
  `Menopause` datetime(6) DEFAULT NULL,
  `Methane` varchar(50) DEFAULT NULL,
  `MicrobialBiomass` varchar(50) DEFAULT NULL,
  `MicrobialBiomassMeth` varchar(50) DEFAULT NULL,
  `MineralNutrRegm` varchar(50) DEFAULT NULL,
  `MiscParam` varchar(50) DEFAULT NULL,
  `nAlkanes` varchar(50) DEFAULT NULL,
  `Nitrate` varchar(50) DEFAULT NULL,
  `Nitrite` varchar(50) DEFAULT NULL,
  `Nitro` varchar(50) DEFAULT NULL,
  `NonMineralNutrRegm` varchar(50) DEFAULT NULL,
  `NoseMouthTeethThroatDisord` varchar(50) DEFAULT NULL,
  `NoseThroatDisord` varchar(50) DEFAULT NULL,
  `NumReplicons` int(11) DEFAULT NULL,
  `OccupSamp` int(11) DEFAULT NULL,
  `OccupantDensSamp` float DEFAULT NULL,
  `OrgCarb` varchar(50) DEFAULT NULL,
  `OrgMatter` varchar(50) DEFAULT NULL,
  `OrgNitro` varchar(50) DEFAULT NULL,
  `OrgParticles` varchar(50) DEFAULT NULL,
  `OrganismCount` varchar(50) DEFAULT NULL,
  `OxyStatSamp` varchar(50) DEFAULT NULL,
  `Oxygen` varchar(50) DEFAULT NULL,
  `PartOrgCarb` varchar(50) DEFAULT NULL,
  `PartOrgNitro` varchar(50) DEFAULT NULL,
  `ParticleClass` varchar(50) DEFAULT NULL,
  `Pathogenicity` varchar(50) DEFAULT NULL,
  `PeriphytonCoverage` varchar(100) DEFAULT NULL,
  `Perturbation` varchar(50) DEFAULT NULL,
  `PesticideRegm` varchar(50) DEFAULT NULL,
  `PetFarmAnimal` varchar(50) DEFAULT NULL,
  `PetroleumHydrocarb` varchar(50) DEFAULT NULL,
  `Ph` float DEFAULT NULL,
  `PhMeth` varchar(50) DEFAULT NULL,
  `PhRegm` varchar(50) DEFAULT NULL,
  `Phaeopigments` varchar(50) DEFAULT NULL,
  `Phosphate` varchar(50) DEFAULT NULL,
  `PhosplipidFattAcid` varchar(50) DEFAULT NULL,
  `PhotonFlux` varchar(50) DEFAULT NULL,
  `PlantBodySite` varchar(50) DEFAULT NULL,
  `PlantProduct` varchar(50) DEFAULT NULL,
  `Ploidy` varchar(50) DEFAULT NULL,
  `Pollutants` varchar(50) DEFAULT NULL,
  `PoolDnaExtracts` varchar(50) DEFAULT NULL,
  `Porosity` varchar(50) DEFAULT NULL,
  `Potassium` varchar(50) DEFAULT NULL,
  `PreTreatment` varchar(50) DEFAULT NULL,
  `Pregnancy` datetime(6) DEFAULT NULL,
  `Pressure` varchar(50) DEFAULT NULL,
  `PreviousLandUse` varchar(50) DEFAULT NULL,
  `PreviousLandUseMeth` varchar(50) DEFAULT NULL,
  `PrimaryProd` varchar(50) DEFAULT NULL,
  `PrimaryTreatment` varchar(50) DEFAULT NULL,
  `ProfilePosition` varchar(50) DEFAULT NULL,
  `Propagation` varchar(50) DEFAULT NULL,
  `PulmonaryDisord` varchar(50) DEFAULT NULL,
  `RadiationRegm` varchar(50) DEFAULT NULL,
  `RainfallRegm` varchar(50) DEFAULT NULL,
  `ReactorType` varchar(50) DEFAULT NULL,
  `RedoxPotential` varchar(50) DEFAULT NULL,
  `RefBiomaterial` varchar(50) DEFAULT NULL,
  `RelAirHumidity` varchar(50) DEFAULT NULL,
  `RelToOxygen` varchar(50) DEFAULT NULL,
  `RespPartMatter` varchar(50) DEFAULT NULL,
  `Salinity` varchar(50) DEFAULT NULL,
  `SalinityMeth` varchar(50) DEFAULT NULL,
  `SalmonInStream` varchar(10) DEFAULT NULL,
  `SalmonReturnStatus` varchar(15) DEFAULT NULL,
  `SaltRegm` varchar(50) DEFAULT NULL,
  `SampMatProcess` varchar(50) DEFAULT NULL,
  `SampSalinity` varchar(50) DEFAULT NULL,
  `SampSortMeth` varchar(50) DEFAULT NULL,
  `SampStoreDur` varchar(50) DEFAULT NULL,
  `SampStoreLoc` varchar(50) DEFAULT NULL,
  `SampStoreTemp` varchar(50) DEFAULT NULL,
  `SampVolWeDnaExt` varchar(50) DEFAULT NULL,
  `SampleReach` varchar(10) DEFAULT NULL,
  `SeasonEnvironment` varchar(50) DEFAULT NULL,
  `SecondaryTreatment` varchar(50) DEFAULT NULL,
  `SedimentType` varchar(50) DEFAULT NULL,
  `SewageType` varchar(50) DEFAULT NULL,
  `SexualAct` varchar(50) DEFAULT NULL,
  `Sieving` varchar(50) DEFAULT NULL,
  `Silicate` varchar(50) DEFAULT NULL,
  `SlopeAspect` varchar(50) DEFAULT NULL,
  `SlopeGradient` varchar(50) DEFAULT NULL,
  `SludgeRetentTime` varchar(50) DEFAULT NULL,
  `Smoker` bit(1) DEFAULT NULL,
  `Sodium` varchar(50) DEFAULT NULL,
  `SoilType` varchar(50) DEFAULT NULL,
  `SoilTypeMeth` varchar(50) DEFAULT NULL,
  `SolarIrradiance` varchar(50) DEFAULT NULL,
  `SolubleInorgMat` varchar(50) DEFAULT NULL,
  `SolubleOrgMat` varchar(50) DEFAULT NULL,
  `SolubleReactPhosp` varchar(50) DEFAULT NULL,
  `SpaceTypState` varchar(50) DEFAULT NULL,
  `SpecialDiet` varchar(50) DEFAULT NULL,
  `SpecificHost` varchar(50) DEFAULT NULL,
  `StandingWaterRegm` varchar(50) DEFAULT NULL,
  `StoreCond` varchar(50) DEFAULT NULL,
  `StreamsideVegetation` varchar(100) DEFAULT NULL,
  `StudyCompltStat` varchar(50) DEFAULT NULL,
  `SubspecfGenLin` varchar(50) DEFAULT NULL,
  `SubstructureType` varchar(50) DEFAULT NULL,
  `Sulfate` varchar(50) DEFAULT NULL,
  `Sulfide` varchar(50) DEFAULT NULL,
  `SurfAirCont` varchar(50) DEFAULT NULL,
  `SurfHumidity` varchar(50) DEFAULT NULL,
  `SurfMaterial` varchar(50) DEFAULT NULL,
  `SurfMoisture` varchar(50) DEFAULT NULL,
  `SurfMoisturePh` float DEFAULT NULL,
  `SurfTemp` varchar(50) DEFAULT NULL,
  `SuspendPartMatter` varchar(50) DEFAULT NULL,
  `SuspendSolids` varchar(50) DEFAULT NULL,
  `Temp` varchar(50) DEFAULT NULL,
  `TertiaryTreatment` varchar(50) DEFAULT NULL,
  `Texture` varchar(50) DEFAULT NULL,
  `TextureMeth` varchar(50) DEFAULT NULL,
  `TidalStage` varchar(50) DEFAULT NULL,
  `Tillage` varchar(50) DEFAULT NULL,
  `TimeLastToothbrush` datetime(6) DEFAULT NULL,
  `TimeSinceLastWash` datetime(6) DEFAULT NULL,
  `TissCultGrowthMed` varchar(50) DEFAULT NULL,
  `TotCarb` varchar(50) DEFAULT NULL,
  `TotDepthWaterCol` varchar(50) DEFAULT NULL,
  `TotDissNitro` varchar(50) DEFAULT NULL,
  `TotDissPhosp` varchar(50) DEFAULT NULL,
  `TotInorgNitro` varchar(50) DEFAULT NULL,
  `TotNMeth` varchar(50) DEFAULT NULL,
  `TotNitro` varchar(50) DEFAULT NULL,
  `TotOrgCMeth` varchar(50) DEFAULT NULL,
  `TotOrgCarb` varchar(50) DEFAULT NULL,
  `TotPartCarb` varchar(50) DEFAULT NULL,
  `TotPhosp` varchar(50) DEFAULT NULL,
  `TotPhosphate` varchar(50) DEFAULT NULL,
  `TotSuspendedSolids` varchar(50) DEFAULT NULL,
  `TravelOutSixMonth` varchar(50) DEFAULT NULL,
  `TrophicLevel` varchar(50) DEFAULT NULL,
  `Turbidity` varchar(50) DEFAULT NULL,
  `TwinSibling` bit(1) DEFAULT NULL,
  `TypOccupantDens` float DEFAULT NULL,
  `UrineCollectMeth` varchar(50) DEFAULT NULL,
  `UrogenitDisord` varchar(50) DEFAULT NULL,
  `UrogenitTractDisor` varchar(50) DEFAULT NULL,
  `VentilationRate` varchar(50) DEFAULT NULL,
  `VentilationType` varchar(50) DEFAULT NULL,
  `VolatileOrgComp` varchar(50) DEFAULT NULL,
  `WastewaterType` varchar(50) DEFAULT NULL,
  `WaterContent` varchar(50) DEFAULT NULL,
  `WaterContentSoilMeth` varchar(50) DEFAULT NULL,
  `WaterCurrent` varchar(50) DEFAULT NULL,
  `WaterTempRegm` varchar(50) DEFAULT NULL,
  `WateringRegm` varchar(50) DEFAULT NULL,
  `WeightLoss3Month` varchar(50) DEFAULT NULL,
  `WettedStreamWidth` varchar(10) DEFAULT NULL,
  `WindDirection` varchar(50) DEFAULT NULL,
  `WindSpeed` varchar(50) DEFAULT NULL,
  PRIMARY KEY (`MixsSpecificationID`)
) ENGINE=InnoDB AUTO_INCREMENT=111 DEFAULT CHARSET=latin1;
/*!40101 SET character_set_client = @saved_cs_client */;

--
-- Dumping data for table `MixsSpecification`
--

LOCK TABLES `MixsSpecification` WRITE;
/*!40000 ALTER TABLE `MixsSpecification` DISABLE KEYS */;
INSERT INTO `MixsSpecification` VALUES (1,NULL,NULL,NULL,NULL,NULL,NULL,NULL,NULL,NULL,NULL,NULL,NULL,NULL,NULL,NULL,NULL,NULL,NULL,NULL,NULL,NULL,NULL,NULL,NULL,NULL,NULL,NULL,NULL,NULL,NULL,NULL,NULL,NULL,NULL,NULL,NULL,NULL,NULL,NULL,NULL,NULL,NULL,NULL,NULL,NULL,NULL,NULL,NULL,NULL,NULL,NULL,NULL,NULL,NULL,NULL,NULL,NULL,NULL,NULL,NULL,NULL,NULL,NULL,NULL,NULL,NULL,NULL,NULL,NULL,NULL,NULL,NULL,NULL,NULL,NULL,NULL,NULL,NULL,NULL,NULL,NULL,NULL,NULL,NULL,NULL,NULL,NULL,NULL,NULL,NULL,NULL,NULL,NULL,NULL,NULL,NULL,NULL,NULL,NULL,NULL,NULL,NULL,NULL,NULL,NULL,NULL,NULL,NULL,NULL,NULL,NULL,NULL,NULL,NULL,NULL,NULL,NULL,NULL,NULL,NULL,NULL,NULL,NULL,NULL,NULL,NULL,NULL,NULL,NULL,NULL,NULL,NULL,NULL,NULL,NULL,NULL,NULL,NULL,NULL,NULL,NULL,NULL,NULL,NULL,NULL,NULL,NULL,NULL,NULL,NULL,NULL,NULL,NULL,NULL,NULL,NULL,NULL,NULL,NULL,NULL,NULL,NULL,NULL,NULL,NULL,NULL,NULL,NULL,NULL,NULL,NULL,NULL,NULL,NULL,NULL,NULL,NULL,NULL,NULL,NULL,NULL,NULL,NULL,NULL,NULL,NULL,NULL,NULL,NULL,NULL,NULL,NULL,NULL,NULL,NULL,NULL,NULL,NULL,NULL,NULL,NULL,NULL,NULL,NULL,NULL,NULL,NULL,NULL,NULL,NULL,NULL,NULL,NULL,NULL,NULL,NULL,NULL,NULL,NULL,NULL,NULL,NULL,NULL,NULL,NULL,NULL,NULL,NULL,NULL,NULL,NULL,NULL,NULL,NULL,NULL,NULL,NULL,NULL,NULL,NULL,NULL,NULL,NULL,NULL,NULL,NULL,NULL,NULL,NULL,NULL,NULL,NULL,NULL,NULL,NULL,NULL,NULL,NULL,NULL,NULL,NULL,NULL,NULL,NULL,NULL,NULL,NULL,NULL,NULL,NULL,NULL,NULL,NULL,NULL,NULL,NULL,NULL,NULL,NULL,NULL,NULL,NULL,NULL,NULL,NULL,NULL,NULL,NULL,NULL,NULL,NULL,NULL,NULL,NULL,NULL,NULL,NULL,NULL,NULL,NULL,NULL,NULL,NULL,NULL,NULL,NULL,NULL,NULL,NULL,NULL,NULL,NULL,NULL,NULL,NULL,NULL,NULL,NULL,NULL,NULL,NULL,NULL,NULL,NULL),(2,NULL,NULL,NULL,NULL,NULL,NULL,NULL,NULL,NULL,NULL,NULL,NULL,NULL,NULL,NULL,NULL,NULL,NULL,NULL,NULL,NULL,NULL,NULL,NULL,NULL,NULL,NULL,NULL,NULL,NULL,NULL,NULL,NULL,NULL,NULL,NULL,NULL,NULL,NULL,NULL,NULL,NULL,NULL,NULL,NULL,NULL,NULL,NULL,NULL,NULL,NULL,NULL,NULL,NULL,NULL,NULL,NULL,NULL,NULL,NULL,NULL,NULL,NULL,NULL,NULL,NULL,NULL,NULL,NULL,NULL,NULL,NULL,NULL,NULL,NULL,NULL,NULL,NULL,NULL,NULL,NULL,NULL,NULL,NULL,NULL,NULL,NULL,NULL,NULL,NULL,NULL,NULL,NULL,NULL,NULL,NULL,NULL,NULL,NULL,NULL,NULL,NULL,NULL,NULL,NULL,NULL,NULL,NULL,NULL,NULL,NULL,NULL,NULL,NULL,NULL,NULL,NULL,NULL,NULL,NULL,NULL,NULL,NULL,NULL,NULL,NULL,NULL,NULL,NULL,NULL,NULL,NULL,NULL,NULL,NULL,NULL,NULL,NULL,NULL,NULL,NULL,NULL,NULL,NULL,NULL,NULL,NULL,NULL,NULL,NULL,NULL,NULL,NULL,NULL,NULL,NULL,NULL,NULL,NULL,NULL,NULL,NULL,NULL,NULL,NULL,NULL,NULL,NULL,NULL,NULL,NULL,NULL,NULL,NULL,NULL,NULL,NULL,NULL,NULL,NULL,NULL,NULL,NULL,NULL,NULL,NULL,NULL,NULL,NULL,NULL,NULL,NULL,NULL,NULL,NULL,NULL,NULL,NULL,NULL,NULL,NULL,NULL,NULL,NULL,NULL,NULL,NULL,NULL,NULL,NULL,NULL,NULL,NULL,NULL,NULL,NULL,NULL,NULL,NULL,NULL,NULL,NULL,NULL,NULL,NULL,NULL,NULL,NULL,NULL,NULL,NULL,NULL,NULL,NULL,NULL,NULL,NULL,NULL,NULL,NULL,NULL,NULL,NULL,NULL,NULL,NULL,NULL,NULL,NULL,NULL,NULL,NULL,NULL,NULL,NULL,NULL,NULL,NULL,NULL,NULL,NULL,NULL,NULL,NULL,NULL,NULL,NULL,NULL,NULL,NULL,NULL,NULL,NULL,NULL,NULL,NULL,NULL,NULL,NULL,NULL,NULL,NULL,NULL,NULL,NULL,NULL,NULL,NULL,NULL,NULL,NULL,NULL,NULL,NULL,NULL,NULL,NULL,NULL,NULL,NULL,NULL,NULL,NULL,NULL,NULL,NULL,NULL,NULL,NULL,NULL,NULL,NULL,NULL,NULL,NULL,NULL,NULL,NULL,NULL,NULL,NULL,NULL,NULL,NULL),(3,NULL,NULL,NULL,NULL,NULL,NULL,NULL,NULL,NULL,NULL,NULL,NULL,NULL,NULL,NULL,NULL,NULL,NULL,NULL,NULL,NULL,NULL,NULL,NULL,NULL,NULL,NULL,NULL,NULL,NULL,NULL,NULL,NULL,NULL,NULL,NULL,NULL,NULL,NULL,NULL,NULL,NULL,NULL,NULL,NULL,NULL,NULL,NULL,NULL,NULL,NULL,NULL,NULL,NULL,NULL,NULL,NULL,NULL,NULL,NULL,NULL,NULL,NULL,NULL,NULL,NULL,NULL,NULL,NULL,NULL,NULL,NULL,NULL,NULL,NULL,NULL,NULL,NULL,NULL,NULL,NULL,NULL,NULL,NULL,NULL,NULL,NULL,NULL,NULL,NULL,NULL,NULL,NULL,NULL,NULL,NULL,NULL,NULL,NULL,NULL,NULL,NULL,NULL,NULL,NULL,NULL,NULL,NULL,NULL,NULL,NULL,NULL,NULL,NULL,NULL,NULL,NULL,NULL,NULL,NULL,NULL,NULL,NULL,NULL,NULL,NULL,NULL,NULL,NULL,NULL,NULL,NULL,NULL,NULL,NULL,NULL,NULL,NULL,NULL,NULL,NULL,NULL,NULL,NULL,NULL,NULL,NULL,NULL,NULL,NULL,NULL,NULL,NULL,NULL,NULL,NULL,NULL,NULL,NULL,NULL,NULL,NULL,NULL,NULL,NULL,NULL,NULL,NULL,NULL,NULL,NULL,NULL,NULL,NULL,NULL,NULL,NULL,NULL,NULL,NULL,NULL,NULL,NULL,NULL,NULL,NULL,NULL,NULL,NULL,NULL,NULL,NULL,NULL,NULL,NULL,NULL,NULL,NULL,NULL,NULL,NULL,NULL,NULL,NULL,NULL,NULL,NULL,NULL,NULL,NULL,NULL,NULL,NULL,NULL,NULL,NULL,NULL,NULL,NULL,NULL,NULL,NULL,NULL,NULL,NULL,NULL,NULL,NULL,NULL,NULL,NULL,NULL,NULL,NULL,NULL,NULL,NULL,NULL,NULL,NULL,NULL,NULL,NULL,NULL,NULL,NULL,NULL,NULL,NULL,NULL,NULL,NULL,NULL,NULL,NULL,NULL,NULL,NULL,NULL,NULL,NULL,NULL,NULL,NULL,NULL,NULL,NULL,NULL,NULL,NULL,NULL,NULL,NULL,NULL,NULL,NULL,NULL,NULL,NULL,NULL,NULL,NULL,NULL,NULL,NULL,NULL,NULL,NULL,NULL,NULL,NULL,NULL,NULL,NULL,NULL,NULL,NULL,NULL,NULL,NULL,NULL,NULL,NULL,NULL,NULL,NULL,NULL,NULL,NULL,NULL,NULL,NULL,NULL,NULL,NULL,NULL,NULL,NULL,NULL,NULL,NULL,NULL,NULL,NULL),(4,NULL,NULL,NULL,NULL,NULL,NULL,NULL,NULL,NULL,NULL,NULL,NULL,NULL,NULL,NULL,NULL,NULL,NULL,NULL,NULL,NULL,NULL,NULL,NULL,NULL,NULL,NULL,NULL,NULL,NULL,NULL,NULL,NULL,NULL,NULL,NULL,NULL,NULL,NULL,NULL,NULL,NULL,NULL,NULL,NULL,NULL,NULL,NULL,NULL,NULL,NULL,NULL,NULL,NULL,NULL,NULL,NULL,NULL,NULL,NULL,NULL,NULL,NULL,NULL,NULL,NULL,NULL,NULL,NULL,NULL,NULL,NULL,NULL,NULL,NULL,NULL,NULL,NULL,NULL,NULL,NULL,NULL,NULL,NULL,NULL,NULL,NULL,NULL,NULL,NULL,NULL,NULL,NULL,NULL,NULL,NULL,NULL,NULL,NULL,NULL,NULL,NULL,NULL,NULL,NULL,NULL,NULL,NULL,NULL,NULL,NULL,NULL,NULL,NULL,NULL,NULL,NULL,NULL,NULL,NULL,NULL,NULL,NULL,NULL,NULL,NULL,NULL,NULL,NULL,NULL,NULL,NULL,NULL,NULL,NULL,NULL,NULL,NULL,NULL,NULL,NULL,NULL,NULL,NULL,NULL,NULL,NULL,NULL,NULL,NULL,NULL,NULL,NULL,NULL,NULL,NULL,NULL,NULL,NULL,NULL,NULL,NULL,NULL,NULL,NULL,NULL,NULL,NULL,NULL,NULL,NULL,NULL,NULL,NULL,NULL,NULL,NULL,NULL,NULL,NULL,NULL,NULL,NULL,NULL,NULL,NULL,NULL,NULL,NULL,NULL,NULL,NULL,NULL,NULL,NULL,NULL,NULL,NULL,NULL,NULL,NULL,NULL,NULL,NULL,NULL,NULL,NULL,NULL,NULL,NULL,NULL,NULL,NULL,NULL,NULL,NULL,NULL,NULL,NULL,NULL,NULL,NULL,NULL,NULL,NULL,NULL,NULL,NULL,NULL,NULL,NULL,NULL,NULL,NULL,NULL,NULL,NULL,NULL,NULL,NULL,NULL,NULL,NULL,NULL,NULL,NULL,NULL,NULL,NULL,NULL,NULL,NULL,NULL,NULL,NULL,NULL,NULL,NULL,NULL,NULL,NULL,NULL,NULL,NULL,NULL,NULL,NULL,NULL,NULL,NULL,NULL,NULL,NULL,NULL,NULL,NULL,NULL,NULL,NULL,NULL,NULL,NULL,NULL,NULL,NULL,NULL,NULL,NULL,NULL,NULL,NULL,NULL,NULL,NULL,NULL,NULL,NULL,NULL,NULL,NULL,NULL,NULL,NULL,NULL,NULL,NULL,NULL,NULL,NULL,NULL,NULL,NULL,NULL,NULL,NULL,NULL,NULL,NULL,NULL,NULL,NULL,NULL,NULL,NULL),(5,NULL,NULL,NULL,NULL,NULL,NULL,NULL,NULL,NULL,NULL,NULL,NULL,NULL,NULL,NULL,NULL,NULL,NULL,NULL,NULL,NULL,NULL,NULL,NULL,NULL,NULL,NULL,NULL,NULL,NULL,NULL,NULL,NULL,NULL,NULL,NULL,NULL,NULL,NULL,NULL,NULL,NULL,NULL,NULL,NULL,NULL,NULL,NULL,NULL,NULL,NULL,NULL,NULL,NULL,NULL,NULL,NULL,NULL,NULL,NULL,NULL,NULL,NULL,NULL,NULL,NULL,NULL,NULL,NULL,NULL,NULL,NULL,NULL,NULL,NULL,NULL,NULL,NULL,NULL,NULL,NULL,NULL,NULL,NULL,NULL,NULL,NULL,NULL,NULL,NULL,NULL,NULL,NULL,NULL,NULL,NULL,NULL,NULL,NULL,NULL,NULL,NULL,NULL,NULL,NULL,NULL,NULL,NULL,NULL,NULL,NULL,NULL,NULL,NULL,NULL,NULL,NULL,NULL,NULL,NULL,NULL,NULL,NULL,NULL,NULL,NULL,NULL,NULL,NULL,NULL,NULL,NULL,NULL,NULL,NULL,NULL,NULL,NULL,NULL,NULL,NULL,NULL,NULL,NULL,NULL,NULL,NULL,NULL,NULL,NULL,NULL,NULL,NULL,NULL,NULL,NULL,NULL,NULL,NULL,NULL,NULL,NULL,NULL,NULL,NULL,NULL,NULL,NULL,NULL,NULL,NULL,NULL,NULL,NULL,NULL,NULL,NULL,NULL,NULL,NULL,NULL,NULL,NULL,NULL,NULL,NULL,NULL,NULL,NULL,NULL,NULL,NULL,NULL,NULL,NULL,NULL,NULL,NULL,NULL,NULL,NULL,NULL,NULL,NULL,NULL,NULL,NULL,NULL,NULL,NULL,NULL,NULL,NULL,NULL,NULL,NULL,NULL,NULL,NULL,NULL,NULL,NULL,NULL,NULL,NULL,NULL,NULL,NULL,NULL,NULL,NULL,NULL,NULL,NULL,NULL,NULL,NULL,NULL,NULL,NULL,NULL,NULL,NULL,NULL,NULL,NULL,NULL,NULL,NULL,NULL,NULL,NULL,NULL,NULL,NULL,NULL,NULL,NULL,NULL,NULL,NULL,NULL,NULL,NULL,NULL,NULL,NULL,NULL,NULL,NULL,NULL,NULL,NULL,NULL,NULL,NULL,NULL,NULL,NULL,NULL,NULL,NULL,NULL,NULL,NULL,NULL,NULL,NULL,NULL,NULL,NULL,NULL,NULL,NULL,NULL,NULL,NULL,NULL,NULL,NULL,NULL,NULL,NULL,NULL,NULL,NULL,NULL,NULL,NULL,NULL,NULL,NULL,NULL,NULL,NULL,NULL,NULL,NULL,NULL,NULL,NULL,NULL,NULL,NULL),(6,NULL,NULL,NULL,NULL,NULL,NULL,NULL,NULL,NULL,NULL,NULL,NULL,NULL,NULL,NULL,NULL,NULL,NULL,NULL,NULL,NULL,NULL,NULL,NULL,NULL,NULL,NULL,NULL,NULL,NULL,NULL,NULL,NULL,NULL,NULL,NULL,NULL,NULL,NULL,NULL,NULL,NULL,NULL,NULL,NULL,NULL,NULL,NULL,NULL,NULL,NULL,NULL,NULL,NULL,NULL,NULL,NULL,NULL,NULL,NULL,NULL,NULL,NULL,NULL,NULL,NULL,NULL,NULL,NULL,NULL,NULL,NULL,NULL,NULL,NULL,NULL,NULL,NULL,NULL,NULL,NULL,NULL,NULL,NULL,NULL,NULL,NULL,NULL,NULL,NULL,NULL,NULL,NULL,NULL,NULL,NULL,NULL,NULL,NULL,NULL,NULL,NULL,NULL,NULL,NULL,NULL,NULL,NULL,NULL,NULL,NULL,NULL,NULL,NULL,NULL,NULL,NULL,NULL,NULL,NULL,NULL,NULL,NULL,NULL,NULL,NULL,NULL,NULL,NULL,NULL,NULL,NULL,NULL,NULL,NULL,NULL,NULL,NULL,NULL,NULL,NULL,NULL,NULL,NULL,NULL,NULL,NULL,NULL,NULL,NULL,NULL,NULL,NULL,NULL,NULL,NULL,NULL,NULL,NULL,NULL,NULL,NULL,NULL,NULL,NULL,NULL,NULL,NULL,NULL,NULL,NULL,NULL,NULL,NULL,NULL,NULL,NULL,NULL,NULL,NULL,NULL,NULL,NULL,NULL,NULL,NULL,NULL,NULL,NULL,NULL,NULL,NULL,NULL,NULL,NULL,NULL,NULL,NULL,NULL,NULL,NULL,NULL,NULL,NULL,NULL,NULL,NULL,NULL,NULL,NULL,NULL,NULL,NULL,NULL,NULL,NULL,NULL,NULL,NULL,NULL,NULL,NULL,NULL,NULL,NULL,NULL,NULL,NULL,NULL,NULL,NULL,NULL,NULL,NULL,NULL,NULL,NULL,NULL,NULL,NULL,NULL,NULL,NULL,NULL,NULL,NULL,NULL,NULL,NULL,NULL,NULL,NULL,NULL,NULL,NULL,NULL,NULL,NULL,NULL,NULL,NULL,NULL,NULL,NULL,NULL,NULL,NULL,NULL,NULL,NULL,NULL,NULL,NULL,NULL,NULL,NULL,NULL,NULL,NULL,NULL,NULL,NULL,NULL,NULL,NULL,NULL,NULL,NULL,NULL,NULL,NULL,NULL,NULL,NULL,NULL,NULL,NULL,NULL,NULL,NULL,NULL,NULL,NULL,NULL,NULL,NULL,NULL,NULL,NULL,NULL,NULL,NULL,NULL,NULL,NULL,NULL,NULL,NULL,NULL,NULL,NULL,NULL,NULL,NULL),(7,NULL,NULL,NULL,NULL,NULL,NULL,NULL,NULL,NULL,NULL,NULL,NULL,NULL,NULL,NULL,NULL,NULL,NULL,NULL,NULL,NULL,NULL,NULL,NULL,NULL,NULL,NULL,NULL,NULL,NULL,NULL,NULL,NULL,NULL,NULL,NULL,NULL,NULL,NULL,NULL,NULL,NULL,NULL,NULL,NULL,NULL,NULL,NULL,NULL,NULL,NULL,NULL,NULL,NULL,NULL,NULL,NULL,NULL,NULL,NULL,NULL,NULL,NULL,NULL,NULL,NULL,NULL,NULL,NULL,NULL,NULL,NULL,NULL,NULL,NULL,NULL,NULL,NULL,NULL,NULL,NULL,NULL,NULL,NULL,NULL,NULL,NULL,NULL,NULL,NULL,NULL,NULL,NULL,NULL,NULL,NULL,NULL,NULL,NULL,NULL,NULL,NULL,NULL,NULL,NULL,NULL,NULL,NULL,NULL,NULL,NULL,NULL,NULL,NULL,NULL,NULL,NULL,NULL,NULL,NULL,NULL,NULL,NULL,NULL,NULL,NULL,NULL,NULL,NULL,NULL,NULL,NULL,NULL,NULL,NULL,NULL,NULL,NULL,NULL,NULL,NULL,NULL,NULL,NULL,NULL,NULL,NULL,NULL,NULL,NULL,NULL,NULL,NULL,NULL,NULL,NULL,NULL,NULL,NULL,NULL,NULL,NULL,NULL,NULL,NULL,NULL,NULL,NULL,NULL,NULL,NULL,NULL,NULL,NULL,NULL,NULL,NULL,NULL,NULL,NULL,NULL,NULL,NULL,NULL,NULL,NULL,NULL,NULL,NULL,NULL,NULL,NULL,NULL,NULL,NULL,NULL,NULL,NULL,NULL,NULL,NULL,NULL,NULL,NULL,NULL,NULL,NULL,NULL,NULL,NULL,NULL,NULL,NULL,NULL,NULL,NULL,NULL,NULL,NULL,NULL,NULL,NULL,NULL,NULL,NULL,NULL,NULL,NULL,NULL,NULL,NULL,NULL,NULL,NULL,NULL,NULL,NULL,NULL,NULL,NULL,NULL,NULL,NULL,NULL,NULL,NULL,NULL,NULL,NULL,NULL,NULL,NULL,NULL,NULL,NULL,NULL,NULL,NULL,NULL,NULL,NULL,NULL,NULL,NULL,NULL,NULL,NULL,NULL,NULL,NULL,NULL,NULL,NULL,NULL,NULL,NULL,NULL,NULL,NULL,NULL,NULL,NULL,NULL,NULL,NULL,NULL,NULL,NULL,NULL,NULL,NULL,NULL,NULL,NULL,NULL,NULL,NULL,NULL,NULL,NULL,NULL,NULL,NULL,NULL,NULL,NULL,NULL,NULL,NULL,NULL,NULL,NULL,NULL,NULL,NULL,NULL,NULL,NULL,NULL,NULL,NULL,NULL,NULL,NULL),(8,NULL,NULL,NULL,NULL,NULL,NULL,NULL,NULL,NULL,NULL,NULL,NULL,NULL,NULL,NULL,NULL,NULL,NULL,NULL,NULL,NULL,NULL,NULL,NULL,NULL,NULL,NULL,NULL,NULL,NULL,NULL,NULL,NULL,NULL,NULL,NULL,NULL,NULL,NULL,NULL,NULL,NULL,NULL,NULL,NULL,NULL,NULL,NULL,NULL,NULL,NULL,NULL,NULL,NULL,NULL,NULL,NULL,NULL,NULL,NULL,NULL,NULL,NULL,NULL,NULL,NULL,NULL,NULL,NULL,NULL,NULL,NULL,NULL,NULL,NULL,NULL,NULL,NULL,NULL,NULL,NULL,NULL,NULL,NULL,NULL,NULL,NULL,NULL,NULL,NULL,NULL,NULL,NULL,NULL,NULL,NULL,NULL,NULL,NULL,NULL,NULL,NULL,NULL,NULL,NULL,NULL,NULL,NULL,NULL,NULL,NULL,NULL,NULL,NULL,NULL,NULL,NULL,NULL,NULL,NULL,NULL,NULL,NULL,NULL,NULL,NULL,NULL,NULL,NULL,NULL,NULL,NULL,NULL,NULL,NULL,NULL,NULL,NULL,NULL,NULL,NULL,NULL,NULL,NULL,NULL,NULL,NULL,NULL,NULL,NULL,NULL,NULL,NULL,NULL,NULL,NULL,NULL,NULL,NULL,NULL,NULL,NULL,NULL,NULL,NULL,NULL,NULL,NULL,NULL,NULL,NULL,NULL,NULL,NULL,NULL,NULL,NULL,NULL,NULL,NULL,NULL,NULL,NULL,NULL,NULL,NULL,NULL,NULL,NULL,NULL,NULL,NULL,NULL,NULL,NULL,NULL,NULL,NULL,NULL,NULL,NULL,NULL,NULL,NULL,NULL,NULL,NULL,NULL,NULL,NULL,NULL,NULL,NULL,NULL,NULL,NULL,NULL,NULL,NULL,NULL,NULL,NULL,NULL,NULL,NULL,NULL,NULL,NULL,NULL,NULL,NULL,NULL,NULL,NULL,NULL,NULL,NULL,NULL,NULL,NULL,NULL,NULL,NULL,NULL,NULL,NULL,NULL,NULL,NULL,NULL,NULL,NULL,NULL,NULL,NULL,NULL,NULL,NULL,NULL,NULL,NULL,NULL,NULL,NULL,NULL,NULL,NULL,NULL,NULL,NULL,NULL,NULL,NULL,NULL,NULL,NULL,NULL,NULL,NULL,NULL,NULL,NULL,NULL,NULL,NULL,NULL,NULL,NULL,NULL,NULL,NULL,NULL,NULL,NULL,NULL,NULL,NULL,NULL,NULL,NULL,NULL,NULL,NULL,NULL,NULL,NULL,NULL,NULL,NULL,NULL,NULL,NULL,NULL,NULL,NULL,NULL,NULL,NULL,NULL,NULL,NULL,NULL,NULL,NULL),(9,NULL,NULL,NULL,NULL,NULL,NULL,NULL,NULL,NULL,NULL,NULL,NULL,NULL,NULL,NULL,NULL,NULL,NULL,NULL,NULL,NULL,NULL,NULL,NULL,NULL,NULL,NULL,NULL,NULL,NULL,NULL,NULL,NULL,NULL,NULL,NULL,NULL,NULL,NULL,NULL,NULL,NULL,NULL,NULL,NULL,NULL,NULL,NULL,NULL,NULL,NULL,NULL,NULL,NULL,NULL,NULL,NULL,NULL,NULL,NULL,NULL,NULL,NULL,NULL,NULL,NULL,NULL,NULL,NULL,NULL,NULL,NULL,NULL,NULL,NULL,NULL,NULL,NULL,NULL,NULL,NULL,NULL,NULL,NULL,NULL,NULL,NULL,NULL,NULL,NULL,NULL,NULL,NULL,NULL,NULL,NULL,NULL,NULL,NULL,NULL,NULL,NULL,NULL,NULL,NULL,NULL,NULL,NULL,NULL,NULL,NULL,NULL,NULL,NULL,NULL,NULL,NULL,NULL,NULL,NULL,NULL,NULL,NULL,NULL,NULL,NULL,NULL,NULL,NULL,NULL,NULL,NULL,NULL,NULL,NULL,NULL,NULL,NULL,NULL,NULL,NULL,NULL,NULL,NULL,NULL,NULL,NULL,NULL,NULL,NULL,NULL,NULL,NULL,NULL,NULL,NULL,NULL,NULL,NULL,NULL,NULL,NULL,NULL,NULL,NULL,NULL,NULL,NULL,NULL,NULL,NULL,NULL,NULL,NULL,NULL,NULL,NULL,NULL,NULL,NULL,NULL,NULL,NULL,NULL,NULL,NULL,NULL,NULL,NULL,NULL,NULL,NULL,NULL,NULL,NULL,NULL,NULL,NULL,NULL,NULL,NULL,NULL,NULL,NULL,NULL,NULL,NULL,NULL,NULL,NULL,NULL,NULL,NULL,NULL,NULL,NULL,NULL,NULL,NULL,NULL,NULL,NULL,NULL,NULL,NULL,NULL,NULL,NULL,NULL,NULL,NULL,NULL,NULL,NULL,NULL,NULL,NULL,NULL,NULL,NULL,NULL,NULL,NULL,NULL,NULL,NULL,NULL,NULL,NULL,NULL,NULL,NULL,NULL,NULL,NULL,NULL,NULL,NULL,NULL,NULL,NULL,NULL,NULL,NULL,NULL,NULL,NULL,NULL,NULL,NULL,NULL,NULL,NULL,NULL,NULL,NULL,NULL,NULL,NULL,NULL,NULL,NULL,NULL,NULL,NULL,NULL,NULL,NULL,NULL,NULL,NULL,NULL,NULL,NULL,NULL,NULL,NULL,NULL,NULL,NULL,NULL,NULL,NULL,NULL,NULL,NULL,NULL,NULL,NULL,NULL,NULL,NULL,NULL,NULL,NULL,NULL,NULL,NULL,NULL,NULL,NULL,NULL,NULL,NULL),(10,NULL,NULL,NULL,NULL,NULL,NULL,NULL,NULL,NULL,NULL,NULL,NULL,NULL,NULL,NULL,NULL,NULL,NULL,NULL,NULL,NULL,NULL,NULL,NULL,NULL,NULL,NULL,NULL,NULL,NULL,NULL,NULL,NULL,NULL,NULL,NULL,NULL,NULL,NULL,NULL,NULL,NULL,NULL,NULL,NULL,NULL,NULL,NULL,NULL,NULL,NULL,NULL,NULL,NULL,NULL,NULL,NULL,NULL,NULL,NULL,NULL,NULL,NULL,NULL,NULL,NULL,NULL,NULL,NULL,NULL,NULL,NULL,NULL,NULL,NULL,NULL,NULL,NULL,NULL,NULL,NULL,NULL,NULL,NULL,NULL,NULL,NULL,NULL,NULL,NULL,NULL,NULL,NULL,NULL,NULL,NULL,NULL,NULL,NULL,NULL,NULL,NULL,NULL,NULL,NULL,NULL,NULL,NULL,NULL,NULL,NULL,NULL,NULL,NULL,NULL,NULL,NULL,NULL,NULL,NULL,NULL,NULL,NULL,NULL,NULL,NULL,NULL,NULL,NULL,NULL,NULL,NULL,NULL,NULL,NULL,NULL,NULL,NULL,NULL,NULL,NULL,NULL,NULL,NULL,NULL,NULL,NULL,NULL,NULL,NULL,NULL,NULL,NULL,NULL,NULL,NULL,NULL,NULL,NULL,NULL,NULL,NULL,NULL,NULL,NULL,NULL,NULL,NULL,NULL,NULL,NULL,NULL,NULL,NULL,NULL,NULL,NULL,NULL,NULL,NULL,NULL,NULL,NULL,NULL,NULL,NULL,NULL,NULL,NULL,NULL,NULL,NULL,NULL,NULL,NULL,NULL,NULL,NULL,NULL,NULL,NULL,NULL,NULL,NULL,NULL,NULL,NULL,NULL,NULL,NULL,NULL,NULL,NULL,NULL,NULL,NULL,NULL,NULL,NULL,NULL,NULL,NULL,NULL,NULL,NULL,NULL,NULL,NULL,NULL,NULL,NULL,NULL,NULL,NULL,NULL,NULL,NULL,NULL,NULL,NULL,NULL,NULL,NULL,NULL,NULL,NULL,NULL,NULL,NULL,NULL,NULL,NULL,NULL,NULL,NULL,NULL,NULL,NULL,NULL,NULL,NULL,NULL,NULL,NULL,NULL,NULL,NULL,NULL,NULL,NULL,NULL,NULL,NULL,NULL,NULL,NULL,NULL,NULL,NULL,NULL,NULL,NULL,NULL,NULL,NULL,NULL,NULL,NULL,NULL,NULL,NULL,NULL,NULL,NULL,NULL,NULL,NULL,NULL,NULL,NULL,NULL,NULL,NULL,NULL,NULL,NULL,NULL,NULL,NULL,NULL,NULL,NULL,NULL,NULL,NULL,NULL,NULL,NULL,NULL,NULL,NULL,NULL,NULL,NULL),(11,NULL,NULL,NULL,NULL,NULL,NULL,NULL,NULL,NULL,NULL,NULL,NULL,NULL,NULL,NULL,NULL,NULL,NULL,NULL,NULL,NULL,NULL,NULL,NULL,NULL,NULL,NULL,NULL,NULL,NULL,NULL,NULL,NULL,NULL,NULL,NULL,NULL,NULL,NULL,NULL,NULL,NULL,NULL,NULL,NULL,NULL,NULL,NULL,NULL,NULL,NULL,NULL,NULL,NULL,NULL,NULL,NULL,NULL,NULL,NULL,NULL,NULL,NULL,NULL,NULL,NULL,NULL,NULL,NULL,NULL,NULL,NULL,NULL,NULL,NULL,NULL,NULL,NULL,NULL,NULL,NULL,NULL,NULL,NULL,NULL,NULL,NULL,NULL,NULL,NULL,NULL,NULL,NULL,NULL,NULL,NULL,NULL,NULL,NULL,NULL,NULL,NULL,NULL,NULL,NULL,NULL,NULL,NULL,NULL,NULL,NULL,NULL,NULL,NULL,NULL,NULL,NULL,NULL,NULL,NULL,NULL,NULL,NULL,NULL,NULL,NULL,NULL,NULL,NULL,NULL,NULL,NULL,NULL,NULL,NULL,NULL,NULL,NULL,NULL,NULL,NULL,NULL,NULL,NULL,NULL,NULL,NULL,NULL,NULL,NULL,NULL,NULL,NULL,NULL,NULL,NULL,NULL,NULL,NULL,NULL,NULL,NULL,NULL,NULL,NULL,NULL,NULL,NULL,NULL,NULL,NULL,NULL,NULL,NULL,NULL,NULL,NULL,NULL,NULL,NULL,NULL,NULL,NULL,NULL,NULL,NULL,NULL,NULL,NULL,NULL,NULL,NULL,NULL,NULL,NULL,NULL,NULL,NULL,NULL,NULL,NULL,NULL,NULL,NULL,NULL,NULL,NULL,NULL,NULL,NULL,NULL,NULL,NULL,NULL,NULL,NULL,NULL,NULL,NULL,NULL,NULL,NULL,NULL,NULL,NULL,NULL,NULL,NULL,NULL,NULL,NULL,NULL,NULL,NULL,NULL,NULL,NULL,NULL,NULL,NULL,NULL,NULL,NULL,NULL,NULL,NULL,NULL,NULL,NULL,NULL,NULL,NULL,NULL,NULL,NULL,NULL,NULL,NULL,NULL,NULL,NULL,NULL,NULL,NULL,NULL,NULL,NULL,NULL,NULL,NULL,NULL,NULL,NULL,NULL,NULL,NULL,NULL,NULL,NULL,NULL,NULL,NULL,NULL,NULL,NULL,NULL,NULL,NULL,NULL,NULL,NULL,NULL,NULL,NULL,NULL,NULL,NULL,NULL,NULL,NULL,NULL,NULL,NULL,NULL,NULL,NULL,NULL,NULL,NULL,NULL,NULL,NULL,NULL,NULL,NULL,NULL,NULL,NULL,NULL,NULL,NULL,NULL,NULL,NULL),(12,NULL,NULL,NULL,NULL,NULL,NULL,NULL,NULL,NULL,NULL,NULL,NULL,NULL,NULL,NULL,NULL,NULL,NULL,NULL,NULL,NULL,NULL,NULL,NULL,NULL,NULL,NULL,NULL,NULL,NULL,NULL,NULL,NULL,NULL,NULL,NULL,NULL,NULL,NULL,NULL,NULL,NULL,NULL,NULL,NULL,NULL,NULL,NULL,NULL,NULL,NULL,NULL,NULL,NULL,NULL,NULL,NULL,NULL,NULL,NULL,NULL,NULL,NULL,NULL,NULL,NULL,NULL,NULL,NULL,NULL,NULL,NULL,NULL,NULL,NULL,NULL,NULL,NULL,NULL,NULL,NULL,NULL,NULL,NULL,NULL,NULL,NULL,NULL,NULL,NULL,NULL,NULL,NULL,NULL,NULL,NULL,NULL,NULL,NULL,NULL,NULL,NULL,NULL,NULL,NULL,NULL,NULL,NULL,NULL,NULL,NULL,NULL,NULL,NULL,NULL,NULL,NULL,NULL,NULL,NULL,NULL,NULL,NULL,NULL,NULL,NULL,NULL,NULL,NULL,NULL,NULL,NULL,NULL,NULL,NULL,NULL,NULL,NULL,NULL,NULL,NULL,NULL,NULL,NULL,NULL,NULL,NULL,NULL,NULL,NULL,NULL,NULL,NULL,NULL,NULL,NULL,NULL,NULL,NULL,NULL,NULL,NULL,NULL,NULL,NULL,NULL,NULL,NULL,NULL,NULL,NULL,NULL,NULL,NULL,NULL,NULL,NULL,NULL,NULL,NULL,NULL,NULL,NULL,NULL,NULL,NULL,NULL,NULL,NULL,NULL,NULL,NULL,NULL,NULL,NULL,NULL,NULL,NULL,NULL,NULL,NULL,NULL,NULL,NULL,NULL,NULL,NULL,NULL,NULL,NULL,NULL,NULL,NULL,NULL,NULL,NULL,NULL,NULL,NULL,NULL,NULL,NULL,NULL,NULL,NULL,NULL,NULL,NULL,NULL,NULL,NULL,NULL,NULL,NULL,NULL,NULL,NULL,NULL,NULL,NULL,NULL,NULL,NULL,NULL,NULL,NULL,NULL,NULL,NULL,NULL,NULL,NULL,NULL,NULL,NULL,NULL,NULL,NULL,NULL,NULL,NULL,NULL,NULL,NULL,NULL,NULL,NULL,NULL,NULL,NULL,NULL,NULL,NULL,NULL,NULL,NULL,NULL,NULL,NULL,NULL,NULL,NULL,NULL,NULL,NULL,NULL,NULL,NULL,NULL,NULL,NULL,NULL,NULL,NULL,NULL,NULL,NULL,NULL,NULL,NULL,NULL,NULL,NULL,NULL,NULL,NULL,NULL,NULL,NULL,NULL,NULL,NULL,NULL,NULL,NULL,NULL,NULL,NULL,NULL,NULL,NULL,NULL,NULL,NULL),(13,NULL,NULL,NULL,NULL,NULL,NULL,NULL,NULL,NULL,NULL,NULL,NULL,NULL,NULL,NULL,NULL,NULL,NULL,NULL,NULL,NULL,NULL,NULL,NULL,NULL,NULL,NULL,NULL,NULL,NULL,NULL,NULL,NULL,NULL,NULL,NULL,NULL,NULL,NULL,NULL,NULL,NULL,NULL,NULL,NULL,NULL,NULL,NULL,NULL,NULL,NULL,NULL,NULL,NULL,NULL,NULL,NULL,NULL,NULL,NULL,NULL,NULL,NULL,NULL,NULL,NULL,NULL,NULL,NULL,NULL,NULL,NULL,NULL,NULL,NULL,NULL,NULL,NULL,NULL,NULL,NULL,NULL,NULL,NULL,NULL,NULL,NULL,NULL,NULL,NULL,NULL,NULL,NULL,NULL,NULL,NULL,NULL,NULL,NULL,NULL,NULL,NULL,NULL,NULL,NULL,NULL,NULL,NULL,NULL,NULL,NULL,NULL,NULL,NULL,NULL,NULL,NULL,NULL,NULL,NULL,NULL,NULL,NULL,NULL,NULL,NULL,NULL,NULL,NULL,NULL,NULL,NULL,NULL,NULL,NULL,NULL,NULL,NULL,NULL,NULL,NULL,NULL,NULL,NULL,NULL,NULL,NULL,NULL,NULL,NULL,NULL,NULL,NULL,NULL,NULL,NULL,NULL,NULL,NULL,NULL,NULL,NULL,NULL,NULL,NULL,NULL,NULL,NULL,NULL,NULL,NULL,NULL,NULL,NULL,NULL,NULL,NULL,NULL,NULL,NULL,NULL,NULL,NULL,NULL,NULL,NULL,NULL,NULL,NULL,NULL,NULL,NULL,NULL,NULL,NULL,NULL,NULL,NULL,NULL,NULL,NULL,NULL,NULL,NULL,NULL,NULL,NULL,NULL,NULL,NULL,NULL,NULL,NULL,NULL,NULL,NULL,NULL,NULL,NULL,NULL,NULL,NULL,NULL,NULL,NULL,NULL,NULL,NULL,NULL,NULL,NULL,NULL,NULL,NULL,NULL,NULL,NULL,NULL,NULL,NULL,NULL,NULL,NULL,NULL,NULL,NULL,NULL,NULL,NULL,NULL,NULL,NULL,NULL,NULL,NULL,NULL,NULL,NULL,NULL,NULL,NULL,NULL,NULL,NULL,NULL,NULL,NULL,NULL,NULL,NULL,NULL,NULL,NULL,NULL,NULL,NULL,NULL,NULL,NULL,NULL,NULL,NULL,NULL,NULL,NULL,NULL,NULL,NULL,NULL,NULL,NULL,NULL,NULL,NULL,NULL,NULL,NULL,NULL,NULL,NULL,NULL,NULL,NULL,NULL,NULL,NULL,NULL,NULL,NULL,NULL,NULL,NULL,NULL,NULL,NULL,NULL,NULL,NULL,NULL,NULL,NULL,NULL,NULL,NULL),(14,NULL,NULL,NULL,NULL,NULL,NULL,NULL,NULL,NULL,NULL,NULL,NULL,NULL,NULL,NULL,NULL,NULL,NULL,NULL,NULL,NULL,NULL,NULL,NULL,NULL,NULL,NULL,NULL,NULL,NULL,NULL,NULL,NULL,NULL,NULL,NULL,NULL,NULL,NULL,NULL,NULL,NULL,NULL,NULL,NULL,NULL,NULL,NULL,NULL,NULL,NULL,NULL,NULL,NULL,NULL,NULL,NULL,NULL,NULL,NULL,NULL,NULL,NULL,NULL,NULL,NULL,NULL,NULL,NULL,NULL,NULL,NULL,NULL,NULL,NULL,NULL,NULL,NULL,NULL,NULL,NULL,NULL,NULL,NULL,NULL,NULL,NULL,NULL,NULL,NULL,NULL,NULL,NULL,NULL,NULL,NULL,NULL,NULL,NULL,NULL,NULL,NULL,NULL,NULL,NULL,NULL,NULL,NULL,NULL,NULL,NULL,NULL,NULL,NULL,NULL,NULL,NULL,NULL,NULL,NULL,NULL,NULL,NULL,NULL,NULL,NULL,NULL,NULL,NULL,NULL,NULL,NULL,NULL,NULL,NULL,NULL,NULL,NULL,NULL,NULL,NULL,NULL,NULL,NULL,NULL,NULL,NULL,NULL,NULL,NULL,NULL,NULL,NULL,NULL,NULL,NULL,NULL,NULL,NULL,NULL,NULL,NULL,NULL,NULL,NULL,NULL,NULL,NULL,NULL,NULL,NULL,NULL,NULL,NULL,NULL,NULL,NULL,NULL,NULL,NULL,NULL,NULL,NULL,NULL,NULL,NULL,NULL,NULL,NULL,NULL,NULL,NULL,NULL,NULL,NULL,NULL,NULL,NULL,NULL,NULL,NULL,NULL,NULL,NULL,NULL,NULL,NULL,NULL,NULL,NULL,NULL,NULL,NULL,NULL,NULL,NULL,NULL,NULL,NULL,NULL,NULL,NULL,NULL,NULL,NULL,NULL,NULL,NULL,NULL,NULL,NULL,NULL,NULL,NULL,NULL,NULL,NULL,NULL,NULL,NULL,NULL,NULL,NULL,NULL,NULL,NULL,NULL,NULL,NULL,NULL,NULL,NULL,NULL,NULL,NULL,NULL,NULL,NULL,NULL,NULL,NULL,NULL,NULL,NULL,NULL,NULL,NULL,NULL,NULL,NULL,NULL,NULL,NULL,NULL,NULL,NULL,NULL,NULL,NULL,NULL,NULL,NULL,NULL,NULL,NULL,NULL,NULL,NULL,NULL,NULL,NULL,NULL,NULL,NULL,NULL,NULL,NULL,NULL,NULL,NULL,NULL,NULL,NULL,NULL,NULL,NULL,NULL,NULL,NULL,NULL,NULL,NULL,NULL,NULL,NULL,NULL,NULL,NULL,NULL,NULL,NULL,NULL,NULL,NULL),(15,NULL,NULL,NULL,NULL,NULL,NULL,NULL,NULL,NULL,NULL,NULL,NULL,NULL,NULL,NULL,NULL,NULL,NULL,NULL,NULL,NULL,NULL,NULL,NULL,NULL,NULL,NULL,NULL,NULL,NULL,NULL,NULL,NULL,NULL,NULL,NULL,NULL,NULL,NULL,NULL,NULL,NULL,NULL,NULL,NULL,NULL,NULL,NULL,NULL,NULL,NULL,NULL,NULL,NULL,NULL,NULL,NULL,NULL,NULL,NULL,NULL,NULL,NULL,NULL,NULL,NULL,NULL,NULL,NULL,NULL,NULL,NULL,NULL,NULL,NULL,NULL,NULL,NULL,NULL,NULL,NULL,NULL,NULL,NULL,NULL,NULL,NULL,NULL,NULL,NULL,NULL,NULL,NULL,NULL,NULL,NULL,NULL,NULL,NULL,NULL,NULL,NULL,NULL,NULL,NULL,NULL,NULL,NULL,NULL,NULL,NULL,NULL,NULL,NULL,NULL,NULL,NULL,NULL,NULL,NULL,NULL,NULL,NULL,NULL,NULL,NULL,NULL,NULL,NULL,NULL,NULL,NULL,NULL,NULL,NULL,NULL,NULL,NULL,NULL,NULL,NULL,NULL,NULL,NULL,NULL,NULL,NULL,NULL,NULL,NULL,NULL,NULL,NULL,NULL,NULL,NULL,NULL,NULL,NULL,NULL,NULL,NULL,NULL,NULL,NULL,NULL,NULL,NULL,NULL,NULL,NULL,NULL,NULL,NULL,NULL,NULL,NULL,NULL,NULL,NULL,NULL,NULL,NULL,NULL,NULL,NULL,NULL,NULL,NULL,NULL,NULL,NULL,NULL,NULL,NULL,NULL,NULL,NULL,NULL,NULL,NULL,NULL,NULL,NULL,NULL,NULL,NULL,NULL,NULL,NULL,NULL,NULL,NULL,NULL,NULL,NULL,NULL,NULL,NULL,NULL,NULL,NULL,NULL,NULL,NULL,NULL,NULL,NULL,NULL,NULL,NULL,NULL,NULL,NULL,NULL,NULL,NULL,NULL,NULL,NULL,NULL,NULL,NULL,NULL,NULL,NULL,NULL,NULL,NULL,NULL,NULL,NULL,NULL,NULL,NULL,NULL,NULL,NULL,NULL,NULL,NULL,NULL,NULL,NULL,NULL,NULL,NULL,NULL,NULL,NULL,NULL,NULL,NULL,NULL,NULL,NULL,NULL,NULL,NULL,NULL,NULL,NULL,NULL,NULL,NULL,NULL,NULL,NULL,NULL,NULL,NULL,NULL,NULL,NULL,NULL,NULL,NULL,NULL,NULL,NULL,NULL,NULL,NULL,NULL,NULL,NULL,NULL,NULL,NULL,NULL,NULL,NULL,NULL,NULL,NULL,NULL,NULL,NULL,NULL,NULL,NULL,NULL,NULL,NULL),(16,NULL,NULL,NULL,NULL,NULL,NULL,NULL,NULL,NULL,NULL,NULL,NULL,NULL,NULL,NULL,NULL,NULL,NULL,NULL,NULL,NULL,NULL,NULL,NULL,NULL,NULL,NULL,NULL,NULL,NULL,NULL,NULL,NULL,NULL,NULL,NULL,NULL,NULL,NULL,NULL,NULL,NULL,NULL,NULL,NULL,NULL,NULL,NULL,NULL,NULL,NULL,NULL,NULL,NULL,NULL,NULL,NULL,NULL,NULL,NULL,NULL,NULL,NULL,NULL,NULL,NULL,NULL,NULL,NULL,NULL,NULL,NULL,NULL,NULL,NULL,NULL,NULL,NULL,NULL,NULL,NULL,NULL,NULL,NULL,NULL,NULL,NULL,NULL,NULL,NULL,NULL,NULL,NULL,NULL,NULL,NULL,NULL,NULL,NULL,NULL,NULL,NULL,NULL,NULL,NULL,NULL,NULL,NULL,NULL,NULL,NULL,NULL,NULL,NULL,NULL,NULL,NULL,NULL,NULL,NULL,NULL,NULL,NULL,NULL,NULL,NULL,NULL,NULL,NULL,NULL,NULL,NULL,NULL,NULL,NULL,NULL,NULL,NULL,NULL,NULL,NULL,NULL,NULL,NULL,NULL,NULL,NULL,NULL,NULL,NULL,NULL,NULL,NULL,NULL,NULL,NULL,NULL,NULL,NULL,NULL,NULL,NULL,NULL,NULL,NULL,NULL,NULL,NULL,NULL,NULL,NULL,NULL,NULL,NULL,NULL,NULL,NULL,NULL,NULL,NULL,NULL,NULL,NULL,NULL,NULL,NULL,NULL,NULL,NULL,NULL,NULL,NULL,NULL,NULL,NULL,NULL,NULL,NULL,NULL,NULL,NULL,NULL,NULL,NULL,NULL,NULL,NULL,NULL,NULL,NULL,NULL,NULL,NULL,NULL,NULL,NULL,NULL,NULL,NULL,NULL,NULL,NULL,NULL,NULL,NULL,NULL,NULL,NULL,NULL,NULL,NULL,NULL,NULL,NULL,NULL,NULL,NULL,NULL,NULL,NULL,NULL,NULL,NULL,NULL,NULL,NULL,NULL,NULL,NULL,NULL,NULL,NULL,NULL,NULL,NULL,NULL,NULL,NULL,NULL,NULL,NULL,NULL,NULL,NULL,NULL,NULL,NULL,NULL,NULL,NULL,NULL,NULL,NULL,NULL,NULL,NULL,NULL,NULL,NULL,NULL,NULL,NULL,NULL,NULL,NULL,NULL,NULL,NULL,NULL,NULL,NULL,NULL,NULL,NULL,NULL,NULL,NULL,NULL,NULL,NULL,NULL,NULL,NULL,NULL,NULL,NULL,NULL,NULL,NULL,NULL,NULL,NULL,NULL,NULL,NULL,NULL,NULL,NULL,NULL,NULL,NULL,NULL,NULL,NULL),(17,NULL,NULL,NULL,NULL,NULL,NULL,NULL,NULL,NULL,NULL,NULL,NULL,NULL,NULL,NULL,NULL,NULL,NULL,NULL,NULL,NULL,NULL,NULL,NULL,NULL,NULL,NULL,NULL,NULL,NULL,NULL,NULL,NULL,NULL,NULL,NULL,NULL,NULL,NULL,NULL,NULL,NULL,NULL,NULL,NULL,NULL,NULL,NULL,NULL,NULL,NULL,NULL,NULL,NULL,NULL,NULL,NULL,NULL,NULL,NULL,NULL,NULL,NULL,NULL,NULL,NULL,NULL,NULL,NULL,NULL,NULL,NULL,NULL,NULL,NULL,NULL,NULL,NULL,NULL,NULL,NULL,NULL,NULL,NULL,NULL,NULL,NULL,NULL,NULL,NULL,NULL,NULL,NULL,NULL,NULL,NULL,NULL,NULL,NULL,NULL,NULL,NULL,NULL,NULL,NULL,NULL,NULL,NULL,NULL,NULL,NULL,NULL,NULL,NULL,NULL,NULL,NULL,NULL,NULL,NULL,NULL,NULL,NULL,NULL,NULL,NULL,NULL,NULL,NULL,NULL,NULL,NULL,NULL,NULL,NULL,NULL,NULL,NULL,NULL,NULL,NULL,NULL,NULL,NULL,NULL,NULL,NULL,NULL,NULL,NULL,NULL,NULL,NULL,NULL,NULL,NULL,NULL,NULL,NULL,NULL,NULL,NULL,NULL,NULL,NULL,NULL,NULL,NULL,NULL,NULL,NULL,NULL,NULL,NULL,NULL,NULL,NULL,NULL,NULL,NULL,NULL,NULL,NULL,NULL,NULL,NULL,NULL,NULL,NULL,NULL,NULL,NULL,NULL,NULL,NULL,NULL,NULL,NULL,NULL,NULL,NULL,NULL,NULL,NULL,NULL,NULL,NULL,NULL,NULL,NULL,NULL,NULL,NULL,NULL,NULL,NULL,NULL,NULL,NULL,NULL,NULL,NULL,NULL,NULL,NULL,NULL,NULL,NULL,NULL,NULL,NULL,NULL,NULL,NULL,NULL,NULL,NULL,NULL,NULL,NULL,NULL,NULL,NULL,NULL,NULL,NULL,NULL,NULL,NULL,NULL,NULL,NULL,NULL,NULL,NULL,NULL,NULL,NULL,NULL,NULL,NULL,NULL,NULL,NULL,NULL,NULL,NULL,NULL,NULL,NULL,NULL,NULL,NULL,NULL,NULL,NULL,NULL,NULL,NULL,NULL,NULL,NULL,NULL,NULL,NULL,NULL,NULL,NULL,NULL,NULL,NULL,NULL,NULL,NULL,NULL,NULL,NULL,NULL,NULL,NULL,NULL,NULL,NULL,NULL,NULL,NULL,NULL,NULL,NULL,NULL,NULL,NULL,NULL,NULL,NULL,NULL,NULL,NULL,NULL,NULL,NULL,NULL,NULL,NULL),(18,NULL,NULL,NULL,NULL,NULL,NULL,NULL,NULL,NULL,NULL,NULL,NULL,NULL,NULL,NULL,NULL,NULL,NULL,NULL,NULL,NULL,NULL,NULL,NULL,NULL,NULL,NULL,NULL,NULL,NULL,NULL,NULL,NULL,NULL,NULL,NULL,NULL,NULL,NULL,NULL,NULL,NULL,NULL,NULL,NULL,NULL,NULL,NULL,NULL,NULL,NULL,NULL,NULL,NULL,NULL,NULL,NULL,NULL,NULL,NULL,NULL,NULL,NULL,NULL,NULL,NULL,NULL,NULL,NULL,NULL,NULL,NULL,NULL,NULL,NULL,NULL,NULL,NULL,NULL,NULL,NULL,NULL,NULL,NULL,NULL,NULL,NULL,NULL,NULL,NULL,NULL,NULL,NULL,NULL,NULL,NULL,NULL,NULL,NULL,NULL,NULL,NULL,NULL,NULL,NULL,NULL,NULL,NULL,NULL,NULL,NULL,NULL,NULL,NULL,NULL,NULL,NULL,NULL,NULL,NULL,NULL,NULL,NULL,NULL,NULL,NULL,NULL,NULL,NULL,NULL,NULL,NULL,NULL,NULL,NULL,NULL,NULL,NULL,NULL,NULL,NULL,NULL,NULL,NULL,NULL,NULL,NULL,NULL,NULL,NULL,NULL,NULL,NULL,NULL,NULL,NULL,NULL,NULL,NULL,NULL,NULL,NULL,NULL,NULL,NULL,NULL,NULL,NULL,NULL,NULL,NULL,NULL,NULL,NULL,NULL,NULL,NULL,NULL,NULL,NULL,NULL,NULL,NULL,NULL,NULL,NULL,NULL,NULL,NULL,NULL,NULL,NULL,NULL,NULL,NULL,NULL,NULL,NULL,NULL,NULL,NULL,NULL,NULL,NULL,NULL,NULL,NULL,NULL,NULL,NULL,NULL,NULL,NULL,NULL,NULL,NULL,NULL,NULL,NULL,NULL,NULL,NULL,NULL,NULL,NULL,NULL,NULL,NULL,NULL,NULL,NULL,NULL,NULL,NULL,NULL,NULL,NULL,NULL,NULL,NULL,NULL,NULL,NULL,NULL,NULL,NULL,NULL,NULL,NULL,NULL,NULL,NULL,NULL,NULL,NULL,NULL,NULL,NULL,NULL,NULL,NULL,NULL,NULL,NULL,NULL,NULL,NULL,NULL,NULL,NULL,NULL,NULL,NULL,NULL,NULL,NULL,NULL,NULL,NULL,NULL,NULL,NULL,NULL,NULL,NULL,NULL,NULL,NULL,NULL,NULL,NULL,NULL,NULL,NULL,NULL,NULL,NULL,NULL,NULL,NULL,NULL,NULL,NULL,NULL,NULL,NULL,NULL,NULL,NULL,NULL,NULL,NULL,NULL,NULL,NULL,NULL,NULL,NULL,NULL,NULL,NULL,NULL,NULL,NULL),(19,NULL,NULL,NULL,NULL,NULL,NULL,NULL,NULL,NULL,NULL,NULL,NULL,NULL,NULL,NULL,NULL,NULL,NULL,NULL,NULL,NULL,NULL,NULL,NULL,NULL,NULL,NULL,NULL,NULL,NULL,NULL,NULL,NULL,NULL,NULL,NULL,NULL,NULL,NULL,NULL,NULL,NULL,NULL,NULL,NULL,NULL,NULL,NULL,NULL,NULL,NULL,NULL,NULL,NULL,NULL,NULL,NULL,NULL,NULL,NULL,NULL,NULL,NULL,NULL,NULL,NULL,NULL,NULL,NULL,NULL,NULL,NULL,NULL,NULL,NULL,NULL,NULL,NULL,NULL,NULL,NULL,NULL,NULL,NULL,NULL,NULL,NULL,NULL,NULL,NULL,NULL,NULL,NULL,NULL,NULL,NULL,NULL,NULL,NULL,NULL,NULL,NULL,NULL,NULL,NULL,NULL,NULL,NULL,NULL,NULL,NULL,NULL,NULL,NULL,NULL,NULL,NULL,NULL,NULL,NULL,NULL,NULL,NULL,NULL,NULL,NULL,NULL,NULL,NULL,NULL,NULL,NULL,NULL,NULL,NULL,NULL,NULL,NULL,NULL,NULL,NULL,NULL,NULL,NULL,NULL,NULL,NULL,NULL,NULL,NULL,NULL,NULL,NULL,NULL,NULL,NULL,NULL,NULL,NULL,NULL,NULL,NULL,NULL,NULL,NULL,NULL,NULL,NULL,NULL,NULL,NULL,NULL,NULL,NULL,NULL,NULL,NULL,NULL,NULL,NULL,NULL,NULL,NULL,NULL,NULL,NULL,NULL,NULL,NULL,NULL,NULL,NULL,NULL,NULL,NULL,NULL,NULL,NULL,NULL,NULL,NULL,NULL,NULL,NULL,NULL,NULL,NULL,NULL,NULL,NULL,NULL,NULL,NULL,NULL,NULL,NULL,NULL,NULL,NULL,NULL,NULL,NULL,NULL,NULL,NULL,NULL,NULL,NULL,NULL,NULL,NULL,NULL,NULL,NULL,NULL,NULL,NULL,NULL,NULL,NULL,NULL,NULL,NULL,NULL,NULL,NULL,NULL,NULL,NULL,NULL,NULL,NULL,NULL,NULL,NULL,NULL,NULL,NULL,NULL,NULL,NULL,NULL,NULL,NULL,NULL,NULL,NULL,NULL,NULL,NULL,NULL,NULL,NULL,NULL,NULL,NULL,NULL,NULL,NULL,NULL,NULL,NULL,NULL,NULL,NULL,NULL,NULL,NULL,NULL,NULL,NULL,NULL,NULL,NULL,NULL,NULL,NULL,NULL,NULL,NULL,NULL,NULL,NULL,NULL,NULL,NULL,NULL,NULL,NULL,NULL,NULL,NULL,NULL,NULL,NULL,NULL,NULL,NULL,NULL,NULL,NULL,NULL,NULL,NULL),(20,NULL,NULL,NULL,NULL,NULL,NULL,NULL,NULL,NULL,NULL,NULL,NULL,NULL,NULL,NULL,NULL,NULL,NULL,NULL,NULL,NULL,NULL,NULL,NULL,NULL,NULL,NULL,NULL,NULL,NULL,NULL,NULL,NULL,NULL,NULL,NULL,NULL,NULL,NULL,NULL,NULL,NULL,NULL,NULL,NULL,NULL,NULL,NULL,NULL,NULL,NULL,NULL,NULL,NULL,NULL,NULL,NULL,NULL,NULL,NULL,NULL,NULL,NULL,NULL,NULL,NULL,NULL,NULL,NULL,NULL,NULL,NULL,NULL,NULL,NULL,NULL,NULL,NULL,NULL,NULL,NULL,NULL,NULL,NULL,NULL,NULL,NULL,NULL,NULL,NULL,NULL,NULL,NULL,NULL,NULL,NULL,NULL,NULL,NULL,NULL,NULL,NULL,NULL,NULL,NULL,NULL,NULL,NULL,NULL,NULL,NULL,NULL,NULL,NULL,NULL,NULL,NULL,NULL,NULL,NULL,NULL,NULL,NULL,NULL,NULL,NULL,NULL,NULL,NULL,NULL,NULL,NULL,NULL,NULL,NULL,NULL,NULL,NULL,NULL,NULL,NULL,NULL,NULL,NULL,NULL,NULL,NULL,NULL,NULL,NULL,NULL,NULL,NULL,NULL,NULL,NULL,NULL,NULL,NULL,NULL,NULL,NULL,NULL,NULL,NULL,NULL,NULL,NULL,NULL,NULL,NULL,NULL,NULL,NULL,NULL,NULL,NULL,NULL,NULL,NULL,NULL,NULL,NULL,NULL,NULL,NULL,NULL,NULL,NULL,NULL,NULL,NULL,NULL,NULL,NULL,NULL,NULL,NULL,NULL,NULL,NULL,NULL,NULL,NULL,NULL,NULL,NULL,NULL,NULL,NULL,NULL,NULL,NULL,NULL,NULL,NULL,NULL,NULL,NULL,NULL,NULL,NULL,NULL,NULL,NULL,NULL,NULL,NULL,NULL,NULL,NULL,NULL,NULL,NULL,NULL,NULL,NULL,NULL,NULL,NULL,NULL,NULL,NULL,NULL,NULL,NULL,NULL,NULL,NULL,NULL,NULL,NULL,NULL,NULL,NULL,NULL,NULL,NULL,NULL,NULL,NULL,NULL,NULL,NULL,NULL,NULL,NULL,NULL,NULL,NULL,NULL,NULL,NULL,NULL,NULL,NULL,NULL,NULL,NULL,NULL,NULL,NULL,NULL,NULL,NULL,NULL,NULL,NULL,NULL,NULL,NULL,NULL,NULL,NULL,NULL,NULL,NULL,NULL,NULL,NULL,NULL,NULL,NULL,NULL,NULL,NULL,NULL,NULL,NULL,NULL,NULL,NULL,NULL,NULL,NULL,NULL,NULL,NULL,NULL,NULL,NULL,NULL,NULL,NULL),(21,NULL,NULL,NULL,NULL,NULL,NULL,NULL,NULL,NULL,NULL,NULL,NULL,NULL,NULL,NULL,NULL,NULL,NULL,NULL,NULL,NULL,NULL,NULL,NULL,NULL,NULL,NULL,NULL,NULL,NULL,NULL,NULL,NULL,NULL,NULL,NULL,NULL,NULL,NULL,NULL,NULL,NULL,NULL,NULL,NULL,NULL,NULL,NULL,NULL,NULL,NULL,NULL,NULL,NULL,NULL,NULL,NULL,NULL,NULL,NULL,NULL,NULL,NULL,NULL,NULL,NULL,NULL,NULL,NULL,NULL,NULL,NULL,NULL,NULL,NULL,NULL,NULL,NULL,NULL,NULL,NULL,NULL,NULL,NULL,NULL,NULL,NULL,NULL,NULL,NULL,NULL,NULL,NULL,NULL,NULL,NULL,NULL,NULL,NULL,NULL,NULL,NULL,NULL,NULL,NULL,NULL,NULL,NULL,NULL,NULL,NULL,NULL,NULL,NULL,NULL,NULL,NULL,NULL,NULL,NULL,NULL,NULL,NULL,NULL,NULL,NULL,NULL,NULL,NULL,NULL,NULL,NULL,NULL,NULL,NULL,NULL,NULL,NULL,NULL,NULL,NULL,NULL,NULL,NULL,NULL,NULL,NULL,NULL,NULL,NULL,NULL,NULL,NULL,NULL,NULL,NULL,NULL,NULL,NULL,NULL,NULL,NULL,NULL,NULL,NULL,NULL,NULL,NULL,NULL,NULL,NULL,NULL,NULL,NULL,NULL,NULL,NULL,NULL,NULL,NULL,NULL,NULL,NULL,NULL,NULL,NULL,NULL,NULL,NULL,NULL,NULL,NULL,NULL,NULL,NULL,NULL,NULL,NULL,NULL,NULL,NULL,NULL,NULL,NULL,NULL,NULL,NULL,NULL,NULL,NULL,NULL,NULL,NULL,NULL,NULL,NULL,NULL,NULL,NULL,NULL,NULL,NULL,NULL,NULL,NULL,NULL,NULL,NULL,NULL,NULL,NULL,NULL,NULL,NULL,NULL,NULL,NULL,NULL,NULL,NULL,NULL,NULL,NULL,NULL,NULL,NULL,NULL,NULL,NULL,NULL,NULL,NULL,NULL,NULL,NULL,NULL,NULL,NULL,NULL,NULL,NULL,NULL,NULL,NULL,NULL,NULL,NULL,NULL,NULL,NULL,NULL,NULL,NULL,NULL,NULL,NULL,NULL,NULL,NULL,NULL,NULL,NULL,NULL,NULL,NULL,NULL,NULL,NULL,NULL,NULL,NULL,NULL,NULL,NULL,NULL,NULL,NULL,NULL,NULL,NULL,NULL,NULL,NULL,NULL,NULL,NULL,NULL,NULL,NULL,NULL,NULL,NULL,NULL,NULL,NULL,NULL,NULL,NULL,NULL,NULL,NULL,NULL,NULL,NULL),(22,NULL,NULL,NULL,NULL,NULL,NULL,NULL,NULL,NULL,NULL,NULL,NULL,NULL,NULL,NULL,NULL,NULL,NULL,NULL,NULL,NULL,NULL,NULL,NULL,NULL,NULL,NULL,NULL,NULL,NULL,NULL,NULL,NULL,NULL,NULL,NULL,NULL,NULL,NULL,NULL,NULL,NULL,NULL,NULL,NULL,NULL,NULL,NULL,NULL,NULL,NULL,NULL,NULL,NULL,NULL,NULL,NULL,NULL,NULL,NULL,NULL,NULL,NULL,NULL,NULL,NULL,NULL,NULL,NULL,NULL,NULL,NULL,NULL,NULL,NULL,NULL,NULL,NULL,NULL,NULL,NULL,NULL,NULL,NULL,NULL,NULL,NULL,NULL,NULL,NULL,NULL,NULL,NULL,NULL,NULL,NULL,NULL,NULL,NULL,NULL,NULL,NULL,NULL,NULL,NULL,NULL,NULL,NULL,NULL,NULL,NULL,NULL,NULL,NULL,NULL,NULL,NULL,NULL,NULL,NULL,NULL,NULL,NULL,NULL,NULL,NULL,NULL,NULL,NULL,NULL,NULL,NULL,NULL,NULL,NULL,NULL,NULL,NULL,NULL,NULL,NULL,NULL,NULL,NULL,NULL,NULL,NULL,NULL,NULL,NULL,NULL,NULL,NULL,NULL,NULL,NULL,NULL,NULL,NULL,NULL,NULL,NULL,NULL,NULL,NULL,NULL,NULL,NULL,NULL,NULL,NULL,NULL,NULL,NULL,NULL,NULL,NULL,NULL,NULL,NULL,NULL,NULL,NULL,NULL,NULL,NULL,NULL,NULL,NULL,NULL,NULL,NULL,NULL,NULL,NULL,NULL,NULL,NULL,NULL,NULL,NULL,NULL,NULL,NULL,NULL,NULL,NULL,NULL,NULL,NULL,NULL,NULL,NULL,NULL,NULL,NULL,NULL,NULL,NULL,NULL,NULL,NULL,NULL,NULL,NULL,NULL,NULL,NULL,NULL,NULL,NULL,NULL,NULL,NULL,NULL,NULL,NULL,NULL,NULL,NULL,NULL,NULL,NULL,NULL,NULL,NULL,NULL,NULL,NULL,NULL,NULL,NULL,NULL,NULL,NULL,NULL,NULL,NULL,NULL,NULL,NULL,NULL,NULL,NULL,NULL,NULL,NULL,NULL,NULL,NULL,NULL,NULL,NULL,NULL,NULL,NULL,NULL,NULL,NULL,NULL,NULL,NULL,NULL,NULL,NULL,NULL,NULL,NULL,NULL,NULL,NULL,NULL,NULL,NULL,NULL,NULL,NULL,NULL,NULL,NULL,NULL,NULL,NULL,NULL,NULL,NULL,NULL,NULL,NULL,NULL,NULL,NULL,NULL,NULL,NULL,NULL,NULL,NULL,NULL,NULL,NULL,NULL,NULL,NULL),(23,NULL,NULL,NULL,NULL,NULL,NULL,NULL,NULL,NULL,NULL,NULL,NULL,NULL,NULL,NULL,NULL,NULL,NULL,NULL,NULL,NULL,NULL,NULL,NULL,NULL,NULL,NULL,NULL,NULL,NULL,NULL,NULL,NULL,NULL,NULL,NULL,NULL,NULL,NULL,NULL,NULL,NULL,NULL,NULL,NULL,NULL,NULL,NULL,NULL,NULL,NULL,NULL,NULL,NULL,NULL,NULL,NULL,NULL,NULL,NULL,NULL,NULL,NULL,NULL,NULL,NULL,NULL,NULL,NULL,NULL,NULL,NULL,NULL,NULL,NULL,NULL,NULL,NULL,NULL,NULL,NULL,NULL,NULL,NULL,NULL,NULL,NULL,NULL,NULL,NULL,NULL,NULL,NULL,NULL,NULL,NULL,NULL,NULL,NULL,NULL,NULL,NULL,NULL,NULL,NULL,NULL,NULL,NULL,NULL,NULL,NULL,NULL,NULL,NULL,NULL,NULL,NULL,NULL,NULL,NULL,NULL,NULL,NULL,NULL,NULL,NULL,NULL,NULL,NULL,NULL,NULL,NULL,NULL,NULL,NULL,NULL,NULL,NULL,NULL,NULL,NULL,NULL,NULL,NULL,NULL,NULL,NULL,NULL,NULL,NULL,NULL,NULL,NULL,NULL,NULL,NULL,NULL,NULL,NULL,NULL,NULL,NULL,NULL,NULL,NULL,NULL,NULL,NULL,NULL,NULL,NULL,NULL,NULL,NULL,NULL,NULL,NULL,NULL,NULL,NULL,NULL,NULL,NULL,NULL,NULL,NULL,NULL,NULL,NULL,NULL,NULL,NULL,NULL,NULL,NULL,NULL,NULL,NULL,NULL,NULL,NULL,NULL,NULL,NULL,NULL,NULL,NULL,NULL,NULL,NULL,NULL,NULL,NULL,NULL,NULL,NULL,NULL,NULL,NULL,NULL,NULL,NULL,NULL,NULL,NULL,NULL,NULL,NULL,NULL,NULL,NULL,NULL,NULL,NULL,NULL,NULL,NULL,NULL,NULL,NULL,NULL,NULL,NULL,NULL,NULL,NULL,NULL,NULL,NULL,NULL,NULL,NULL,NULL,NULL,NULL,NULL,NULL,NULL,NULL,NULL,NULL,NULL,NULL,NULL,NULL,NULL,NULL,NULL,NULL,NULL,NULL,NULL,NULL,NULL,NULL,NULL,NULL,NULL,NULL,NULL,NULL,NULL,NULL,NULL,NULL,NULL,NULL,NULL,NULL,NULL,NULL,NULL,NULL,NULL,NULL,NULL,NULL,NULL,NULL,NULL,NULL,NULL,NULL,NULL,NULL,NULL,NULL,NULL,NULL,NULL,NULL,NULL,NULL,NULL,NULL,NULL,NULL,NULL,NULL,NULL,NULL,NULL,NULL,NULL),(24,NULL,NULL,NULL,NULL,NULL,NULL,NULL,NULL,NULL,NULL,NULL,NULL,NULL,NULL,NULL,NULL,NULL,NULL,NULL,NULL,NULL,NULL,NULL,NULL,NULL,NULL,NULL,NULL,NULL,NULL,NULL,NULL,NULL,NULL,NULL,NULL,NULL,NULL,NULL,NULL,NULL,NULL,NULL,NULL,NULL,NULL,NULL,NULL,NULL,NULL,NULL,NULL,NULL,NULL,NULL,NULL,NULL,NULL,NULL,NULL,NULL,NULL,NULL,NULL,NULL,NULL,NULL,NULL,NULL,NULL,NULL,NULL,NULL,NULL,NULL,NULL,NULL,NULL,NULL,NULL,NULL,NULL,NULL,NULL,NULL,NULL,NULL,NULL,NULL,NULL,NULL,NULL,NULL,NULL,NULL,NULL,NULL,NULL,NULL,NULL,NULL,NULL,NULL,NULL,NULL,NULL,NULL,NULL,NULL,NULL,NULL,NULL,NULL,NULL,NULL,NULL,NULL,NULL,NULL,NULL,NULL,NULL,NULL,NULL,NULL,NULL,NULL,NULL,NULL,NULL,NULL,NULL,NULL,NULL,NULL,NULL,NULL,NULL,NULL,NULL,NULL,NULL,NULL,NULL,NULL,NULL,NULL,NULL,NULL,NULL,NULL,NULL,NULL,NULL,NULL,NULL,NULL,NULL,NULL,NULL,NULL,NULL,NULL,NULL,NULL,NULL,NULL,NULL,NULL,NULL,NULL,NULL,NULL,NULL,NULL,NULL,NULL,NULL,NULL,NULL,NULL,NULL,NULL,NULL,NULL,NULL,NULL,NULL,NULL,NULL,NULL,NULL,NULL,NULL,NULL,NULL,NULL,NULL,NULL,NULL,NULL,NULL,NULL,NULL,NULL,NULL,NULL,NULL,NULL,NULL,NULL,NULL,NULL,NULL,NULL,NULL,NULL,NULL,NULL,NULL,NULL,NULL,NULL,NULL,NULL,NULL,NULL,NULL,NULL,NULL,NULL,NULL,NULL,NULL,NULL,NULL,NULL,NULL,NULL,NULL,NULL,NULL,NULL,NULL,NULL,NULL,NULL,NULL,NULL,NULL,NULL,NULL,NULL,NULL,NULL,NULL,NULL,NULL,NULL,NULL,NULL,NULL,NULL,NULL,NULL,NULL,NULL,NULL,NULL,NULL,NULL,NULL,NULL,NULL,NULL,NULL,NULL,NULL,NULL,NULL,NULL,NULL,NULL,NULL,NULL,NULL,NULL,NULL,NULL,NULL,NULL,NULL,NULL,NULL,NULL,NULL,NULL,NULL,NULL,NULL,NULL,NULL,NULL,NULL,NULL,NULL,NULL,NULL,NULL,NULL,NULL,NULL,NULL,NULL,NULL,NULL,NULL,NULL,NULL,NULL,NULL,NULL,NULL,NULL),(25,NULL,NULL,NULL,NULL,NULL,NULL,NULL,NULL,NULL,NULL,NULL,NULL,NULL,NULL,NULL,NULL,NULL,NULL,NULL,NULL,NULL,NULL,NULL,NULL,NULL,NULL,NULL,NULL,NULL,NULL,NULL,NULL,NULL,NULL,NULL,NULL,NULL,NULL,NULL,NULL,NULL,NULL,NULL,NULL,NULL,NULL,NULL,NULL,NULL,NULL,NULL,NULL,NULL,NULL,NULL,NULL,NULL,NULL,NULL,NULL,NULL,NULL,NULL,NULL,NULL,NULL,NULL,NULL,NULL,NULL,NULL,NULL,NULL,NULL,NULL,NULL,NULL,NULL,NULL,NULL,NULL,NULL,NULL,NULL,NULL,NULL,NULL,NULL,NULL,NULL,NULL,NULL,NULL,NULL,NULL,NULL,NULL,NULL,NULL,NULL,NULL,NULL,NULL,NULL,NULL,NULL,NULL,NULL,NULL,NULL,NULL,NULL,NULL,NULL,NULL,NULL,NULL,NULL,NULL,NULL,NULL,NULL,NULL,NULL,NULL,NULL,NULL,NULL,NULL,NULL,NULL,NULL,NULL,NULL,NULL,NULL,NULL,NULL,NULL,NULL,NULL,NULL,NULL,NULL,NULL,NULL,NULL,NULL,NULL,NULL,NULL,NULL,NULL,NULL,NULL,NULL,NULL,NULL,NULL,NULL,NULL,NULL,NULL,NULL,NULL,NULL,NULL,NULL,NULL,NULL,NULL,NULL,NULL,NULL,NULL,NULL,NULL,NULL,NULL,NULL,NULL,NULL,NULL,NULL,NULL,NULL,NULL,NULL,NULL,NULL,NULL,NULL,NULL,NULL,NULL,NULL,NULL,NULL,NULL,NULL,NULL,NULL,NULL,NULL,NULL,NULL,NULL,NULL,NULL,NULL,NULL,NULL,NULL,NULL,NULL,NULL,NULL,NULL,NULL,NULL,NULL,NULL,NULL,NULL,NULL,NULL,NULL,NULL,NULL,NULL,NULL,NULL,NULL,NULL,NULL,NULL,NULL,NULL,NULL,NULL,NULL,NULL,NULL,NULL,NULL,NULL,NULL,NULL,NULL,NULL,NULL,NULL,NULL,NULL,NULL,NULL,NULL,NULL,NULL,NULL,NULL,NULL,NULL,NULL,NULL,NULL,NULL,NULL,NULL,NULL,NULL,NULL,NULL,NULL,NULL,NULL,NULL,NULL,NULL,NULL,NULL,NULL,NULL,NULL,NULL,NULL,NULL,NULL,NULL,NULL,NULL,NULL,NULL,NULL,NULL,NULL,NULL,NULL,NULL,NULL,NULL,NULL,NULL,NULL,NULL,NULL,NULL,NULL,NULL,NULL,NULL,NULL,NULL,NULL,NULL,NULL,NULL,NULL,NULL,NULL,NULL,NULL,NULL,NULL),(26,NULL,NULL,NULL,NULL,NULL,NULL,NULL,NULL,NULL,NULL,NULL,NULL,NULL,NULL,NULL,NULL,NULL,NULL,NULL,NULL,NULL,NULL,NULL,NULL,NULL,NULL,NULL,NULL,NULL,NULL,NULL,NULL,NULL,NULL,NULL,NULL,NULL,NULL,NULL,NULL,NULL,NULL,NULL,NULL,NULL,NULL,NULL,NULL,NULL,NULL,NULL,NULL,NULL,NULL,NULL,NULL,NULL,NULL,NULL,NULL,NULL,NULL,NULL,NULL,NULL,NULL,NULL,NULL,NULL,NULL,NULL,NULL,NULL,NULL,NULL,NULL,NULL,NULL,NULL,NULL,NULL,NULL,NULL,NULL,NULL,NULL,NULL,NULL,NULL,NULL,NULL,NULL,NULL,NULL,NULL,NULL,NULL,NULL,NULL,NULL,NULL,NULL,NULL,NULL,NULL,NULL,NULL,NULL,NULL,NULL,NULL,NULL,NULL,NULL,NULL,NULL,NULL,NULL,NULL,NULL,NULL,NULL,NULL,NULL,NULL,NULL,NULL,NULL,NULL,NULL,NULL,NULL,NULL,NULL,NULL,NULL,NULL,NULL,NULL,NULL,NULL,NULL,NULL,NULL,NULL,NULL,NULL,NULL,NULL,NULL,NULL,NULL,NULL,NULL,NULL,NULL,NULL,NULL,NULL,NULL,NULL,NULL,NULL,NULL,NULL,NULL,NULL,NULL,NULL,NULL,NULL,NULL,NULL,NULL,NULL,NULL,NULL,NULL,NULL,NULL,NULL,NULL,NULL,NULL,NULL,NULL,NULL,NULL,NULL,NULL,NULL,NULL,NULL,NULL,NULL,NULL,NULL,NULL,NULL,NULL,NULL,NULL,NULL,NULL,NULL,NULL,NULL,NULL,NULL,NULL,NULL,NULL,NULL,NULL,NULL,NULL,NULL,NULL,NULL,NULL,NULL,NULL,NULL,NULL,NULL,NULL,NULL,NULL,NULL,NULL,NULL,NULL,NULL,NULL,NULL,NULL,NULL,NULL,NULL,NULL,NULL,NULL,NULL,NULL,NULL,NULL,NULL,NULL,NULL,NULL,NULL,NULL,NULL,NULL,NULL,NULL,NULL,NULL,NULL,NULL,NULL,NULL,NULL,NULL,NULL,NULL,NULL,NULL,NULL,NULL,NULL,NULL,NULL,NULL,NULL,NULL,NULL,NULL,NULL,NULL,NULL,NULL,NULL,NULL,NULL,NULL,NULL,NULL,NULL,NULL,NULL,NULL,NULL,NULL,NULL,NULL,NULL,NULL,NULL,NULL,NULL,NULL,NULL,NULL,NULL,NULL,NULL,NULL,NULL,NULL,NULL,NULL,NULL,NULL,NULL,NULL,NULL,NULL,NULL,NULL,NULL,NULL,NULL,NULL),(27,NULL,NULL,NULL,NULL,NULL,NULL,NULL,NULL,NULL,NULL,NULL,NULL,NULL,NULL,NULL,NULL,NULL,NULL,NULL,NULL,NULL,NULL,NULL,NULL,NULL,NULL,NULL,NULL,NULL,NULL,NULL,NULL,NULL,NULL,NULL,NULL,NULL,NULL,NULL,NULL,NULL,NULL,NULL,NULL,NULL,NULL,NULL,NULL,NULL,NULL,NULL,NULL,NULL,NULL,NULL,NULL,NULL,NULL,NULL,NULL,NULL,NULL,NULL,NULL,NULL,NULL,NULL,NULL,NULL,NULL,NULL,NULL,NULL,NULL,NULL,NULL,NULL,NULL,NULL,NULL,NULL,NULL,NULL,NULL,NULL,NULL,NULL,NULL,NULL,NULL,NULL,NULL,NULL,NULL,NULL,NULL,NULL,NULL,NULL,NULL,NULL,NULL,NULL,NULL,NULL,NULL,NULL,NULL,NULL,NULL,NULL,NULL,NULL,NULL,NULL,NULL,NULL,NULL,NULL,NULL,NULL,NULL,NULL,NULL,NULL,NULL,NULL,NULL,NULL,NULL,NULL,NULL,NULL,NULL,NULL,NULL,NULL,NULL,NULL,NULL,NULL,NULL,NULL,NULL,NULL,NULL,NULL,NULL,NULL,NULL,NULL,NULL,NULL,NULL,NULL,NULL,NULL,NULL,NULL,NULL,NULL,NULL,NULL,NULL,NULL,NULL,NULL,NULL,NULL,NULL,NULL,NULL,NULL,NULL,NULL,NULL,NULL,NULL,NULL,NULL,NULL,NULL,NULL,NULL,NULL,NULL,NULL,NULL,NULL,NULL,NULL,NULL,NULL,NULL,NULL,NULL,NULL,NULL,NULL,NULL,NULL,NULL,NULL,NULL,NULL,NULL,NULL,NULL,NULL,NULL,NULL,NULL,NULL,NULL,NULL,NULL,NULL,NULL,NULL,NULL,NULL,NULL,NULL,NULL,NULL,NULL,NULL,NULL,NULL,NULL,NULL,NULL,NULL,NULL,NULL,NULL,NULL,NULL,NULL,NULL,NULL,NULL,NULL,NULL,NULL,NULL,NULL,NULL,NULL,NULL,NULL,NULL,NULL,NULL,NULL,NULL,NULL,NULL,NULL,NULL,NULL,NULL,NULL,NULL,NULL,NULL,NULL,NULL,NULL,NULL,NULL,NULL,NULL,NULL,NULL,NULL,NULL,NULL,NULL,NULL,NULL,NULL,NULL,NULL,NULL,NULL,NULL,NULL,NULL,NULL,NULL,NULL,NULL,NULL,NULL,NULL,NULL,NULL,NULL,NULL,NULL,NULL,NULL,NULL,NULL,NULL,NULL,NULL,NULL,NULL,NULL,NULL,NULL,NULL,NULL,NULL,NULL,NULL,NULL,NULL,NULL,NULL,NULL,NULL),(28,NULL,NULL,NULL,NULL,NULL,NULL,NULL,NULL,NULL,NULL,NULL,NULL,NULL,NULL,NULL,NULL,NULL,NULL,NULL,NULL,NULL,NULL,NULL,NULL,NULL,NULL,NULL,NULL,NULL,NULL,NULL,NULL,NULL,NULL,NULL,NULL,NULL,NULL,NULL,NULL,NULL,NULL,NULL,NULL,NULL,NULL,NULL,NULL,NULL,NULL,NULL,NULL,NULL,NULL,NULL,NULL,NULL,NULL,NULL,NULL,NULL,NULL,NULL,NULL,NULL,NULL,NULL,NULL,NULL,NULL,NULL,NULL,NULL,NULL,NULL,NULL,NULL,NULL,NULL,NULL,NULL,NULL,NULL,NULL,NULL,NULL,NULL,NULL,NULL,NULL,NULL,NULL,NULL,NULL,NULL,NULL,NULL,NULL,NULL,NULL,NULL,NULL,NULL,NULL,NULL,NULL,NULL,NULL,NULL,NULL,NULL,NULL,NULL,NULL,NULL,NULL,NULL,NULL,NULL,NULL,NULL,NULL,NULL,NULL,NULL,NULL,NULL,NULL,NULL,NULL,NULL,NULL,NULL,NULL,NULL,NULL,NULL,NULL,NULL,NULL,NULL,NULL,NULL,NULL,NULL,NULL,NULL,NULL,NULL,NULL,NULL,NULL,NULL,NULL,NULL,NULL,NULL,NULL,NULL,NULL,NULL,NULL,NULL,NULL,NULL,NULL,NULL,NULL,NULL,NULL,NULL,NULL,NULL,NULL,NULL,NULL,NULL,NULL,NULL,NULL,NULL,NULL,NULL,NULL,NULL,NULL,NULL,NULL,NULL,NULL,NULL,NULL,NULL,NULL,NULL,NULL,NULL,NULL,NULL,NULL,NULL,NULL,NULL,NULL,NULL,NULL,NULL,NULL,NULL,NULL,NULL,NULL,NULL,NULL,NULL,NULL,NULL,NULL,NULL,NULL,NULL,NULL,NULL,NULL,NULL,NULL,NULL,NULL,NULL,NULL,NULL,NULL,NULL,NULL,NULL,NULL,NULL,NULL,NULL,NULL,NULL,NULL,NULL,NULL,NULL,NULL,NULL,NULL,NULL,NULL,NULL,NULL,NULL,NULL,NULL,NULL,NULL,NULL,NULL,NULL,NULL,NULL,NULL,NULL,NULL,NULL,NULL,NULL,NULL,NULL,NULL,NULL,NULL,NULL,NULL,NULL,NULL,NULL,NULL,NULL,NULL,NULL,NULL,NULL,NULL,NULL,NULL,NULL,NULL,NULL,NULL,NULL,NULL,NULL,NULL,NULL,NULL,NULL,NULL,NULL,NULL,NULL,NULL,NULL,NULL,NULL,NULL,NULL,NULL,NULL,NULL,NULL,NULL,NULL,NULL,NULL,NULL,NULL,NULL,NULL,NULL,NULL,NULL,NULL),(29,NULL,NULL,NULL,NULL,NULL,NULL,NULL,NULL,NULL,NULL,NULL,NULL,NULL,NULL,NULL,NULL,NULL,NULL,NULL,NULL,NULL,NULL,NULL,NULL,NULL,NULL,NULL,NULL,NULL,NULL,NULL,NULL,NULL,NULL,NULL,NULL,NULL,NULL,NULL,NULL,NULL,NULL,NULL,NULL,NULL,NULL,NULL,NULL,NULL,NULL,NULL,NULL,NULL,NULL,NULL,NULL,NULL,NULL,NULL,NULL,NULL,NULL,NULL,NULL,NULL,NULL,NULL,NULL,NULL,NULL,NULL,NULL,NULL,NULL,NULL,NULL,NULL,NULL,NULL,NULL,NULL,NULL,NULL,NULL,NULL,NULL,NULL,NULL,NULL,NULL,NULL,NULL,NULL,NULL,NULL,NULL,NULL,NULL,NULL,NULL,NULL,NULL,NULL,NULL,NULL,NULL,NULL,NULL,NULL,NULL,NULL,NULL,NULL,NULL,NULL,NULL,NULL,NULL,NULL,NULL,NULL,NULL,NULL,NULL,NULL,NULL,NULL,NULL,NULL,NULL,NULL,NULL,NULL,NULL,NULL,NULL,NULL,NULL,NULL,NULL,NULL,NULL,NULL,NULL,NULL,NULL,NULL,NULL,NULL,NULL,NULL,NULL,NULL,NULL,NULL,NULL,NULL,NULL,NULL,NULL,NULL,NULL,NULL,NULL,NULL,NULL,NULL,NULL,NULL,NULL,NULL,NULL,NULL,NULL,NULL,NULL,NULL,NULL,NULL,NULL,NULL,NULL,NULL,NULL,NULL,NULL,NULL,NULL,NULL,NULL,NULL,NULL,NULL,NULL,NULL,NULL,NULL,NULL,NULL,NULL,NULL,NULL,NULL,NULL,NULL,NULL,NULL,NULL,NULL,NULL,NULL,NULL,NULL,NULL,NULL,NULL,NULL,NULL,NULL,NULL,NULL,NULL,NULL,NULL,NULL,NULL,NULL,NULL,NULL,NULL,NULL,NULL,NULL,NULL,NULL,NULL,NULL,NULL,NULL,NULL,NULL,NULL,NULL,NULL,NULL,NULL,NULL,NULL,NULL,NULL,NULL,NULL,NULL,NULL,NULL,NULL,NULL,NULL,NULL,NULL,NULL,NULL,NULL,NULL,NULL,NULL,NULL,NULL,NULL,NULL,NULL,NULL,NULL,NULL,NULL,NULL,NULL,NULL,NULL,NULL,NULL,NULL,NULL,NULL,NULL,NULL,NULL,NULL,NULL,NULL,NULL,NULL,NULL,NULL,NULL,NULL,NULL,NULL,NULL,NULL,NULL,NULL,NULL,NULL,NULL,NULL,NULL,NULL,NULL,NULL,NULL,NULL,NULL,NULL,NULL,NULL,NULL,NULL,NULL,NULL,NULL,NULL,NULL,NULL),(30,NULL,NULL,NULL,NULL,NULL,NULL,NULL,NULL,NULL,NULL,NULL,NULL,NULL,NULL,NULL,NULL,NULL,NULL,NULL,NULL,NULL,NULL,NULL,NULL,NULL,NULL,NULL,NULL,NULL,NULL,NULL,NULL,NULL,NULL,NULL,NULL,NULL,NULL,NULL,NULL,NULL,NULL,NULL,NULL,NULL,NULL,NULL,NULL,NULL,NULL,NULL,NULL,NULL,NULL,NULL,NULL,NULL,NULL,NULL,NULL,NULL,NULL,NULL,NULL,NULL,NULL,NULL,NULL,NULL,NULL,NULL,NULL,NULL,NULL,NULL,NULL,NULL,NULL,NULL,NULL,NULL,NULL,NULL,NULL,NULL,NULL,NULL,NULL,NULL,NULL,NULL,NULL,NULL,NULL,NULL,NULL,NULL,NULL,NULL,NULL,NULL,NULL,NULL,NULL,NULL,NULL,NULL,NULL,NULL,NULL,NULL,NULL,NULL,NULL,NULL,NULL,NULL,NULL,NULL,NULL,NULL,NULL,NULL,NULL,NULL,NULL,NULL,NULL,NULL,NULL,NULL,NULL,NULL,NULL,NULL,NULL,NULL,NULL,NULL,NULL,NULL,NULL,NULL,NULL,NULL,NULL,NULL,NULL,NULL,NULL,NULL,NULL,NULL,NULL,NULL,NULL,NULL,NULL,NULL,NULL,NULL,NULL,NULL,NULL,NULL,NULL,NULL,NULL,NULL,NULL,NULL,NULL,NULL,NULL,NULL,NULL,NULL,NULL,NULL,NULL,NULL,NULL,NULL,NULL,NULL,NULL,NULL,NULL,NULL,NULL,NULL,NULL,NULL,NULL,NULL,NULL,NULL,NULL,NULL,NULL,NULL,NULL,NULL,NULL,NULL,NULL,NULL,NULL,NULL,NULL,NULL,NULL,NULL,NULL,NULL,NULL,NULL,NULL,NULL,NULL,NULL,NULL,NULL,NULL,NULL,NULL,NULL,NULL,NULL,NULL,NULL,NULL,NULL,NULL,NULL,NULL,NULL,NULL,NULL,NULL,NULL,NULL,NULL,NULL,NULL,NULL,NULL,NULL,NULL,NULL,NULL,NULL,NULL,NULL,NULL,NULL,NULL,NULL,NULL,NULL,NULL,NULL,NULL,NULL,NULL,NULL,NULL,NULL,NULL,NULL,NULL,NULL,NULL,NULL,NULL,NULL,NULL,NULL,NULL,NULL,NULL,NULL,NULL,NULL,NULL,NULL,NULL,NULL,NULL,NULL,NULL,NULL,NULL,NULL,NULL,NULL,NULL,NULL,NULL,NULL,NULL,NULL,NULL,NULL,NULL,NULL,NULL,NULL,NULL,NULL,NULL,NULL,NULL,NULL,NULL,NULL,NULL,NULL,NULL,NULL,NULL,NULL,NULL,NULL),(31,NULL,NULL,NULL,NULL,NULL,NULL,NULL,NULL,NULL,NULL,NULL,NULL,NULL,NULL,NULL,NULL,NULL,NULL,NULL,NULL,NULL,NULL,NULL,NULL,NULL,NULL,NULL,NULL,NULL,NULL,NULL,NULL,NULL,NULL,NULL,NULL,NULL,NULL,NULL,NULL,NULL,NULL,NULL,NULL,NULL,NULL,NULL,NULL,NULL,NULL,NULL,NULL,NULL,NULL,NULL,NULL,NULL,NULL,NULL,NULL,NULL,NULL,NULL,NULL,NULL,NULL,NULL,NULL,NULL,NULL,NULL,NULL,NULL,NULL,NULL,NULL,NULL,NULL,NULL,NULL,NULL,NULL,NULL,NULL,NULL,NULL,NULL,NULL,NULL,NULL,NULL,NULL,NULL,NULL,NULL,NULL,NULL,NULL,NULL,NULL,NULL,NULL,NULL,NULL,NULL,NULL,NULL,NULL,NULL,NULL,NULL,NULL,NULL,NULL,NULL,NULL,NULL,NULL,NULL,NULL,NULL,NULL,NULL,NULL,NULL,NULL,NULL,NULL,NULL,NULL,NULL,NULL,NULL,NULL,NULL,NULL,NULL,NULL,NULL,NULL,NULL,NULL,NULL,NULL,NULL,NULL,NULL,NULL,NULL,NULL,NULL,NULL,NULL,NULL,NULL,NULL,NULL,NULL,NULL,NULL,NULL,NULL,NULL,NULL,NULL,NULL,NULL,NULL,NULL,NULL,NULL,NULL,NULL,NULL,NULL,NULL,NULL,NULL,NULL,NULL,NULL,NULL,NULL,NULL,NULL,NULL,NULL,NULL,NULL,NULL,NULL,NULL,NULL,NULL,NULL,NULL,NULL,NULL,NULL,NULL,NULL,NULL,NULL,NULL,NULL,NULL,NULL,NULL,NULL,NULL,NULL,NULL,NULL,NULL,NULL,NULL,NULL,NULL,NULL,NULL,NULL,NULL,NULL,NULL,NULL,NULL,NULL,NULL,NULL,NULL,NULL,NULL,NULL,NULL,NULL,NULL,NULL,NULL,NULL,NULL,NULL,NULL,NULL,NULL,NULL,NULL,NULL,NULL,NULL,NULL,NULL,NULL,NULL,NULL,NULL,NULL,NULL,NULL,NULL,NULL,NULL,NULL,NULL,NULL,NULL,NULL,NULL,NULL,NULL,NULL,NULL,NULL,NULL,NULL,NULL,NULL,NULL,NULL,NULL,NULL,NULL,NULL,NULL,NULL,NULL,NULL,NULL,NULL,NULL,NULL,NULL,NULL,NULL,NULL,NULL,NULL,NULL,NULL,NULL,NULL,NULL,NULL,NULL,NULL,NULL,NULL,NULL,NULL,NULL,NULL,NULL,NULL,NULL,NULL,NULL,NULL,NULL,NULL,NULL,NULL,NULL,NULL,NULL,NULL),(32,NULL,NULL,NULL,NULL,NULL,NULL,NULL,NULL,NULL,NULL,NULL,NULL,NULL,NULL,NULL,NULL,NULL,NULL,NULL,NULL,NULL,NULL,NULL,NULL,NULL,NULL,NULL,NULL,NULL,NULL,NULL,NULL,NULL,NULL,NULL,NULL,NULL,NULL,NULL,NULL,NULL,NULL,NULL,NULL,NULL,NULL,NULL,NULL,NULL,NULL,NULL,NULL,NULL,NULL,NULL,NULL,NULL,NULL,NULL,NULL,NULL,NULL,NULL,NULL,NULL,NULL,NULL,NULL,NULL,NULL,NULL,NULL,NULL,NULL,NULL,NULL,NULL,NULL,NULL,NULL,NULL,NULL,NULL,NULL,NULL,NULL,NULL,NULL,NULL,NULL,NULL,NULL,NULL,NULL,NULL,NULL,NULL,NULL,NULL,NULL,NULL,NULL,NULL,NULL,NULL,NULL,NULL,NULL,NULL,NULL,NULL,NULL,NULL,NULL,NULL,NULL,NULL,NULL,NULL,NULL,NULL,NULL,NULL,NULL,NULL,NULL,NULL,NULL,NULL,NULL,NULL,NULL,NULL,NULL,NULL,NULL,NULL,NULL,NULL,NULL,NULL,NULL,NULL,NULL,NULL,NULL,NULL,NULL,NULL,NULL,NULL,NULL,NULL,NULL,NULL,NULL,NULL,NULL,NULL,NULL,NULL,NULL,NULL,NULL,NULL,NULL,NULL,NULL,NULL,NULL,NULL,NULL,NULL,NULL,NULL,NULL,NULL,NULL,NULL,NULL,NULL,NULL,NULL,NULL,NULL,NULL,NULL,NULL,NULL,NULL,NULL,NULL,NULL,NULL,NULL,NULL,NULL,NULL,NULL,NULL,NULL,NULL,NULL,NULL,NULL,NULL,NULL,NULL,NULL,NULL,NULL,NULL,NULL,NULL,NULL,NULL,NULL,NULL,NULL,NULL,NULL,NULL,NULL,NULL,NULL,NULL,NULL,NULL,NULL,NULL,NULL,NULL,NULL,NULL,NULL,NULL,NULL,NULL,NULL,NULL,NULL,NULL,NULL,NULL,NULL,NULL,NULL,NULL,NULL,NULL,NULL,NULL,NULL,NULL,NULL,NULL,NULL,NULL,NULL,NULL,NULL,NULL,NULL,NULL,NULL,NULL,NULL,NULL,NULL,NULL,NULL,NULL,NULL,NULL,NULL,NULL,NULL,NULL,NULL,NULL,NULL,NULL,NULL,NULL,NULL,NULL,NULL,NULL,NULL,NULL,NULL,NULL,NULL,NULL,NULL,NULL,NULL,NULL,NULL,NULL,NULL,NULL,NULL,NULL,NULL,NULL,NULL,NULL,NULL,NULL,NULL,NULL,NULL,NULL,NULL,NULL,NULL,NULL,NULL,NULL,NULL,NULL,NULL,NULL),(33,NULL,NULL,NULL,NULL,NULL,NULL,NULL,NULL,NULL,NULL,NULL,NULL,NULL,NULL,NULL,NULL,NULL,NULL,NULL,NULL,NULL,NULL,NULL,NULL,NULL,NULL,NULL,NULL,NULL,NULL,NULL,NULL,NULL,NULL,NULL,NULL,NULL,NULL,NULL,NULL,NULL,NULL,NULL,NULL,NULL,NULL,NULL,NULL,NULL,NULL,NULL,NULL,NULL,NULL,NULL,NULL,NULL,NULL,NULL,NULL,NULL,NULL,NULL,NULL,NULL,NULL,NULL,NULL,NULL,NULL,NULL,NULL,NULL,NULL,NULL,NULL,NULL,NULL,NULL,NULL,NULL,NULL,NULL,NULL,NULL,NULL,NULL,NULL,NULL,NULL,NULL,NULL,NULL,NULL,NULL,NULL,NULL,NULL,NULL,NULL,NULL,NULL,NULL,NULL,NULL,NULL,NULL,NULL,NULL,NULL,NULL,NULL,NULL,NULL,NULL,NULL,NULL,NULL,NULL,NULL,NULL,NULL,NULL,NULL,NULL,NULL,NULL,NULL,NULL,NULL,NULL,NULL,NULL,NULL,NULL,NULL,NULL,NULL,NULL,NULL,NULL,NULL,NULL,NULL,NULL,NULL,NULL,NULL,NULL,NULL,NULL,NULL,NULL,NULL,NULL,NULL,NULL,NULL,NULL,NULL,NULL,NULL,NULL,NULL,NULL,NULL,NULL,NULL,NULL,NULL,NULL,NULL,NULL,NULL,NULL,NULL,NULL,NULL,NULL,NULL,NULL,NULL,NULL,NULL,NULL,NULL,NULL,NULL,NULL,NULL,NULL,NULL,NULL,NULL,NULL,NULL,NULL,NULL,NULL,NULL,NULL,NULL,NULL,NULL,NULL,NULL,NULL,NULL,NULL,NULL,NULL,NULL,NULL,NULL,NULL,NULL,NULL,NULL,NULL,NULL,NULL,NULL,NULL,NULL,NULL,NULL,NULL,NULL,NULL,NULL,NULL,NULL,NULL,NULL,NULL,NULL,NULL,NULL,NULL,NULL,NULL,NULL,NULL,NULL,NULL,NULL,NULL,NULL,NULL,NULL,NULL,NULL,NULL,NULL,NULL,NULL,NULL,NULL,NULL,NULL,NULL,NULL,NULL,NULL,NULL,NULL,NULL,NULL,NULL,NULL,NULL,NULL,NULL,NULL,NULL,NULL,NULL,NULL,NULL,NULL,NULL,NULL,NULL,NULL,NULL,NULL,NULL,NULL,NULL,NULL,NULL,NULL,NULL,NULL,NULL,NULL,NULL,NULL,NULL,NULL,NULL,NULL,NULL,NULL,NULL,NULL,NULL,NULL,NULL,NULL,NULL,NULL,NULL,NULL,NULL,NULL,NULL,NULL,NULL,NULL,NULL,NULL,NULL,NULL),(34,NULL,NULL,NULL,NULL,NULL,NULL,NULL,NULL,NULL,NULL,NULL,NULL,NULL,NULL,NULL,NULL,NULL,NULL,NULL,NULL,NULL,NULL,NULL,NULL,NULL,NULL,NULL,NULL,NULL,NULL,NULL,NULL,NULL,NULL,NULL,NULL,NULL,NULL,NULL,NULL,NULL,NULL,NULL,NULL,NULL,NULL,NULL,NULL,NULL,NULL,NULL,NULL,NULL,NULL,NULL,NULL,NULL,NULL,NULL,NULL,NULL,NULL,NULL,NULL,NULL,NULL,NULL,NULL,NULL,NULL,NULL,NULL,NULL,NULL,NULL,NULL,NULL,NULL,NULL,NULL,NULL,NULL,NULL,NULL,NULL,NULL,NULL,NULL,NULL,NULL,NULL,NULL,NULL,NULL,NULL,NULL,NULL,NULL,NULL,NULL,NULL,NULL,NULL,NULL,NULL,NULL,NULL,NULL,NULL,NULL,NULL,NULL,NULL,NULL,NULL,NULL,NULL,NULL,NULL,NULL,NULL,NULL,NULL,NULL,NULL,NULL,NULL,NULL,NULL,NULL,NULL,NULL,NULL,NULL,NULL,NULL,NULL,NULL,NULL,NULL,NULL,NULL,NULL,NULL,NULL,NULL,NULL,NULL,NULL,NULL,NULL,NULL,NULL,NULL,NULL,NULL,NULL,NULL,NULL,NULL,NULL,NULL,NULL,NULL,NULL,NULL,NULL,NULL,NULL,NULL,NULL,NULL,NULL,NULL,NULL,NULL,NULL,NULL,NULL,NULL,NULL,NULL,NULL,NULL,NULL,NULL,NULL,NULL,NULL,NULL,NULL,NULL,NULL,NULL,NULL,NULL,NULL,NULL,NULL,NULL,NULL,NULL,NULL,NULL,NULL,NULL,NULL,NULL,NULL,NULL,NULL,NULL,NULL,NULL,NULL,NULL,NULL,NULL,NULL,NULL,NULL,NULL,NULL,NULL,NULL,NULL,NULL,NULL,NULL,NULL,NULL,NULL,NULL,NULL,NULL,NULL,NULL,NULL,NULL,NULL,NULL,NULL,NULL,NULL,NULL,NULL,NULL,NULL,NULL,NULL,NULL,NULL,NULL,NULL,NULL,NULL,NULL,NULL,NULL,NULL,NULL,NULL,NULL,NULL,NULL,NULL,NULL,NULL,NULL,NULL,NULL,NULL,NULL,NULL,NULL,NULL,NULL,NULL,NULL,NULL,NULL,NULL,NULL,NULL,NULL,NULL,NULL,NULL,NULL,NULL,NULL,NULL,NULL,NULL,NULL,NULL,NULL,NULL,NULL,NULL,NULL,NULL,NULL,NULL,NULL,NULL,NULL,NULL,NULL,NULL,NULL,NULL,NULL,NULL,NULL,NULL,NULL,NULL,NULL,NULL,NULL,NULL,NULL,NULL),(35,NULL,NULL,NULL,NULL,NULL,NULL,NULL,NULL,NULL,NULL,NULL,NULL,NULL,NULL,NULL,NULL,NULL,NULL,NULL,NULL,NULL,NULL,NULL,NULL,NULL,NULL,NULL,NULL,NULL,NULL,NULL,NULL,NULL,NULL,NULL,NULL,NULL,NULL,NULL,NULL,NULL,NULL,NULL,NULL,NULL,NULL,NULL,NULL,NULL,NULL,NULL,NULL,NULL,NULL,NULL,NULL,NULL,NULL,NULL,NULL,NULL,NULL,NULL,NULL,NULL,NULL,NULL,NULL,NULL,NULL,NULL,NULL,NULL,NULL,NULL,NULL,NULL,NULL,NULL,NULL,NULL,NULL,NULL,NULL,NULL,NULL,NULL,NULL,NULL,NULL,NULL,NULL,NULL,NULL,NULL,NULL,NULL,NULL,NULL,NULL,NULL,NULL,NULL,NULL,NULL,NULL,NULL,NULL,NULL,NULL,NULL,NULL,NULL,NULL,NULL,NULL,NULL,NULL,NULL,NULL,NULL,NULL,NULL,NULL,NULL,NULL,NULL,NULL,NULL,NULL,NULL,NULL,NULL,NULL,NULL,NULL,NULL,NULL,NULL,NULL,NULL,NULL,NULL,NULL,NULL,NULL,NULL,NULL,NULL,NULL,NULL,NULL,NULL,NULL,NULL,NULL,NULL,NULL,NULL,NULL,NULL,NULL,NULL,NULL,NULL,NULL,NULL,NULL,NULL,NULL,NULL,NULL,NULL,NULL,NULL,NULL,NULL,NULL,NULL,NULL,NULL,NULL,NULL,NULL,NULL,NULL,NULL,NULL,NULL,NULL,NULL,NULL,NULL,NULL,NULL,NULL,NULL,NULL,NULL,NULL,NULL,NULL,NULL,NULL,NULL,NULL,NULL,NULL,NULL,NULL,NULL,NULL,NULL,NULL,NULL,NULL,NULL,NULL,NULL,NULL,NULL,NULL,NULL,NULL,NULL,NULL,NULL,NULL,NULL,NULL,NULL,NULL,NULL,NULL,NULL,NULL,NULL,NULL,NULL,NULL,NULL,NULL,NULL,NULL,NULL,NULL,NULL,NULL,NULL,NULL,NULL,NULL,NULL,NULL,NULL,NULL,NULL,NULL,NULL,NULL,NULL,NULL,NULL,NULL,NULL,NULL,NULL,NULL,NULL,NULL,NULL,NULL,NULL,NULL,NULL,NULL,NULL,NULL,NULL,NULL,NULL,NULL,NULL,NULL,NULL,NULL,NULL,NULL,NULL,NULL,NULL,NULL,NULL,NULL,NULL,NULL,NULL,NULL,NULL,NULL,NULL,NULL,NULL,NULL,NULL,NULL,NULL,NULL,NULL,NULL,NULL,NULL,NULL,NULL,NULL,NULL,NULL,NULL,NULL,NULL,NULL,NULL,NULL,NULL),(36,NULL,NULL,NULL,NULL,NULL,NULL,NULL,NULL,NULL,NULL,NULL,NULL,NULL,NULL,NULL,NULL,NULL,NULL,NULL,NULL,NULL,NULL,NULL,NULL,NULL,NULL,NULL,NULL,NULL,NULL,NULL,NULL,NULL,NULL,NULL,NULL,NULL,NULL,NULL,NULL,NULL,NULL,NULL,NULL,NULL,NULL,NULL,NULL,NULL,NULL,NULL,NULL,NULL,NULL,NULL,NULL,NULL,NULL,NULL,NULL,NULL,NULL,NULL,NULL,NULL,NULL,NULL,NULL,NULL,NULL,NULL,NULL,NULL,NULL,NULL,NULL,NULL,NULL,NULL,NULL,NULL,NULL,NULL,NULL,NULL,NULL,NULL,NULL,NULL,NULL,NULL,NULL,NULL,NULL,NULL,NULL,NULL,NULL,NULL,NULL,NULL,NULL,NULL,NULL,NULL,NULL,NULL,NULL,NULL,NULL,NULL,NULL,NULL,NULL,NULL,NULL,NULL,NULL,NULL,NULL,NULL,NULL,NULL,NULL,NULL,NULL,NULL,NULL,NULL,NULL,NULL,NULL,NULL,NULL,NULL,NULL,NULL,NULL,NULL,NULL,NULL,NULL,NULL,NULL,NULL,NULL,NULL,NULL,NULL,NULL,NULL,NULL,NULL,NULL,NULL,NULL,NULL,NULL,NULL,NULL,NULL,NULL,NULL,NULL,NULL,NULL,NULL,NULL,NULL,NULL,NULL,NULL,NULL,NULL,NULL,NULL,NULL,NULL,NULL,NULL,NULL,NULL,NULL,NULL,NULL,NULL,NULL,NULL,NULL,NULL,NULL,NULL,NULL,NULL,NULL,NULL,NULL,NULL,NULL,NULL,NULL,NULL,NULL,NULL,NULL,NULL,NULL,NULL,NULL,NULL,NULL,NULL,NULL,NULL,NULL,NULL,NULL,NULL,NULL,NULL,NULL,NULL,NULL,NULL,NULL,NULL,NULL,NULL,NULL,NULL,NULL,NULL,NULL,NULL,NULL,NULL,NULL,NULL,NULL,NULL,NULL,NULL,NULL,NULL,NULL,NULL,NULL,NULL,NULL,NULL,NULL,NULL,NULL,NULL,NULL,NULL,NULL,NULL,NULL,NULL,NULL,NULL,NULL,NULL,NULL,NULL,NULL,NULL,NULL,NULL,NULL,NULL,NULL,NULL,NULL,NULL,NULL,NULL,NULL,NULL,NULL,NULL,NULL,NULL,NULL,NULL,NULL,NULL,NULL,NULL,NULL,NULL,NULL,NULL,NULL,NULL,NULL,NULL,NULL,NULL,NULL,NULL,NULL,NULL,NULL,NULL,NULL,NULL,NULL,NULL,NULL,NULL,NULL,NULL,NULL,NULL,NULL,NULL,NULL,NULL,NULL,NULL,NULL,NULL),(37,NULL,NULL,NULL,NULL,NULL,NULL,NULL,NULL,NULL,NULL,NULL,NULL,NULL,NULL,NULL,NULL,NULL,NULL,NULL,NULL,NULL,NULL,NULL,NULL,NULL,NULL,NULL,NULL,NULL,NULL,NULL,NULL,NULL,NULL,NULL,NULL,NULL,NULL,NULL,NULL,NULL,NULL,NULL,NULL,NULL,NULL,NULL,NULL,NULL,NULL,NULL,NULL,NULL,NULL,NULL,NULL,NULL,NULL,NULL,NULL,NULL,NULL,NULL,NULL,NULL,NULL,NULL,NULL,NULL,NULL,NULL,NULL,NULL,NULL,NULL,NULL,NULL,NULL,NULL,NULL,NULL,NULL,NULL,NULL,NULL,NULL,NULL,NULL,NULL,NULL,NULL,NULL,NULL,NULL,NULL,NULL,NULL,NULL,NULL,NULL,NULL,NULL,NULL,NULL,NULL,NULL,NULL,NULL,NULL,NULL,NULL,NULL,NULL,NULL,NULL,NULL,NULL,NULL,NULL,NULL,NULL,NULL,NULL,NULL,NULL,NULL,NULL,NULL,NULL,NULL,NULL,NULL,NULL,NULL,NULL,NULL,NULL,NULL,NULL,NULL,NULL,NULL,NULL,NULL,NULL,NULL,NULL,NULL,NULL,NULL,NULL,NULL,NULL,NULL,NULL,NULL,NULL,NULL,NULL,NULL,NULL,NULL,NULL,NULL,NULL,NULL,NULL,NULL,NULL,NULL,NULL,NULL,NULL,NULL,NULL,NULL,NULL,NULL,NULL,NULL,NULL,NULL,NULL,NULL,NULL,NULL,NULL,NULL,NULL,NULL,NULL,NULL,NULL,NULL,NULL,NULL,NULL,NULL,NULL,NULL,NULL,NULL,NULL,NULL,NULL,NULL,NULL,NULL,NULL,NULL,NULL,NULL,NULL,NULL,NULL,NULL,NULL,NULL,NULL,NULL,NULL,NULL,NULL,NULL,NULL,NULL,NULL,NULL,NULL,NULL,NULL,NULL,NULL,NULL,NULL,NULL,NULL,NULL,NULL,NULL,NULL,NULL,NULL,NULL,NULL,NULL,NULL,NULL,NULL,NULL,NULL,NULL,NULL,NULL,NULL,NULL,NULL,NULL,NULL,NULL,NULL,NULL,NULL,NULL,NULL,NULL,NULL,NULL,NULL,NULL,NULL,NULL,NULL,NULL,NULL,NULL,NULL,NULL,NULL,NULL,NULL,NULL,NULL,NULL,NULL,NULL,NULL,NULL,NULL,NULL,NULL,NULL,NULL,NULL,NULL,NULL,NULL,NULL,NULL,NULL,NULL,NULL,NULL,NULL,NULL,NULL,NULL,NULL,NULL,NULL,NULL,NULL,NULL,NULL,NULL,NULL,NULL,NULL,NULL,NULL,NULL,NULL,NULL,NULL),(38,NULL,NULL,NULL,NULL,NULL,NULL,NULL,NULL,NULL,NULL,NULL,NULL,NULL,NULL,NULL,NULL,NULL,NULL,NULL,NULL,NULL,NULL,NULL,NULL,NULL,NULL,NULL,NULL,NULL,NULL,NULL,NULL,NULL,NULL,NULL,NULL,NULL,NULL,NULL,NULL,NULL,NULL,NULL,NULL,NULL,NULL,NULL,NULL,NULL,NULL,NULL,NULL,NULL,NULL,NULL,NULL,NULL,NULL,NULL,NULL,NULL,NULL,NULL,NULL,NULL,NULL,NULL,NULL,NULL,NULL,NULL,NULL,NULL,NULL,NULL,NULL,NULL,NULL,NULL,NULL,NULL,NULL,NULL,NULL,NULL,NULL,NULL,NULL,NULL,NULL,NULL,NULL,NULL,NULL,NULL,NULL,NULL,NULL,NULL,NULL,NULL,NULL,NULL,NULL,NULL,NULL,NULL,NULL,NULL,NULL,NULL,NULL,NULL,NULL,NULL,NULL,NULL,NULL,NULL,NULL,NULL,NULL,NULL,NULL,NULL,NULL,NULL,NULL,NULL,NULL,NULL,NULL,NULL,NULL,NULL,NULL,NULL,NULL,NULL,NULL,NULL,NULL,NULL,NULL,NULL,NULL,NULL,NULL,NULL,NULL,NULL,NULL,NULL,NULL,NULL,NULL,NULL,NULL,NULL,NULL,NULL,NULL,NULL,NULL,NULL,NULL,NULL,NULL,NULL,NULL,NULL,NULL,NULL,NULL,NULL,NULL,NULL,NULL,NULL,NULL,NULL,NULL,NULL,NULL,NULL,NULL,NULL,NULL,NULL,NULL,NULL,NULL,NULL,NULL,NULL,NULL,NULL,NULL,NULL,NULL,NULL,NULL,NULL,NULL,NULL,NULL,NULL,NULL,NULL,NULL,NULL,NULL,NULL,NULL,NULL,NULL,NULL,NULL,NULL,NULL,NULL,NULL,NULL,NULL,NULL,NULL,NULL,NULL,NULL,NULL,NULL,NULL,NULL,NULL,NULL,NULL,NULL,NULL,NULL,NULL,NULL,NULL,NULL,NULL,NULL,NULL,NULL,NULL,NULL,NULL,NULL,NULL,NULL,NULL,NULL,NULL,NULL,NULL,NULL,NULL,NULL,NULL,NULL,NULL,NULL,NULL,NULL,NULL,NULL,NULL,NULL,NULL,NULL,NULL,NULL,NULL,NULL,NULL,NULL,NULL,NULL,NULL,NULL,NULL,NULL,NULL,NULL,NULL,NULL,NULL,NULL,NULL,NULL,NULL,NULL,NULL,NULL,NULL,NULL,NULL,NULL,NULL,NULL,NULL,NULL,NULL,NULL,NULL,NULL,NULL,NULL,NULL,NULL,NULL,NULL,NULL,NULL,NULL,NULL,NULL,NULL,NULL,NULL,NULL),(39,NULL,NULL,NULL,NULL,NULL,NULL,NULL,NULL,NULL,NULL,NULL,NULL,NULL,NULL,NULL,NULL,NULL,NULL,NULL,NULL,NULL,NULL,NULL,NULL,NULL,NULL,NULL,NULL,NULL,NULL,NULL,NULL,NULL,NULL,NULL,NULL,NULL,NULL,NULL,NULL,NULL,NULL,NULL,NULL,NULL,NULL,NULL,NULL,NULL,NULL,NULL,NULL,NULL,NULL,NULL,NULL,NULL,NULL,NULL,NULL,NULL,NULL,NULL,NULL,NULL,NULL,NULL,NULL,NULL,NULL,NULL,NULL,NULL,NULL,NULL,NULL,NULL,NULL,NULL,NULL,NULL,NULL,NULL,NULL,NULL,NULL,NULL,NULL,NULL,NULL,NULL,NULL,NULL,NULL,NULL,NULL,NULL,NULL,NULL,NULL,NULL,NULL,NULL,NULL,NULL,NULL,NULL,NULL,NULL,NULL,NULL,NULL,NULL,NULL,NULL,NULL,NULL,NULL,NULL,NULL,NULL,NULL,NULL,NULL,NULL,NULL,NULL,NULL,NULL,NULL,NULL,NULL,NULL,NULL,NULL,NULL,NULL,NULL,NULL,NULL,NULL,NULL,NULL,NULL,NULL,NULL,NULL,NULL,NULL,NULL,NULL,NULL,NULL,NULL,NULL,NULL,NULL,NULL,NULL,NULL,NULL,NULL,NULL,NULL,NULL,NULL,NULL,NULL,NULL,NULL,NULL,NULL,NULL,NULL,NULL,NULL,NULL,NULL,NULL,NULL,NULL,NULL,NULL,NULL,NULL,NULL,NULL,NULL,NULL,NULL,NULL,NULL,NULL,NULL,NULL,NULL,NULL,NULL,NULL,NULL,NULL,NULL,NULL,NULL,NULL,NULL,NULL,NULL,NULL,NULL,NULL,NULL,NULL,NULL,NULL,NULL,NULL,NULL,NULL,NULL,NULL,NULL,NULL,NULL,NULL,NULL,NULL,NULL,NULL,NULL,NULL,NULL,NULL,NULL,NULL,NULL,NULL,NULL,NULL,NULL,NULL,NULL,NULL,NULL,NULL,NULL,NULL,NULL,NULL,NULL,NULL,NULL,NULL,NULL,NULL,NULL,NULL,NULL,NULL,NULL,NULL,NULL,NULL,NULL,NULL,NULL,NULL,NULL,NULL,NULL,NULL,NULL,NULL,NULL,NULL,NULL,NULL,NULL,NULL,NULL,NULL,NULL,NULL,NULL,NULL,NULL,NULL,NULL,NULL,NULL,NULL,NULL,NULL,NULL,NULL,NULL,NULL,NULL,NULL,NULL,NULL,NULL,NULL,NULL,NULL,NULL,NULL,NULL,NULL,NULL,NULL,NULL,NULL,NULL,NULL,NULL,NULL,NULL,NULL,NULL,NULL,NULL,NULL,NULL),(40,NULL,NULL,NULL,NULL,NULL,NULL,NULL,NULL,NULL,NULL,NULL,NULL,NULL,NULL,NULL,NULL,NULL,NULL,NULL,NULL,NULL,NULL,NULL,NULL,NULL,NULL,NULL,NULL,NULL,NULL,NULL,NULL,NULL,NULL,NULL,NULL,NULL,NULL,NULL,NULL,NULL,NULL,NULL,NULL,NULL,NULL,NULL,NULL,NULL,NULL,NULL,NULL,NULL,NULL,NULL,NULL,NULL,NULL,NULL,NULL,NULL,NULL,NULL,NULL,NULL,NULL,NULL,NULL,NULL,NULL,NULL,NULL,NULL,NULL,NULL,NULL,NULL,NULL,NULL,NULL,NULL,NULL,NULL,NULL,NULL,NULL,NULL,NULL,NULL,NULL,NULL,NULL,NULL,NULL,NULL,NULL,NULL,NULL,NULL,NULL,NULL,NULL,NULL,NULL,NULL,NULL,NULL,NULL,NULL,NULL,NULL,NULL,NULL,NULL,NULL,NULL,NULL,NULL,NULL,NULL,NULL,NULL,NULL,NULL,NULL,NULL,NULL,NULL,NULL,NULL,NULL,NULL,NULL,NULL,NULL,NULL,NULL,NULL,NULL,NULL,NULL,NULL,NULL,NULL,NULL,NULL,NULL,NULL,NULL,NULL,NULL,NULL,NULL,NULL,NULL,NULL,NULL,NULL,NULL,NULL,NULL,NULL,NULL,NULL,NULL,NULL,NULL,NULL,NULL,NULL,NULL,NULL,NULL,NULL,NULL,NULL,NULL,NULL,NULL,NULL,NULL,NULL,NULL,NULL,NULL,NULL,NULL,NULL,NULL,NULL,NULL,NULL,NULL,NULL,NULL,NULL,NULL,NULL,NULL,NULL,NULL,NULL,NULL,NULL,NULL,NULL,NULL,NULL,NULL,NULL,NULL,NULL,NULL,NULL,NULL,NULL,NULL,NULL,NULL,NULL,NULL,NULL,NULL,NULL,NULL,NULL,NULL,NULL,NULL,NULL,NULL,NULL,NULL,NULL,NULL,NULL,NULL,NULL,NULL,NULL,NULL,NULL,NULL,NULL,NULL,NULL,NULL,NULL,NULL,NULL,NULL,NULL,NULL,NULL,NULL,NULL,NULL,NULL,NULL,NULL,NULL,NULL,NULL,NULL,NULL,NULL,NULL,NULL,NULL,NULL,NULL,NULL,NULL,NULL,NULL,NULL,NULL,NULL,NULL,NULL,NULL,NULL,NULL,NULL,NULL,NULL,NULL,NULL,NULL,NULL,NULL,NULL,NULL,NULL,NULL,NULL,NULL,NULL,NULL,NULL,NULL,NULL,NULL,NULL,NULL,NULL,NULL,NULL,NULL,NULL,NULL,NULL,NULL,NULL,NULL,NULL,NULL,NULL,NULL,NULL,NULL,NULL,NULL,NULL),(41,NULL,NULL,NULL,NULL,NULL,NULL,NULL,NULL,NULL,NULL,NULL,NULL,NULL,NULL,NULL,NULL,NULL,NULL,NULL,NULL,NULL,NULL,NULL,NULL,NULL,NULL,NULL,NULL,NULL,NULL,NULL,NULL,NULL,NULL,NULL,NULL,NULL,NULL,NULL,NULL,NULL,NULL,NULL,NULL,NULL,NULL,NULL,NULL,NULL,NULL,NULL,NULL,NULL,NULL,NULL,NULL,NULL,NULL,NULL,NULL,NULL,NULL,NULL,NULL,NULL,NULL,NULL,NULL,NULL,NULL,NULL,NULL,NULL,NULL,NULL,NULL,NULL,NULL,NULL,NULL,NULL,NULL,NULL,NULL,NULL,NULL,NULL,NULL,NULL,NULL,NULL,NULL,NULL,NULL,NULL,NULL,NULL,NULL,NULL,NULL,NULL,NULL,NULL,NULL,NULL,NULL,NULL,NULL,NULL,NULL,NULL,NULL,NULL,NULL,NULL,NULL,NULL,NULL,NULL,NULL,NULL,NULL,NULL,NULL,NULL,NULL,NULL,NULL,NULL,NULL,NULL,NULL,NULL,NULL,NULL,NULL,NULL,NULL,NULL,NULL,NULL,NULL,NULL,NULL,NULL,NULL,NULL,NULL,NULL,NULL,NULL,NULL,NULL,NULL,NULL,NULL,NULL,NULL,NULL,NULL,NULL,NULL,NULL,NULL,NULL,NULL,NULL,NULL,NULL,NULL,NULL,NULL,NULL,NULL,NULL,NULL,NULL,NULL,NULL,NULL,NULL,NULL,NULL,NULL,NULL,NULL,NULL,NULL,NULL,NULL,NULL,NULL,NULL,NULL,NULL,NULL,NULL,NULL,NULL,NULL,NULL,NULL,NULL,NULL,NULL,NULL,NULL,NULL,NULL,NULL,NULL,NULL,NULL,NULL,NULL,NULL,NULL,NULL,NULL,NULL,NULL,NULL,NULL,NULL,NULL,NULL,NULL,NULL,NULL,NULL,NULL,NULL,NULL,NULL,NULL,NULL,NULL,NULL,NULL,NULL,NULL,NULL,NULL,NULL,NULL,NULL,NULL,NULL,NULL,NULL,NULL,NULL,NULL,NULL,NULL,NULL,NULL,NULL,NULL,NULL,NULL,NULL,NULL,NULL,NULL,NULL,NULL,NULL,NULL,NULL,NULL,NULL,NULL,NULL,NULL,NULL,NULL,NULL,NULL,NULL,NULL,NULL,NULL,NULL,NULL,NULL,NULL,NULL,NULL,NULL,NULL,NULL,NULL,NULL,NULL,NULL,NULL,NULL,NULL,NULL,NULL,NULL,NULL,NULL,NULL,NULL,NULL,NULL,NULL,NULL,NULL,NULL,NULL,NULL,NULL,NULL,NULL,NULL,NULL,NULL,NULL,NULL,NULL,NULL),(42,NULL,NULL,NULL,NULL,NULL,NULL,NULL,NULL,NULL,NULL,NULL,NULL,NULL,NULL,NULL,NULL,NULL,NULL,NULL,NULL,NULL,NULL,NULL,NULL,NULL,NULL,NULL,NULL,NULL,NULL,NULL,NULL,NULL,NULL,NULL,NULL,NULL,NULL,NULL,NULL,NULL,NULL,NULL,NULL,NULL,NULL,NULL,NULL,NULL,NULL,NULL,NULL,NULL,NULL,NULL,NULL,NULL,NULL,NULL,NULL,NULL,NULL,NULL,NULL,NULL,NULL,NULL,NULL,NULL,NULL,NULL,NULL,NULL,NULL,NULL,NULL,NULL,NULL,NULL,NULL,NULL,NULL,NULL,NULL,NULL,NULL,NULL,NULL,NULL,NULL,NULL,NULL,NULL,NULL,NULL,NULL,NULL,NULL,NULL,NULL,NULL,NULL,NULL,NULL,NULL,NULL,NULL,NULL,NULL,NULL,NULL,NULL,NULL,NULL,NULL,NULL,NULL,NULL,NULL,NULL,NULL,NULL,NULL,NULL,NULL,NULL,NULL,NULL,NULL,NULL,NULL,NULL,NULL,NULL,NULL,NULL,NULL,NULL,NULL,NULL,NULL,NULL,NULL,NULL,NULL,NULL,NULL,NULL,NULL,NULL,NULL,NULL,NULL,NULL,NULL,NULL,NULL,NULL,NULL,NULL,NULL,NULL,NULL,NULL,NULL,NULL,NULL,NULL,NULL,NULL,NULL,NULL,NULL,NULL,NULL,NULL,NULL,NULL,NULL,NULL,NULL,NULL,NULL,NULL,NULL,NULL,NULL,NULL,NULL,NULL,NULL,NULL,NULL,NULL,NULL,NULL,NULL,NULL,NULL,NULL,NULL,NULL,NULL,NULL,NULL,NULL,NULL,NULL,NULL,NULL,NULL,NULL,NULL,NULL,NULL,NULL,NULL,NULL,NULL,NULL,NULL,NULL,NULL,NULL,NULL,NULL,NULL,NULL,NULL,NULL,NULL,NULL,NULL,NULL,NULL,NULL,NULL,NULL,NULL,NULL,NULL,NULL,NULL,NULL,NULL,NULL,NULL,NULL,NULL,NULL,NULL,NULL,NULL,NULL,NULL,NULL,NULL,NULL,NULL,NULL,NULL,NULL,NULL,NULL,NULL,NULL,NULL,NULL,NULL,NULL,NULL,NULL,NULL,NULL,NULL,NULL,NULL,NULL,NULL,NULL,NULL,NULL,NULL,NULL,NULL,NULL,NULL,NULL,NULL,NULL,NULL,NULL,NULL,NULL,NULL,NULL,NULL,NULL,NULL,NULL,NULL,NULL,NULL,NULL,NULL,NULL,NULL,NULL,NULL,NULL,NULL,NULL,NULL,NULL,NULL,NULL,NULL,NULL,NULL,NULL,NULL,NULL,NULL,NULL),(43,NULL,NULL,NULL,NULL,NULL,NULL,NULL,NULL,NULL,NULL,NULL,NULL,NULL,NULL,NULL,NULL,NULL,NULL,NULL,NULL,NULL,NULL,NULL,NULL,NULL,NULL,NULL,NULL,NULL,NULL,NULL,NULL,NULL,NULL,NULL,NULL,NULL,NULL,NULL,NULL,NULL,NULL,NULL,NULL,NULL,NULL,NULL,NULL,NULL,NULL,NULL,NULL,NULL,NULL,NULL,NULL,NULL,NULL,NULL,NULL,NULL,NULL,NULL,NULL,NULL,NULL,NULL,NULL,NULL,NULL,NULL,NULL,NULL,NULL,NULL,NULL,NULL,NULL,NULL,NULL,NULL,NULL,NULL,NULL,NULL,NULL,NULL,NULL,NULL,NULL,NULL,NULL,NULL,NULL,NULL,NULL,NULL,NULL,NULL,NULL,NULL,NULL,NULL,NULL,NULL,NULL,NULL,NULL,NULL,NULL,NULL,NULL,NULL,NULL,NULL,NULL,NULL,NULL,NULL,NULL,NULL,NULL,NULL,NULL,NULL,NULL,NULL,NULL,NULL,NULL,NULL,NULL,NULL,NULL,NULL,NULL,NULL,NULL,NULL,NULL,NULL,NULL,NULL,NULL,NULL,NULL,NULL,NULL,NULL,NULL,NULL,NULL,NULL,NULL,NULL,NULL,NULL,NULL,NULL,NULL,NULL,NULL,NULL,NULL,NULL,NULL,NULL,NULL,NULL,NULL,NULL,NULL,NULL,NULL,NULL,NULL,NULL,NULL,NULL,NULL,NULL,NULL,NULL,NULL,NULL,NULL,NULL,NULL,NULL,NULL,NULL,NULL,NULL,NULL,NULL,NULL,NULL,NULL,NULL,NULL,NULL,NULL,NULL,NULL,NULL,NULL,NULL,NULL,NULL,NULL,NULL,NULL,NULL,NULL,NULL,NULL,NULL,NULL,NULL,NULL,NULL,NULL,NULL,NULL,NULL,NULL,NULL,NULL,NULL,NULL,NULL,NULL,NULL,NULL,NULL,NULL,NULL,NULL,NULL,NULL,NULL,NULL,NULL,NULL,NULL,NULL,NULL,NULL,NULL,NULL,NULL,NULL,NULL,NULL,NULL,NULL,NULL,NULL,NULL,NULL,NULL,NULL,NULL,NULL,NULL,NULL,NULL,NULL,NULL,NULL,NULL,NULL,NULL,NULL,NULL,NULL,NULL,NULL,NULL,NULL,NULL,NULL,NULL,NULL,NULL,NULL,NULL,NULL,NULL,NULL,NULL,NULL,NULL,NULL,NULL,NULL,NULL,NULL,NULL,NULL,NULL,NULL,NULL,NULL,NULL,NULL,NULL,NULL,NULL,NULL,NULL,NULL,NULL,NULL,NULL,NULL,NULL,NULL,NULL,NULL,NULL,NULL,NULL,NULL),(44,NULL,NULL,NULL,NULL,NULL,NULL,NULL,NULL,NULL,NULL,NULL,NULL,NULL,NULL,NULL,NULL,NULL,NULL,NULL,NULL,NULL,NULL,NULL,NULL,NULL,NULL,NULL,NULL,NULL,NULL,NULL,NULL,NULL,NULL,NULL,NULL,NULL,NULL,NULL,NULL,NULL,NULL,NULL,NULL,NULL,NULL,NULL,NULL,NULL,NULL,NULL,NULL,NULL,NULL,NULL,NULL,NULL,NULL,NULL,NULL,NULL,NULL,NULL,NULL,NULL,NULL,NULL,NULL,NULL,NULL,NULL,NULL,NULL,NULL,NULL,NULL,NULL,NULL,NULL,NULL,NULL,NULL,NULL,NULL,NULL,NULL,NULL,NULL,NULL,NULL,NULL,NULL,NULL,NULL,NULL,NULL,NULL,NULL,NULL,NULL,NULL,NULL,NULL,NULL,NULL,NULL,NULL,NULL,NULL,NULL,NULL,NULL,NULL,NULL,NULL,NULL,NULL,NULL,NULL,NULL,NULL,NULL,NULL,NULL,NULL,NULL,NULL,NULL,NULL,NULL,NULL,NULL,NULL,NULL,NULL,NULL,NULL,NULL,NULL,NULL,NULL,NULL,NULL,NULL,NULL,NULL,NULL,NULL,NULL,NULL,NULL,NULL,NULL,NULL,NULL,NULL,NULL,NULL,NULL,NULL,NULL,NULL,NULL,NULL,NULL,NULL,NULL,NULL,NULL,NULL,NULL,NULL,NULL,NULL,NULL,NULL,NULL,NULL,NULL,NULL,NULL,NULL,NULL,NULL,NULL,NULL,NULL,NULL,NULL,NULL,NULL,NULL,NULL,NULL,NULL,NULL,NULL,NULL,NULL,NULL,NULL,NULL,NULL,NULL,NULL,NULL,NULL,NULL,NULL,NULL,NULL,NULL,NULL,NULL,NULL,NULL,NULL,NULL,NULL,NULL,NULL,NULL,NULL,NULL,NULL,NULL,NULL,NULL,NULL,NULL,NULL,NULL,NULL,NULL,NULL,NULL,NULL,NULL,NULL,NULL,NULL,NULL,NULL,NULL,NULL,NULL,NULL,NULL,NULL,NULL,NULL,NULL,NULL,NULL,NULL,NULL,NULL,NULL,NULL,NULL,NULL,NULL,NULL,NULL,NULL,NULL,NULL,NULL,NULL,NULL,NULL,NULL,NULL,NULL,NULL,NULL,NULL,NULL,NULL,NULL,NULL,NULL,NULL,NULL,NULL,NULL,NULL,NULL,NULL,NULL,NULL,NULL,NULL,NULL,NULL,NULL,NULL,NULL,NULL,NULL,NULL,NULL,NULL,NULL,NULL,NULL,NULL,NULL,NULL,NULL,NULL,NULL,NULL,NULL,NULL,NULL,NULL,NULL,NULL,NULL,NULL,NULL,NULL,NULL),(45,NULL,NULL,NULL,NULL,NULL,NULL,NULL,NULL,NULL,NULL,NULL,NULL,NULL,NULL,NULL,NULL,NULL,NULL,NULL,NULL,NULL,NULL,NULL,NULL,NULL,NULL,NULL,NULL,NULL,NULL,NULL,NULL,NULL,NULL,NULL,NULL,NULL,NULL,NULL,NULL,NULL,NULL,NULL,NULL,NULL,NULL,NULL,NULL,NULL,NULL,NULL,NULL,NULL,NULL,NULL,NULL,NULL,NULL,NULL,NULL,NULL,NULL,NULL,NULL,NULL,NULL,NULL,NULL,NULL,NULL,NULL,NULL,NULL,NULL,NULL,NULL,NULL,NULL,NULL,NULL,NULL,NULL,NULL,NULL,NULL,NULL,NULL,NULL,NULL,NULL,NULL,NULL,NULL,NULL,NULL,NULL,NULL,NULL,NULL,NULL,NULL,NULL,NULL,NULL,NULL,NULL,NULL,NULL,NULL,NULL,NULL,NULL,NULL,NULL,NULL,NULL,NULL,NULL,NULL,NULL,NULL,NULL,NULL,NULL,NULL,NULL,NULL,NULL,NULL,NULL,NULL,NULL,NULL,NULL,NULL,NULL,NULL,NULL,NULL,NULL,NULL,NULL,NULL,NULL,NULL,NULL,NULL,NULL,NULL,NULL,NULL,NULL,NULL,NULL,NULL,NULL,NULL,NULL,NULL,NULL,NULL,NULL,NULL,NULL,NULL,NULL,NULL,NULL,NULL,NULL,NULL,NULL,NULL,NULL,NULL,NULL,NULL,NULL,NULL,NULL,NULL,NULL,NULL,NULL,NULL,NULL,NULL,NULL,NULL,NULL,NULL,NULL,NULL,NULL,NULL,NULL,NULL,NULL,NULL,NULL,NULL,NULL,NULL,NULL,NULL,NULL,NULL,NULL,NULL,NULL,NULL,NULL,NULL,NULL,NULL,NULL,NULL,NULL,NULL,NULL,NULL,NULL,NULL,NULL,NULL,NULL,NULL,NULL,NULL,NULL,NULL,NULL,NULL,NULL,NULL,NULL,NULL,NULL,NULL,NULL,NULL,NULL,NULL,NULL,NULL,NULL,NULL,NULL,NULL,NULL,NULL,NULL,NULL,NULL,NULL,NULL,NULL,NULL,NULL,NULL,NULL,NULL,NULL,NULL,NULL,NULL,NULL,NULL,NULL,NULL,NULL,NULL,NULL,NULL,NULL,NULL,NULL,NULL,NULL,NULL,NULL,NULL,NULL,NULL,NULL,NULL,NULL,NULL,NULL,NULL,NULL,NULL,NULL,NULL,NULL,NULL,NULL,NULL,NULL,NULL,NULL,NULL,NULL,NULL,NULL,NULL,NULL,NULL,NULL,NULL,NULL,NULL,NULL,NULL,NULL,NULL,NULL,NULL,NULL,NULL,NULL,NULL,NULL,NULL),(46,NULL,NULL,NULL,NULL,NULL,NULL,NULL,NULL,NULL,NULL,NULL,NULL,NULL,NULL,NULL,NULL,NULL,NULL,NULL,NULL,NULL,NULL,NULL,NULL,NULL,NULL,NULL,NULL,NULL,NULL,NULL,NULL,NULL,NULL,NULL,NULL,NULL,NULL,NULL,NULL,NULL,NULL,NULL,NULL,NULL,NULL,NULL,NULL,NULL,NULL,NULL,NULL,NULL,NULL,NULL,NULL,NULL,NULL,NULL,NULL,NULL,NULL,NULL,NULL,NULL,NULL,NULL,NULL,NULL,NULL,NULL,NULL,NULL,NULL,NULL,NULL,NULL,NULL,NULL,NULL,NULL,NULL,NULL,NULL,NULL,NULL,NULL,NULL,NULL,NULL,NULL,NULL,NULL,NULL,NULL,NULL,NULL,NULL,NULL,NULL,NULL,NULL,NULL,NULL,NULL,NULL,NULL,NULL,NULL,NULL,NULL,NULL,NULL,NULL,NULL,NULL,NULL,NULL,NULL,NULL,NULL,NULL,NULL,NULL,NULL,NULL,NULL,NULL,NULL,NULL,NULL,NULL,NULL,NULL,NULL,NULL,NULL,NULL,NULL,NULL,NULL,NULL,NULL,NULL,NULL,NULL,NULL,NULL,NULL,NULL,NULL,NULL,NULL,NULL,NULL,NULL,NULL,NULL,NULL,NULL,NULL,NULL,NULL,NULL,NULL,NULL,NULL,NULL,NULL,NULL,NULL,NULL,NULL,NULL,NULL,NULL,NULL,NULL,NULL,NULL,NULL,NULL,NULL,NULL,NULL,NULL,NULL,NULL,NULL,NULL,NULL,NULL,NULL,NULL,NULL,NULL,NULL,NULL,NULL,NULL,NULL,NULL,NULL,NULL,NULL,NULL,NULL,NULL,NULL,NULL,NULL,NULL,NULL,NULL,NULL,NULL,NULL,NULL,NULL,NULL,NULL,NULL,NULL,NULL,NULL,NULL,NULL,NULL,NULL,NULL,NULL,NULL,NULL,NULL,NULL,NULL,NULL,NULL,NULL,NULL,NULL,NULL,NULL,NULL,NULL,NULL,NULL,NULL,NULL,NULL,NULL,NULL,NULL,NULL,NULL,NULL,NULL,NULL,NULL,NULL,NULL,NULL,NULL,NULL,NULL,NULL,NULL,NULL,NULL,NULL,NULL,NULL,NULL,NULL,NULL,NULL,NULL,NULL,NULL,NULL,NULL,NULL,NULL,NULL,NULL,NULL,NULL,NULL,NULL,NULL,NULL,NULL,NULL,NULL,NULL,NULL,NULL,NULL,NULL,NULL,NULL,NULL,NULL,NULL,NULL,NULL,NULL,NULL,NULL,NULL,NULL,NULL,NULL,NULL,NULL,NULL,NULL,NULL,NULL,NULL,NULL,NULL,NULL,NULL),(47,NULL,NULL,NULL,NULL,NULL,NULL,NULL,NULL,NULL,NULL,NULL,NULL,NULL,NULL,NULL,NULL,NULL,NULL,NULL,NULL,NULL,NULL,NULL,NULL,NULL,NULL,NULL,NULL,NULL,NULL,NULL,NULL,NULL,NULL,NULL,NULL,NULL,NULL,NULL,NULL,NULL,NULL,NULL,NULL,NULL,NULL,NULL,NULL,NULL,NULL,NULL,NULL,NULL,NULL,NULL,NULL,NULL,NULL,NULL,NULL,NULL,NULL,NULL,NULL,NULL,NULL,NULL,NULL,NULL,NULL,NULL,NULL,NULL,NULL,NULL,NULL,NULL,NULL,NULL,NULL,NULL,NULL,NULL,NULL,NULL,NULL,NULL,NULL,NULL,NULL,NULL,NULL,NULL,NULL,NULL,NULL,NULL,NULL,NULL,NULL,NULL,NULL,NULL,NULL,NULL,NULL,NULL,NULL,NULL,NULL,NULL,NULL,NULL,NULL,NULL,NULL,NULL,NULL,NULL,NULL,NULL,NULL,NULL,NULL,NULL,NULL,NULL,NULL,NULL,NULL,NULL,NULL,NULL,NULL,NULL,NULL,NULL,NULL,NULL,NULL,NULL,NULL,NULL,NULL,NULL,NULL,NULL,NULL,NULL,NULL,NULL,NULL,NULL,NULL,NULL,NULL,NULL,NULL,NULL,NULL,NULL,NULL,NULL,NULL,NULL,NULL,NULL,NULL,NULL,NULL,NULL,NULL,NULL,NULL,NULL,NULL,NULL,NULL,NULL,NULL,NULL,NULL,NULL,NULL,NULL,NULL,NULL,NULL,NULL,NULL,NULL,NULL,NULL,NULL,NULL,NULL,NULL,NULL,NULL,NULL,NULL,NULL,NULL,NULL,NULL,NULL,NULL,NULL,NULL,NULL,NULL,NULL,NULL,NULL,NULL,NULL,NULL,NULL,NULL,NULL,NULL,NULL,NULL,NULL,NULL,NULL,NULL,NULL,NULL,NULL,NULL,NULL,NULL,NULL,NULL,NULL,NULL,NULL,NULL,NULL,NULL,NULL,NULL,NULL,NULL,NULL,NULL,NULL,NULL,NULL,NULL,NULL,NULL,NULL,NULL,NULL,NULL,NULL,NULL,NULL,NULL,NULL,NULL,NULL,NULL,NULL,NULL,NULL,NULL,NULL,NULL,NULL,NULL,NULL,NULL,NULL,NULL,NULL,NULL,NULL,NULL,NULL,NULL,NULL,NULL,NULL,NULL,NULL,NULL,NULL,NULL,NULL,NULL,NULL,NULL,NULL,NULL,NULL,NULL,NULL,NULL,NULL,NULL,NULL,NULL,NULL,NULL,NULL,NULL,NULL,NULL,NULL,NULL,NULL,NULL,NULL,NULL,NULL,NULL,NULL,NULL,NULL,NULL,NULL),(48,NULL,NULL,NULL,NULL,NULL,NULL,NULL,NULL,NULL,NULL,NULL,NULL,NULL,NULL,NULL,NULL,NULL,NULL,NULL,NULL,NULL,NULL,NULL,NULL,NULL,NULL,NULL,NULL,NULL,NULL,NULL,NULL,NULL,NULL,NULL,NULL,NULL,NULL,NULL,NULL,NULL,NULL,NULL,NULL,NULL,NULL,NULL,NULL,NULL,NULL,NULL,NULL,NULL,NULL,NULL,NULL,NULL,NULL,NULL,NULL,NULL,NULL,NULL,NULL,NULL,NULL,NULL,NULL,NULL,NULL,NULL,NULL,NULL,NULL,NULL,NULL,NULL,NULL,NULL,NULL,NULL,NULL,NULL,NULL,NULL,NULL,NULL,NULL,NULL,NULL,NULL,NULL,NULL,NULL,NULL,NULL,NULL,NULL,NULL,NULL,NULL,NULL,NULL,NULL,NULL,NULL,NULL,NULL,NULL,NULL,NULL,NULL,NULL,NULL,NULL,NULL,NULL,NULL,NULL,NULL,NULL,NULL,NULL,NULL,NULL,NULL,NULL,NULL,NULL,NULL,NULL,NULL,NULL,NULL,NULL,NULL,NULL,NULL,NULL,NULL,NULL,NULL,NULL,NULL,NULL,NULL,NULL,NULL,NULL,NULL,NULL,NULL,NULL,NULL,NULL,NULL,NULL,NULL,NULL,NULL,NULL,NULL,NULL,NULL,NULL,NULL,NULL,NULL,NULL,NULL,NULL,NULL,NULL,NULL,NULL,NULL,NULL,NULL,NULL,NULL,NULL,NULL,NULL,NULL,NULL,NULL,NULL,NULL,NULL,NULL,NULL,NULL,NULL,NULL,NULL,NULL,NULL,NULL,NULL,NULL,NULL,NULL,NULL,NULL,NULL,NULL,NULL,NULL,NULL,NULL,NULL,NULL,NULL,NULL,NULL,NULL,NULL,NULL,NULL,NULL,NULL,NULL,NULL,NULL,NULL,NULL,NULL,NULL,NULL,NULL,NULL,NULL,NULL,NULL,NULL,NULL,NULL,NULL,NULL,NULL,NULL,NULL,NULL,NULL,NULL,NULL,NULL,NULL,NULL,NULL,NULL,NULL,NULL,NULL,NULL,NULL,NULL,NULL,NULL,NULL,NULL,NULL,NULL,NULL,NULL,NULL,NULL,NULL,NULL,NULL,NULL,NULL,NULL,NULL,NULL,NULL,NULL,NULL,NULL,NULL,NULL,NULL,NULL,NULL,NULL,NULL,NULL,NULL,NULL,NULL,NULL,NULL,NULL,NULL,NULL,NULL,NULL,NULL,NULL,NULL,NULL,NULL,NULL,NULL,NULL,NULL,NULL,NULL,NULL,NULL,NULL,NULL,NULL,NULL,NULL,NULL,NULL,NULL,NULL,NULL,NULL,NULL,NULL,NULL),(49,NULL,NULL,NULL,NULL,NULL,NULL,NULL,NULL,NULL,NULL,NULL,NULL,NULL,NULL,NULL,NULL,NULL,NULL,NULL,NULL,NULL,NULL,NULL,NULL,NULL,NULL,NULL,NULL,NULL,NULL,NULL,NULL,NULL,NULL,NULL,NULL,NULL,NULL,NULL,NULL,NULL,NULL,NULL,NULL,NULL,NULL,NULL,NULL,NULL,NULL,NULL,NULL,NULL,NULL,NULL,NULL,NULL,NULL,NULL,NULL,NULL,NULL,NULL,NULL,NULL,NULL,NULL,NULL,NULL,NULL,NULL,NULL,NULL,NULL,NULL,NULL,NULL,NULL,NULL,NULL,NULL,NULL,NULL,NULL,NULL,NULL,NULL,NULL,NULL,NULL,NULL,NULL,NULL,NULL,NULL,NULL,NULL,NULL,NULL,NULL,NULL,NULL,NULL,NULL,NULL,NULL,NULL,NULL,NULL,NULL,NULL,NULL,NULL,NULL,NULL,NULL,NULL,NULL,NULL,NULL,NULL,NULL,NULL,NULL,NULL,NULL,NULL,NULL,NULL,NULL,NULL,NULL,NULL,NULL,NULL,NULL,NULL,NULL,NULL,NULL,NULL,NULL,NULL,NULL,NULL,NULL,NULL,NULL,NULL,NULL,NULL,NULL,NULL,NULL,NULL,NULL,NULL,NULL,NULL,NULL,NULL,NULL,NULL,NULL,NULL,NULL,NULL,NULL,NULL,NULL,NULL,NULL,NULL,NULL,NULL,NULL,NULL,NULL,NULL,NULL,NULL,NULL,NULL,NULL,NULL,NULL,NULL,NULL,NULL,NULL,NULL,NULL,NULL,NULL,NULL,NULL,NULL,NULL,NULL,NULL,NULL,NULL,NULL,NULL,NULL,NULL,NULL,NULL,NULL,NULL,NULL,NULL,NULL,NULL,NULL,NULL,NULL,NULL,NULL,NULL,NULL,NULL,NULL,NULL,NULL,NULL,NULL,NULL,NULL,NULL,NULL,NULL,NULL,NULL,NULL,NULL,NULL,NULL,NULL,NULL,NULL,NULL,NULL,NULL,NULL,NULL,NULL,NULL,NULL,NULL,NULL,NULL,NULL,NULL,NULL,NULL,NULL,NULL,NULL,NULL,NULL,NULL,NULL,NULL,NULL,NULL,NULL,NULL,NULL,NULL,NULL,NULL,NULL,NULL,NULL,NULL,NULL,NULL,NULL,NULL,NULL,NULL,NULL,NULL,NULL,NULL,NULL,NULL,NULL,NULL,NULL,NULL,NULL,NULL,NULL,NULL,NULL,NULL,NULL,NULL,NULL,NULL,NULL,NULL,NULL,NULL,NULL,NULL,NULL,NULL,NULL,NULL,NULL,NULL,NULL,NULL,NULL,NULL,NULL,NULL,NULL,NULL,NULL,NULL),(50,NULL,NULL,NULL,NULL,NULL,NULL,NULL,NULL,NULL,NULL,NULL,NULL,NULL,NULL,NULL,NULL,NULL,NULL,NULL,NULL,NULL,NULL,NULL,NULL,NULL,NULL,NULL,NULL,NULL,NULL,NULL,NULL,NULL,NULL,NULL,NULL,NULL,NULL,NULL,NULL,NULL,NULL,NULL,NULL,NULL,NULL,NULL,NULL,NULL,NULL,NULL,NULL,NULL,NULL,NULL,NULL,NULL,NULL,NULL,NULL,NULL,NULL,NULL,NULL,NULL,NULL,NULL,NULL,NULL,NULL,NULL,NULL,NULL,NULL,NULL,NULL,NULL,NULL,NULL,NULL,NULL,NULL,NULL,NULL,NULL,NULL,NULL,NULL,NULL,NULL,NULL,NULL,NULL,NULL,NULL,NULL,NULL,NULL,NULL,NULL,NULL,NULL,NULL,NULL,NULL,NULL,NULL,NULL,NULL,NULL,NULL,NULL,NULL,NULL,NULL,NULL,NULL,NULL,NULL,NULL,NULL,NULL,NULL,NULL,NULL,NULL,NULL,NULL,NULL,NULL,NULL,NULL,NULL,NULL,NULL,NULL,NULL,NULL,NULL,NULL,NULL,NULL,NULL,NULL,NULL,NULL,NULL,NULL,NULL,NULL,NULL,NULL,NULL,NULL,NULL,NULL,NULL,NULL,NULL,NULL,NULL,NULL,NULL,NULL,NULL,NULL,NULL,NULL,NULL,NULL,NULL,NULL,NULL,NULL,NULL,NULL,NULL,NULL,NULL,NULL,NULL,NULL,NULL,NULL,NULL,NULL,NULL,NULL,NULL,NULL,NULL,NULL,NULL,NULL,NULL,NULL,NULL,NULL,NULL,NULL,NULL,NULL,NULL,NULL,NULL,NULL,NULL,NULL,NULL,NULL,NULL,NULL,NULL,NULL,NULL,NULL,NULL,NULL,NULL,NULL,NULL,NULL,NULL,NULL,NULL,NULL,NULL,NULL,NULL,NULL,NULL,NULL,NULL,NULL,NULL,NULL,NULL,NULL,NULL,NULL,NULL,NULL,NULL,NULL,NULL,NULL,NULL,NULL,NULL,NULL,NULL,NULL,NULL,NULL,NULL,NULL,NULL,NULL,NULL,NULL,NULL,NULL,NULL,NULL,NULL,NULL,NULL,NULL,NULL,NULL,NULL,NULL,NULL,NULL,NULL,NULL,NULL,NULL,NULL,NULL,NULL,NULL,NULL,NULL,NULL,NULL,NULL,NULL,NULL,NULL,NULL,NULL,NULL,NULL,NULL,NULL,NULL,NULL,NULL,NULL,NULL,NULL,NULL,NULL,NULL,NULL,NULL,NULL,NULL,NULL,NULL,NULL,NULL,NULL,NULL,NULL,NULL,NULL,NULL,NULL,NULL,NULL,NULL,NULL),(51,NULL,NULL,NULL,NULL,NULL,NULL,NULL,NULL,NULL,NULL,NULL,NULL,NULL,NULL,NULL,NULL,NULL,NULL,NULL,NULL,NULL,NULL,NULL,NULL,NULL,NULL,NULL,NULL,NULL,NULL,NULL,NULL,NULL,NULL,NULL,NULL,NULL,NULL,NULL,NULL,NULL,NULL,NULL,NULL,NULL,NULL,NULL,NULL,NULL,NULL,NULL,NULL,NULL,NULL,NULL,NULL,NULL,NULL,NULL,NULL,NULL,NULL,NULL,NULL,NULL,NULL,NULL,NULL,NULL,NULL,NULL,NULL,NULL,NULL,NULL,NULL,NULL,NULL,NULL,NULL,NULL,NULL,NULL,NULL,NULL,NULL,NULL,NULL,NULL,NULL,NULL,NULL,NULL,NULL,NULL,NULL,NULL,NULL,NULL,NULL,NULL,NULL,NULL,NULL,NULL,NULL,NULL,NULL,NULL,NULL,NULL,NULL,NULL,NULL,NULL,NULL,NULL,NULL,NULL,NULL,NULL,NULL,NULL,NULL,NULL,NULL,NULL,NULL,NULL,NULL,NULL,NULL,NULL,NULL,NULL,NULL,NULL,NULL,NULL,NULL,NULL,NULL,NULL,NULL,NULL,NULL,NULL,NULL,NULL,NULL,NULL,NULL,NULL,NULL,NULL,NULL,NULL,NULL,NULL,NULL,NULL,NULL,NULL,NULL,NULL,NULL,NULL,NULL,NULL,NULL,NULL,NULL,NULL,NULL,NULL,NULL,NULL,NULL,NULL,NULL,NULL,NULL,NULL,NULL,NULL,NULL,NULL,NULL,NULL,NULL,NULL,NULL,NULL,NULL,NULL,NULL,NULL,NULL,NULL,NULL,NULL,NULL,NULL,NULL,NULL,NULL,NULL,NULL,NULL,NULL,NULL,NULL,NULL,NULL,NULL,NULL,NULL,NULL,NULL,NULL,NULL,NULL,NULL,NULL,NULL,NULL,NULL,NULL,NULL,NULL,NULL,NULL,NULL,NULL,NULL,NULL,NULL,NULL,NULL,NULL,NULL,NULL,NULL,NULL,NULL,NULL,NULL,NULL,NULL,NULL,NULL,NULL,NULL,NULL,NULL,NULL,NULL,NULL,NULL,NULL,NULL,NULL,NULL,NULL,NULL,NULL,NULL,NULL,NULL,NULL,NULL,NULL,NULL,NULL,NULL,NULL,NULL,NULL,NULL,NULL,NULL,NULL,NULL,NULL,NULL,NULL,NULL,NULL,NULL,NULL,NULL,NULL,NULL,NULL,NULL,NULL,NULL,NULL,NULL,NULL,NULL,NULL,NULL,NULL,NULL,NULL,NULL,NULL,NULL,NULL,NULL,NULL,NULL,NULL,NULL,NULL,NULL,NULL,NULL,NULL,NULL,NULL,NULL,NULL),(52,NULL,NULL,NULL,NULL,NULL,NULL,NULL,NULL,NULL,NULL,NULL,NULL,NULL,NULL,NULL,NULL,NULL,NULL,NULL,NULL,NULL,NULL,NULL,NULL,NULL,NULL,NULL,NULL,NULL,NULL,NULL,NULL,NULL,NULL,NULL,NULL,NULL,NULL,NULL,NULL,NULL,NULL,NULL,NULL,NULL,NULL,NULL,NULL,NULL,NULL,NULL,NULL,NULL,NULL,NULL,NULL,NULL,NULL,NULL,NULL,NULL,NULL,NULL,NULL,NULL,NULL,NULL,NULL,NULL,NULL,NULL,NULL,NULL,NULL,NULL,NULL,NULL,NULL,NULL,NULL,NULL,NULL,NULL,NULL,NULL,NULL,NULL,NULL,NULL,NULL,NULL,NULL,NULL,NULL,NULL,NULL,NULL,NULL,NULL,NULL,NULL,NULL,NULL,NULL,NULL,NULL,NULL,NULL,NULL,NULL,NULL,NULL,NULL,NULL,NULL,NULL,NULL,NULL,NULL,NULL,NULL,NULL,NULL,NULL,NULL,NULL,NULL,NULL,NULL,NULL,NULL,NULL,NULL,NULL,NULL,NULL,NULL,NULL,NULL,NULL,NULL,NULL,NULL,NULL,NULL,NULL,NULL,NULL,NULL,NULL,NULL,NULL,NULL,NULL,NULL,NULL,NULL,NULL,NULL,NULL,NULL,NULL,NULL,NULL,NULL,NULL,NULL,NULL,NULL,NULL,NULL,NULL,NULL,NULL,NULL,NULL,NULL,NULL,NULL,NULL,NULL,NULL,NULL,NULL,NULL,NULL,NULL,NULL,NULL,NULL,NULL,NULL,NULL,NULL,NULL,NULL,NULL,NULL,NULL,NULL,NULL,NULL,NULL,NULL,NULL,NULL,NULL,NULL,NULL,NULL,NULL,NULL,NULL,NULL,NULL,NULL,NULL,NULL,NULL,NULL,NULL,NULL,NULL,NULL,NULL,NULL,NULL,NULL,NULL,NULL,NULL,NULL,NULL,NULL,NULL,NULL,NULL,NULL,NULL,NULL,NULL,NULL,NULL,NULL,NULL,NULL,NULL,NULL,NULL,NULL,NULL,NULL,NULL,NULL,NULL,NULL,NULL,NULL,NULL,NULL,NULL,NULL,NULL,NULL,NULL,NULL,NULL,NULL,NULL,NULL,NULL,NULL,NULL,NULL,NULL,NULL,NULL,NULL,NULL,NULL,NULL,NULL,NULL,NULL,NULL,NULL,NULL,NULL,NULL,NULL,NULL,NULL,NULL,NULL,NULL,NULL,NULL,NULL,NULL,NULL,NULL,NULL,NULL,NULL,NULL,NULL,NULL,NULL,NULL,NULL,NULL,NULL,NULL,NULL,NULL,NULL,NULL,NULL,NULL,NULL,NULL,NULL,NULL,NULL),(53,NULL,NULL,NULL,NULL,NULL,NULL,NULL,NULL,NULL,NULL,NULL,NULL,NULL,NULL,NULL,NULL,NULL,NULL,NULL,NULL,NULL,NULL,NULL,NULL,NULL,NULL,NULL,NULL,NULL,NULL,NULL,NULL,NULL,NULL,NULL,NULL,NULL,NULL,NULL,NULL,NULL,NULL,NULL,NULL,NULL,NULL,NULL,NULL,NULL,NULL,NULL,NULL,NULL,NULL,NULL,NULL,NULL,NULL,NULL,NULL,NULL,NULL,NULL,NULL,NULL,NULL,NULL,NULL,NULL,NULL,NULL,NULL,NULL,NULL,NULL,NULL,NULL,NULL,NULL,NULL,NULL,NULL,NULL,NULL,NULL,NULL,NULL,NULL,NULL,NULL,NULL,NULL,NULL,NULL,NULL,NULL,NULL,NULL,NULL,NULL,NULL,NULL,NULL,NULL,NULL,NULL,NULL,NULL,NULL,NULL,NULL,NULL,NULL,NULL,NULL,NULL,NULL,NULL,NULL,NULL,NULL,NULL,NULL,NULL,NULL,NULL,NULL,NULL,NULL,NULL,NULL,NULL,NULL,NULL,NULL,NULL,NULL,NULL,NULL,NULL,NULL,NULL,NULL,NULL,NULL,NULL,NULL,NULL,NULL,NULL,NULL,NULL,NULL,NULL,NULL,NULL,NULL,NULL,NULL,NULL,NULL,NULL,NULL,NULL,NULL,NULL,NULL,NULL,NULL,NULL,NULL,NULL,NULL,NULL,NULL,NULL,NULL,NULL,NULL,NULL,NULL,NULL,NULL,NULL,NULL,NULL,NULL,NULL,NULL,NULL,NULL,NULL,NULL,NULL,NULL,NULL,NULL,NULL,NULL,NULL,NULL,NULL,NULL,NULL,NULL,NULL,NULL,NULL,NULL,NULL,NULL,NULL,NULL,NULL,NULL,NULL,NULL,NULL,NULL,NULL,NULL,NULL,NULL,NULL,NULL,NULL,NULL,NULL,NULL,NULL,NULL,NULL,NULL,NULL,NULL,NULL,NULL,NULL,NULL,NULL,NULL,NULL,NULL,NULL,NULL,NULL,NULL,NULL,NULL,NULL,NULL,NULL,NULL,NULL,NULL,NULL,NULL,NULL,NULL,NULL,NULL,NULL,NULL,NULL,NULL,NULL,NULL,NULL,NULL,NULL,NULL,NULL,NULL,NULL,NULL,NULL,NULL,NULL,NULL,NULL,NULL,NULL,NULL,NULL,NULL,NULL,NULL,NULL,NULL,NULL,NULL,NULL,NULL,NULL,NULL,NULL,NULL,NULL,NULL,NULL,NULL,NULL,NULL,NULL,NULL,NULL,NULL,NULL,NULL,NULL,NULL,NULL,NULL,NULL,NULL,NULL,NULL,NULL,NULL,NULL,NULL,NULL,NULL,NULL),(54,NULL,NULL,NULL,NULL,NULL,NULL,NULL,NULL,NULL,NULL,NULL,NULL,NULL,NULL,NULL,NULL,NULL,NULL,NULL,NULL,NULL,NULL,NULL,NULL,NULL,NULL,NULL,NULL,NULL,NULL,NULL,NULL,NULL,NULL,NULL,NULL,NULL,NULL,NULL,NULL,NULL,NULL,NULL,NULL,NULL,NULL,NULL,NULL,NULL,NULL,NULL,NULL,NULL,NULL,NULL,NULL,NULL,NULL,NULL,NULL,NULL,NULL,NULL,NULL,NULL,NULL,NULL,NULL,NULL,NULL,NULL,NULL,NULL,NULL,NULL,NULL,NULL,NULL,NULL,NULL,NULL,NULL,NULL,NULL,NULL,NULL,NULL,NULL,NULL,NULL,NULL,NULL,NULL,NULL,NULL,NULL,NULL,NULL,NULL,NULL,NULL,NULL,NULL,NULL,NULL,NULL,NULL,NULL,NULL,NULL,NULL,NULL,NULL,NULL,NULL,NULL,NULL,NULL,NULL,NULL,NULL,NULL,NULL,NULL,NULL,NULL,NULL,NULL,NULL,NULL,NULL,NULL,NULL,NULL,NULL,NULL,NULL,NULL,NULL,NULL,NULL,NULL,NULL,NULL,NULL,NULL,NULL,NULL,NULL,NULL,NULL,NULL,NULL,NULL,NULL,NULL,NULL,NULL,NULL,NULL,NULL,NULL,NULL,NULL,NULL,NULL,NULL,NULL,NULL,NULL,NULL,NULL,NULL,NULL,NULL,NULL,NULL,NULL,NULL,NULL,NULL,NULL,NULL,NULL,NULL,NULL,NULL,NULL,NULL,NULL,NULL,NULL,NULL,NULL,NULL,NULL,NULL,NULL,NULL,NULL,NULL,NULL,NULL,NULL,NULL,NULL,NULL,NULL,NULL,NULL,NULL,NULL,NULL,NULL,NULL,NULL,NULL,NULL,NULL,NULL,NULL,NULL,NULL,NULL,NULL,NULL,NULL,NULL,NULL,NULL,NULL,NULL,NULL,NULL,NULL,NULL,NULL,NULL,NULL,NULL,NULL,NULL,NULL,NULL,NULL,NULL,NULL,NULL,NULL,NULL,NULL,NULL,NULL,NULL,NULL,NULL,NULL,NULL,NULL,NULL,NULL,NULL,NULL,NULL,NULL,NULL,NULL,NULL,NULL,NULL,NULL,NULL,NULL,NULL,NULL,NULL,NULL,NULL,NULL,NULL,NULL,NULL,NULL,NULL,NULL,NULL,NULL,NULL,NULL,NULL,NULL,NULL,NULL,NULL,NULL,NULL,NULL,NULL,NULL,NULL,NULL,NULL,NULL,NULL,NULL,NULL,NULL,NULL,NULL,NULL,NULL,NULL,NULL,NULL,NULL,NULL,NULL,NULL,NULL,NULL,NULL,NULL,NULL,NULL),(55,NULL,NULL,NULL,NULL,NULL,NULL,NULL,NULL,NULL,NULL,NULL,NULL,NULL,NULL,NULL,NULL,NULL,NULL,NULL,NULL,NULL,NULL,NULL,NULL,NULL,NULL,NULL,NULL,NULL,NULL,NULL,NULL,NULL,NULL,NULL,NULL,NULL,NULL,NULL,NULL,NULL,NULL,NULL,NULL,NULL,NULL,NULL,NULL,NULL,NULL,NULL,NULL,NULL,NULL,NULL,NULL,NULL,NULL,NULL,NULL,NULL,NULL,NULL,NULL,NULL,NULL,NULL,NULL,NULL,NULL,NULL,NULL,NULL,NULL,NULL,NULL,NULL,NULL,NULL,NULL,NULL,NULL,NULL,NULL,NULL,NULL,NULL,NULL,NULL,NULL,NULL,NULL,NULL,NULL,NULL,NULL,NULL,NULL,NULL,NULL,NULL,NULL,NULL,NULL,NULL,NULL,NULL,NULL,NULL,NULL,NULL,NULL,NULL,NULL,NULL,NULL,NULL,NULL,NULL,NULL,NULL,NULL,NULL,NULL,NULL,NULL,NULL,NULL,NULL,NULL,NULL,NULL,NULL,NULL,NULL,NULL,NULL,NULL,NULL,NULL,NULL,NULL,NULL,NULL,NULL,NULL,NULL,NULL,NULL,NULL,NULL,NULL,NULL,NULL,NULL,NULL,NULL,NULL,NULL,NULL,NULL,NULL,NULL,NULL,NULL,NULL,NULL,NULL,NULL,NULL,NULL,NULL,NULL,NULL,NULL,NULL,NULL,NULL,NULL,NULL,NULL,NULL,NULL,NULL,NULL,NULL,NULL,NULL,NULL,NULL,NULL,NULL,NULL,NULL,NULL,NULL,NULL,NULL,NULL,NULL,NULL,NULL,NULL,NULL,NULL,NULL,NULL,NULL,NULL,NULL,NULL,NULL,NULL,NULL,NULL,NULL,NULL,NULL,NULL,NULL,NULL,NULL,NULL,NULL,NULL,NULL,NULL,NULL,NULL,NULL,NULL,NULL,NULL,NULL,NULL,NULL,NULL,NULL,NULL,NULL,NULL,NULL,NULL,NULL,NULL,NULL,NULL,NULL,NULL,NULL,NULL,NULL,NULL,NULL,NULL,NULL,NULL,NULL,NULL,NULL,NULL,NULL,NULL,NULL,NULL,NULL,NULL,NULL,NULL,NULL,NULL,NULL,NULL,NULL,NULL,NULL,NULL,NULL,NULL,NULL,NULL,NULL,NULL,NULL,NULL,NULL,NULL,NULL,NULL,NULL,NULL,NULL,NULL,NULL,NULL,NULL,NULL,NULL,NULL,NULL,NULL,NULL,NULL,NULL,NULL,NULL,NULL,NULL,NULL,NULL,NULL,NULL,NULL,NULL,NULL,NULL,NULL,NULL,NULL,NULL,NULL,NULL,NULL,NULL),(56,NULL,NULL,NULL,NULL,NULL,NULL,NULL,NULL,NULL,NULL,NULL,NULL,NULL,NULL,NULL,NULL,NULL,NULL,NULL,NULL,NULL,NULL,NULL,NULL,NULL,NULL,NULL,NULL,NULL,NULL,NULL,NULL,NULL,NULL,NULL,NULL,NULL,NULL,NULL,NULL,NULL,NULL,NULL,NULL,NULL,NULL,NULL,NULL,NULL,NULL,NULL,NULL,NULL,NULL,NULL,NULL,NULL,NULL,NULL,NULL,NULL,NULL,NULL,NULL,NULL,NULL,NULL,NULL,NULL,NULL,NULL,NULL,NULL,NULL,NULL,NULL,NULL,NULL,NULL,NULL,NULL,NULL,NULL,NULL,NULL,NULL,NULL,NULL,NULL,NULL,NULL,NULL,NULL,NULL,NULL,NULL,NULL,NULL,NULL,NULL,NULL,NULL,NULL,NULL,NULL,NULL,NULL,NULL,NULL,NULL,NULL,NULL,NULL,NULL,NULL,NULL,NULL,NULL,NULL,NULL,NULL,NULL,NULL,NULL,NULL,NULL,NULL,NULL,NULL,NULL,NULL,NULL,NULL,NULL,NULL,NULL,NULL,NULL,NULL,NULL,NULL,NULL,NULL,NULL,NULL,NULL,NULL,NULL,NULL,NULL,NULL,NULL,NULL,NULL,NULL,NULL,NULL,NULL,NULL,NULL,NULL,NULL,NULL,NULL,NULL,NULL,NULL,NULL,NULL,NULL,NULL,NULL,NULL,NULL,NULL,NULL,NULL,NULL,NULL,NULL,NULL,NULL,NULL,NULL,NULL,NULL,NULL,NULL,NULL,NULL,NULL,NULL,NULL,NULL,NULL,NULL,NULL,NULL,NULL,NULL,NULL,NULL,NULL,NULL,NULL,NULL,NULL,NULL,NULL,NULL,NULL,NULL,NULL,NULL,NULL,NULL,NULL,NULL,NULL,NULL,NULL,NULL,NULL,NULL,NULL,NULL,NULL,NULL,NULL,NULL,NULL,NULL,NULL,NULL,NULL,NULL,NULL,NULL,NULL,NULL,NULL,NULL,NULL,NULL,NULL,NULL,NULL,NULL,NULL,NULL,NULL,NULL,NULL,NULL,NULL,NULL,NULL,NULL,NULL,NULL,NULL,NULL,NULL,NULL,NULL,NULL,NULL,NULL,NULL,NULL,NULL,NULL,NULL,NULL,NULL,NULL,NULL,NULL,NULL,NULL,NULL,NULL,NULL,NULL,NULL,NULL,NULL,NULL,NULL,NULL,NULL,NULL,NULL,NULL,NULL,NULL,NULL,NULL,NULL,NULL,NULL,NULL,NULL,NULL,NULL,NULL,NULL,NULL,NULL,NULL,NULL,NULL,NULL,NULL,NULL,NULL,NULL,NULL,NULL,NULL,NULL,NULL,NULL,NULL),(57,NULL,NULL,NULL,NULL,NULL,NULL,NULL,NULL,NULL,NULL,NULL,NULL,NULL,NULL,NULL,NULL,NULL,NULL,NULL,NULL,NULL,NULL,NULL,NULL,NULL,NULL,NULL,NULL,NULL,NULL,NULL,NULL,NULL,NULL,NULL,NULL,NULL,NULL,NULL,NULL,NULL,NULL,NULL,NULL,NULL,NULL,NULL,NULL,NULL,NULL,NULL,NULL,NULL,NULL,NULL,NULL,NULL,NULL,NULL,NULL,NULL,NULL,NULL,NULL,NULL,NULL,NULL,NULL,NULL,NULL,NULL,NULL,NULL,NULL,NULL,NULL,NULL,NULL,NULL,NULL,NULL,NULL,NULL,NULL,NULL,NULL,NULL,NULL,NULL,NULL,NULL,NULL,NULL,NULL,NULL,NULL,NULL,NULL,NULL,NULL,NULL,NULL,NULL,NULL,NULL,NULL,NULL,NULL,NULL,NULL,NULL,NULL,NULL,NULL,NULL,NULL,NULL,NULL,NULL,NULL,NULL,NULL,NULL,NULL,NULL,NULL,NULL,NULL,NULL,NULL,NULL,NULL,NULL,NULL,NULL,NULL,NULL,NULL,NULL,NULL,NULL,NULL,NULL,NULL,NULL,NULL,NULL,NULL,NULL,NULL,NULL,NULL,NULL,NULL,NULL,NULL,NULL,NULL,NULL,NULL,NULL,NULL,NULL,NULL,NULL,NULL,NULL,NULL,NULL,NULL,NULL,NULL,NULL,NULL,NULL,NULL,NULL,NULL,NULL,NULL,NULL,NULL,NULL,NULL,NULL,NULL,NULL,NULL,NULL,NULL,NULL,NULL,NULL,NULL,NULL,NULL,NULL,NULL,NULL,NULL,NULL,NULL,NULL,NULL,NULL,NULL,NULL,NULL,NULL,NULL,NULL,NULL,NULL,NULL,NULL,NULL,NULL,NULL,NULL,NULL,NULL,NULL,NULL,NULL,NULL,NULL,NULL,NULL,NULL,NULL,NULL,NULL,NULL,NULL,NULL,NULL,NULL,NULL,NULL,NULL,NULL,NULL,NULL,NULL,NULL,NULL,NULL,NULL,NULL,NULL,NULL,NULL,NULL,NULL,NULL,NULL,NULL,NULL,NULL,NULL,NULL,NULL,NULL,NULL,NULL,NULL,NULL,NULL,NULL,NULL,NULL,NULL,NULL,NULL,NULL,NULL,NULL,NULL,NULL,NULL,NULL,NULL,NULL,NULL,NULL,NULL,NULL,NULL,NULL,NULL,NULL,NULL,NULL,NULL,NULL,NULL,NULL,NULL,NULL,NULL,NULL,NULL,NULL,NULL,NULL,NULL,NULL,NULL,NULL,NULL,NULL,NULL,NULL,NULL,NULL,NULL,NULL,NULL,NULL,NULL,NULL,NULL,NULL,NULL),(58,NULL,NULL,NULL,NULL,NULL,NULL,NULL,NULL,NULL,NULL,NULL,NULL,NULL,NULL,NULL,NULL,NULL,NULL,NULL,NULL,NULL,NULL,NULL,NULL,NULL,NULL,NULL,NULL,NULL,NULL,NULL,NULL,NULL,NULL,NULL,NULL,NULL,NULL,NULL,NULL,NULL,NULL,NULL,NULL,NULL,NULL,NULL,NULL,NULL,NULL,NULL,NULL,NULL,NULL,NULL,NULL,NULL,NULL,NULL,NULL,NULL,NULL,NULL,NULL,NULL,NULL,NULL,NULL,NULL,NULL,NULL,NULL,NULL,NULL,NULL,NULL,NULL,NULL,NULL,NULL,NULL,NULL,NULL,NULL,NULL,NULL,NULL,NULL,NULL,NULL,NULL,NULL,NULL,NULL,NULL,NULL,NULL,NULL,NULL,NULL,NULL,NULL,NULL,NULL,NULL,NULL,NULL,NULL,NULL,NULL,NULL,NULL,NULL,NULL,NULL,NULL,NULL,NULL,NULL,NULL,NULL,NULL,NULL,NULL,NULL,NULL,NULL,NULL,NULL,NULL,NULL,NULL,NULL,NULL,NULL,NULL,NULL,NULL,NULL,NULL,NULL,NULL,NULL,NULL,NULL,NULL,NULL,NULL,NULL,NULL,NULL,NULL,NULL,NULL,NULL,NULL,NULL,NULL,NULL,NULL,NULL,NULL,NULL,NULL,NULL,NULL,NULL,NULL,NULL,NULL,NULL,NULL,NULL,NULL,NULL,NULL,NULL,NULL,NULL,NULL,NULL,NULL,NULL,NULL,NULL,NULL,NULL,NULL,NULL,NULL,NULL,NULL,NULL,NULL,NULL,NULL,NULL,NULL,NULL,NULL,NULL,NULL,NULL,NULL,NULL,NULL,NULL,NULL,NULL,NULL,NULL,NULL,NULL,NULL,NULL,NULL,NULL,NULL,NULL,NULL,NULL,NULL,NULL,NULL,NULL,NULL,NULL,NULL,NULL,NULL,NULL,NULL,NULL,NULL,NULL,NULL,NULL,NULL,NULL,NULL,NULL,NULL,NULL,NULL,NULL,NULL,NULL,NULL,NULL,NULL,NULL,NULL,NULL,NULL,NULL,NULL,NULL,NULL,NULL,NULL,NULL,NULL,NULL,NULL,NULL,NULL,NULL,NULL,NULL,NULL,NULL,NULL,NULL,NULL,NULL,NULL,NULL,NULL,NULL,NULL,NULL,NULL,NULL,NULL,NULL,NULL,NULL,NULL,NULL,NULL,NULL,NULL,NULL,NULL,NULL,NULL,NULL,NULL,NULL,NULL,NULL,NULL,NULL,NULL,NULL,NULL,NULL,NULL,NULL,NULL,NULL,NULL,NULL,NULL,NULL,NULL,NULL,NULL,NULL,NULL,NULL,NULL,NULL,NULL),(59,NULL,NULL,NULL,NULL,NULL,NULL,NULL,NULL,NULL,NULL,NULL,NULL,NULL,NULL,NULL,NULL,NULL,NULL,NULL,NULL,NULL,NULL,NULL,NULL,NULL,NULL,NULL,NULL,NULL,NULL,NULL,NULL,NULL,NULL,NULL,NULL,NULL,NULL,NULL,NULL,NULL,NULL,NULL,NULL,NULL,NULL,NULL,NULL,NULL,NULL,NULL,NULL,NULL,NULL,NULL,NULL,NULL,NULL,NULL,NULL,NULL,NULL,NULL,NULL,NULL,NULL,NULL,NULL,NULL,NULL,NULL,NULL,NULL,NULL,NULL,NULL,NULL,NULL,NULL,NULL,NULL,NULL,NULL,NULL,NULL,NULL,NULL,NULL,NULL,NULL,NULL,NULL,NULL,NULL,NULL,NULL,NULL,NULL,NULL,NULL,NULL,NULL,NULL,NULL,NULL,NULL,NULL,NULL,NULL,NULL,NULL,NULL,NULL,NULL,NULL,NULL,NULL,NULL,NULL,NULL,NULL,NULL,NULL,NULL,NULL,NULL,NULL,NULL,NULL,NULL,NULL,NULL,NULL,NULL,NULL,NULL,NULL,NULL,NULL,NULL,NULL,NULL,NULL,NULL,NULL,NULL,NULL,NULL,NULL,NULL,NULL,NULL,NULL,NULL,NULL,NULL,NULL,NULL,NULL,NULL,NULL,NULL,NULL,NULL,NULL,NULL,NULL,NULL,NULL,NULL,NULL,NULL,NULL,NULL,NULL,NULL,NULL,NULL,NULL,NULL,NULL,NULL,NULL,NULL,NULL,NULL,NULL,NULL,NULL,NULL,NULL,NULL,NULL,NULL,NULL,NULL,NULL,NULL,NULL,NULL,NULL,NULL,NULL,NULL,NULL,NULL,NULL,NULL,NULL,NULL,NULL,NULL,NULL,NULL,NULL,NULL,NULL,NULL,NULL,NULL,NULL,NULL,NULL,NULL,NULL,NULL,NULL,NULL,NULL,NULL,NULL,NULL,NULL,NULL,NULL,NULL,NULL,NULL,NULL,NULL,NULL,NULL,NULL,NULL,NULL,NULL,NULL,NULL,NULL,NULL,NULL,NULL,NULL,NULL,NULL,NULL,NULL,NULL,NULL,NULL,NULL,NULL,NULL,NULL,NULL,NULL,NULL,NULL,NULL,NULL,NULL,NULL,NULL,NULL,NULL,NULL,NULL,NULL,NULL,NULL,NULL,NULL,NULL,NULL,NULL,NULL,NULL,NULL,NULL,NULL,NULL,NULL,NULL,NULL,NULL,NULL,NULL,NULL,NULL,NULL,NULL,NULL,NULL,NULL,NULL,NULL,NULL,NULL,NULL,NULL,NULL,NULL,NULL,NULL,NULL,NULL,NULL,NULL,NULL,NULL,NULL,NULL,NULL,NULL),(60,NULL,NULL,NULL,NULL,NULL,NULL,NULL,NULL,NULL,NULL,NULL,NULL,NULL,NULL,NULL,NULL,NULL,NULL,NULL,NULL,NULL,NULL,NULL,NULL,NULL,NULL,NULL,NULL,NULL,NULL,NULL,NULL,NULL,NULL,NULL,NULL,NULL,NULL,NULL,NULL,NULL,NULL,NULL,NULL,NULL,NULL,NULL,NULL,NULL,NULL,NULL,NULL,NULL,NULL,NULL,NULL,NULL,NULL,NULL,NULL,NULL,NULL,NULL,NULL,NULL,NULL,NULL,NULL,NULL,NULL,NULL,NULL,NULL,NULL,NULL,NULL,NULL,NULL,NULL,NULL,NULL,NULL,NULL,NULL,NULL,NULL,NULL,NULL,NULL,NULL,NULL,NULL,NULL,NULL,NULL,NULL,NULL,NULL,NULL,NULL,NULL,NULL,NULL,NULL,NULL,NULL,NULL,NULL,NULL,NULL,NULL,NULL,NULL,NULL,NULL,NULL,NULL,NULL,NULL,NULL,NULL,NULL,NULL,NULL,NULL,NULL,NULL,NULL,NULL,NULL,NULL,NULL,NULL,NULL,NULL,NULL,NULL,NULL,NULL,NULL,NULL,NULL,NULL,NULL,NULL,NULL,NULL,NULL,NULL,NULL,NULL,NULL,NULL,NULL,NULL,NULL,NULL,NULL,NULL,NULL,NULL,NULL,NULL,NULL,NULL,NULL,NULL,NULL,NULL,NULL,NULL,NULL,NULL,NULL,NULL,NULL,NULL,NULL,NULL,NULL,NULL,NULL,NULL,NULL,NULL,NULL,NULL,NULL,NULL,NULL,NULL,NULL,NULL,NULL,NULL,NULL,NULL,NULL,NULL,NULL,NULL,NULL,NULL,NULL,NULL,NULL,NULL,NULL,NULL,NULL,NULL,NULL,NULL,NULL,NULL,NULL,NULL,NULL,NULL,NULL,NULL,NULL,NULL,NULL,NULL,NULL,NULL,NULL,NULL,NULL,NULL,NULL,NULL,NULL,NULL,NULL,NULL,NULL,NULL,NULL,NULL,NULL,NULL,NULL,NULL,NULL,NULL,NULL,NULL,NULL,NULL,NULL,NULL,NULL,NULL,NULL,NULL,NULL,NULL,NULL,NULL,NULL,NULL,NULL,NULL,NULL,NULL,NULL,NULL,NULL,NULL,NULL,NULL,NULL,NULL,NULL,NULL,NULL,NULL,NULL,NULL,NULL,NULL,NULL,NULL,NULL,NULL,NULL,NULL,NULL,NULL,NULL,NULL,NULL,NULL,NULL,NULL,NULL,NULL,NULL,NULL,NULL,NULL,NULL,NULL,NULL,NULL,NULL,NULL,NULL,NULL,NULL,NULL,NULL,NULL,NULL,NULL,NULL,NULL,NULL,NULL,NULL,NULL,NULL),(61,NULL,NULL,NULL,NULL,NULL,NULL,NULL,NULL,NULL,NULL,NULL,NULL,NULL,NULL,NULL,NULL,NULL,NULL,NULL,NULL,NULL,NULL,NULL,NULL,NULL,NULL,NULL,NULL,NULL,NULL,NULL,NULL,NULL,NULL,NULL,NULL,NULL,NULL,NULL,NULL,NULL,NULL,NULL,NULL,NULL,NULL,NULL,NULL,NULL,NULL,NULL,NULL,NULL,NULL,NULL,NULL,NULL,NULL,NULL,NULL,NULL,NULL,NULL,NULL,NULL,NULL,NULL,NULL,NULL,NULL,NULL,NULL,NULL,NULL,NULL,NULL,NULL,NULL,NULL,NULL,NULL,NULL,NULL,NULL,NULL,NULL,NULL,NULL,NULL,NULL,NULL,NULL,NULL,NULL,NULL,NULL,NULL,NULL,NULL,NULL,NULL,NULL,NULL,NULL,NULL,NULL,NULL,NULL,NULL,NULL,NULL,NULL,NULL,NULL,NULL,NULL,NULL,NULL,NULL,NULL,NULL,NULL,NULL,NULL,NULL,NULL,NULL,NULL,NULL,NULL,NULL,NULL,NULL,NULL,NULL,NULL,NULL,NULL,NULL,NULL,NULL,NULL,NULL,NULL,NULL,NULL,NULL,NULL,NULL,NULL,NULL,NULL,NULL,NULL,NULL,NULL,NULL,NULL,NULL,NULL,NULL,NULL,NULL,NULL,NULL,NULL,NULL,NULL,NULL,NULL,NULL,NULL,NULL,NULL,NULL,NULL,NULL,NULL,NULL,NULL,NULL,NULL,NULL,NULL,NULL,NULL,NULL,NULL,NULL,NULL,NULL,NULL,NULL,NULL,NULL,NULL,NULL,NULL,NULL,NULL,NULL,NULL,NULL,NULL,NULL,NULL,NULL,NULL,NULL,NULL,NULL,NULL,NULL,NULL,NULL,NULL,NULL,NULL,NULL,NULL,NULL,NULL,NULL,NULL,NULL,NULL,NULL,NULL,NULL,NULL,NULL,NULL,NULL,NULL,NULL,NULL,NULL,NULL,NULL,NULL,NULL,NULL,NULL,NULL,NULL,NULL,NULL,NULL,NULL,NULL,NULL,NULL,NULL,NULL,NULL,NULL,NULL,NULL,NULL,NULL,NULL,NULL,NULL,NULL,NULL,NULL,NULL,NULL,NULL,NULL,NULL,NULL,NULL,NULL,NULL,NULL,NULL,NULL,NULL,NULL,NULL,NULL,NULL,NULL,NULL,NULL,NULL,NULL,NULL,NULL,NULL,NULL,NULL,NULL,NULL,NULL,NULL,NULL,NULL,NULL,NULL,NULL,NULL,NULL,NULL,NULL,NULL,NULL,NULL,NULL,NULL,NULL,NULL,NULL,NULL,NULL,NULL,NULL,NULL,NULL,NULL,NULL,NULL,NULL),(62,NULL,NULL,NULL,NULL,NULL,NULL,NULL,NULL,NULL,NULL,NULL,NULL,NULL,NULL,NULL,NULL,NULL,NULL,NULL,NULL,NULL,NULL,NULL,NULL,NULL,NULL,NULL,NULL,NULL,NULL,NULL,NULL,NULL,NULL,NULL,NULL,NULL,NULL,NULL,NULL,NULL,NULL,NULL,NULL,NULL,NULL,NULL,NULL,NULL,NULL,NULL,NULL,NULL,NULL,NULL,NULL,NULL,NULL,NULL,NULL,NULL,NULL,NULL,NULL,NULL,NULL,NULL,NULL,NULL,NULL,NULL,NULL,NULL,NULL,NULL,NULL,NULL,NULL,NULL,NULL,NULL,NULL,NULL,NULL,NULL,NULL,NULL,NULL,NULL,NULL,NULL,NULL,NULL,NULL,NULL,NULL,NULL,NULL,NULL,NULL,NULL,NULL,NULL,NULL,NULL,NULL,NULL,NULL,NULL,NULL,NULL,NULL,NULL,NULL,NULL,NULL,NULL,NULL,NULL,NULL,NULL,NULL,NULL,NULL,NULL,NULL,NULL,NULL,NULL,NULL,NULL,NULL,NULL,NULL,NULL,NULL,NULL,NULL,NULL,NULL,NULL,NULL,NULL,NULL,NULL,NULL,NULL,NULL,NULL,NULL,NULL,NULL,NULL,NULL,NULL,NULL,NULL,NULL,NULL,NULL,NULL,NULL,NULL,NULL,NULL,NULL,NULL,NULL,NULL,NULL,NULL,NULL,NULL,NULL,NULL,NULL,NULL,NULL,NULL,NULL,NULL,NULL,NULL,NULL,NULL,NULL,NULL,NULL,NULL,NULL,NULL,NULL,NULL,NULL,NULL,NULL,NULL,NULL,NULL,NULL,NULL,NULL,NULL,NULL,NULL,NULL,NULL,NULL,NULL,NULL,NULL,NULL,NULL,NULL,NULL,NULL,NULL,NULL,NULL,NULL,NULL,NULL,NULL,NULL,NULL,NULL,NULL,NULL,NULL,NULL,NULL,NULL,NULL,NULL,NULL,NULL,NULL,NULL,NULL,NULL,NULL,NULL,NULL,NULL,NULL,NULL,NULL,NULL,NULL,NULL,NULL,NULL,NULL,NULL,NULL,NULL,NULL,NULL,NULL,NULL,NULL,NULL,NULL,NULL,NULL,NULL,NULL,NULL,NULL,NULL,NULL,NULL,NULL,NULL,NULL,NULL,NULL,NULL,NULL,NULL,NULL,NULL,NULL,NULL,NULL,NULL,NULL,NULL,NULL,NULL,NULL,NULL,NULL,NULL,NULL,NULL,NULL,NULL,NULL,NULL,NULL,NULL,NULL,NULL,NULL,NULL,NULL,NULL,NULL,NULL,NULL,NULL,NULL,NULL,NULL,NULL,NULL,NULL,NULL,NULL,NULL,NULL,NULL,NULL),(63,NULL,NULL,NULL,NULL,NULL,NULL,NULL,NULL,NULL,NULL,NULL,NULL,NULL,NULL,NULL,NULL,NULL,NULL,NULL,NULL,NULL,NULL,NULL,NULL,NULL,NULL,NULL,NULL,NULL,NULL,NULL,NULL,NULL,NULL,NULL,NULL,NULL,NULL,NULL,NULL,NULL,NULL,NULL,NULL,NULL,NULL,NULL,NULL,NULL,NULL,NULL,NULL,NULL,NULL,NULL,NULL,NULL,NULL,NULL,NULL,NULL,NULL,NULL,NULL,NULL,NULL,NULL,NULL,NULL,NULL,NULL,NULL,NULL,NULL,NULL,NULL,NULL,NULL,NULL,NULL,NULL,NULL,NULL,NULL,NULL,NULL,NULL,NULL,NULL,NULL,NULL,NULL,NULL,NULL,NULL,NULL,NULL,NULL,NULL,NULL,NULL,NULL,NULL,NULL,NULL,NULL,NULL,NULL,NULL,NULL,NULL,NULL,NULL,NULL,NULL,NULL,NULL,NULL,NULL,NULL,NULL,NULL,NULL,NULL,NULL,NULL,NULL,NULL,NULL,NULL,NULL,NULL,NULL,NULL,NULL,NULL,NULL,NULL,NULL,NULL,NULL,NULL,NULL,NULL,NULL,NULL,NULL,NULL,NULL,NULL,NULL,NULL,NULL,NULL,NULL,NULL,NULL,NULL,NULL,NULL,NULL,NULL,NULL,NULL,NULL,NULL,NULL,NULL,NULL,NULL,NULL,NULL,NULL,NULL,NULL,NULL,NULL,NULL,NULL,NULL,NULL,NULL,NULL,NULL,NULL,NULL,NULL,NULL,NULL,NULL,NULL,NULL,NULL,NULL,NULL,NULL,NULL,NULL,NULL,NULL,NULL,NULL,NULL,NULL,NULL,NULL,NULL,NULL,NULL,NULL,NULL,NULL,NULL,NULL,NULL,NULL,NULL,NULL,NULL,NULL,NULL,NULL,NULL,NULL,NULL,NULL,NULL,NULL,NULL,NULL,NULL,NULL,NULL,NULL,NULL,NULL,NULL,NULL,NULL,NULL,NULL,NULL,NULL,NULL,NULL,NULL,NULL,NULL,NULL,NULL,NULL,NULL,NULL,NULL,NULL,NULL,NULL,NULL,NULL,NULL,NULL,NULL,NULL,NULL,NULL,NULL,NULL,NULL,NULL,NULL,NULL,NULL,NULL,NULL,NULL,NULL,NULL,NULL,NULL,NULL,NULL,NULL,NULL,NULL,NULL,NULL,NULL,NULL,NULL,NULL,NULL,NULL,NULL,NULL,NULL,NULL,NULL,NULL,NULL,NULL,NULL,NULL,NULL,NULL,NULL,NULL,NULL,NULL,NULL,NULL,NULL,NULL,NULL,NULL,NULL,NULL,NULL,NULL,NULL,NULL,NULL,NULL,NULL,NULL),(64,NULL,NULL,NULL,NULL,NULL,NULL,NULL,NULL,NULL,NULL,NULL,NULL,NULL,NULL,NULL,NULL,NULL,NULL,NULL,NULL,NULL,NULL,NULL,NULL,NULL,NULL,NULL,NULL,NULL,NULL,NULL,NULL,NULL,NULL,NULL,NULL,NULL,NULL,NULL,NULL,NULL,NULL,NULL,NULL,NULL,NULL,NULL,NULL,NULL,NULL,NULL,NULL,NULL,NULL,NULL,NULL,NULL,NULL,NULL,NULL,NULL,NULL,NULL,NULL,NULL,NULL,NULL,NULL,NULL,NULL,NULL,NULL,NULL,NULL,NULL,NULL,NULL,NULL,NULL,NULL,NULL,NULL,NULL,NULL,NULL,NULL,NULL,NULL,NULL,NULL,NULL,NULL,NULL,NULL,NULL,NULL,NULL,NULL,NULL,NULL,NULL,NULL,NULL,NULL,NULL,NULL,NULL,NULL,NULL,NULL,NULL,NULL,NULL,NULL,NULL,NULL,NULL,NULL,NULL,NULL,NULL,NULL,NULL,NULL,NULL,NULL,NULL,NULL,NULL,NULL,NULL,NULL,NULL,NULL,NULL,NULL,NULL,NULL,NULL,NULL,NULL,NULL,NULL,NULL,NULL,NULL,NULL,NULL,NULL,NULL,NULL,NULL,NULL,NULL,NULL,NULL,NULL,NULL,NULL,NULL,NULL,NULL,NULL,NULL,NULL,NULL,NULL,NULL,NULL,NULL,NULL,NULL,NULL,NULL,NULL,NULL,NULL,NULL,NULL,NULL,NULL,NULL,NULL,NULL,NULL,NULL,NULL,NULL,NULL,NULL,NULL,NULL,NULL,NULL,NULL,NULL,NULL,NULL,NULL,NULL,NULL,NULL,NULL,NULL,NULL,NULL,NULL,NULL,NULL,NULL,NULL,NULL,NULL,NULL,NULL,NULL,NULL,NULL,NULL,NULL,NULL,NULL,NULL,NULL,NULL,NULL,NULL,NULL,NULL,NULL,NULL,NULL,NULL,NULL,NULL,NULL,NULL,NULL,NULL,NULL,NULL,NULL,NULL,NULL,NULL,NULL,NULL,NULL,NULL,NULL,NULL,NULL,NULL,NULL,NULL,NULL,NULL,NULL,NULL,NULL,NULL,NULL,NULL,NULL,NULL,NULL,NULL,NULL,NULL,NULL,NULL,NULL,NULL,NULL,NULL,NULL,NULL,NULL,NULL,NULL,NULL,NULL,NULL,NULL,NULL,NULL,NULL,NULL,NULL,NULL,NULL,NULL,NULL,NULL,NULL,NULL,NULL,NULL,NULL,NULL,NULL,NULL,NULL,NULL,NULL,NULL,NULL,NULL,NULL,NULL,NULL,NULL,NULL,NULL,NULL,NULL,NULL,NULL,NULL,NULL,NULL,NULL,NULL,NULL),(65,NULL,NULL,NULL,NULL,NULL,NULL,NULL,NULL,NULL,NULL,NULL,NULL,NULL,NULL,NULL,NULL,NULL,NULL,NULL,NULL,NULL,NULL,NULL,NULL,NULL,NULL,NULL,NULL,NULL,NULL,NULL,NULL,NULL,NULL,NULL,NULL,NULL,NULL,NULL,NULL,NULL,NULL,NULL,NULL,NULL,NULL,NULL,NULL,NULL,NULL,NULL,NULL,NULL,NULL,NULL,NULL,NULL,NULL,NULL,NULL,NULL,NULL,NULL,NULL,NULL,NULL,NULL,NULL,NULL,NULL,NULL,NULL,NULL,NULL,NULL,NULL,NULL,NULL,NULL,NULL,NULL,NULL,NULL,NULL,NULL,NULL,NULL,NULL,NULL,NULL,NULL,NULL,NULL,NULL,NULL,NULL,NULL,NULL,NULL,NULL,NULL,NULL,NULL,NULL,NULL,NULL,NULL,NULL,NULL,NULL,NULL,NULL,NULL,NULL,NULL,NULL,NULL,NULL,NULL,NULL,NULL,NULL,NULL,NULL,NULL,NULL,NULL,NULL,NULL,NULL,NULL,NULL,NULL,NULL,NULL,NULL,NULL,NULL,NULL,NULL,NULL,NULL,NULL,NULL,NULL,NULL,NULL,NULL,NULL,NULL,NULL,NULL,NULL,NULL,NULL,NULL,NULL,NULL,NULL,NULL,NULL,NULL,NULL,NULL,NULL,NULL,NULL,NULL,NULL,NULL,NULL,NULL,NULL,NULL,NULL,NULL,NULL,NULL,NULL,NULL,NULL,NULL,NULL,NULL,NULL,NULL,NULL,NULL,NULL,NULL,NULL,NULL,NULL,NULL,NULL,NULL,NULL,NULL,NULL,NULL,NULL,NULL,NULL,NULL,NULL,NULL,NULL,NULL,NULL,NULL,NULL,NULL,NULL,NULL,NULL,NULL,NULL,NULL,NULL,NULL,NULL,NULL,NULL,NULL,NULL,NULL,NULL,NULL,NULL,NULL,NULL,NULL,NULL,NULL,NULL,NULL,NULL,NULL,NULL,NULL,NULL,NULL,NULL,NULL,NULL,NULL,NULL,NULL,NULL,NULL,NULL,NULL,NULL,NULL,NULL,NULL,NULL,NULL,NULL,NULL,NULL,NULL,NULL,NULL,NULL,NULL,NULL,NULL,NULL,NULL,NULL,NULL,NULL,NULL,NULL,NULL,NULL,NULL,NULL,NULL,NULL,NULL,NULL,NULL,NULL,NULL,NULL,NULL,NULL,NULL,NULL,NULL,NULL,NULL,NULL,NULL,NULL,NULL,NULL,NULL,NULL,NULL,NULL,NULL,NULL,NULL,NULL,NULL,NULL,NULL,NULL,NULL,NULL,NULL,NULL,NULL,NULL,NULL,NULL,NULL,NULL,NULL,NULL,NULL),(66,NULL,NULL,NULL,NULL,NULL,NULL,NULL,NULL,NULL,NULL,NULL,NULL,NULL,NULL,NULL,NULL,NULL,NULL,NULL,NULL,NULL,NULL,NULL,NULL,NULL,NULL,NULL,NULL,NULL,NULL,NULL,NULL,NULL,NULL,NULL,NULL,NULL,NULL,NULL,NULL,NULL,NULL,NULL,NULL,NULL,NULL,NULL,NULL,NULL,NULL,NULL,NULL,NULL,NULL,NULL,NULL,NULL,NULL,NULL,NULL,NULL,NULL,NULL,NULL,NULL,NULL,NULL,NULL,NULL,NULL,NULL,NULL,NULL,NULL,NULL,NULL,NULL,NULL,NULL,NULL,NULL,NULL,NULL,NULL,NULL,NULL,NULL,NULL,NULL,NULL,NULL,NULL,NULL,NULL,NULL,NULL,NULL,NULL,NULL,NULL,NULL,NULL,NULL,NULL,NULL,NULL,NULL,NULL,NULL,NULL,NULL,NULL,NULL,NULL,NULL,NULL,NULL,NULL,NULL,NULL,NULL,NULL,NULL,NULL,NULL,NULL,NULL,NULL,NULL,NULL,NULL,NULL,NULL,NULL,NULL,NULL,NULL,NULL,NULL,NULL,NULL,NULL,NULL,NULL,NULL,NULL,NULL,NULL,NULL,NULL,NULL,NULL,NULL,NULL,NULL,NULL,NULL,NULL,NULL,NULL,NULL,NULL,NULL,NULL,NULL,NULL,NULL,NULL,NULL,NULL,NULL,NULL,NULL,NULL,NULL,NULL,NULL,NULL,NULL,NULL,NULL,NULL,NULL,NULL,NULL,NULL,NULL,NULL,NULL,NULL,NULL,NULL,NULL,NULL,NULL,NULL,NULL,NULL,NULL,NULL,NULL,NULL,NULL,NULL,NULL,NULL,NULL,NULL,NULL,NULL,NULL,NULL,NULL,NULL,NULL,NULL,NULL,NULL,NULL,NULL,NULL,NULL,NULL,NULL,NULL,NULL,NULL,NULL,NULL,NULL,NULL,NULL,NULL,NULL,NULL,NULL,NULL,NULL,NULL,NULL,NULL,NULL,NULL,NULL,NULL,NULL,NULL,NULL,NULL,NULL,NULL,NULL,NULL,NULL,NULL,NULL,NULL,NULL,NULL,NULL,NULL,NULL,NULL,NULL,NULL,NULL,NULL,NULL,NULL,NULL,NULL,NULL,NULL,NULL,NULL,NULL,NULL,NULL,NULL,NULL,NULL,NULL,NULL,NULL,NULL,NULL,NULL,NULL,NULL,NULL,NULL,NULL,NULL,NULL,NULL,NULL,NULL,NULL,NULL,NULL,NULL,NULL,NULL,NULL,NULL,NULL,NULL,NULL,NULL,NULL,NULL,NULL,NULL,NULL,NULL,NULL,NULL,NULL,NULL,NULL,NULL,NULL,NULL,NULL),(67,NULL,NULL,NULL,NULL,NULL,NULL,NULL,NULL,NULL,NULL,NULL,NULL,NULL,NULL,NULL,NULL,NULL,NULL,NULL,NULL,NULL,NULL,NULL,NULL,NULL,NULL,NULL,NULL,NULL,NULL,NULL,NULL,NULL,NULL,NULL,NULL,NULL,NULL,NULL,NULL,NULL,NULL,NULL,NULL,NULL,NULL,NULL,NULL,NULL,NULL,NULL,NULL,NULL,NULL,NULL,NULL,NULL,NULL,NULL,NULL,NULL,NULL,NULL,NULL,NULL,NULL,NULL,NULL,NULL,NULL,NULL,NULL,NULL,NULL,NULL,NULL,NULL,NULL,NULL,NULL,NULL,NULL,NULL,NULL,NULL,NULL,NULL,NULL,NULL,NULL,NULL,NULL,NULL,NULL,NULL,NULL,NULL,NULL,NULL,NULL,NULL,NULL,NULL,NULL,NULL,NULL,NULL,NULL,NULL,NULL,NULL,NULL,NULL,NULL,NULL,NULL,NULL,NULL,NULL,NULL,NULL,NULL,NULL,NULL,NULL,NULL,NULL,NULL,NULL,NULL,NULL,NULL,NULL,NULL,NULL,NULL,NULL,NULL,NULL,NULL,NULL,NULL,NULL,NULL,NULL,NULL,NULL,NULL,NULL,NULL,NULL,NULL,NULL,NULL,NULL,NULL,NULL,NULL,NULL,NULL,NULL,NULL,NULL,NULL,NULL,NULL,NULL,NULL,NULL,NULL,NULL,NULL,NULL,NULL,NULL,NULL,NULL,NULL,NULL,NULL,NULL,NULL,NULL,NULL,NULL,NULL,NULL,NULL,NULL,NULL,NULL,NULL,NULL,NULL,NULL,NULL,NULL,NULL,NULL,NULL,NULL,NULL,NULL,NULL,NULL,NULL,NULL,NULL,NULL,NULL,NULL,NULL,NULL,NULL,NULL,NULL,NULL,NULL,NULL,NULL,NULL,NULL,NULL,NULL,NULL,NULL,NULL,NULL,NULL,NULL,NULL,NULL,NULL,NULL,NULL,NULL,NULL,NULL,NULL,NULL,NULL,NULL,NULL,NULL,NULL,NULL,NULL,NULL,NULL,NULL,NULL,NULL,NULL,NULL,NULL,NULL,NULL,NULL,NULL,NULL,NULL,NULL,NULL,NULL,NULL,NULL,NULL,NULL,NULL,NULL,NULL,NULL,NULL,NULL,NULL,NULL,NULL,NULL,NULL,NULL,NULL,NULL,NULL,NULL,NULL,NULL,NULL,NULL,NULL,NULL,NULL,NULL,NULL,NULL,NULL,NULL,NULL,NULL,NULL,NULL,NULL,NULL,NULL,NULL,NULL,NULL,NULL,NULL,NULL,NULL,NULL,NULL,NULL,NULL,NULL,NULL,NULL,NULL,NULL,NULL,NULL,NULL,NULL,NULL),(68,NULL,NULL,NULL,NULL,NULL,NULL,NULL,NULL,NULL,NULL,NULL,NULL,NULL,NULL,NULL,NULL,NULL,NULL,NULL,NULL,NULL,NULL,NULL,NULL,NULL,NULL,NULL,NULL,NULL,NULL,NULL,NULL,NULL,NULL,NULL,NULL,NULL,NULL,NULL,NULL,NULL,NULL,NULL,NULL,NULL,NULL,NULL,NULL,NULL,NULL,NULL,NULL,NULL,NULL,NULL,NULL,NULL,NULL,NULL,NULL,NULL,NULL,NULL,NULL,NULL,NULL,NULL,NULL,NULL,NULL,NULL,NULL,NULL,NULL,NULL,NULL,NULL,NULL,NULL,NULL,NULL,NULL,NULL,NULL,NULL,NULL,NULL,NULL,NULL,NULL,NULL,NULL,NULL,NULL,NULL,NULL,NULL,NULL,NULL,NULL,NULL,NULL,NULL,NULL,NULL,NULL,NULL,NULL,NULL,NULL,NULL,NULL,NULL,NULL,NULL,NULL,NULL,NULL,NULL,NULL,NULL,NULL,NULL,NULL,NULL,NULL,NULL,NULL,NULL,NULL,NULL,NULL,NULL,NULL,NULL,NULL,NULL,NULL,NULL,NULL,NULL,NULL,NULL,NULL,NULL,NULL,NULL,NULL,NULL,NULL,NULL,NULL,NULL,NULL,NULL,NULL,NULL,NULL,NULL,NULL,NULL,NULL,NULL,NULL,NULL,NULL,NULL,NULL,NULL,NULL,NULL,NULL,NULL,NULL,NULL,NULL,NULL,NULL,NULL,NULL,NULL,NULL,NULL,NULL,NULL,NULL,NULL,NULL,NULL,NULL,NULL,NULL,NULL,NULL,NULL,NULL,NULL,NULL,NULL,NULL,NULL,NULL,NULL,NULL,NULL,NULL,NULL,NULL,NULL,NULL,NULL,NULL,NULL,NULL,NULL,NULL,NULL,NULL,NULL,NULL,NULL,NULL,NULL,NULL,NULL,NULL,NULL,NULL,NULL,NULL,NULL,NULL,NULL,NULL,NULL,NULL,NULL,NULL,NULL,NULL,NULL,NULL,NULL,NULL,NULL,NULL,NULL,NULL,NULL,NULL,NULL,NULL,NULL,NULL,NULL,NULL,NULL,NULL,NULL,NULL,NULL,NULL,NULL,NULL,NULL,NULL,NULL,NULL,NULL,NULL,NULL,NULL,NULL,NULL,NULL,NULL,NULL,NULL,NULL,NULL,NULL,NULL,NULL,NULL,NULL,NULL,NULL,NULL,NULL,NULL,NULL,NULL,NULL,NULL,NULL,NULL,NULL,NULL,NULL,NULL,NULL,NULL,NULL,NULL,NULL,NULL,NULL,NULL,NULL,NULL,NULL,NULL,NULL,NULL,NULL,NULL,NULL,NULL,NULL,NULL,NULL,NULL,NULL,NULL),(69,NULL,NULL,NULL,NULL,NULL,NULL,NULL,NULL,NULL,NULL,NULL,NULL,NULL,NULL,NULL,NULL,NULL,NULL,NULL,NULL,NULL,NULL,NULL,NULL,NULL,NULL,NULL,NULL,NULL,NULL,NULL,NULL,NULL,NULL,NULL,NULL,NULL,NULL,NULL,NULL,NULL,NULL,NULL,NULL,NULL,NULL,NULL,NULL,NULL,NULL,NULL,NULL,NULL,NULL,NULL,NULL,NULL,NULL,NULL,NULL,NULL,NULL,NULL,NULL,NULL,NULL,NULL,NULL,NULL,NULL,NULL,NULL,NULL,NULL,NULL,NULL,NULL,NULL,NULL,NULL,NULL,NULL,NULL,NULL,NULL,NULL,NULL,NULL,NULL,NULL,NULL,NULL,NULL,NULL,NULL,NULL,NULL,NULL,NULL,NULL,NULL,NULL,NULL,NULL,NULL,NULL,NULL,NULL,NULL,NULL,NULL,NULL,NULL,NULL,NULL,NULL,NULL,NULL,NULL,NULL,NULL,NULL,NULL,NULL,NULL,NULL,NULL,NULL,NULL,NULL,NULL,NULL,NULL,NULL,NULL,NULL,NULL,NULL,NULL,NULL,NULL,NULL,NULL,NULL,NULL,NULL,NULL,NULL,NULL,NULL,NULL,NULL,NULL,NULL,NULL,NULL,NULL,NULL,NULL,NULL,NULL,NULL,NULL,NULL,NULL,NULL,NULL,NULL,NULL,NULL,NULL,NULL,NULL,NULL,NULL,NULL,NULL,NULL,NULL,NULL,NULL,NULL,NULL,NULL,NULL,NULL,NULL,NULL,NULL,NULL,NULL,NULL,NULL,NULL,NULL,NULL,NULL,NULL,NULL,NULL,NULL,NULL,NULL,NULL,NULL,NULL,NULL,NULL,NULL,NULL,NULL,NULL,NULL,NULL,NULL,NULL,NULL,NULL,NULL,NULL,NULL,NULL,NULL,NULL,NULL,NULL,NULL,NULL,NULL,NULL,NULL,NULL,NULL,NULL,NULL,NULL,NULL,NULL,NULL,NULL,NULL,NULL,NULL,NULL,NULL,NULL,NULL,NULL,NULL,NULL,NULL,NULL,NULL,NULL,NULL,NULL,NULL,NULL,NULL,NULL,NULL,NULL,NULL,NULL,NULL,NULL,NULL,NULL,NULL,NULL,NULL,NULL,NULL,NULL,NULL,NULL,NULL,NULL,NULL,NULL,NULL,NULL,NULL,NULL,NULL,NULL,NULL,NULL,NULL,NULL,NULL,NULL,NULL,NULL,NULL,NULL,NULL,NULL,NULL,NULL,NULL,NULL,NULL,NULL,NULL,NULL,NULL,NULL,NULL,NULL,NULL,NULL,NULL,NULL,NULL,NULL,NULL,NULL,NULL,NULL,NULL,NULL,NULL,NULL),(70,NULL,NULL,NULL,NULL,NULL,NULL,NULL,NULL,NULL,NULL,NULL,NULL,NULL,NULL,NULL,NULL,NULL,NULL,NULL,NULL,NULL,NULL,NULL,NULL,NULL,NULL,NULL,NULL,NULL,NULL,NULL,NULL,NULL,NULL,NULL,NULL,NULL,NULL,NULL,NULL,NULL,NULL,NULL,NULL,NULL,NULL,NULL,NULL,NULL,NULL,NULL,NULL,NULL,NULL,NULL,NULL,NULL,NULL,NULL,NULL,NULL,NULL,NULL,NULL,NULL,NULL,NULL,NULL,NULL,NULL,NULL,NULL,NULL,NULL,NULL,NULL,NULL,NULL,NULL,NULL,NULL,NULL,NULL,NULL,NULL,NULL,NULL,NULL,NULL,NULL,NULL,NULL,NULL,NULL,NULL,NULL,NULL,NULL,NULL,NULL,NULL,NULL,NULL,NULL,NULL,NULL,NULL,NULL,NULL,NULL,NULL,NULL,NULL,NULL,NULL,NULL,NULL,NULL,NULL,NULL,NULL,NULL,NULL,NULL,NULL,NULL,NULL,NULL,NULL,NULL,NULL,NULL,NULL,NULL,NULL,NULL,NULL,NULL,NULL,NULL,NULL,NULL,NULL,NULL,NULL,NULL,NULL,NULL,NULL,NULL,NULL,NULL,NULL,NULL,NULL,NULL,NULL,NULL,NULL,NULL,NULL,NULL,NULL,NULL,NULL,NULL,NULL,NULL,NULL,NULL,NULL,NULL,NULL,NULL,NULL,NULL,NULL,NULL,NULL,NULL,NULL,NULL,NULL,NULL,NULL,NULL,NULL,NULL,NULL,NULL,NULL,NULL,NULL,NULL,NULL,NULL,NULL,NULL,NULL,NULL,NULL,NULL,NULL,NULL,NULL,NULL,NULL,NULL,NULL,NULL,NULL,NULL,NULL,NULL,NULL,NULL,NULL,NULL,NULL,NULL,NULL,NULL,NULL,NULL,NULL,NULL,NULL,NULL,NULL,NULL,NULL,NULL,NULL,NULL,NULL,NULL,NULL,NULL,NULL,NULL,NULL,NULL,NULL,NULL,NULL,NULL,NULL,NULL,NULL,NULL,NULL,NULL,NULL,NULL,NULL,NULL,NULL,NULL,NULL,NULL,NULL,NULL,NULL,NULL,NULL,NULL,NULL,NULL,NULL,NULL,NULL,NULL,NULL,NULL,NULL,NULL,NULL,NULL,NULL,NULL,NULL,NULL,NULL,NULL,NULL,NULL,NULL,NULL,NULL,NULL,NULL,NULL,NULL,NULL,NULL,NULL,NULL,NULL,NULL,NULL,NULL,NULL,NULL,NULL,NULL,NULL,NULL,NULL,NULL,NULL,NULL,NULL,NULL,NULL,NULL,NULL,NULL,NULL,NULL,NULL,NULL,NULL,NULL,NULL),(71,NULL,NULL,NULL,NULL,NULL,NULL,NULL,NULL,NULL,NULL,NULL,NULL,NULL,NULL,NULL,NULL,NULL,NULL,NULL,NULL,NULL,NULL,NULL,NULL,NULL,NULL,NULL,NULL,NULL,NULL,NULL,NULL,NULL,NULL,NULL,NULL,NULL,NULL,NULL,NULL,NULL,NULL,NULL,NULL,NULL,NULL,NULL,NULL,NULL,NULL,NULL,NULL,NULL,NULL,NULL,NULL,NULL,NULL,NULL,NULL,NULL,NULL,NULL,NULL,NULL,NULL,NULL,NULL,NULL,NULL,NULL,NULL,NULL,NULL,NULL,NULL,NULL,NULL,NULL,NULL,NULL,NULL,NULL,NULL,NULL,NULL,NULL,NULL,NULL,NULL,NULL,NULL,NULL,NULL,NULL,NULL,NULL,NULL,NULL,NULL,NULL,NULL,NULL,NULL,NULL,NULL,NULL,NULL,NULL,NULL,NULL,NULL,NULL,NULL,NULL,NULL,NULL,NULL,NULL,NULL,NULL,NULL,NULL,NULL,NULL,NULL,NULL,NULL,NULL,NULL,NULL,NULL,NULL,NULL,NULL,NULL,NULL,NULL,NULL,NULL,NULL,NULL,NULL,NULL,NULL,NULL,NULL,NULL,NULL,NULL,NULL,NULL,NULL,NULL,NULL,NULL,NULL,NULL,NULL,NULL,NULL,NULL,NULL,NULL,NULL,NULL,NULL,NULL,NULL,NULL,NULL,NULL,NULL,NULL,NULL,NULL,NULL,NULL,NULL,NULL,NULL,NULL,NULL,NULL,NULL,NULL,NULL,NULL,NULL,NULL,NULL,NULL,NULL,NULL,NULL,NULL,NULL,NULL,NULL,NULL,NULL,NULL,NULL,NULL,NULL,NULL,NULL,NULL,NULL,NULL,NULL,NULL,NULL,NULL,NULL,NULL,NULL,NULL,NULL,NULL,NULL,NULL,NULL,NULL,NULL,NULL,NULL,NULL,NULL,NULL,NULL,NULL,NULL,NULL,NULL,NULL,NULL,NULL,NULL,NULL,NULL,NULL,NULL,NULL,NULL,NULL,NULL,NULL,NULL,NULL,NULL,NULL,NULL,NULL,NULL,NULL,NULL,NULL,NULL,NULL,NULL,NULL,NULL,NULL,NULL,NULL,NULL,NULL,NULL,NULL,NULL,NULL,NULL,NULL,NULL,NULL,NULL,NULL,NULL,NULL,NULL,NULL,NULL,NULL,NULL,NULL,NULL,NULL,NULL,NULL,NULL,NULL,NULL,NULL,NULL,NULL,NULL,NULL,NULL,NULL,NULL,NULL,NULL,NULL,NULL,NULL,NULL,NULL,NULL,NULL,NULL,NULL,NULL,NULL,NULL,NULL,NULL,NULL,NULL,NULL,NULL,NULL,NULL,NULL),(72,NULL,NULL,NULL,NULL,NULL,NULL,NULL,NULL,NULL,NULL,NULL,NULL,NULL,NULL,NULL,NULL,NULL,NULL,NULL,NULL,NULL,NULL,NULL,NULL,NULL,NULL,NULL,NULL,NULL,NULL,NULL,NULL,NULL,NULL,NULL,NULL,NULL,NULL,NULL,NULL,NULL,NULL,NULL,NULL,NULL,NULL,NULL,NULL,NULL,NULL,NULL,NULL,NULL,NULL,NULL,NULL,NULL,NULL,NULL,NULL,NULL,NULL,NULL,NULL,NULL,NULL,NULL,NULL,NULL,NULL,NULL,NULL,NULL,NULL,NULL,NULL,NULL,NULL,NULL,NULL,NULL,NULL,NULL,NULL,NULL,NULL,NULL,NULL,NULL,NULL,NULL,NULL,NULL,NULL,NULL,NULL,NULL,NULL,NULL,NULL,NULL,NULL,NULL,NULL,NULL,NULL,NULL,NULL,NULL,NULL,NULL,NULL,NULL,NULL,NULL,NULL,NULL,NULL,NULL,NULL,NULL,NULL,NULL,NULL,NULL,NULL,NULL,NULL,NULL,NULL,NULL,NULL,NULL,NULL,NULL,NULL,NULL,NULL,NULL,NULL,NULL,NULL,NULL,NULL,NULL,NULL,NULL,NULL,NULL,NULL,NULL,NULL,NULL,NULL,NULL,NULL,NULL,NULL,NULL,NULL,NULL,NULL,NULL,NULL,NULL,NULL,NULL,NULL,NULL,NULL,NULL,NULL,NULL,NULL,NULL,NULL,NULL,NULL,NULL,NULL,NULL,NULL,NULL,NULL,NULL,NULL,NULL,NULL,NULL,NULL,NULL,NULL,NULL,NULL,NULL,NULL,NULL,NULL,NULL,NULL,NULL,NULL,NULL,NULL,NULL,NULL,NULL,NULL,NULL,NULL,NULL,NULL,NULL,NULL,NULL,NULL,NULL,NULL,NULL,NULL,NULL,NULL,NULL,NULL,NULL,NULL,NULL,NULL,NULL,NULL,NULL,NULL,NULL,NULL,NULL,NULL,NULL,NULL,NULL,NULL,NULL,NULL,NULL,NULL,NULL,NULL,NULL,NULL,NULL,NULL,NULL,NULL,NULL,NULL,NULL,NULL,NULL,NULL,NULL,NULL,NULL,NULL,NULL,NULL,NULL,NULL,NULL,NULL,NULL,NULL,NULL,NULL,NULL,NULL,NULL,NULL,NULL,NULL,NULL,NULL,NULL,NULL,NULL,NULL,NULL,NULL,NULL,NULL,NULL,NULL,NULL,NULL,NULL,NULL,NULL,NULL,NULL,NULL,NULL,NULL,NULL,NULL,NULL,NULL,NULL,NULL,NULL,NULL,NULL,NULL,NULL,NULL,NULL,NULL,NULL,NULL,NULL,NULL,NULL,NULL,NULL,NULL,NULL,NULL),(73,NULL,NULL,NULL,NULL,NULL,NULL,NULL,NULL,NULL,NULL,NULL,NULL,NULL,NULL,NULL,NULL,NULL,NULL,NULL,NULL,NULL,NULL,NULL,NULL,NULL,NULL,NULL,NULL,NULL,NULL,NULL,NULL,NULL,NULL,NULL,NULL,NULL,NULL,NULL,NULL,NULL,NULL,NULL,NULL,NULL,NULL,NULL,NULL,NULL,NULL,NULL,NULL,NULL,NULL,NULL,NULL,NULL,NULL,NULL,NULL,NULL,NULL,NULL,NULL,NULL,NULL,NULL,NULL,NULL,NULL,NULL,NULL,NULL,NULL,NULL,NULL,NULL,NULL,NULL,NULL,NULL,NULL,NULL,NULL,NULL,NULL,NULL,NULL,NULL,NULL,NULL,NULL,NULL,NULL,NULL,NULL,NULL,NULL,NULL,NULL,NULL,NULL,NULL,NULL,NULL,NULL,NULL,NULL,NULL,NULL,NULL,NULL,NULL,NULL,NULL,NULL,NULL,NULL,NULL,NULL,NULL,NULL,NULL,NULL,NULL,NULL,NULL,NULL,NULL,NULL,NULL,NULL,NULL,NULL,NULL,NULL,NULL,NULL,NULL,NULL,NULL,NULL,NULL,NULL,NULL,NULL,NULL,NULL,NULL,NULL,NULL,NULL,NULL,NULL,NULL,NULL,NULL,NULL,NULL,NULL,NULL,NULL,NULL,NULL,NULL,NULL,NULL,NULL,NULL,NULL,NULL,NULL,NULL,NULL,NULL,NULL,NULL,NULL,NULL,NULL,NULL,NULL,NULL,NULL,NULL,NULL,NULL,NULL,NULL,NULL,NULL,NULL,NULL,NULL,NULL,NULL,NULL,NULL,NULL,NULL,NULL,NULL,NULL,NULL,NULL,NULL,NULL,NULL,NULL,NULL,NULL,NULL,NULL,NULL,NULL,NULL,NULL,NULL,NULL,NULL,NULL,NULL,NULL,NULL,NULL,NULL,NULL,NULL,NULL,NULL,NULL,NULL,NULL,NULL,NULL,NULL,NULL,NULL,NULL,NULL,NULL,NULL,NULL,NULL,NULL,NULL,NULL,NULL,NULL,NULL,NULL,NULL,NULL,NULL,NULL,NULL,NULL,NULL,NULL,NULL,NULL,NULL,NULL,NULL,NULL,NULL,NULL,NULL,NULL,NULL,NULL,NULL,NULL,NULL,NULL,NULL,NULL,NULL,NULL,NULL,NULL,NULL,NULL,NULL,NULL,NULL,NULL,NULL,NULL,NULL,NULL,NULL,NULL,NULL,NULL,NULL,NULL,NULL,NULL,NULL,NULL,NULL,NULL,NULL,NULL,NULL,NULL,NULL,NULL,NULL,NULL,NULL,NULL,NULL,NULL,NULL,NULL,NULL,NULL,NULL,NULL,NULL,NULL,NULL),(74,NULL,NULL,NULL,NULL,NULL,NULL,NULL,NULL,NULL,NULL,NULL,NULL,NULL,NULL,NULL,NULL,NULL,NULL,NULL,NULL,NULL,NULL,NULL,NULL,NULL,NULL,NULL,NULL,NULL,NULL,NULL,NULL,NULL,NULL,NULL,NULL,NULL,NULL,NULL,NULL,NULL,NULL,NULL,NULL,NULL,NULL,NULL,NULL,NULL,NULL,NULL,NULL,NULL,NULL,NULL,NULL,NULL,NULL,NULL,NULL,NULL,NULL,NULL,NULL,NULL,NULL,NULL,NULL,NULL,NULL,NULL,NULL,NULL,NULL,NULL,NULL,NULL,NULL,NULL,NULL,NULL,NULL,NULL,NULL,NULL,NULL,NULL,NULL,NULL,NULL,NULL,NULL,NULL,NULL,NULL,NULL,NULL,NULL,NULL,NULL,NULL,NULL,NULL,NULL,NULL,NULL,NULL,NULL,NULL,NULL,NULL,NULL,NULL,NULL,NULL,NULL,NULL,NULL,NULL,NULL,NULL,NULL,NULL,NULL,NULL,NULL,NULL,NULL,NULL,NULL,NULL,NULL,NULL,NULL,NULL,NULL,NULL,NULL,NULL,NULL,NULL,NULL,NULL,NULL,NULL,NULL,NULL,NULL,NULL,NULL,NULL,NULL,NULL,NULL,NULL,NULL,NULL,NULL,NULL,NULL,NULL,NULL,NULL,NULL,NULL,NULL,NULL,NULL,NULL,NULL,NULL,NULL,NULL,NULL,NULL,NULL,NULL,NULL,NULL,NULL,NULL,NULL,NULL,NULL,NULL,NULL,NULL,NULL,NULL,NULL,NULL,NULL,NULL,NULL,NULL,NULL,NULL,NULL,NULL,NULL,NULL,NULL,NULL,NULL,NULL,NULL,NULL,NULL,NULL,NULL,NULL,NULL,NULL,NULL,NULL,NULL,NULL,NULL,NULL,NULL,NULL,NULL,NULL,NULL,NULL,NULL,NULL,NULL,NULL,NULL,NULL,NULL,NULL,NULL,NULL,NULL,NULL,NULL,NULL,NULL,NULL,NULL,NULL,NULL,NULL,NULL,NULL,NULL,NULL,NULL,NULL,NULL,NULL,NULL,NULL,NULL,NULL,NULL,NULL,NULL,NULL,NULL,NULL,NULL,NULL,NULL,NULL,NULL,NULL,NULL,NULL,NULL,NULL,NULL,NULL,NULL,NULL,NULL,NULL,NULL,NULL,NULL,NULL,NULL,NULL,NULL,NULL,NULL,NULL,NULL,NULL,NULL,NULL,NULL,NULL,NULL,NULL,NULL,NULL,NULL,NULL,NULL,NULL,NULL,NULL,NULL,NULL,NULL,NULL,NULL,NULL,NULL,NULL,NULL,NULL,NULL,NULL,NULL,NULL,NULL,NULL,NULL,NULL,NULL),(75,NULL,NULL,NULL,NULL,NULL,NULL,NULL,NULL,NULL,NULL,NULL,NULL,NULL,NULL,NULL,NULL,NULL,NULL,NULL,NULL,NULL,NULL,NULL,NULL,NULL,NULL,NULL,NULL,NULL,NULL,NULL,NULL,NULL,NULL,NULL,NULL,NULL,NULL,NULL,NULL,NULL,NULL,NULL,NULL,NULL,NULL,NULL,NULL,NULL,NULL,NULL,NULL,NULL,NULL,NULL,NULL,NULL,NULL,NULL,NULL,NULL,NULL,NULL,NULL,NULL,NULL,NULL,NULL,NULL,NULL,NULL,NULL,NULL,NULL,NULL,NULL,NULL,NULL,NULL,NULL,NULL,NULL,NULL,NULL,NULL,NULL,NULL,NULL,NULL,NULL,NULL,NULL,NULL,NULL,NULL,NULL,NULL,NULL,NULL,NULL,NULL,NULL,NULL,NULL,NULL,NULL,NULL,NULL,NULL,NULL,NULL,NULL,NULL,NULL,NULL,NULL,NULL,NULL,NULL,NULL,NULL,NULL,NULL,NULL,NULL,NULL,NULL,NULL,NULL,NULL,NULL,NULL,NULL,NULL,NULL,NULL,NULL,NULL,NULL,NULL,NULL,NULL,NULL,NULL,NULL,NULL,NULL,NULL,NULL,NULL,NULL,NULL,NULL,NULL,NULL,NULL,NULL,NULL,NULL,NULL,NULL,NULL,NULL,NULL,NULL,NULL,NULL,NULL,NULL,NULL,NULL,NULL,NULL,NULL,NULL,NULL,NULL,NULL,NULL,NULL,NULL,NULL,NULL,NULL,NULL,NULL,NULL,NULL,NULL,NULL,NULL,NULL,NULL,NULL,NULL,NULL,NULL,NULL,NULL,NULL,NULL,NULL,NULL,NULL,NULL,NULL,NULL,NULL,NULL,NULL,NULL,NULL,NULL,NULL,NULL,NULL,NULL,NULL,NULL,NULL,NULL,NULL,NULL,NULL,NULL,NULL,NULL,NULL,NULL,NULL,NULL,NULL,NULL,NULL,NULL,NULL,NULL,NULL,NULL,NULL,NULL,NULL,NULL,NULL,NULL,NULL,NULL,NULL,NULL,NULL,NULL,NULL,NULL,NULL,NULL,NULL,NULL,NULL,NULL,NULL,NULL,NULL,NULL,NULL,NULL,NULL,NULL,NULL,NULL,NULL,NULL,NULL,NULL,NULL,NULL,NULL,NULL,NULL,NULL,NULL,NULL,NULL,NULL,NULL,NULL,NULL,NULL,NULL,NULL,NULL,NULL,NULL,NULL,NULL,NULL,NULL,NULL,NULL,NULL,NULL,NULL,NULL,NULL,NULL,NULL,NULL,NULL,NULL,NULL,NULL,NULL,NULL,NULL,NULL,NULL,NULL,NULL,NULL,NULL,NULL,NULL,NULL,NULL,NULL),(76,NULL,NULL,NULL,NULL,NULL,NULL,NULL,NULL,NULL,NULL,NULL,NULL,NULL,NULL,NULL,NULL,NULL,NULL,NULL,NULL,NULL,NULL,NULL,NULL,NULL,NULL,NULL,NULL,NULL,NULL,NULL,NULL,NULL,NULL,NULL,NULL,NULL,NULL,NULL,NULL,NULL,NULL,NULL,NULL,NULL,NULL,NULL,NULL,NULL,NULL,NULL,NULL,NULL,NULL,NULL,NULL,NULL,NULL,NULL,NULL,NULL,NULL,NULL,NULL,NULL,NULL,NULL,NULL,NULL,NULL,NULL,NULL,NULL,NULL,NULL,NULL,NULL,NULL,NULL,NULL,NULL,NULL,NULL,NULL,NULL,NULL,NULL,NULL,NULL,NULL,NULL,NULL,NULL,NULL,NULL,NULL,NULL,NULL,NULL,NULL,NULL,NULL,NULL,NULL,NULL,NULL,NULL,NULL,NULL,NULL,NULL,NULL,NULL,NULL,NULL,NULL,NULL,NULL,NULL,NULL,NULL,NULL,NULL,NULL,NULL,NULL,NULL,NULL,NULL,NULL,NULL,NULL,NULL,NULL,NULL,NULL,NULL,NULL,NULL,NULL,NULL,NULL,NULL,NULL,NULL,NULL,NULL,NULL,NULL,NULL,NULL,NULL,NULL,NULL,NULL,NULL,NULL,NULL,NULL,NULL,NULL,NULL,NULL,NULL,NULL,NULL,NULL,NULL,NULL,NULL,NULL,NULL,NULL,NULL,NULL,NULL,NULL,NULL,NULL,NULL,NULL,NULL,NULL,NULL,NULL,NULL,NULL,NULL,NULL,NULL,NULL,NULL,NULL,NULL,NULL,NULL,NULL,NULL,NULL,NULL,NULL,NULL,NULL,NULL,NULL,NULL,NULL,NULL,NULL,NULL,NULL,NULL,NULL,NULL,NULL,NULL,NULL,NULL,NULL,NULL,NULL,NULL,NULL,NULL,NULL,NULL,NULL,NULL,NULL,NULL,NULL,NULL,NULL,NULL,NULL,NULL,NULL,NULL,NULL,NULL,NULL,NULL,NULL,NULL,NULL,NULL,NULL,NULL,NULL,NULL,NULL,NULL,NULL,NULL,NULL,NULL,NULL,NULL,NULL,NULL,NULL,NULL,NULL,NULL,NULL,NULL,NULL,NULL,NULL,NULL,NULL,NULL,NULL,NULL,NULL,NULL,NULL,NULL,NULL,NULL,NULL,NULL,NULL,NULL,NULL,NULL,NULL,NULL,NULL,NULL,NULL,NULL,NULL,NULL,NULL,NULL,NULL,NULL,NULL,NULL,NULL,NULL,NULL,NULL,NULL,NULL,NULL,NULL,NULL,NULL,NULL,NULL,NULL,NULL,NULL,NULL,NULL,NULL,NULL,NULL,NULL,NULL,NULL,NULL),(77,NULL,NULL,NULL,NULL,NULL,NULL,NULL,NULL,NULL,NULL,NULL,NULL,NULL,NULL,NULL,NULL,NULL,NULL,NULL,NULL,NULL,NULL,NULL,NULL,NULL,NULL,NULL,NULL,NULL,NULL,NULL,NULL,NULL,NULL,NULL,NULL,NULL,NULL,NULL,NULL,NULL,NULL,NULL,NULL,NULL,NULL,NULL,NULL,NULL,NULL,NULL,NULL,NULL,NULL,NULL,NULL,NULL,NULL,NULL,NULL,NULL,NULL,NULL,NULL,NULL,NULL,NULL,NULL,NULL,NULL,NULL,NULL,NULL,NULL,NULL,NULL,NULL,NULL,NULL,NULL,NULL,NULL,NULL,NULL,NULL,NULL,NULL,NULL,NULL,NULL,NULL,NULL,NULL,NULL,NULL,NULL,NULL,NULL,NULL,NULL,NULL,NULL,NULL,NULL,NULL,NULL,NULL,NULL,NULL,NULL,NULL,NULL,NULL,NULL,NULL,NULL,NULL,NULL,NULL,NULL,NULL,NULL,NULL,NULL,NULL,NULL,NULL,NULL,NULL,NULL,NULL,NULL,NULL,NULL,NULL,NULL,NULL,NULL,NULL,NULL,NULL,NULL,NULL,NULL,NULL,NULL,NULL,NULL,NULL,NULL,NULL,NULL,NULL,NULL,NULL,NULL,NULL,NULL,NULL,NULL,NULL,NULL,NULL,NULL,NULL,NULL,NULL,NULL,NULL,NULL,NULL,NULL,NULL,NULL,NULL,NULL,NULL,NULL,NULL,NULL,NULL,NULL,NULL,NULL,NULL,NULL,NULL,NULL,NULL,NULL,NULL,NULL,NULL,NULL,NULL,NULL,NULL,NULL,NULL,NULL,NULL,NULL,NULL,NULL,NULL,NULL,NULL,NULL,NULL,NULL,NULL,NULL,NULL,NULL,NULL,NULL,NULL,NULL,NULL,NULL,NULL,NULL,NULL,NULL,NULL,NULL,NULL,NULL,NULL,NULL,NULL,NULL,NULL,NULL,NULL,NULL,NULL,NULL,NULL,NULL,NULL,NULL,NULL,NULL,NULL,NULL,NULL,NULL,NULL,NULL,NULL,NULL,NULL,NULL,NULL,NULL,NULL,NULL,NULL,NULL,NULL,NULL,NULL,NULL,NULL,NULL,NULL,NULL,NULL,NULL,NULL,NULL,NULL,NULL,NULL,NULL,NULL,NULL,NULL,NULL,NULL,NULL,NULL,NULL,NULL,NULL,NULL,NULL,NULL,NULL,NULL,NULL,NULL,NULL,NULL,NULL,NULL,NULL,NULL,NULL,NULL,NULL,NULL,NULL,NULL,NULL,NULL,NULL,NULL,NULL,NULL,NULL,NULL,NULL,NULL,NULL,NULL,NULL,NULL,NULL,NULL,NULL,NULL,NULL),(78,NULL,NULL,NULL,NULL,NULL,NULL,NULL,NULL,NULL,NULL,NULL,NULL,NULL,NULL,NULL,NULL,NULL,NULL,NULL,NULL,NULL,NULL,NULL,NULL,NULL,NULL,NULL,NULL,NULL,NULL,NULL,NULL,NULL,NULL,NULL,NULL,NULL,NULL,NULL,NULL,NULL,NULL,NULL,NULL,NULL,NULL,NULL,NULL,NULL,NULL,NULL,NULL,NULL,NULL,NULL,NULL,NULL,NULL,NULL,NULL,NULL,NULL,NULL,NULL,NULL,NULL,NULL,NULL,NULL,NULL,NULL,NULL,NULL,NULL,NULL,NULL,NULL,NULL,NULL,NULL,NULL,NULL,NULL,NULL,NULL,NULL,NULL,NULL,NULL,NULL,NULL,NULL,NULL,NULL,NULL,NULL,NULL,NULL,NULL,NULL,NULL,NULL,NULL,NULL,NULL,NULL,NULL,NULL,NULL,NULL,NULL,NULL,NULL,NULL,NULL,NULL,NULL,NULL,NULL,NULL,NULL,NULL,NULL,NULL,NULL,NULL,NULL,NULL,NULL,NULL,NULL,NULL,NULL,NULL,NULL,NULL,NULL,NULL,NULL,NULL,NULL,NULL,NULL,NULL,NULL,NULL,NULL,NULL,NULL,NULL,NULL,NULL,NULL,NULL,NULL,NULL,NULL,NULL,NULL,NULL,NULL,NULL,NULL,NULL,NULL,NULL,NULL,NULL,NULL,NULL,NULL,NULL,NULL,NULL,NULL,NULL,NULL,NULL,NULL,NULL,NULL,NULL,NULL,NULL,NULL,NULL,NULL,NULL,NULL,NULL,NULL,NULL,NULL,NULL,NULL,NULL,NULL,NULL,NULL,NULL,NULL,NULL,NULL,NULL,NULL,NULL,NULL,NULL,NULL,NULL,NULL,NULL,NULL,NULL,NULL,NULL,NULL,NULL,NULL,NULL,NULL,NULL,NULL,NULL,NULL,NULL,NULL,NULL,NULL,NULL,NULL,NULL,NULL,NULL,NULL,NULL,NULL,NULL,NULL,NULL,NULL,NULL,NULL,NULL,NULL,NULL,NULL,NULL,NULL,NULL,NULL,NULL,NULL,NULL,NULL,NULL,NULL,NULL,NULL,NULL,NULL,NULL,NULL,NULL,NULL,NULL,NULL,NULL,NULL,NULL,NULL,NULL,NULL,NULL,NULL,NULL,NULL,NULL,NULL,NULL,NULL,NULL,NULL,NULL,NULL,NULL,NULL,NULL,NULL,NULL,NULL,NULL,NULL,NULL,NULL,NULL,NULL,NULL,NULL,NULL,NULL,NULL,NULL,NULL,NULL,NULL,NULL,NULL,NULL,NULL,NULL,NULL,NULL,NULL,NULL,NULL,NULL,NULL,NULL,NULL,NULL,NULL,NULL,NULL),(79,NULL,NULL,NULL,NULL,NULL,NULL,NULL,NULL,NULL,NULL,NULL,NULL,NULL,NULL,NULL,NULL,NULL,NULL,NULL,NULL,NULL,NULL,NULL,NULL,NULL,NULL,NULL,NULL,NULL,NULL,NULL,NULL,NULL,NULL,NULL,NULL,NULL,NULL,NULL,NULL,NULL,NULL,NULL,NULL,NULL,NULL,NULL,NULL,NULL,NULL,NULL,NULL,NULL,NULL,NULL,NULL,NULL,NULL,NULL,NULL,NULL,NULL,NULL,NULL,NULL,NULL,NULL,NULL,NULL,NULL,NULL,NULL,NULL,NULL,NULL,NULL,NULL,NULL,NULL,NULL,NULL,NULL,NULL,NULL,NULL,NULL,NULL,NULL,NULL,NULL,NULL,NULL,NULL,NULL,NULL,NULL,NULL,NULL,NULL,NULL,NULL,NULL,NULL,NULL,NULL,NULL,NULL,NULL,NULL,NULL,NULL,NULL,NULL,NULL,NULL,NULL,NULL,NULL,NULL,NULL,NULL,NULL,NULL,NULL,NULL,NULL,NULL,NULL,NULL,NULL,NULL,NULL,NULL,NULL,NULL,NULL,NULL,NULL,NULL,NULL,NULL,NULL,NULL,NULL,NULL,NULL,NULL,NULL,NULL,NULL,NULL,NULL,NULL,NULL,NULL,NULL,NULL,NULL,NULL,NULL,NULL,NULL,NULL,NULL,NULL,NULL,NULL,NULL,NULL,NULL,NULL,NULL,NULL,NULL,NULL,NULL,NULL,NULL,NULL,NULL,NULL,NULL,NULL,NULL,NULL,NULL,NULL,NULL,NULL,NULL,NULL,NULL,NULL,NULL,NULL,NULL,NULL,NULL,NULL,NULL,NULL,NULL,NULL,NULL,NULL,NULL,NULL,NULL,NULL,NULL,NULL,NULL,NULL,NULL,NULL,NULL,NULL,NULL,NULL,NULL,NULL,NULL,NULL,NULL,NULL,NULL,NULL,NULL,NULL,NULL,NULL,NULL,NULL,NULL,NULL,NULL,NULL,NULL,NULL,NULL,NULL,NULL,NULL,NULL,NULL,NULL,NULL,NULL,NULL,NULL,NULL,NULL,NULL,NULL,NULL,NULL,NULL,NULL,NULL,NULL,NULL,NULL,NULL,NULL,NULL,NULL,NULL,NULL,NULL,NULL,NULL,NULL,NULL,NULL,NULL,NULL,NULL,NULL,NULL,NULL,NULL,NULL,NULL,NULL,NULL,NULL,NULL,NULL,NULL,NULL,NULL,NULL,NULL,NULL,NULL,NULL,NULL,NULL,NULL,NULL,NULL,NULL,NULL,NULL,NULL,NULL,NULL,NULL,NULL,NULL,NULL,NULL,NULL,NULL,NULL,NULL,NULL,NULL,NULL,NULL,NULL,NULL,NULL,NULL),(80,NULL,NULL,NULL,NULL,NULL,NULL,NULL,NULL,NULL,NULL,NULL,NULL,NULL,NULL,NULL,NULL,NULL,NULL,NULL,NULL,NULL,NULL,NULL,NULL,NULL,NULL,NULL,NULL,NULL,NULL,NULL,NULL,NULL,NULL,NULL,NULL,NULL,NULL,NULL,NULL,NULL,NULL,NULL,NULL,NULL,NULL,NULL,NULL,NULL,NULL,NULL,NULL,NULL,NULL,NULL,NULL,NULL,NULL,NULL,NULL,NULL,NULL,NULL,NULL,NULL,NULL,NULL,NULL,NULL,NULL,NULL,NULL,NULL,NULL,NULL,NULL,NULL,NULL,NULL,NULL,NULL,NULL,NULL,NULL,NULL,NULL,NULL,NULL,NULL,NULL,NULL,NULL,NULL,NULL,NULL,NULL,NULL,NULL,NULL,NULL,NULL,NULL,NULL,NULL,NULL,NULL,NULL,NULL,NULL,NULL,NULL,NULL,NULL,NULL,NULL,NULL,NULL,NULL,NULL,NULL,NULL,NULL,NULL,NULL,NULL,NULL,NULL,NULL,NULL,NULL,NULL,NULL,NULL,NULL,NULL,NULL,NULL,NULL,NULL,NULL,NULL,NULL,NULL,NULL,NULL,NULL,NULL,NULL,NULL,NULL,NULL,NULL,NULL,NULL,NULL,NULL,NULL,NULL,NULL,NULL,NULL,NULL,NULL,NULL,NULL,NULL,NULL,NULL,NULL,NULL,NULL,NULL,NULL,NULL,NULL,NULL,NULL,NULL,NULL,NULL,NULL,NULL,NULL,NULL,NULL,NULL,NULL,NULL,NULL,NULL,NULL,NULL,NULL,NULL,NULL,NULL,NULL,NULL,NULL,NULL,NULL,NULL,NULL,NULL,NULL,NULL,NULL,NULL,NULL,NULL,NULL,NULL,NULL,NULL,NULL,NULL,NULL,NULL,NULL,NULL,NULL,NULL,NULL,NULL,NULL,NULL,NULL,NULL,NULL,NULL,NULL,NULL,NULL,NULL,NULL,NULL,NULL,NULL,NULL,NULL,NULL,NULL,NULL,NULL,NULL,NULL,NULL,NULL,NULL,NULL,NULL,NULL,NULL,NULL,NULL,NULL,NULL,NULL,NULL,NULL,NULL,NULL,NULL,NULL,NULL,NULL,NULL,NULL,NULL,NULL,NULL,NULL,NULL,NULL,NULL,NULL,NULL,NULL,NULL,NULL,NULL,NULL,NULL,NULL,NULL,NULL,NULL,NULL,NULL,NULL,NULL,NULL,NULL,NULL,NULL,NULL,NULL,NULL,NULL,NULL,NULL,NULL,NULL,NULL,NULL,NULL,NULL,NULL,NULL,NULL,NULL,NULL,NULL,NULL,NULL,NULL,NULL,NULL,NULL,NULL,NULL,NULL,NULL,NULL),(81,NULL,NULL,NULL,NULL,NULL,NULL,NULL,NULL,NULL,NULL,NULL,NULL,NULL,NULL,NULL,NULL,NULL,NULL,NULL,NULL,NULL,NULL,NULL,NULL,NULL,NULL,NULL,NULL,NULL,NULL,NULL,NULL,NULL,NULL,NULL,NULL,NULL,NULL,NULL,NULL,NULL,NULL,NULL,NULL,NULL,NULL,NULL,NULL,NULL,NULL,NULL,NULL,NULL,NULL,NULL,NULL,NULL,NULL,NULL,NULL,NULL,NULL,NULL,NULL,NULL,NULL,NULL,NULL,NULL,NULL,NULL,NULL,NULL,NULL,NULL,NULL,NULL,NULL,NULL,NULL,NULL,NULL,NULL,NULL,NULL,NULL,NULL,NULL,NULL,NULL,NULL,NULL,NULL,NULL,NULL,NULL,NULL,NULL,NULL,NULL,NULL,NULL,NULL,NULL,NULL,NULL,NULL,NULL,NULL,NULL,NULL,NULL,NULL,NULL,NULL,NULL,NULL,NULL,NULL,NULL,NULL,NULL,NULL,NULL,NULL,NULL,NULL,NULL,NULL,NULL,NULL,NULL,NULL,NULL,NULL,NULL,NULL,NULL,NULL,NULL,NULL,NULL,NULL,NULL,NULL,NULL,NULL,NULL,NULL,NULL,NULL,NULL,NULL,NULL,NULL,NULL,NULL,NULL,NULL,NULL,NULL,NULL,NULL,NULL,NULL,NULL,NULL,NULL,NULL,NULL,NULL,NULL,NULL,NULL,NULL,NULL,NULL,NULL,NULL,NULL,NULL,NULL,NULL,NULL,NULL,NULL,NULL,NULL,NULL,NULL,NULL,NULL,NULL,NULL,NULL,NULL,NULL,NULL,NULL,NULL,NULL,NULL,NULL,NULL,NULL,NULL,NULL,NULL,NULL,NULL,NULL,NULL,NULL,NULL,NULL,NULL,NULL,NULL,NULL,NULL,NULL,NULL,NULL,NULL,NULL,NULL,NULL,NULL,NULL,NULL,NULL,NULL,NULL,NULL,NULL,NULL,NULL,NULL,NULL,NULL,NULL,NULL,NULL,NULL,NULL,NULL,NULL,NULL,NULL,NULL,NULL,NULL,NULL,NULL,NULL,NULL,NULL,NULL,NULL,NULL,NULL,NULL,NULL,NULL,NULL,NULL,NULL,NULL,NULL,NULL,NULL,NULL,NULL,NULL,NULL,NULL,NULL,NULL,NULL,NULL,NULL,NULL,NULL,NULL,NULL,NULL,NULL,NULL,NULL,NULL,NULL,NULL,NULL,NULL,NULL,NULL,NULL,NULL,NULL,NULL,NULL,NULL,NULL,NULL,NULL,NULL,NULL,NULL,NULL,NULL,NULL,NULL,NULL,NULL,NULL,NULL,NULL,NULL,NULL,NULL,NULL,NULL,NULL,NULL),(82,NULL,NULL,NULL,NULL,NULL,NULL,NULL,NULL,NULL,NULL,NULL,NULL,NULL,NULL,NULL,NULL,NULL,NULL,NULL,NULL,NULL,NULL,NULL,NULL,NULL,NULL,NULL,NULL,NULL,NULL,NULL,NULL,NULL,NULL,NULL,NULL,NULL,NULL,NULL,NULL,NULL,NULL,NULL,NULL,NULL,NULL,NULL,NULL,NULL,NULL,NULL,NULL,NULL,NULL,NULL,NULL,NULL,NULL,NULL,NULL,NULL,NULL,NULL,NULL,NULL,NULL,NULL,NULL,NULL,NULL,NULL,NULL,NULL,NULL,NULL,NULL,NULL,NULL,NULL,NULL,NULL,NULL,NULL,NULL,NULL,NULL,NULL,NULL,NULL,NULL,NULL,NULL,NULL,NULL,NULL,NULL,NULL,NULL,NULL,NULL,NULL,NULL,NULL,NULL,NULL,NULL,NULL,NULL,NULL,NULL,NULL,NULL,NULL,NULL,NULL,NULL,NULL,NULL,NULL,NULL,NULL,NULL,NULL,NULL,NULL,NULL,NULL,NULL,NULL,NULL,NULL,NULL,NULL,NULL,NULL,NULL,NULL,NULL,NULL,NULL,NULL,NULL,NULL,NULL,NULL,NULL,NULL,NULL,NULL,NULL,NULL,NULL,NULL,NULL,NULL,NULL,NULL,NULL,NULL,NULL,NULL,NULL,NULL,NULL,NULL,NULL,NULL,NULL,NULL,NULL,NULL,NULL,NULL,NULL,NULL,NULL,NULL,NULL,NULL,NULL,NULL,NULL,NULL,NULL,NULL,NULL,NULL,NULL,NULL,NULL,NULL,NULL,NULL,NULL,NULL,NULL,NULL,NULL,NULL,NULL,NULL,NULL,NULL,NULL,NULL,NULL,NULL,NULL,NULL,NULL,NULL,NULL,NULL,NULL,NULL,NULL,NULL,NULL,NULL,NULL,NULL,NULL,NULL,NULL,NULL,NULL,NULL,NULL,NULL,NULL,NULL,NULL,NULL,NULL,NULL,NULL,NULL,NULL,NULL,NULL,NULL,NULL,NULL,NULL,NULL,NULL,NULL,NULL,NULL,NULL,NULL,NULL,NULL,NULL,NULL,NULL,NULL,NULL,NULL,NULL,NULL,NULL,NULL,NULL,NULL,NULL,NULL,NULL,NULL,NULL,NULL,NULL,NULL,NULL,NULL,NULL,NULL,NULL,NULL,NULL,NULL,NULL,NULL,NULL,NULL,NULL,NULL,NULL,NULL,NULL,NULL,NULL,NULL,NULL,NULL,NULL,NULL,NULL,NULL,NULL,NULL,NULL,NULL,NULL,NULL,NULL,NULL,NULL,NULL,NULL,NULL,NULL,NULL,NULL,NULL,NULL,NULL,NULL,NULL,NULL,NULL,NULL,NULL,NULL),(83,NULL,NULL,NULL,NULL,NULL,NULL,NULL,NULL,NULL,NULL,NULL,NULL,NULL,NULL,NULL,NULL,NULL,NULL,NULL,NULL,NULL,NULL,NULL,NULL,NULL,NULL,NULL,NULL,NULL,NULL,NULL,NULL,NULL,NULL,NULL,NULL,NULL,NULL,NULL,NULL,NULL,NULL,NULL,NULL,NULL,NULL,NULL,NULL,NULL,NULL,NULL,NULL,NULL,NULL,NULL,NULL,NULL,NULL,NULL,NULL,NULL,NULL,NULL,NULL,NULL,NULL,NULL,NULL,NULL,NULL,NULL,NULL,NULL,NULL,NULL,NULL,NULL,NULL,NULL,NULL,NULL,NULL,NULL,NULL,NULL,NULL,NULL,NULL,NULL,NULL,NULL,NULL,NULL,NULL,NULL,NULL,NULL,NULL,NULL,NULL,NULL,NULL,NULL,NULL,NULL,NULL,NULL,NULL,NULL,NULL,NULL,NULL,NULL,NULL,NULL,NULL,NULL,NULL,NULL,NULL,NULL,NULL,NULL,NULL,NULL,NULL,NULL,NULL,NULL,NULL,NULL,NULL,NULL,NULL,NULL,NULL,NULL,NULL,NULL,NULL,NULL,NULL,NULL,NULL,NULL,NULL,NULL,NULL,NULL,NULL,NULL,NULL,NULL,NULL,NULL,NULL,NULL,NULL,NULL,NULL,NULL,NULL,NULL,NULL,NULL,NULL,NULL,NULL,NULL,NULL,NULL,NULL,NULL,NULL,NULL,NULL,NULL,NULL,NULL,NULL,NULL,NULL,NULL,NULL,NULL,NULL,NULL,NULL,NULL,NULL,NULL,NULL,NULL,NULL,NULL,NULL,NULL,NULL,NULL,NULL,NULL,NULL,NULL,NULL,NULL,NULL,NULL,NULL,NULL,NULL,NULL,NULL,NULL,NULL,NULL,NULL,NULL,NULL,NULL,NULL,NULL,NULL,NULL,NULL,NULL,NULL,NULL,NULL,NULL,NULL,NULL,NULL,NULL,NULL,NULL,NULL,NULL,NULL,NULL,NULL,NULL,NULL,NULL,NULL,NULL,NULL,NULL,NULL,NULL,NULL,NULL,NULL,NULL,NULL,NULL,NULL,NULL,NULL,NULL,NULL,NULL,NULL,NULL,NULL,NULL,NULL,NULL,NULL,NULL,NULL,NULL,NULL,NULL,NULL,NULL,NULL,NULL,NULL,NULL,NULL,NULL,NULL,NULL,NULL,NULL,NULL,NULL,NULL,NULL,NULL,NULL,NULL,NULL,NULL,NULL,NULL,NULL,NULL,NULL,NULL,NULL,NULL,NULL,NULL,NULL,NULL,NULL,NULL,NULL,NULL,NULL,NULL,NULL,NULL,NULL,NULL,NULL,NULL,NULL,NULL,NULL,NULL,NULL,NULL),(84,NULL,NULL,NULL,NULL,NULL,NULL,NULL,NULL,NULL,NULL,NULL,NULL,NULL,NULL,NULL,NULL,NULL,NULL,NULL,NULL,NULL,NULL,NULL,NULL,NULL,NULL,NULL,NULL,NULL,NULL,NULL,NULL,NULL,NULL,NULL,NULL,NULL,NULL,NULL,NULL,NULL,NULL,NULL,NULL,NULL,NULL,NULL,NULL,NULL,NULL,NULL,NULL,NULL,NULL,NULL,NULL,NULL,NULL,NULL,NULL,NULL,NULL,NULL,NULL,NULL,NULL,NULL,NULL,NULL,NULL,NULL,NULL,NULL,NULL,NULL,NULL,NULL,NULL,NULL,NULL,NULL,NULL,NULL,NULL,NULL,NULL,NULL,NULL,NULL,NULL,NULL,NULL,NULL,NULL,NULL,NULL,NULL,NULL,NULL,NULL,NULL,NULL,NULL,NULL,NULL,NULL,NULL,NULL,NULL,NULL,NULL,NULL,NULL,NULL,NULL,NULL,NULL,NULL,NULL,NULL,NULL,NULL,NULL,NULL,NULL,NULL,NULL,NULL,NULL,NULL,NULL,NULL,NULL,NULL,NULL,NULL,NULL,NULL,NULL,NULL,NULL,NULL,NULL,NULL,NULL,NULL,NULL,NULL,NULL,NULL,NULL,NULL,NULL,NULL,NULL,NULL,NULL,NULL,NULL,NULL,NULL,NULL,NULL,NULL,NULL,NULL,NULL,NULL,NULL,NULL,NULL,NULL,NULL,NULL,NULL,NULL,NULL,NULL,NULL,NULL,NULL,NULL,NULL,NULL,NULL,NULL,NULL,NULL,NULL,NULL,NULL,NULL,NULL,NULL,NULL,NULL,NULL,NULL,NULL,NULL,NULL,NULL,NULL,NULL,NULL,NULL,NULL,NULL,NULL,NULL,NULL,NULL,NULL,NULL,NULL,NULL,NULL,NULL,NULL,NULL,NULL,NULL,NULL,NULL,NULL,NULL,NULL,NULL,NULL,NULL,NULL,NULL,NULL,NULL,NULL,NULL,NULL,NULL,NULL,NULL,NULL,NULL,NULL,NULL,NULL,NULL,NULL,NULL,NULL,NULL,NULL,NULL,NULL,NULL,NULL,NULL,NULL,NULL,NULL,NULL,NULL,NULL,NULL,NULL,NULL,NULL,NULL,NULL,NULL,NULL,NULL,NULL,NULL,NULL,NULL,NULL,NULL,NULL,NULL,NULL,NULL,NULL,NULL,NULL,NULL,NULL,NULL,NULL,NULL,NULL,NULL,NULL,NULL,NULL,NULL,NULL,NULL,NULL,NULL,NULL,NULL,NULL,NULL,NULL,NULL,NULL,NULL,NULL,NULL,NULL,NULL,NULL,NULL,NULL,NULL,NULL,NULL,NULL,NULL,NULL,NULL,NULL,NULL,NULL),(85,NULL,NULL,NULL,NULL,NULL,NULL,NULL,NULL,NULL,NULL,NULL,NULL,NULL,NULL,NULL,NULL,NULL,NULL,NULL,NULL,NULL,NULL,NULL,NULL,NULL,NULL,NULL,NULL,NULL,NULL,NULL,NULL,NULL,NULL,NULL,NULL,NULL,NULL,NULL,NULL,NULL,NULL,NULL,NULL,NULL,NULL,NULL,NULL,NULL,NULL,NULL,NULL,NULL,NULL,NULL,NULL,NULL,NULL,NULL,NULL,NULL,NULL,NULL,NULL,NULL,NULL,NULL,NULL,NULL,NULL,NULL,NULL,NULL,NULL,NULL,NULL,NULL,NULL,NULL,NULL,NULL,NULL,NULL,NULL,NULL,NULL,NULL,NULL,NULL,NULL,NULL,NULL,NULL,NULL,NULL,NULL,NULL,NULL,NULL,NULL,NULL,NULL,NULL,NULL,NULL,NULL,NULL,NULL,NULL,NULL,NULL,NULL,NULL,NULL,NULL,NULL,NULL,NULL,NULL,NULL,NULL,NULL,NULL,NULL,NULL,NULL,NULL,NULL,NULL,NULL,NULL,NULL,NULL,NULL,NULL,NULL,NULL,NULL,NULL,NULL,NULL,NULL,NULL,NULL,NULL,NULL,NULL,NULL,NULL,NULL,NULL,NULL,NULL,NULL,NULL,NULL,NULL,NULL,NULL,NULL,NULL,NULL,NULL,NULL,NULL,NULL,NULL,NULL,NULL,NULL,NULL,NULL,NULL,NULL,NULL,NULL,NULL,NULL,NULL,NULL,NULL,NULL,NULL,NULL,NULL,NULL,NULL,NULL,NULL,NULL,NULL,NULL,NULL,NULL,NULL,NULL,NULL,NULL,NULL,NULL,NULL,NULL,NULL,NULL,NULL,NULL,NULL,NULL,NULL,NULL,NULL,NULL,NULL,NULL,NULL,NULL,NULL,NULL,NULL,NULL,NULL,NULL,NULL,NULL,NULL,NULL,NULL,NULL,NULL,NULL,NULL,NULL,NULL,NULL,NULL,NULL,NULL,NULL,NULL,NULL,NULL,NULL,NULL,NULL,NULL,NULL,NULL,NULL,NULL,NULL,NULL,NULL,NULL,NULL,NULL,NULL,NULL,NULL,NULL,NULL,NULL,NULL,NULL,NULL,NULL,NULL,NULL,NULL,NULL,NULL,NULL,NULL,NULL,NULL,NULL,NULL,NULL,NULL,NULL,NULL,NULL,NULL,NULL,NULL,NULL,NULL,NULL,NULL,NULL,NULL,NULL,NULL,NULL,NULL,NULL,NULL,NULL,NULL,NULL,NULL,NULL,NULL,NULL,NULL,NULL,NULL,NULL,NULL,NULL,NULL,NULL,NULL,NULL,NULL,NULL,NULL,NULL,NULL,NULL,NULL,NULL,NULL,NULL,NULL),(86,NULL,NULL,NULL,NULL,NULL,NULL,NULL,NULL,NULL,NULL,NULL,NULL,NULL,NULL,NULL,NULL,NULL,NULL,NULL,NULL,NULL,NULL,NULL,NULL,NULL,NULL,NULL,NULL,NULL,NULL,NULL,NULL,NULL,NULL,NULL,NULL,NULL,NULL,NULL,NULL,NULL,NULL,NULL,NULL,NULL,NULL,NULL,NULL,NULL,NULL,NULL,NULL,NULL,NULL,NULL,NULL,NULL,NULL,NULL,NULL,NULL,NULL,NULL,NULL,NULL,NULL,NULL,NULL,NULL,NULL,NULL,NULL,NULL,NULL,NULL,NULL,NULL,NULL,NULL,NULL,NULL,NULL,NULL,NULL,NULL,NULL,NULL,NULL,NULL,NULL,NULL,NULL,NULL,NULL,NULL,NULL,NULL,NULL,NULL,NULL,NULL,NULL,NULL,NULL,NULL,NULL,NULL,NULL,NULL,NULL,NULL,NULL,NULL,NULL,NULL,NULL,NULL,NULL,NULL,NULL,NULL,NULL,NULL,NULL,NULL,NULL,NULL,NULL,NULL,NULL,NULL,NULL,NULL,NULL,NULL,NULL,NULL,NULL,NULL,NULL,NULL,NULL,NULL,NULL,NULL,NULL,NULL,NULL,NULL,NULL,NULL,NULL,NULL,NULL,NULL,NULL,NULL,NULL,NULL,NULL,NULL,NULL,NULL,NULL,NULL,NULL,NULL,NULL,NULL,NULL,NULL,NULL,NULL,NULL,NULL,NULL,NULL,NULL,NULL,NULL,NULL,NULL,NULL,NULL,NULL,NULL,NULL,NULL,NULL,NULL,NULL,NULL,NULL,NULL,NULL,NULL,NULL,NULL,NULL,NULL,NULL,NULL,NULL,NULL,NULL,NULL,NULL,NULL,NULL,NULL,NULL,NULL,NULL,NULL,NULL,NULL,NULL,NULL,NULL,NULL,NULL,NULL,NULL,NULL,NULL,NULL,NULL,NULL,NULL,NULL,NULL,NULL,NULL,NULL,NULL,NULL,NULL,NULL,NULL,NULL,NULL,NULL,NULL,NULL,NULL,NULL,NULL,NULL,NULL,NULL,NULL,NULL,NULL,NULL,NULL,NULL,NULL,NULL,NULL,NULL,NULL,NULL,NULL,NULL,NULL,NULL,NULL,NULL,NULL,NULL,NULL,NULL,NULL,NULL,NULL,NULL,NULL,NULL,NULL,NULL,NULL,NULL,NULL,NULL,NULL,NULL,NULL,NULL,NULL,NULL,NULL,NULL,NULL,NULL,NULL,NULL,NULL,NULL,NULL,NULL,NULL,NULL,NULL,NULL,NULL,NULL,NULL,NULL,NULL,NULL,NULL,NULL,NULL,NULL,NULL,NULL,NULL,NULL,NULL,NULL,NULL,NULL,NULL,NULL),(87,NULL,NULL,NULL,NULL,NULL,NULL,NULL,NULL,NULL,NULL,NULL,NULL,NULL,NULL,NULL,NULL,NULL,NULL,NULL,NULL,NULL,NULL,NULL,NULL,NULL,NULL,NULL,NULL,NULL,NULL,NULL,NULL,NULL,NULL,NULL,NULL,NULL,NULL,NULL,NULL,NULL,NULL,NULL,NULL,NULL,NULL,NULL,NULL,NULL,NULL,NULL,NULL,NULL,NULL,NULL,NULL,NULL,NULL,NULL,NULL,NULL,NULL,NULL,NULL,NULL,NULL,NULL,NULL,NULL,NULL,NULL,NULL,NULL,NULL,NULL,NULL,NULL,NULL,NULL,NULL,NULL,NULL,NULL,NULL,NULL,NULL,NULL,NULL,NULL,NULL,NULL,NULL,NULL,NULL,NULL,NULL,NULL,NULL,NULL,NULL,NULL,NULL,NULL,NULL,NULL,NULL,NULL,NULL,NULL,NULL,NULL,NULL,NULL,NULL,NULL,NULL,NULL,NULL,NULL,NULL,NULL,NULL,NULL,NULL,NULL,NULL,NULL,NULL,NULL,NULL,NULL,NULL,NULL,NULL,NULL,NULL,NULL,NULL,NULL,NULL,NULL,NULL,NULL,NULL,NULL,NULL,NULL,NULL,NULL,NULL,NULL,NULL,NULL,NULL,NULL,NULL,NULL,NULL,NULL,NULL,NULL,NULL,NULL,NULL,NULL,NULL,NULL,NULL,NULL,NULL,NULL,NULL,NULL,NULL,NULL,NULL,NULL,NULL,NULL,NULL,NULL,NULL,NULL,NULL,NULL,NULL,NULL,NULL,NULL,NULL,NULL,NULL,NULL,NULL,NULL,NULL,NULL,NULL,NULL,NULL,NULL,NULL,NULL,NULL,NULL,NULL,NULL,NULL,NULL,NULL,NULL,NULL,NULL,NULL,NULL,NULL,NULL,NULL,NULL,NULL,NULL,NULL,NULL,NULL,NULL,NULL,NULL,NULL,NULL,NULL,NULL,NULL,NULL,NULL,NULL,NULL,NULL,NULL,NULL,NULL,NULL,NULL,NULL,NULL,NULL,NULL,NULL,NULL,NULL,NULL,NULL,NULL,NULL,NULL,NULL,NULL,NULL,NULL,NULL,NULL,NULL,NULL,NULL,NULL,NULL,NULL,NULL,NULL,NULL,NULL,NULL,NULL,NULL,NULL,NULL,NULL,NULL,NULL,NULL,NULL,NULL,NULL,NULL,NULL,NULL,NULL,NULL,NULL,NULL,NULL,NULL,NULL,NULL,NULL,NULL,NULL,NULL,NULL,NULL,NULL,NULL,NULL,NULL,NULL,NULL,NULL,NULL,NULL,NULL,NULL,NULL,NULL,NULL,NULL,NULL,NULL,NULL,NULL,NULL,NULL,NULL,NULL,NULL,NULL),(88,NULL,NULL,NULL,NULL,NULL,NULL,NULL,NULL,NULL,NULL,NULL,NULL,NULL,NULL,NULL,NULL,NULL,NULL,NULL,NULL,NULL,NULL,NULL,NULL,NULL,NULL,NULL,NULL,NULL,NULL,NULL,NULL,NULL,NULL,NULL,NULL,NULL,NULL,NULL,NULL,NULL,NULL,NULL,NULL,NULL,NULL,NULL,NULL,NULL,NULL,NULL,NULL,NULL,NULL,NULL,NULL,NULL,NULL,NULL,NULL,NULL,NULL,NULL,NULL,NULL,NULL,NULL,NULL,NULL,NULL,NULL,NULL,NULL,NULL,NULL,NULL,NULL,NULL,NULL,NULL,NULL,NULL,NULL,NULL,NULL,NULL,NULL,NULL,NULL,NULL,NULL,NULL,NULL,NULL,NULL,NULL,NULL,NULL,NULL,NULL,NULL,NULL,NULL,NULL,NULL,NULL,NULL,NULL,NULL,NULL,NULL,NULL,NULL,NULL,NULL,NULL,NULL,NULL,NULL,NULL,NULL,NULL,NULL,NULL,NULL,NULL,NULL,NULL,NULL,NULL,NULL,NULL,NULL,NULL,NULL,NULL,NULL,NULL,NULL,NULL,NULL,NULL,NULL,NULL,NULL,NULL,NULL,NULL,NULL,NULL,NULL,NULL,NULL,NULL,NULL,NULL,NULL,NULL,NULL,NULL,NULL,NULL,NULL,NULL,NULL,NULL,NULL,NULL,NULL,NULL,NULL,NULL,NULL,NULL,NULL,NULL,NULL,NULL,NULL,NULL,NULL,NULL,NULL,NULL,NULL,NULL,NULL,NULL,NULL,NULL,NULL,NULL,NULL,NULL,NULL,NULL,NULL,NULL,NULL,NULL,NULL,NULL,NULL,NULL,NULL,NULL,NULL,NULL,NULL,NULL,NULL,NULL,NULL,NULL,NULL,NULL,NULL,NULL,NULL,NULL,NULL,NULL,NULL,NULL,NULL,NULL,NULL,NULL,NULL,NULL,NULL,NULL,NULL,NULL,NULL,NULL,NULL,NULL,NULL,NULL,NULL,NULL,NULL,NULL,NULL,NULL,NULL,NULL,NULL,NULL,NULL,NULL,NULL,NULL,NULL,NULL,NULL,NULL,NULL,NULL,NULL,NULL,NULL,NULL,NULL,NULL,NULL,NULL,NULL,NULL,NULL,NULL,NULL,NULL,NULL,NULL,NULL,NULL,NULL,NULL,NULL,NULL,NULL,NULL,NULL,NULL,NULL,NULL,NULL,NULL,NULL,NULL,NULL,NULL,NULL,NULL,NULL,NULL,NULL,NULL,NULL,NULL,NULL,NULL,NULL,NULL,NULL,NULL,NULL,NULL,NULL,NULL,NULL,NULL,NULL,NULL,NULL,NULL,NULL,NULL,NULL,NULL,NULL,NULL),(89,NULL,NULL,NULL,NULL,NULL,NULL,NULL,NULL,NULL,NULL,NULL,NULL,NULL,NULL,NULL,NULL,NULL,NULL,NULL,NULL,NULL,NULL,NULL,NULL,NULL,NULL,NULL,NULL,NULL,NULL,NULL,NULL,NULL,NULL,NULL,NULL,NULL,NULL,NULL,NULL,NULL,NULL,NULL,NULL,NULL,NULL,NULL,NULL,NULL,NULL,NULL,NULL,NULL,NULL,NULL,NULL,NULL,NULL,NULL,NULL,NULL,NULL,NULL,NULL,NULL,NULL,NULL,NULL,NULL,NULL,NULL,NULL,NULL,NULL,NULL,NULL,NULL,NULL,NULL,NULL,NULL,NULL,NULL,NULL,NULL,NULL,NULL,NULL,NULL,NULL,NULL,NULL,NULL,NULL,NULL,NULL,NULL,NULL,NULL,NULL,NULL,NULL,NULL,NULL,NULL,NULL,NULL,NULL,NULL,NULL,NULL,NULL,NULL,NULL,NULL,NULL,NULL,NULL,NULL,NULL,NULL,NULL,NULL,NULL,NULL,NULL,NULL,NULL,NULL,NULL,NULL,NULL,NULL,NULL,NULL,NULL,NULL,NULL,NULL,NULL,NULL,NULL,NULL,NULL,NULL,NULL,NULL,NULL,NULL,NULL,NULL,NULL,NULL,NULL,NULL,NULL,NULL,NULL,NULL,NULL,NULL,NULL,NULL,NULL,NULL,NULL,NULL,NULL,NULL,NULL,NULL,NULL,NULL,NULL,NULL,NULL,NULL,NULL,NULL,NULL,NULL,NULL,NULL,NULL,NULL,NULL,NULL,NULL,NULL,NULL,NULL,NULL,NULL,NULL,NULL,NULL,NULL,NULL,NULL,NULL,NULL,NULL,NULL,NULL,NULL,NULL,NULL,NULL,NULL,NULL,NULL,NULL,NULL,NULL,NULL,NULL,NULL,NULL,NULL,NULL,NULL,NULL,NULL,NULL,NULL,NULL,NULL,NULL,NULL,NULL,NULL,NULL,NULL,NULL,NULL,NULL,NULL,NULL,NULL,NULL,NULL,NULL,NULL,NULL,NULL,NULL,NULL,NULL,NULL,NULL,NULL,NULL,NULL,NULL,NULL,NULL,NULL,NULL,NULL,NULL,NULL,NULL,NULL,NULL,NULL,NULL,NULL,NULL,NULL,NULL,NULL,NULL,NULL,NULL,NULL,NULL,NULL,NULL,NULL,NULL,NULL,NULL,NULL,NULL,NULL,NULL,NULL,NULL,NULL,NULL,NULL,NULL,NULL,NULL,NULL,NULL,NULL,NULL,NULL,NULL,NULL,NULL,NULL,NULL,NULL,NULL,NULL,NULL,NULL,NULL,NULL,NULL,NULL,NULL,NULL,NULL,NULL,NULL,NULL,NULL,NULL,NULL,NULL,NULL),(90,NULL,NULL,NULL,NULL,NULL,NULL,NULL,NULL,NULL,NULL,NULL,NULL,NULL,NULL,NULL,NULL,NULL,NULL,NULL,NULL,NULL,NULL,NULL,NULL,NULL,NULL,NULL,NULL,NULL,NULL,NULL,NULL,NULL,NULL,NULL,NULL,NULL,NULL,NULL,NULL,NULL,NULL,NULL,NULL,NULL,NULL,NULL,NULL,NULL,NULL,NULL,NULL,NULL,NULL,NULL,NULL,NULL,NULL,NULL,NULL,NULL,NULL,NULL,NULL,NULL,NULL,NULL,NULL,NULL,NULL,NULL,NULL,NULL,NULL,NULL,NULL,NULL,NULL,NULL,NULL,NULL,NULL,NULL,NULL,NULL,NULL,NULL,NULL,NULL,NULL,NULL,NULL,NULL,NULL,NULL,NULL,NULL,NULL,NULL,NULL,NULL,NULL,NULL,NULL,NULL,NULL,NULL,NULL,NULL,NULL,NULL,NULL,NULL,NULL,NULL,NULL,NULL,NULL,NULL,NULL,NULL,NULL,NULL,NULL,NULL,NULL,NULL,NULL,NULL,NULL,NULL,NULL,NULL,NULL,NULL,NULL,NULL,NULL,NULL,NULL,NULL,NULL,NULL,NULL,NULL,NULL,NULL,NULL,NULL,NULL,NULL,NULL,NULL,NULL,NULL,NULL,NULL,NULL,NULL,NULL,NULL,NULL,NULL,NULL,NULL,NULL,NULL,NULL,NULL,NULL,NULL,NULL,NULL,NULL,NULL,NULL,NULL,NULL,NULL,NULL,NULL,NULL,NULL,NULL,NULL,NULL,NULL,NULL,NULL,NULL,NULL,NULL,NULL,NULL,NULL,NULL,NULL,NULL,NULL,NULL,NULL,NULL,NULL,NULL,NULL,NULL,NULL,NULL,NULL,NULL,NULL,NULL,NULL,NULL,NULL,NULL,NULL,NULL,NULL,NULL,NULL,NULL,NULL,NULL,NULL,NULL,NULL,NULL,NULL,NULL,NULL,NULL,NULL,NULL,NULL,NULL,NULL,NULL,NULL,NULL,NULL,NULL,NULL,NULL,NULL,NULL,NULL,NULL,NULL,NULL,NULL,NULL,NULL,NULL,NULL,NULL,NULL,NULL,NULL,NULL,NULL,NULL,NULL,NULL,NULL,NULL,NULL,NULL,NULL,NULL,NULL,NULL,NULL,NULL,NULL,NULL,NULL,NULL,NULL,NULL,NULL,NULL,NULL,NULL,NULL,NULL,NULL,NULL,NULL,NULL,NULL,NULL,NULL,NULL,NULL,NULL,NULL,NULL,NULL,NULL,NULL,NULL,NULL,NULL,NULL,NULL,NULL,NULL,NULL,NULL,NULL,NULL,NULL,NULL,NULL,NULL,NULL,NULL,NULL,NULL,NULL,NULL,NULL,NULL),(91,NULL,NULL,NULL,NULL,NULL,NULL,NULL,NULL,NULL,NULL,NULL,NULL,NULL,NULL,NULL,NULL,NULL,NULL,NULL,NULL,NULL,NULL,NULL,NULL,NULL,NULL,NULL,NULL,NULL,NULL,NULL,NULL,NULL,NULL,NULL,NULL,NULL,NULL,NULL,NULL,NULL,NULL,NULL,NULL,NULL,NULL,NULL,NULL,NULL,NULL,NULL,NULL,NULL,NULL,NULL,NULL,NULL,NULL,NULL,NULL,NULL,NULL,NULL,NULL,NULL,NULL,NULL,NULL,NULL,NULL,NULL,NULL,NULL,NULL,NULL,NULL,NULL,NULL,NULL,NULL,NULL,NULL,NULL,NULL,NULL,NULL,NULL,NULL,NULL,NULL,NULL,NULL,NULL,NULL,NULL,NULL,NULL,NULL,NULL,NULL,NULL,NULL,NULL,NULL,NULL,NULL,NULL,NULL,NULL,NULL,NULL,NULL,NULL,NULL,NULL,NULL,NULL,NULL,NULL,NULL,NULL,NULL,NULL,NULL,NULL,NULL,NULL,NULL,NULL,NULL,NULL,NULL,NULL,NULL,NULL,NULL,NULL,NULL,NULL,NULL,NULL,NULL,NULL,NULL,NULL,NULL,NULL,NULL,NULL,NULL,NULL,NULL,NULL,NULL,NULL,NULL,NULL,NULL,NULL,NULL,NULL,NULL,NULL,NULL,NULL,NULL,NULL,NULL,NULL,NULL,NULL,NULL,NULL,NULL,NULL,NULL,NULL,NULL,NULL,NULL,NULL,NULL,NULL,NULL,NULL,NULL,NULL,NULL,NULL,NULL,NULL,NULL,NULL,NULL,NULL,NULL,NULL,NULL,NULL,NULL,NULL,NULL,NULL,NULL,NULL,NULL,NULL,NULL,NULL,NULL,NULL,NULL,NULL,NULL,NULL,NULL,NULL,NULL,NULL,NULL,NULL,NULL,NULL,NULL,NULL,NULL,NULL,NULL,NULL,NULL,NULL,NULL,NULL,NULL,NULL,NULL,NULL,NULL,NULL,NULL,NULL,NULL,NULL,NULL,NULL,NULL,NULL,NULL,NULL,NULL,NULL,NULL,NULL,NULL,NULL,NULL,NULL,NULL,NULL,NULL,NULL,NULL,NULL,NULL,NULL,NULL,NULL,NULL,NULL,NULL,NULL,NULL,NULL,NULL,NULL,NULL,NULL,NULL,NULL,NULL,NULL,NULL,NULL,NULL,NULL,NULL,NULL,NULL,NULL,NULL,NULL,NULL,NULL,NULL,NULL,NULL,NULL,NULL,NULL,NULL,NULL,NULL,NULL,NULL,NULL,NULL,NULL,NULL,NULL,NULL,NULL,NULL,NULL,NULL,NULL,NULL,NULL,NULL,NULL,NULL,NULL,NULL,NULL,NULL),(92,NULL,NULL,NULL,NULL,NULL,NULL,NULL,NULL,NULL,NULL,NULL,NULL,NULL,NULL,NULL,NULL,NULL,NULL,NULL,NULL,NULL,NULL,NULL,NULL,NULL,NULL,NULL,NULL,NULL,NULL,NULL,NULL,NULL,NULL,NULL,NULL,NULL,NULL,NULL,NULL,NULL,NULL,NULL,NULL,NULL,NULL,NULL,NULL,NULL,NULL,NULL,NULL,NULL,NULL,NULL,NULL,NULL,NULL,NULL,NULL,NULL,NULL,NULL,NULL,NULL,NULL,NULL,NULL,NULL,NULL,NULL,NULL,NULL,NULL,NULL,NULL,NULL,NULL,NULL,NULL,NULL,NULL,NULL,NULL,NULL,NULL,NULL,NULL,NULL,NULL,NULL,NULL,NULL,NULL,NULL,NULL,NULL,NULL,NULL,NULL,NULL,NULL,NULL,NULL,NULL,NULL,NULL,NULL,NULL,NULL,NULL,NULL,NULL,NULL,NULL,NULL,NULL,NULL,NULL,NULL,NULL,NULL,NULL,NULL,NULL,NULL,NULL,NULL,NULL,NULL,NULL,NULL,NULL,NULL,NULL,NULL,NULL,NULL,NULL,NULL,NULL,NULL,NULL,NULL,NULL,NULL,NULL,NULL,NULL,NULL,NULL,NULL,NULL,NULL,NULL,NULL,NULL,NULL,NULL,NULL,NULL,NULL,NULL,NULL,NULL,NULL,NULL,NULL,NULL,NULL,NULL,NULL,NULL,NULL,NULL,NULL,NULL,NULL,NULL,NULL,NULL,NULL,NULL,NULL,NULL,NULL,NULL,NULL,NULL,NULL,NULL,NULL,NULL,NULL,NULL,NULL,NULL,NULL,NULL,NULL,NULL,NULL,NULL,NULL,NULL,NULL,NULL,NULL,NULL,NULL,NULL,NULL,NULL,NULL,NULL,NULL,NULL,NULL,NULL,NULL,NULL,NULL,NULL,NULL,NULL,NULL,NULL,NULL,NULL,NULL,NULL,NULL,NULL,NULL,NULL,NULL,NULL,NULL,NULL,NULL,NULL,NULL,NULL,NULL,NULL,NULL,NULL,NULL,NULL,NULL,NULL,NULL,NULL,NULL,NULL,NULL,NULL,NULL,NULL,NULL,NULL,NULL,NULL,NULL,NULL,NULL,NULL,NULL,NULL,NULL,NULL,NULL,NULL,NULL,NULL,NULL,NULL,NULL,NULL,NULL,NULL,NULL,NULL,NULL,NULL,NULL,NULL,NULL,NULL,NULL,NULL,NULL,NULL,NULL,NULL,NULL,NULL,NULL,NULL,NULL,NULL,NULL,NULL,NULL,NULL,NULL,NULL,NULL,NULL,NULL,NULL,NULL,NULL,NULL,NULL,NULL,NULL,NULL,NULL,NULL,NULL,NULL,NULL,NULL),(93,NULL,NULL,NULL,NULL,NULL,NULL,NULL,NULL,NULL,NULL,NULL,NULL,NULL,NULL,NULL,NULL,NULL,NULL,NULL,NULL,NULL,NULL,NULL,NULL,NULL,NULL,NULL,NULL,NULL,NULL,NULL,NULL,NULL,NULL,NULL,NULL,NULL,NULL,NULL,NULL,NULL,NULL,NULL,NULL,NULL,NULL,NULL,NULL,NULL,NULL,NULL,NULL,NULL,NULL,NULL,NULL,NULL,NULL,NULL,NULL,NULL,NULL,NULL,NULL,NULL,NULL,NULL,NULL,NULL,NULL,NULL,NULL,NULL,NULL,NULL,NULL,NULL,NULL,NULL,NULL,NULL,NULL,NULL,NULL,NULL,NULL,NULL,NULL,NULL,NULL,NULL,NULL,NULL,NULL,NULL,NULL,NULL,NULL,NULL,NULL,NULL,NULL,NULL,NULL,NULL,NULL,NULL,NULL,NULL,NULL,NULL,NULL,NULL,NULL,NULL,NULL,NULL,NULL,NULL,NULL,NULL,NULL,NULL,NULL,NULL,NULL,NULL,NULL,NULL,NULL,NULL,NULL,NULL,NULL,NULL,NULL,NULL,NULL,NULL,NULL,NULL,NULL,NULL,NULL,NULL,NULL,NULL,NULL,NULL,NULL,NULL,NULL,NULL,NULL,NULL,NULL,NULL,NULL,NULL,NULL,NULL,NULL,NULL,NULL,NULL,NULL,NULL,NULL,NULL,NULL,NULL,NULL,NULL,NULL,NULL,NULL,NULL,NULL,NULL,NULL,NULL,NULL,NULL,NULL,NULL,NULL,NULL,NULL,NULL,NULL,NULL,NULL,NULL,NULL,NULL,NULL,NULL,NULL,NULL,NULL,NULL,NULL,NULL,NULL,NULL,NULL,NULL,NULL,NULL,NULL,NULL,NULL,NULL,NULL,NULL,NULL,NULL,NULL,NULL,NULL,NULL,NULL,NULL,NULL,NULL,NULL,NULL,NULL,NULL,NULL,NULL,NULL,NULL,NULL,NULL,NULL,NULL,NULL,NULL,NULL,NULL,NULL,NULL,NULL,NULL,NULL,NULL,NULL,NULL,NULL,NULL,NULL,NULL,NULL,NULL,NULL,NULL,NULL,NULL,NULL,NULL,NULL,NULL,NULL,NULL,NULL,NULL,NULL,NULL,NULL,NULL,NULL,NULL,NULL,NULL,NULL,NULL,NULL,NULL,NULL,NULL,NULL,NULL,NULL,NULL,NULL,NULL,NULL,NULL,NULL,NULL,NULL,NULL,NULL,NULL,NULL,NULL,NULL,NULL,NULL,NULL,NULL,NULL,NULL,NULL,NULL,NULL,NULL,NULL,NULL,NULL,NULL,NULL,NULL,NULL,NULL,NULL,NULL,NULL,NULL,NULL,NULL,NULL,NULL),(94,NULL,NULL,NULL,NULL,NULL,NULL,NULL,NULL,NULL,NULL,NULL,NULL,NULL,NULL,NULL,NULL,NULL,NULL,NULL,NULL,NULL,NULL,NULL,NULL,NULL,NULL,NULL,NULL,NULL,NULL,NULL,NULL,NULL,NULL,NULL,NULL,NULL,NULL,NULL,NULL,NULL,NULL,NULL,NULL,NULL,NULL,NULL,NULL,NULL,NULL,NULL,NULL,NULL,NULL,NULL,NULL,NULL,NULL,NULL,NULL,NULL,NULL,NULL,NULL,NULL,NULL,NULL,NULL,NULL,NULL,NULL,NULL,NULL,NULL,NULL,NULL,NULL,NULL,NULL,NULL,NULL,NULL,NULL,NULL,NULL,NULL,NULL,NULL,NULL,NULL,NULL,NULL,NULL,NULL,NULL,NULL,NULL,NULL,NULL,NULL,NULL,NULL,NULL,NULL,NULL,NULL,NULL,NULL,NULL,NULL,NULL,NULL,NULL,NULL,NULL,NULL,NULL,NULL,NULL,NULL,NULL,NULL,NULL,NULL,NULL,NULL,NULL,NULL,NULL,NULL,NULL,NULL,NULL,NULL,NULL,NULL,NULL,NULL,NULL,NULL,NULL,NULL,NULL,NULL,NULL,NULL,NULL,NULL,NULL,NULL,NULL,NULL,NULL,NULL,NULL,NULL,NULL,NULL,NULL,NULL,NULL,NULL,NULL,NULL,NULL,NULL,NULL,NULL,NULL,NULL,NULL,NULL,NULL,NULL,NULL,NULL,NULL,NULL,NULL,NULL,NULL,NULL,NULL,NULL,NULL,NULL,NULL,NULL,NULL,NULL,NULL,NULL,NULL,NULL,NULL,NULL,NULL,NULL,NULL,NULL,NULL,NULL,NULL,NULL,NULL,NULL,NULL,NULL,NULL,NULL,NULL,NULL,NULL,NULL,NULL,NULL,NULL,NULL,NULL,NULL,NULL,NULL,NULL,NULL,NULL,NULL,NULL,NULL,NULL,NULL,NULL,NULL,NULL,NULL,NULL,NULL,NULL,NULL,NULL,NULL,NULL,NULL,NULL,NULL,NULL,NULL,NULL,NULL,NULL,NULL,NULL,NULL,NULL,NULL,NULL,NULL,NULL,NULL,NULL,NULL,NULL,NULL,NULL,NULL,NULL,NULL,NULL,NULL,NULL,NULL,NULL,NULL,NULL,NULL,NULL,NULL,NULL,NULL,NULL,NULL,NULL,NULL,NULL,NULL,NULL,NULL,NULL,NULL,NULL,NULL,NULL,NULL,NULL,NULL,NULL,NULL,NULL,NULL,NULL,NULL,NULL,NULL,NULL,NULL,NULL,NULL,NULL,NULL,NULL,NULL,NULL,NULL,NULL,NULL,NULL,NULL,NULL,NULL,NULL,NULL,NULL,NULL,NULL,NULL),(95,NULL,NULL,NULL,NULL,NULL,NULL,NULL,NULL,NULL,NULL,NULL,NULL,NULL,NULL,NULL,NULL,NULL,NULL,NULL,NULL,NULL,NULL,NULL,NULL,NULL,NULL,NULL,NULL,NULL,NULL,NULL,NULL,NULL,NULL,NULL,NULL,NULL,NULL,NULL,NULL,NULL,NULL,NULL,NULL,NULL,NULL,NULL,NULL,NULL,NULL,NULL,NULL,NULL,NULL,NULL,NULL,NULL,NULL,NULL,NULL,NULL,NULL,NULL,NULL,NULL,NULL,NULL,NULL,NULL,NULL,NULL,NULL,NULL,NULL,NULL,NULL,NULL,NULL,NULL,NULL,NULL,NULL,NULL,NULL,NULL,NULL,NULL,NULL,NULL,NULL,NULL,NULL,NULL,NULL,NULL,NULL,NULL,NULL,NULL,NULL,NULL,NULL,NULL,NULL,NULL,NULL,NULL,NULL,NULL,NULL,NULL,NULL,NULL,NULL,NULL,NULL,NULL,NULL,NULL,NULL,NULL,NULL,NULL,NULL,NULL,NULL,NULL,NULL,NULL,NULL,NULL,NULL,NULL,NULL,NULL,NULL,NULL,NULL,NULL,NULL,NULL,NULL,NULL,NULL,NULL,NULL,NULL,NULL,NULL,NULL,NULL,NULL,NULL,NULL,NULL,NULL,NULL,NULL,NULL,NULL,NULL,NULL,NULL,NULL,NULL,NULL,NULL,NULL,NULL,NULL,NULL,NULL,NULL,NULL,NULL,NULL,NULL,NULL,NULL,NULL,NULL,NULL,NULL,NULL,NULL,NULL,NULL,NULL,NULL,NULL,NULL,NULL,NULL,NULL,NULL,NULL,NULL,NULL,NULL,NULL,NULL,NULL,NULL,NULL,NULL,NULL,NULL,NULL,NULL,NULL,NULL,NULL,NULL,NULL,NULL,NULL,NULL,NULL,NULL,NULL,NULL,NULL,NULL,NULL,NULL,NULL,NULL,NULL,NULL,NULL,NULL,NULL,NULL,NULL,NULL,NULL,NULL,NULL,NULL,NULL,NULL,NULL,NULL,NULL,NULL,NULL,NULL,NULL,NULL,NULL,NULL,NULL,NULL,NULL,NULL,NULL,NULL,NULL,NULL,NULL,NULL,NULL,NULL,NULL,NULL,NULL,NULL,NULL,NULL,NULL,NULL,NULL,NULL,NULL,NULL,NULL,NULL,NULL,NULL,NULL,NULL,NULL,NULL,NULL,NULL,NULL,NULL,NULL,NULL,NULL,NULL,NULL,NULL,NULL,NULL,NULL,NULL,NULL,NULL,NULL,NULL,NULL,NULL,NULL,NULL,NULL,NULL,NULL,NULL,NULL,NULL,NULL,NULL,NULL,NULL,NULL,NULL,NULL,NULL,NULL,NULL,NULL,NULL,NULL),(96,NULL,NULL,NULL,NULL,NULL,NULL,NULL,NULL,NULL,NULL,NULL,NULL,NULL,NULL,NULL,NULL,NULL,NULL,NULL,NULL,NULL,NULL,NULL,NULL,NULL,NULL,NULL,NULL,NULL,NULL,NULL,NULL,NULL,NULL,NULL,NULL,NULL,NULL,NULL,NULL,NULL,NULL,NULL,NULL,NULL,NULL,NULL,NULL,NULL,NULL,NULL,NULL,NULL,NULL,NULL,NULL,NULL,NULL,NULL,NULL,NULL,NULL,NULL,NULL,NULL,NULL,NULL,NULL,NULL,NULL,NULL,NULL,NULL,NULL,NULL,NULL,NULL,NULL,NULL,NULL,NULL,NULL,NULL,NULL,NULL,NULL,NULL,NULL,NULL,NULL,NULL,NULL,NULL,NULL,NULL,NULL,NULL,NULL,NULL,NULL,NULL,NULL,NULL,NULL,NULL,NULL,NULL,NULL,NULL,NULL,NULL,NULL,NULL,NULL,NULL,NULL,NULL,NULL,NULL,NULL,NULL,NULL,NULL,NULL,NULL,NULL,NULL,NULL,NULL,NULL,NULL,NULL,NULL,NULL,NULL,NULL,NULL,NULL,NULL,NULL,NULL,NULL,NULL,NULL,NULL,NULL,NULL,NULL,NULL,NULL,NULL,NULL,NULL,NULL,NULL,NULL,NULL,NULL,NULL,NULL,NULL,NULL,NULL,NULL,NULL,NULL,NULL,NULL,NULL,NULL,NULL,NULL,NULL,NULL,NULL,NULL,NULL,NULL,NULL,NULL,NULL,NULL,NULL,NULL,NULL,NULL,NULL,NULL,NULL,NULL,NULL,NULL,NULL,NULL,NULL,NULL,NULL,NULL,NULL,NULL,NULL,NULL,NULL,NULL,NULL,NULL,NULL,NULL,NULL,NULL,NULL,NULL,NULL,NULL,NULL,NULL,NULL,NULL,NULL,NULL,NULL,NULL,NULL,NULL,NULL,NULL,NULL,NULL,NULL,NULL,NULL,NULL,NULL,NULL,NULL,NULL,NULL,NULL,NULL,NULL,NULL,NULL,NULL,NULL,NULL,NULL,NULL,NULL,NULL,NULL,NULL,NULL,NULL,NULL,NULL,NULL,NULL,NULL,NULL,NULL,NULL,NULL,NULL,NULL,NULL,NULL,NULL,NULL,NULL,NULL,NULL,NULL,NULL,NULL,NULL,NULL,NULL,NULL,NULL,NULL,NULL,NULL,NULL,NULL,NULL,NULL,NULL,NULL,NULL,NULL,NULL,NULL,NULL,NULL,NULL,NULL,NULL,NULL,NULL,NULL,NULL,NULL,NULL,NULL,NULL,NULL,NULL,NULL,NULL,NULL,NULL,NULL,NULL,NULL,NULL,NULL,NULL,NULL,NULL,NULL,NULL,NULL,NULL,NULL),(97,NULL,NULL,NULL,NULL,NULL,NULL,NULL,NULL,NULL,NULL,NULL,NULL,NULL,NULL,NULL,NULL,NULL,NULL,NULL,NULL,NULL,NULL,NULL,NULL,NULL,NULL,NULL,NULL,NULL,NULL,NULL,NULL,NULL,NULL,NULL,NULL,NULL,NULL,NULL,NULL,NULL,NULL,NULL,NULL,NULL,NULL,NULL,NULL,NULL,NULL,NULL,NULL,NULL,NULL,NULL,NULL,NULL,NULL,NULL,NULL,NULL,NULL,NULL,NULL,NULL,NULL,NULL,NULL,NULL,NULL,NULL,NULL,NULL,NULL,NULL,NULL,NULL,NULL,NULL,NULL,NULL,NULL,NULL,NULL,NULL,NULL,NULL,NULL,NULL,NULL,NULL,NULL,NULL,NULL,NULL,NULL,NULL,NULL,NULL,NULL,NULL,NULL,NULL,NULL,NULL,NULL,NULL,NULL,NULL,NULL,NULL,NULL,NULL,NULL,NULL,NULL,NULL,NULL,NULL,NULL,NULL,NULL,NULL,NULL,NULL,NULL,NULL,NULL,NULL,NULL,NULL,NULL,NULL,NULL,NULL,NULL,NULL,NULL,NULL,NULL,NULL,NULL,NULL,NULL,NULL,NULL,NULL,NULL,NULL,NULL,NULL,NULL,NULL,NULL,NULL,NULL,NULL,NULL,NULL,NULL,NULL,NULL,NULL,NULL,NULL,NULL,NULL,NULL,NULL,NULL,NULL,NULL,NULL,NULL,NULL,NULL,NULL,NULL,NULL,NULL,NULL,NULL,NULL,NULL,NULL,NULL,NULL,NULL,NULL,NULL,NULL,NULL,NULL,NULL,NULL,NULL,NULL,NULL,NULL,NULL,NULL,NULL,NULL,NULL,NULL,NULL,NULL,NULL,NULL,NULL,NULL,NULL,NULL,NULL,NULL,NULL,NULL,NULL,NULL,NULL,NULL,NULL,NULL,NULL,NULL,NULL,NULL,NULL,NULL,NULL,NULL,NULL,NULL,NULL,NULL,NULL,NULL,NULL,NULL,NULL,NULL,NULL,NULL,NULL,NULL,NULL,NULL,NULL,NULL,NULL,NULL,NULL,NULL,NULL,NULL,NULL,NULL,NULL,NULL,NULL,NULL,NULL,NULL,NULL,NULL,NULL,NULL,NULL,NULL,NULL,NULL,NULL,NULL,NULL,NULL,NULL,NULL,NULL,NULL,NULL,NULL,NULL,NULL,NULL,NULL,NULL,NULL,NULL,NULL,NULL,NULL,NULL,NULL,NULL,NULL,NULL,NULL,NULL,NULL,NULL,NULL,NULL,NULL,NULL,NULL,NULL,NULL,NULL,NULL,NULL,NULL,NULL,NULL,NULL,NULL,NULL,NULL,NULL,NULL,NULL,NULL,NULL,NULL,NULL),(98,NULL,NULL,NULL,NULL,NULL,NULL,NULL,NULL,NULL,NULL,NULL,NULL,NULL,NULL,NULL,NULL,NULL,NULL,NULL,NULL,NULL,NULL,NULL,NULL,NULL,NULL,NULL,NULL,NULL,NULL,NULL,NULL,NULL,NULL,NULL,NULL,NULL,NULL,NULL,NULL,NULL,NULL,NULL,NULL,NULL,NULL,NULL,NULL,NULL,NULL,NULL,NULL,NULL,NULL,NULL,NULL,NULL,NULL,NULL,NULL,NULL,NULL,NULL,NULL,NULL,NULL,NULL,NULL,NULL,NULL,NULL,NULL,NULL,NULL,NULL,NULL,NULL,NULL,NULL,NULL,NULL,NULL,NULL,NULL,NULL,NULL,NULL,NULL,NULL,NULL,NULL,NULL,NULL,NULL,NULL,NULL,NULL,NULL,NULL,NULL,NULL,NULL,NULL,NULL,NULL,NULL,NULL,NULL,NULL,NULL,NULL,NULL,NULL,NULL,NULL,NULL,NULL,NULL,NULL,NULL,NULL,NULL,NULL,NULL,NULL,NULL,NULL,NULL,NULL,NULL,NULL,NULL,NULL,NULL,NULL,NULL,NULL,NULL,NULL,NULL,NULL,NULL,NULL,NULL,NULL,NULL,NULL,NULL,NULL,NULL,NULL,NULL,NULL,NULL,NULL,NULL,NULL,NULL,NULL,NULL,NULL,NULL,NULL,NULL,NULL,NULL,NULL,NULL,NULL,NULL,NULL,NULL,NULL,NULL,NULL,NULL,NULL,NULL,NULL,NULL,NULL,NULL,NULL,NULL,NULL,NULL,NULL,NULL,NULL,NULL,NULL,NULL,NULL,NULL,NULL,NULL,NULL,NULL,NULL,NULL,NULL,NULL,NULL,NULL,NULL,NULL,NULL,NULL,NULL,NULL,NULL,NULL,NULL,NULL,NULL,NULL,NULL,NULL,NULL,NULL,NULL,NULL,NULL,NULL,NULL,NULL,NULL,NULL,NULL,NULL,NULL,NULL,NULL,NULL,NULL,NULL,NULL,NULL,NULL,NULL,NULL,NULL,NULL,NULL,NULL,NULL,NULL,NULL,NULL,NULL,NULL,NULL,NULL,NULL,NULL,NULL,NULL,NULL,NULL,NULL,NULL,NULL,NULL,NULL,NULL,NULL,NULL,NULL,NULL,NULL,NULL,NULL,NULL,NULL,NULL,NULL,NULL,NULL,NULL,NULL,NULL,NULL,NULL,NULL,NULL,NULL,NULL,NULL,NULL,NULL,NULL,NULL,NULL,NULL,NULL,NULL,NULL,NULL,NULL,NULL,NULL,NULL,NULL,NULL,NULL,NULL,NULL,NULL,NULL,NULL,NULL,NULL,NULL,NULL,NULL,NULL,NULL,NULL,NULL,NULL,NULL,NULL,NULL,NULL),(99,NULL,NULL,NULL,NULL,NULL,NULL,NULL,NULL,NULL,NULL,NULL,NULL,NULL,NULL,NULL,NULL,NULL,NULL,NULL,NULL,NULL,NULL,NULL,NULL,NULL,NULL,NULL,NULL,NULL,NULL,NULL,NULL,NULL,NULL,NULL,NULL,NULL,NULL,NULL,NULL,NULL,NULL,NULL,NULL,NULL,NULL,NULL,NULL,NULL,NULL,NULL,NULL,NULL,NULL,NULL,NULL,NULL,NULL,NULL,NULL,NULL,NULL,NULL,NULL,NULL,NULL,NULL,NULL,NULL,NULL,NULL,NULL,NULL,NULL,NULL,NULL,NULL,NULL,NULL,NULL,NULL,NULL,NULL,NULL,NULL,NULL,NULL,NULL,NULL,NULL,NULL,NULL,NULL,NULL,NULL,NULL,NULL,NULL,NULL,NULL,NULL,NULL,NULL,NULL,NULL,NULL,NULL,NULL,NULL,NULL,NULL,NULL,NULL,NULL,NULL,NULL,NULL,NULL,NULL,NULL,NULL,NULL,NULL,NULL,NULL,NULL,NULL,NULL,NULL,NULL,NULL,NULL,NULL,NULL,NULL,NULL,NULL,NULL,NULL,NULL,NULL,NULL,NULL,NULL,NULL,NULL,NULL,NULL,NULL,NULL,NULL,NULL,NULL,NULL,NULL,NULL,NULL,NULL,NULL,NULL,NULL,NULL,NULL,NULL,NULL,NULL,NULL,NULL,NULL,NULL,NULL,NULL,NULL,NULL,NULL,NULL,NULL,NULL,NULL,NULL,NULL,NULL,NULL,NULL,NULL,NULL,NULL,NULL,NULL,NULL,NULL,NULL,NULL,NULL,NULL,NULL,NULL,NULL,NULL,NULL,NULL,NULL,NULL,NULL,NULL,NULL,NULL,NULL,NULL,NULL,NULL,NULL,NULL,NULL,NULL,NULL,NULL,NULL,NULL,NULL,NULL,NULL,NULL,NULL,NULL,NULL,NULL,NULL,NULL,NULL,NULL,NULL,NULL,NULL,NULL,NULL,NULL,NULL,NULL,NULL,NULL,NULL,NULL,NULL,NULL,NULL,NULL,NULL,NULL,NULL,NULL,NULL,NULL,NULL,NULL,NULL,NULL,NULL,NULL,NULL,NULL,NULL,NULL,NULL,NULL,NULL,NULL,NULL,NULL,NULL,NULL,NULL,NULL,NULL,NULL,NULL,NULL,NULL,NULL,NULL,NULL,NULL,NULL,NULL,NULL,NULL,NULL,NULL,NULL,NULL,NULL,NULL,NULL,NULL,NULL,NULL,NULL,NULL,NULL,NULL,NULL,NULL,NULL,NULL,NULL,NULL,NULL,NULL,NULL,NULL,NULL,NULL,NULL,NULL,NULL,NULL,NULL,NULL,NULL,NULL,NULL,NULL,NULL,NULL),(100,NULL,NULL,NULL,NULL,NULL,NULL,NULL,NULL,NULL,NULL,NULL,NULL,NULL,NULL,NULL,NULL,NULL,NULL,NULL,NULL,NULL,NULL,NULL,NULL,NULL,NULL,NULL,NULL,NULL,NULL,NULL,NULL,NULL,NULL,NULL,NULL,NULL,NULL,NULL,NULL,NULL,NULL,NULL,NULL,NULL,NULL,NULL,NULL,NULL,NULL,NULL,NULL,NULL,NULL,NULL,NULL,NULL,NULL,NULL,NULL,NULL,NULL,NULL,NULL,NULL,NULL,NULL,NULL,NULL,NULL,NULL,NULL,NULL,NULL,NULL,NULL,NULL,NULL,NULL,NULL,NULL,NULL,NULL,NULL,NULL,NULL,NULL,NULL,NULL,NULL,NULL,NULL,NULL,NULL,NULL,NULL,NULL,NULL,NULL,NULL,NULL,NULL,NULL,NULL,NULL,NULL,NULL,NULL,NULL,NULL,NULL,NULL,NULL,NULL,NULL,NULL,NULL,NULL,NULL,NULL,NULL,NULL,NULL,NULL,NULL,NULL,NULL,NULL,NULL,NULL,NULL,NULL,NULL,NULL,NULL,NULL,NULL,NULL,NULL,NULL,NULL,NULL,NULL,NULL,NULL,NULL,NULL,NULL,NULL,NULL,NULL,NULL,NULL,NULL,NULL,NULL,NULL,NULL,NULL,NULL,NULL,NULL,NULL,NULL,NULL,NULL,NULL,NULL,NULL,NULL,NULL,NULL,NULL,NULL,NULL,NULL,NULL,NULL,NULL,NULL,NULL,NULL,NULL,NULL,NULL,NULL,NULL,NULL,NULL,NULL,NULL,NULL,NULL,NULL,NULL,NULL,NULL,NULL,NULL,NULL,NULL,NULL,NULL,NULL,NULL,NULL,NULL,NULL,NULL,NULL,NULL,NULL,NULL,NULL,NULL,NULL,NULL,NULL,NULL,NULL,NULL,NULL,NULL,NULL,NULL,NULL,NULL,NULL,NULL,NULL,NULL,NULL,NULL,NULL,NULL,NULL,NULL,NULL,NULL,NULL,NULL,NULL,NULL,NULL,NULL,NULL,NULL,NULL,NULL,NULL,NULL,NULL,NULL,NULL,NULL,NULL,NULL,NULL,NULL,NULL,NULL,NULL,NULL,NULL,NULL,NULL,NULL,NULL,NULL,NULL,NULL,NULL,NULL,NULL,NULL,NULL,NULL,NULL,NULL,NULL,NULL,NULL,NULL,NULL,NULL,NULL,NULL,NULL,NULL,NULL,NULL,NULL,NULL,NULL,NULL,NULL,NULL,NULL,NULL,NULL,NULL,NULL,NULL,NULL,NULL,NULL,NULL,NULL,NULL,NULL,NULL,NULL,NULL,NULL,NULL,NULL,NULL,NULL,NULL,NULL,NULL,NULL,NULL,NULL),(101,NULL,NULL,NULL,NULL,NULL,NULL,NULL,NULL,NULL,NULL,NULL,NULL,NULL,NULL,NULL,NULL,NULL,NULL,NULL,NULL,NULL,NULL,NULL,NULL,NULL,NULL,NULL,NULL,NULL,NULL,NULL,NULL,NULL,NULL,NULL,NULL,NULL,NULL,NULL,NULL,NULL,NULL,NULL,NULL,NULL,NULL,NULL,NULL,NULL,NULL,NULL,NULL,NULL,NULL,NULL,NULL,NULL,NULL,NULL,NULL,NULL,NULL,NULL,NULL,NULL,NULL,NULL,NULL,NULL,NULL,NULL,NULL,NULL,NULL,NULL,NULL,NULL,NULL,NULL,NULL,NULL,NULL,NULL,NULL,NULL,NULL,NULL,NULL,NULL,NULL,NULL,NULL,NULL,NULL,NULL,NULL,NULL,NULL,NULL,NULL,NULL,NULL,NULL,NULL,NULL,NULL,NULL,NULL,NULL,NULL,NULL,NULL,NULL,NULL,NULL,NULL,NULL,NULL,NULL,NULL,NULL,NULL,NULL,NULL,NULL,NULL,NULL,NULL,NULL,NULL,NULL,NULL,NULL,NULL,NULL,NULL,NULL,NULL,NULL,NULL,NULL,NULL,NULL,NULL,NULL,NULL,NULL,NULL,NULL,NULL,NULL,NULL,NULL,NULL,NULL,NULL,NULL,NULL,NULL,NULL,NULL,NULL,NULL,NULL,NULL,NULL,NULL,NULL,NULL,NULL,NULL,NULL,NULL,NULL,NULL,NULL,NULL,NULL,NULL,NULL,NULL,NULL,NULL,NULL,NULL,NULL,NULL,NULL,NULL,NULL,NULL,NULL,NULL,NULL,NULL,NULL,NULL,NULL,NULL,NULL,NULL,NULL,NULL,NULL,NULL,NULL,NULL,NULL,NULL,NULL,NULL,NULL,NULL,NULL,NULL,NULL,NULL,NULL,NULL,NULL,NULL,NULL,NULL,NULL,NULL,NULL,NULL,NULL,NULL,NULL,NULL,NULL,NULL,NULL,NULL,NULL,NULL,NULL,NULL,NULL,NULL,NULL,NULL,NULL,NULL,NULL,NULL,NULL,NULL,NULL,NULL,NULL,NULL,NULL,NULL,NULL,NULL,NULL,NULL,NULL,NULL,NULL,NULL,NULL,NULL,NULL,NULL,NULL,NULL,NULL,NULL,NULL,NULL,NULL,NULL,NULL,NULL,NULL,NULL,NULL,NULL,NULL,NULL,NULL,NULL,NULL,NULL,NULL,NULL,NULL,NULL,NULL,NULL,NULL,NULL,NULL,NULL,NULL,NULL,NULL,NULL,NULL,NULL,NULL,NULL,NULL,NULL,NULL,NULL,NULL,NULL,NULL,NULL,NULL,NULL,NULL,NULL,NULL,NULL,NULL,NULL,NULL,NULL,NULL),(102,NULL,NULL,NULL,NULL,NULL,NULL,NULL,NULL,NULL,NULL,NULL,NULL,NULL,NULL,NULL,NULL,NULL,NULL,NULL,NULL,NULL,NULL,NULL,NULL,NULL,NULL,NULL,NULL,NULL,NULL,NULL,NULL,NULL,NULL,NULL,NULL,NULL,NULL,NULL,NULL,NULL,NULL,NULL,NULL,NULL,NULL,NULL,NULL,NULL,NULL,NULL,NULL,NULL,NULL,NULL,NULL,NULL,NULL,NULL,NULL,NULL,NULL,NULL,NULL,NULL,NULL,NULL,NULL,NULL,NULL,NULL,NULL,NULL,NULL,NULL,NULL,NULL,NULL,NULL,NULL,NULL,NULL,NULL,NULL,NULL,NULL,NULL,NULL,NULL,NULL,NULL,NULL,NULL,NULL,NULL,NULL,NULL,NULL,NULL,NULL,NULL,NULL,NULL,NULL,NULL,NULL,NULL,NULL,NULL,NULL,NULL,NULL,NULL,NULL,NULL,NULL,NULL,NULL,NULL,NULL,NULL,NULL,NULL,NULL,NULL,NULL,NULL,NULL,NULL,NULL,NULL,NULL,NULL,NULL,NULL,NULL,NULL,NULL,NULL,NULL,NULL,NULL,NULL,NULL,NULL,NULL,NULL,NULL,NULL,NULL,NULL,NULL,NULL,NULL,NULL,NULL,NULL,NULL,NULL,NULL,NULL,NULL,NULL,NULL,NULL,NULL,NULL,NULL,NULL,NULL,NULL,NULL,NULL,NULL,NULL,NULL,NULL,NULL,NULL,NULL,NULL,NULL,NULL,NULL,NULL,NULL,NULL,NULL,NULL,NULL,NULL,NULL,NULL,NULL,NULL,NULL,NULL,NULL,NULL,NULL,NULL,NULL,NULL,NULL,NULL,NULL,NULL,NULL,NULL,NULL,NULL,NULL,NULL,NULL,NULL,NULL,NULL,NULL,NULL,NULL,NULL,NULL,NULL,NULL,NULL,NULL,NULL,NULL,NULL,NULL,NULL,NULL,NULL,NULL,NULL,NULL,NULL,NULL,NULL,NULL,NULL,NULL,NULL,NULL,NULL,NULL,NULL,NULL,NULL,NULL,NULL,NULL,NULL,NULL,NULL,NULL,NULL,NULL,NULL,NULL,NULL,NULL,NULL,NULL,NULL,NULL,NULL,NULL,NULL,NULL,NULL,NULL,NULL,NULL,NULL,NULL,NULL,NULL,NULL,NULL,NULL,NULL,NULL,NULL,NULL,NULL,NULL,NULL,NULL,NULL,NULL,NULL,NULL,NULL,NULL,NULL,NULL,NULL,NULL,NULL,NULL,NULL,NULL,NULL,NULL,NULL,NULL,NULL,NULL,NULL,NULL,NULL,NULL,NULL,NULL,NULL,NULL,NULL,NULL,NULL,NULL,NULL,NULL,NULL),(103,NULL,NULL,NULL,NULL,NULL,NULL,NULL,NULL,NULL,NULL,NULL,NULL,NULL,NULL,NULL,NULL,NULL,NULL,NULL,NULL,NULL,NULL,NULL,NULL,NULL,NULL,NULL,NULL,NULL,NULL,NULL,NULL,NULL,NULL,NULL,NULL,NULL,NULL,NULL,NULL,NULL,NULL,NULL,NULL,NULL,NULL,NULL,NULL,NULL,NULL,NULL,NULL,NULL,NULL,NULL,NULL,NULL,NULL,NULL,NULL,NULL,NULL,NULL,NULL,NULL,NULL,NULL,NULL,NULL,NULL,NULL,NULL,NULL,NULL,NULL,NULL,NULL,NULL,NULL,NULL,NULL,NULL,NULL,NULL,NULL,NULL,NULL,NULL,NULL,NULL,NULL,NULL,NULL,NULL,NULL,NULL,NULL,NULL,NULL,NULL,NULL,NULL,NULL,NULL,NULL,NULL,NULL,NULL,NULL,NULL,NULL,NULL,NULL,NULL,NULL,NULL,NULL,NULL,NULL,NULL,NULL,NULL,NULL,NULL,NULL,NULL,NULL,NULL,NULL,NULL,NULL,NULL,NULL,NULL,NULL,NULL,NULL,NULL,NULL,NULL,NULL,NULL,NULL,NULL,NULL,NULL,NULL,NULL,NULL,NULL,NULL,NULL,NULL,NULL,NULL,NULL,NULL,NULL,NULL,NULL,NULL,NULL,NULL,NULL,NULL,NULL,NULL,NULL,NULL,NULL,NULL,NULL,NULL,NULL,NULL,NULL,NULL,NULL,NULL,NULL,NULL,NULL,NULL,NULL,NULL,NULL,NULL,NULL,NULL,NULL,NULL,NULL,NULL,NULL,NULL,NULL,NULL,NULL,NULL,NULL,NULL,NULL,NULL,NULL,NULL,NULL,NULL,NULL,NULL,NULL,NULL,NULL,NULL,NULL,NULL,NULL,NULL,NULL,NULL,NULL,NULL,NULL,NULL,NULL,NULL,NULL,NULL,NULL,NULL,NULL,NULL,NULL,NULL,NULL,NULL,NULL,NULL,NULL,NULL,NULL,NULL,NULL,NULL,NULL,NULL,NULL,NULL,NULL,NULL,NULL,NULL,NULL,NULL,NULL,NULL,NULL,NULL,NULL,NULL,NULL,NULL,NULL,NULL,NULL,NULL,NULL,NULL,NULL,NULL,NULL,NULL,NULL,NULL,NULL,NULL,NULL,NULL,NULL,NULL,NULL,NULL,NULL,NULL,NULL,NULL,NULL,NULL,NULL,NULL,NULL,NULL,NULL,NULL,NULL,NULL,NULL,NULL,NULL,NULL,NULL,NULL,NULL,NULL,NULL,NULL,NULL,NULL,NULL,NULL,NULL,NULL,NULL,NULL,NULL,NULL,NULL,NULL,NULL,NULL,NULL,NULL,NULL,NULL,NULL),(104,NULL,NULL,NULL,NULL,NULL,NULL,NULL,NULL,NULL,NULL,NULL,NULL,NULL,NULL,NULL,NULL,NULL,NULL,NULL,NULL,NULL,NULL,NULL,NULL,NULL,NULL,NULL,NULL,NULL,NULL,NULL,NULL,NULL,NULL,NULL,NULL,NULL,NULL,NULL,NULL,NULL,NULL,NULL,NULL,NULL,NULL,NULL,NULL,NULL,NULL,NULL,NULL,NULL,NULL,NULL,NULL,NULL,NULL,NULL,NULL,NULL,NULL,NULL,NULL,NULL,NULL,NULL,NULL,NULL,NULL,NULL,NULL,NULL,NULL,NULL,NULL,NULL,NULL,NULL,NULL,NULL,NULL,NULL,NULL,NULL,NULL,NULL,NULL,NULL,NULL,NULL,NULL,NULL,NULL,NULL,NULL,NULL,NULL,NULL,NULL,NULL,NULL,NULL,NULL,NULL,NULL,NULL,NULL,NULL,NULL,NULL,NULL,NULL,NULL,NULL,NULL,NULL,NULL,NULL,NULL,NULL,NULL,NULL,NULL,NULL,NULL,NULL,NULL,NULL,NULL,NULL,NULL,NULL,NULL,NULL,NULL,NULL,NULL,NULL,NULL,NULL,NULL,NULL,NULL,NULL,NULL,NULL,NULL,NULL,NULL,NULL,NULL,NULL,NULL,NULL,NULL,NULL,NULL,NULL,NULL,NULL,NULL,NULL,NULL,NULL,NULL,NULL,NULL,NULL,NULL,NULL,NULL,NULL,NULL,NULL,NULL,NULL,NULL,NULL,NULL,NULL,NULL,NULL,NULL,NULL,NULL,NULL,NULL,NULL,NULL,NULL,NULL,NULL,NULL,NULL,NULL,NULL,NULL,NULL,NULL,NULL,NULL,NULL,NULL,NULL,NULL,NULL,NULL,NULL,NULL,NULL,NULL,NULL,NULL,NULL,NULL,NULL,NULL,NULL,NULL,NULL,NULL,NULL,NULL,NULL,NULL,NULL,NULL,NULL,NULL,NULL,NULL,NULL,NULL,NULL,NULL,NULL,NULL,NULL,NULL,NULL,NULL,NULL,NULL,NULL,NULL,NULL,NULL,NULL,NULL,NULL,NULL,NULL,NULL,NULL,NULL,NULL,NULL,NULL,NULL,NULL,NULL,NULL,NULL,NULL,NULL,NULL,NULL,NULL,NULL,NULL,NULL,NULL,NULL,NULL,NULL,NULL,NULL,NULL,NULL,NULL,NULL,NULL,NULL,NULL,NULL,NULL,NULL,NULL,NULL,NULL,NULL,NULL,NULL,NULL,NULL,NULL,NULL,NULL,NULL,NULL,NULL,NULL,NULL,NULL,NULL,NULL,NULL,NULL,NULL,NULL,NULL,NULL,NULL,NULL,NULL,NULL,NULL,NULL,NULL,NULL,NULL,NULL,NULL),(105,NULL,NULL,NULL,NULL,NULL,NULL,NULL,NULL,NULL,NULL,NULL,NULL,NULL,NULL,NULL,NULL,NULL,NULL,NULL,NULL,NULL,NULL,NULL,NULL,NULL,NULL,NULL,NULL,NULL,NULL,NULL,NULL,NULL,NULL,NULL,NULL,NULL,NULL,NULL,NULL,NULL,NULL,NULL,NULL,NULL,NULL,NULL,NULL,NULL,NULL,NULL,NULL,NULL,NULL,NULL,NULL,NULL,NULL,NULL,NULL,NULL,NULL,NULL,NULL,NULL,NULL,NULL,NULL,NULL,NULL,NULL,NULL,NULL,NULL,NULL,NULL,NULL,NULL,NULL,NULL,NULL,NULL,NULL,NULL,NULL,NULL,NULL,NULL,NULL,NULL,NULL,NULL,NULL,NULL,NULL,NULL,NULL,NULL,NULL,NULL,NULL,NULL,NULL,NULL,NULL,NULL,NULL,NULL,NULL,NULL,NULL,NULL,NULL,NULL,NULL,NULL,NULL,NULL,NULL,NULL,NULL,NULL,NULL,NULL,NULL,NULL,NULL,NULL,NULL,NULL,NULL,NULL,NULL,NULL,NULL,NULL,NULL,NULL,NULL,NULL,NULL,NULL,NULL,NULL,NULL,NULL,NULL,NULL,NULL,NULL,NULL,NULL,NULL,NULL,NULL,NULL,NULL,NULL,NULL,NULL,NULL,NULL,NULL,NULL,NULL,NULL,NULL,NULL,NULL,NULL,NULL,NULL,NULL,NULL,NULL,NULL,NULL,NULL,NULL,NULL,NULL,NULL,NULL,NULL,NULL,NULL,NULL,NULL,NULL,NULL,NULL,NULL,NULL,NULL,NULL,NULL,NULL,NULL,NULL,NULL,NULL,NULL,NULL,NULL,NULL,NULL,NULL,NULL,NULL,NULL,NULL,NULL,NULL,NULL,NULL,NULL,NULL,NULL,NULL,NULL,NULL,NULL,NULL,NULL,NULL,NULL,NULL,NULL,NULL,NULL,NULL,NULL,NULL,NULL,NULL,NULL,NULL,NULL,NULL,NULL,NULL,NULL,NULL,NULL,NULL,NULL,NULL,NULL,NULL,NULL,NULL,NULL,NULL,NULL,NULL,NULL,NULL,NULL,NULL,NULL,NULL,NULL,NULL,NULL,NULL,NULL,NULL,NULL,NULL,NULL,NULL,NULL,NULL,NULL,NULL,NULL,NULL,NULL,NULL,NULL,NULL,NULL,NULL,NULL,NULL,NULL,NULL,NULL,NULL,NULL,NULL,NULL,NULL,NULL,NULL,NULL,NULL,NULL,NULL,NULL,NULL,NULL,NULL,NULL,NULL,NULL,NULL,NULL,NULL,NULL,NULL,NULL,NULL,NULL,NULL,NULL,NULL,NULL,NULL,NULL,NULL,NULL,NULL,NULL),(106,NULL,NULL,NULL,NULL,NULL,NULL,NULL,NULL,NULL,NULL,NULL,NULL,NULL,NULL,NULL,NULL,NULL,NULL,NULL,NULL,NULL,NULL,NULL,NULL,NULL,NULL,NULL,NULL,NULL,NULL,NULL,NULL,NULL,NULL,NULL,NULL,NULL,NULL,NULL,NULL,NULL,NULL,NULL,NULL,NULL,NULL,NULL,NULL,NULL,NULL,NULL,NULL,NULL,NULL,NULL,NULL,NULL,NULL,NULL,NULL,NULL,NULL,NULL,NULL,NULL,NULL,NULL,NULL,NULL,NULL,NULL,NULL,NULL,NULL,NULL,NULL,NULL,NULL,NULL,NULL,NULL,NULL,NULL,NULL,NULL,NULL,NULL,NULL,NULL,NULL,NULL,NULL,NULL,NULL,NULL,NULL,NULL,NULL,NULL,NULL,NULL,NULL,NULL,NULL,NULL,NULL,NULL,NULL,NULL,NULL,NULL,NULL,NULL,NULL,NULL,NULL,NULL,NULL,NULL,NULL,NULL,NULL,NULL,NULL,NULL,NULL,NULL,NULL,NULL,NULL,NULL,NULL,NULL,NULL,NULL,NULL,NULL,NULL,NULL,NULL,NULL,NULL,NULL,NULL,NULL,NULL,NULL,NULL,NULL,NULL,NULL,NULL,NULL,NULL,NULL,NULL,NULL,NULL,NULL,NULL,NULL,NULL,NULL,NULL,NULL,NULL,NULL,NULL,NULL,NULL,NULL,NULL,NULL,NULL,NULL,NULL,NULL,NULL,NULL,NULL,NULL,NULL,NULL,NULL,NULL,NULL,NULL,NULL,NULL,NULL,NULL,NULL,NULL,NULL,NULL,NULL,NULL,NULL,NULL,NULL,NULL,NULL,NULL,NULL,NULL,NULL,NULL,NULL,NULL,NULL,NULL,NULL,NULL,NULL,NULL,NULL,NULL,NULL,NULL,NULL,NULL,NULL,NULL,NULL,NULL,NULL,NULL,NULL,NULL,NULL,NULL,NULL,NULL,NULL,NULL,NULL,NULL,NULL,NULL,NULL,NULL,NULL,NULL,NULL,NULL,NULL,NULL,NULL,NULL,NULL,NULL,NULL,NULL,NULL,NULL,NULL,NULL,NULL,NULL,NULL,NULL,NULL,NULL,NULL,NULL,NULL,NULL,NULL,NULL,NULL,NULL,NULL,NULL,NULL,NULL,NULL,NULL,NULL,NULL,NULL,NULL,NULL,NULL,NULL,NULL,NULL,NULL,NULL,NULL,NULL,NULL,NULL,NULL,NULL,NULL,NULL,NULL,NULL,NULL,NULL,NULL,NULL,NULL,NULL,NULL,NULL,NULL,NULL,NULL,NULL,NULL,NULL,NULL,NULL,NULL,NULL,NULL,NULL,NULL,NULL,NULL,NULL,NULL,NULL),(107,NULL,NULL,NULL,NULL,NULL,NULL,NULL,NULL,NULL,NULL,NULL,NULL,NULL,NULL,NULL,NULL,NULL,NULL,NULL,NULL,NULL,NULL,NULL,NULL,NULL,NULL,NULL,NULL,NULL,NULL,NULL,NULL,NULL,NULL,NULL,NULL,NULL,NULL,NULL,NULL,NULL,NULL,NULL,NULL,NULL,NULL,NULL,NULL,NULL,NULL,NULL,NULL,NULL,NULL,NULL,NULL,NULL,NULL,NULL,NULL,NULL,NULL,NULL,NULL,NULL,NULL,NULL,NULL,NULL,NULL,NULL,NULL,NULL,NULL,NULL,NULL,NULL,NULL,NULL,NULL,NULL,NULL,NULL,NULL,NULL,NULL,NULL,NULL,NULL,NULL,NULL,NULL,NULL,NULL,NULL,NULL,NULL,NULL,NULL,NULL,NULL,NULL,NULL,NULL,NULL,NULL,NULL,NULL,NULL,NULL,NULL,NULL,NULL,NULL,NULL,NULL,NULL,NULL,NULL,NULL,NULL,NULL,NULL,NULL,NULL,NULL,NULL,NULL,NULL,NULL,NULL,NULL,NULL,NULL,NULL,NULL,NULL,NULL,NULL,NULL,NULL,NULL,NULL,NULL,NULL,NULL,NULL,NULL,NULL,NULL,NULL,NULL,NULL,NULL,NULL,NULL,NULL,NULL,NULL,NULL,NULL,NULL,NULL,NULL,NULL,NULL,NULL,NULL,NULL,NULL,NULL,NULL,NULL,NULL,NULL,NULL,NULL,NULL,NULL,NULL,NULL,NULL,NULL,NULL,NULL,NULL,NULL,NULL,NULL,NULL,NULL,NULL,NULL,NULL,NULL,NULL,NULL,NULL,NULL,NULL,NULL,NULL,NULL,NULL,NULL,NULL,NULL,NULL,NULL,NULL,NULL,NULL,NULL,NULL,NULL,NULL,NULL,NULL,NULL,NULL,NULL,NULL,NULL,NULL,NULL,NULL,NULL,NULL,NULL,NULL,NULL,NULL,NULL,NULL,NULL,NULL,NULL,NULL,NULL,NULL,NULL,NULL,NULL,NULL,NULL,NULL,NULL,NULL,NULL,NULL,NULL,NULL,NULL,NULL,NULL,NULL,NULL,NULL,NULL,NULL,NULL,NULL,NULL,NULL,NULL,NULL,NULL,NULL,NULL,NULL,NULL,NULL,NULL,NULL,NULL,NULL,NULL,NULL,NULL,NULL,NULL,NULL,NULL,NULL,NULL,NULL,NULL,NULL,NULL,NULL,NULL,NULL,NULL,NULL,NULL,NULL,NULL,NULL,NULL,NULL,NULL,NULL,NULL,NULL,NULL,NULL,NULL,NULL,NULL,NULL,NULL,NULL,NULL,NULL,NULL,NULL,NULL,NULL,NULL,NULL,NULL,NULL,NULL,NULL),(108,NULL,NULL,NULL,NULL,NULL,NULL,NULL,NULL,NULL,NULL,NULL,NULL,NULL,NULL,NULL,NULL,NULL,NULL,NULL,NULL,NULL,NULL,NULL,NULL,NULL,NULL,NULL,NULL,NULL,NULL,NULL,NULL,NULL,NULL,NULL,NULL,NULL,NULL,NULL,NULL,NULL,NULL,NULL,NULL,NULL,NULL,NULL,NULL,NULL,NULL,NULL,NULL,NULL,NULL,NULL,NULL,NULL,NULL,NULL,NULL,NULL,NULL,NULL,NULL,NULL,NULL,NULL,NULL,NULL,NULL,NULL,NULL,NULL,NULL,NULL,NULL,NULL,NULL,NULL,NULL,NULL,NULL,NULL,NULL,NULL,NULL,NULL,NULL,NULL,NULL,NULL,NULL,NULL,NULL,NULL,NULL,NULL,NULL,NULL,NULL,NULL,NULL,NULL,NULL,NULL,NULL,NULL,NULL,NULL,NULL,NULL,NULL,NULL,NULL,NULL,NULL,NULL,NULL,NULL,NULL,NULL,NULL,NULL,NULL,NULL,NULL,NULL,NULL,NULL,NULL,NULL,NULL,NULL,NULL,NULL,NULL,NULL,NULL,NULL,NULL,NULL,NULL,NULL,NULL,NULL,NULL,NULL,NULL,NULL,NULL,NULL,NULL,NULL,NULL,NULL,NULL,NULL,NULL,NULL,NULL,NULL,NULL,NULL,NULL,NULL,NULL,NULL,NULL,NULL,NULL,NULL,NULL,NULL,NULL,NULL,NULL,NULL,NULL,NULL,NULL,NULL,NULL,NULL,NULL,NULL,NULL,NULL,NULL,NULL,NULL,NULL,NULL,NULL,NULL,NULL,NULL,NULL,NULL,NULL,NULL,NULL,NULL,NULL,NULL,NULL,NULL,NULL,NULL,NULL,NULL,NULL,NULL,NULL,NULL,NULL,NULL,NULL,NULL,NULL,NULL,NULL,NULL,NULL,NULL,NULL,NULL,NULL,NULL,NULL,NULL,NULL,NULL,NULL,NULL,NULL,NULL,NULL,NULL,NULL,NULL,NULL,NULL,NULL,NULL,NULL,NULL,NULL,NULL,NULL,NULL,NULL,NULL,NULL,NULL,NULL,NULL,NULL,NULL,NULL,NULL,NULL,NULL,NULL,NULL,NULL,NULL,NULL,NULL,NULL,NULL,NULL,NULL,NULL,NULL,NULL,NULL,NULL,NULL,NULL,NULL,NULL,NULL,NULL,NULL,NULL,NULL,NULL,NULL,NULL,NULL,NULL,NULL,NULL,NULL,NULL,NULL,NULL,NULL,NULL,NULL,NULL,NULL,NULL,NULL,NULL,NULL,NULL,NULL,NULL,NULL,NULL,NULL,NULL,NULL,NULL,NULL,NULL,NULL,NULL,NULL,NULL,NULL,NULL,NULL),(109,NULL,NULL,NULL,NULL,NULL,NULL,NULL,NULL,NULL,NULL,NULL,NULL,NULL,NULL,NULL,NULL,NULL,NULL,NULL,NULL,NULL,NULL,NULL,NULL,NULL,NULL,NULL,NULL,NULL,NULL,NULL,NULL,NULL,NULL,NULL,NULL,NULL,NULL,NULL,NULL,NULL,NULL,NULL,NULL,NULL,NULL,NULL,NULL,NULL,NULL,NULL,NULL,NULL,NULL,NULL,NULL,NULL,NULL,NULL,NULL,NULL,NULL,NULL,NULL,NULL,NULL,NULL,NULL,NULL,NULL,NULL,NULL,NULL,NULL,NULL,NULL,NULL,NULL,NULL,NULL,NULL,NULL,NULL,NULL,NULL,NULL,NULL,NULL,NULL,NULL,NULL,NULL,NULL,NULL,NULL,NULL,NULL,NULL,NULL,NULL,NULL,NULL,NULL,NULL,NULL,NULL,NULL,NULL,NULL,NULL,NULL,NULL,NULL,NULL,NULL,NULL,NULL,NULL,NULL,NULL,NULL,NULL,NULL,NULL,NULL,NULL,NULL,NULL,NULL,NULL,NULL,NULL,NULL,NULL,NULL,NULL,NULL,NULL,NULL,NULL,NULL,NULL,NULL,NULL,NULL,NULL,NULL,NULL,NULL,NULL,NULL,NULL,NULL,NULL,NULL,NULL,NULL,NULL,NULL,NULL,NULL,NULL,NULL,NULL,NULL,NULL,NULL,NULL,NULL,NULL,NULL,NULL,NULL,NULL,NULL,NULL,NULL,NULL,NULL,NULL,NULL,NULL,NULL,NULL,NULL,NULL,NULL,NULL,NULL,NULL,NULL,NULL,NULL,NULL,NULL,NULL,NULL,NULL,NULL,NULL,NULL,NULL,NULL,NULL,NULL,NULL,NULL,NULL,NULL,NULL,NULL,NULL,NULL,NULL,NULL,NULL,NULL,NULL,NULL,NULL,NULL,NULL,NULL,NULL,NULL,NULL,NULL,NULL,NULL,NULL,NULL,NULL,NULL,NULL,NULL,NULL,NULL,NULL,NULL,NULL,NULL,NULL,NULL,NULL,NULL,NULL,NULL,NULL,NULL,NULL,NULL,NULL,NULL,NULL,NULL,NULL,NULL,NULL,NULL,NULL,NULL,NULL,NULL,NULL,NULL,NULL,NULL,NULL,NULL,NULL,NULL,NULL,NULL,NULL,NULL,NULL,NULL,NULL,NULL,NULL,NULL,NULL,NULL,NULL,NULL,NULL,NULL,NULL,NULL,NULL,NULL,NULL,NULL,NULL,NULL,NULL,NULL,NULL,NULL,NULL,NULL,NULL,NULL,NULL,NULL,NULL,NULL,NULL,NULL,NULL,NULL,NULL,NULL,NULL,NULL,NULL,NULL,NULL,NULL,NULL,NULL,NULL,NULL,NULL),(110,NULL,NULL,NULL,NULL,NULL,NULL,NULL,NULL,NULL,NULL,NULL,NULL,NULL,NULL,NULL,NULL,NULL,NULL,NULL,NULL,NULL,NULL,NULL,NULL,NULL,NULL,NULL,NULL,NULL,NULL,NULL,NULL,NULL,NULL,NULL,NULL,NULL,NULL,NULL,NULL,NULL,NULL,NULL,NULL,NULL,NULL,NULL,NULL,NULL,NULL,NULL,NULL,NULL,NULL,NULL,NULL,NULL,NULL,NULL,NULL,NULL,NULL,NULL,NULL,NULL,NULL,NULL,NULL,NULL,NULL,NULL,NULL,NULL,NULL,NULL,NULL,NULL,NULL,NULL,NULL,NULL,NULL,NULL,NULL,NULL,NULL,NULL,NULL,NULL,NULL,NULL,NULL,NULL,NULL,NULL,NULL,NULL,NULL,NULL,NULL,NULL,NULL,NULL,NULL,NULL,NULL,NULL,NULL,NULL,NULL,NULL,NULL,NULL,NULL,NULL,NULL,NULL,NULL,NULL,NULL,NULL,NULL,NULL,NULL,NULL,NULL,NULL,NULL,NULL,NULL,NULL,NULL,NULL,NULL,NULL,NULL,NULL,NULL,NULL,NULL,NULL,NULL,NULL,NULL,NULL,NULL,NULL,NULL,NULL,NULL,NULL,NULL,NULL,NULL,NULL,NULL,NULL,NULL,NULL,NULL,NULL,NULL,NULL,NULL,NULL,NULL,NULL,NULL,NULL,NULL,NULL,NULL,NULL,NULL,NULL,NULL,NULL,NULL,NULL,NULL,NULL,NULL,NULL,NULL,NULL,NULL,NULL,NULL,NULL,NULL,NULL,NULL,NULL,NULL,NULL,NULL,NULL,NULL,NULL,NULL,NULL,NULL,NULL,NULL,NULL,NULL,NULL,NULL,NULL,NULL,NULL,NULL,NULL,NULL,NULL,NULL,NULL,NULL,NULL,NULL,NULL,NULL,NULL,NULL,NULL,NULL,NULL,NULL,NULL,NULL,NULL,NULL,NULL,NULL,NULL,NULL,NULL,NULL,NULL,NULL,NULL,NULL,NULL,NULL,NULL,NULL,NULL,NULL,NULL,NULL,NULL,NULL,NULL,NULL,NULL,NULL,NULL,NULL,NULL,NULL,NULL,NULL,NULL,NULL,NULL,NULL,NULL,NULL,NULL,NULL,NULL,NULL,NULL,NULL,NULL,NULL,NULL,NULL,NULL,NULL,NULL,NULL,NULL,NULL,NULL,NULL,NULL,NULL,NULL,NULL,NULL,NULL,NULL,NULL,NULL,NULL,NULL,NULL,NULL,NULL,NULL,NULL,NULL,NULL,NULL,NULL,NULL,NULL,NULL,NULL,NULL,NULL,NULL,NULL,NULL,NULL,NULL,NULL,NULL,NULL,NULL,NULL,NULL,NULL);
/*!40000 ALTER TABLE `MixsSpecification` ENABLE KEYS */;
UNLOCK TABLES;

--
-- Table structure for table `MixsSpecification_AUD`
--

DROP TABLE IF EXISTS `MixsSpecification_AUD`;
/*!40101 SET @saved_cs_client     = @@character_set_client */;
/*!40101 SET character_set_client = utf8 */;
CREATE TABLE `MixsSpecification_AUD` (
  `MixsSpecificationID` int(11) NOT NULL,
  `REV` int(11) NOT NULL,
  `REVTYPE` tinyint(4) DEFAULT NULL,
  `AbsAirHumidity` varchar(50) DEFAULT NULL,
  `AgrochemAddition` varchar(50) DEFAULT NULL,
  `AirTemp` varchar(50) DEFAULT NULL,
  `AirTempRegm` varchar(50) DEFAULT NULL,
  `AlSat` varchar(50) DEFAULT NULL,
  `AlSatMeth` varchar(50) DEFAULT NULL,
  `Alkalinity` varchar(50) DEFAULT NULL,
  `AlkylDiethers` varchar(50) DEFAULT NULL,
  `AminopeptAct` varchar(50) DEFAULT NULL,
  `Ammonium` varchar(50) DEFAULT NULL,
  `AmnioticFluidColor` varchar(50) DEFAULT NULL,
  `AnnualSeasonPrecpt` varchar(100) DEFAULT NULL,
  `AnnualSeasonTemp` varchar(100) DEFAULT NULL,
  `AntibioticRegm` varchar(50) DEFAULT NULL,
  `AtmosphericData` varchar(50) DEFAULT NULL,
  `BacProd` varchar(50) DEFAULT NULL,
  `BacResp` varchar(50) DEFAULT NULL,
  `BacteriaCarbProd` varchar(50) DEFAULT NULL,
  `BankfullWettedDepth` varchar(10) DEFAULT NULL,
  `BankfullWidth` varchar(10) DEFAULT NULL,
  `BarometricPress` varchar(50) DEFAULT NULL,
  `BiochemOxygenDem` varchar(50) DEFAULT NULL,
  `Biomass` varchar(50) DEFAULT NULL,
  `Biome` varchar(50) DEFAULT NULL,
  `BioticRelationship` varchar(50) DEFAULT NULL,
  `BirthControl` varchar(50) DEFAULT NULL,
  `Bishomohopanol` varchar(50) DEFAULT NULL,
  `BloodBloodDisord` varchar(50) DEFAULT NULL,
  `Bromide` varchar(50) DEFAULT NULL,
  `BuildOccupType` varchar(50) DEFAULT NULL,
  `BuildingSetting` varchar(50) DEFAULT NULL,
  `Calcium` varchar(50) DEFAULT NULL,
  `CanopyCoverage` varchar(10) DEFAULT NULL,
  `CarbDioxide` varchar(50) DEFAULT NULL,
  `CarbMonoxide` varchar(50) DEFAULT NULL,
  `CarbNitroRatio` varchar(50) DEFAULT NULL,
  `ChemAdministration` varchar(50) DEFAULT NULL,
  `ChemMutagen` varchar(50) DEFAULT NULL,
  `ChemOxygenDem` varchar(50) DEFAULT NULL,
  `Chloride` varchar(50) DEFAULT NULL,
  `Chlorophyll` varchar(50) DEFAULT NULL,
  `ClimateEnvironment` varchar(50) DEFAULT NULL,
  `Conduc` varchar(50) DEFAULT NULL,
  `CropRotation` varchar(50) DEFAULT NULL,
  `CurLandUse` varchar(100) DEFAULT NULL,
  `CurVegetation` varchar(50) DEFAULT NULL,
  `CurVegetationMeth` varchar(50) DEFAULT NULL,
  `Density` varchar(50) DEFAULT NULL,
  `DermatologyDisord` varchar(50) DEFAULT NULL,
  `DewPoint` varchar(50) DEFAULT NULL,
  `DietLastSixMonth` varchar(50) DEFAULT NULL,
  `DietherLipids` varchar(50) DEFAULT NULL,
  `DissCarbDioxide` varchar(50) DEFAULT NULL,
  `DissHydrogen` varchar(50) DEFAULT NULL,
  `DissInorgCarb` varchar(50) DEFAULT NULL,
  `DissInorgNitro` varchar(50) DEFAULT NULL,
  `DissInorgPhosp` varchar(50) DEFAULT NULL,
  `DissOrgCarb` varchar(50) DEFAULT NULL,
  `DissOrgNitro` varchar(50) DEFAULT NULL,
  `DissOxygen` varchar(50) DEFAULT NULL,
  `DominantHand` varchar(50) DEFAULT NULL,
  `DominantLandUse` varchar(100) DEFAULT NULL,
  `DominantStreamsideVegetation` varchar(100) DEFAULT NULL,
  `Douche` datetime(6) DEFAULT NULL,
  `DownPar` varchar(50) DEFAULT NULL,
  `DrainageClass` varchar(50) DEFAULT NULL,
  `DrugUsage` varchar(50) DEFAULT NULL,
  `EColi` varchar(50) DEFAULT NULL,
  `EfficiencyPercent` varchar(50) DEFAULT NULL,
  `Emulsions` varchar(50) DEFAULT NULL,
  `EncodedTraits` varchar(50) DEFAULT NULL,
  `EnvPackage` varchar(50) DEFAULT NULL,
  `EstimatedSize` varchar(50) DEFAULT NULL,
  `ExperimentalFactor` varchar(50) DEFAULT NULL,
  `ExtrachromElements` varchar(50) DEFAULT NULL,
  `ExtremeEvent` datetime(6) DEFAULT NULL,
  `ExtremeSalinity` varchar(100) DEFAULT NULL,
  `FaoClass` varchar(50) DEFAULT NULL,
  `Feature` varchar(50) DEFAULT NULL,
  `FertilizerRegm` varchar(50) DEFAULT NULL,
  `FilterType` varchar(50) DEFAULT NULL,
  `Fire` datetime(6) DEFAULT NULL,
  `FishKillEventInfo` varchar(100) DEFAULT NULL,
  `Flooding` datetime(6) DEFAULT NULL,
  `Fluor` varchar(50) DEFAULT NULL,
  `FoetalHealthStat` varchar(50) DEFAULT NULL,
  `FungicideRegm` varchar(50) DEFAULT NULL,
  `GaseousEnvironment` varchar(50) DEFAULT NULL,
  `GaseousSubstances` varchar(50) DEFAULT NULL,
  `GastrointestDisord` varchar(50) DEFAULT NULL,
  `GestationState` varchar(50) DEFAULT NULL,
  `GlucosidaseAct` varchar(50) DEFAULT NULL,
  `Gravidity` varchar(50) DEFAULT NULL,
  `Gravity` varchar(50) DEFAULT NULL,
  `GrowthHormoneRegm` varchar(50) DEFAULT NULL,
  `GrowthMed` varchar(50) DEFAULT NULL,
  `GynecologicDisord` varchar(50) DEFAULT NULL,
  `HealthDiseaseStat` varchar(50) DEFAULT NULL,
  `HeatCoolType` varchar(50) DEFAULT NULL,
  `HeavyMetals` varchar(50) DEFAULT NULL,
  `HeavyMetalsMeth` varchar(50) DEFAULT NULL,
  `HerbicideRegm` varchar(50) DEFAULT NULL,
  `Horizon` varchar(50) DEFAULT NULL,
  `HorizonMeth` varchar(50) DEFAULT NULL,
  `HostAge` varchar(50) DEFAULT NULL,
  `HostBloodPressDiast` varchar(50) DEFAULT NULL,
  `HostBloodPressSyst` varchar(50) DEFAULT NULL,
  `HostBodyHabitat` varchar(50) DEFAULT NULL,
  `HostBodyMassIndex` varchar(50) DEFAULT NULL,
  `HostBodyProduct` varchar(50) DEFAULT NULL,
  `HostBodySite` varchar(50) DEFAULT NULL,
  `HostBodyTemp` varchar(50) DEFAULT NULL,
  `HostColor` varchar(50) DEFAULT NULL,
  `HostCommonName` varchar(50) DEFAULT NULL,
  `HostDiet` varchar(50) DEFAULT NULL,
  `HostDiseaseStat` varchar(50) DEFAULT NULL,
  `HostDryMass` varchar(50) DEFAULT NULL,
  `HostFamilyRelationship` varchar(50) DEFAULT NULL,
  `HostGenotype` varchar(50) DEFAULT NULL,
  `HostGrowthCond` varchar(50) DEFAULT NULL,
  `HostHeight` varchar(50) DEFAULT NULL,
  `HostHivStat` varchar(50) DEFAULT NULL,
  `HostInfraSpecificName` varchar(50) DEFAULT NULL,
  `HostInfraSpecificRank` varchar(50) DEFAULT NULL,
  `HostLastMeal` varchar(50) DEFAULT NULL,
  `HostLength` varchar(50) DEFAULT NULL,
  `HostLifeStage` varchar(50) DEFAULT NULL,
  `HostOccupation` int(11) DEFAULT NULL,
  `HostPhenotype` varchar(50) DEFAULT NULL,
  `HostPulse` varchar(50) DEFAULT NULL,
  `HostSex` varchar(50) DEFAULT NULL,
  `HostShape` varchar(50) DEFAULT NULL,
  `HostSubjectId` varchar(50) DEFAULT NULL,
  `HostSubstrate` varchar(50) DEFAULT NULL,
  `HostTaxid` int(11) DEFAULT NULL,
  `HostTotMass` varchar(50) DEFAULT NULL,
  `HostWetMass` varchar(50) DEFAULT NULL,
  `Hrt` datetime(6) DEFAULT NULL,
  `Humidity` varchar(50) DEFAULT NULL,
  `HumidityRegm` varchar(50) DEFAULT NULL,
  `Hysterectomy` bit(1) DEFAULT NULL,
  `IhmcEthnicity` varchar(50) DEFAULT NULL,
  `IhmcMedicationCode` int(11) DEFAULT NULL,
  `IndoorSpace` varchar(50) DEFAULT NULL,
  `IndoorSurf` varchar(50) DEFAULT NULL,
  `IndustEffPercent` varchar(50) DEFAULT NULL,
  `InorgParticles` varchar(50) DEFAULT NULL,
  `InvestigationType` varchar(20) DEFAULT NULL,
  `IsolGrowthCondt` varchar(50) DEFAULT NULL,
  `KidneyDisord` varchar(50) DEFAULT NULL,
  `LightIntensity` varchar(50) DEFAULT NULL,
  `LightType` varchar(50) DEFAULT NULL,
  `LinkAdditAnalys` varchar(50) DEFAULT NULL,
  `LinkClassInfo` varchar(250) DEFAULT NULL,
  `LinkClimateInfo` varchar(250) DEFAULT NULL,
  `LiverDisord` varchar(50) DEFAULT NULL,
  `LocalClass` varchar(50) DEFAULT NULL,
  `LocalClassMeth` varchar(50) DEFAULT NULL,
  `MacrophyteCoverage` varchar(10) DEFAULT NULL,
  `Magnesium` varchar(50) DEFAULT NULL,
  `Material` varchar(50) DEFAULT NULL,
  `MaternalHealthStat` varchar(50) DEFAULT NULL,
  `MeanFrictVel` varchar(50) DEFAULT NULL,
  `MeanPeakFrictVel` varchar(50) DEFAULT NULL,
  `MechanicalDamage` varchar(50) DEFAULT NULL,
  `MedicHistPerform` bit(1) DEFAULT NULL,
  `Menarche` datetime(6) DEFAULT NULL,
  `Menopause` datetime(6) DEFAULT NULL,
  `Methane` varchar(50) DEFAULT NULL,
  `MicrobialBiomass` varchar(50) DEFAULT NULL,
  `MicrobialBiomassMeth` varchar(50) DEFAULT NULL,
  `MineralNutrRegm` varchar(50) DEFAULT NULL,
  `MiscParam` varchar(50) DEFAULT NULL,
  `nAlkanes` varchar(50) DEFAULT NULL,
  `Nitrate` varchar(50) DEFAULT NULL,
  `Nitrite` varchar(50) DEFAULT NULL,
  `Nitro` varchar(50) DEFAULT NULL,
  `NonMineralNutrRegm` varchar(50) DEFAULT NULL,
  `NoseMouthTeethThroatDisord` varchar(50) DEFAULT NULL,
  `NoseThroatDisord` varchar(50) DEFAULT NULL,
  `NumReplicons` int(11) DEFAULT NULL,
  `OccupSamp` int(11) DEFAULT NULL,
  `OccupantDensSamp` float DEFAULT NULL,
  `OrgCarb` varchar(50) DEFAULT NULL,
  `OrgMatter` varchar(50) DEFAULT NULL,
  `OrgNitro` varchar(50) DEFAULT NULL,
  `OrgParticles` varchar(50) DEFAULT NULL,
  `OrganismCount` varchar(50) DEFAULT NULL,
  `OxyStatSamp` varchar(50) DEFAULT NULL,
  `Oxygen` varchar(50) DEFAULT NULL,
  `PartOrgCarb` varchar(50) DEFAULT NULL,
  `PartOrgNitro` varchar(50) DEFAULT NULL,
  `ParticleClass` varchar(50) DEFAULT NULL,
  `Pathogenicity` varchar(50) DEFAULT NULL,
  `PeriphytonCoverage` varchar(100) DEFAULT NULL,
  `Perturbation` varchar(50) DEFAULT NULL,
  `PesticideRegm` varchar(50) DEFAULT NULL,
  `PetFarmAnimal` varchar(50) DEFAULT NULL,
  `PetroleumHydrocarb` varchar(50) DEFAULT NULL,
  `Ph` float DEFAULT NULL,
  `PhMeth` varchar(50) DEFAULT NULL,
  `PhRegm` varchar(50) DEFAULT NULL,
  `Phaeopigments` varchar(50) DEFAULT NULL,
  `Phosphate` varchar(50) DEFAULT NULL,
  `PhosplipidFattAcid` varchar(50) DEFAULT NULL,
  `PhotonFlux` varchar(50) DEFAULT NULL,
  `PlantBodySite` varchar(50) DEFAULT NULL,
  `PlantProduct` varchar(50) DEFAULT NULL,
  `Ploidy` varchar(50) DEFAULT NULL,
  `Pollutants` varchar(50) DEFAULT NULL,
  `PoolDnaExtracts` varchar(50) DEFAULT NULL,
  `Porosity` varchar(50) DEFAULT NULL,
  `Potassium` varchar(50) DEFAULT NULL,
  `PreTreatment` varchar(50) DEFAULT NULL,
  `Pregnancy` datetime(6) DEFAULT NULL,
  `Pressure` varchar(50) DEFAULT NULL,
  `PreviousLandUse` varchar(50) DEFAULT NULL,
  `PreviousLandUseMeth` varchar(50) DEFAULT NULL,
  `PrimaryProd` varchar(50) DEFAULT NULL,
  `PrimaryTreatment` varchar(50) DEFAULT NULL,
  `ProfilePosition` varchar(50) DEFAULT NULL,
  `Propagation` varchar(50) DEFAULT NULL,
  `PulmonaryDisord` varchar(50) DEFAULT NULL,
  `RadiationRegm` varchar(50) DEFAULT NULL,
  `RainfallRegm` varchar(50) DEFAULT NULL,
  `ReactorType` varchar(50) DEFAULT NULL,
  `RedoxPotential` varchar(50) DEFAULT NULL,
  `RefBiomaterial` varchar(50) DEFAULT NULL,
  `RelAirHumidity` varchar(50) DEFAULT NULL,
  `RelToOxygen` varchar(50) DEFAULT NULL,
  `RespPartMatter` varchar(50) DEFAULT NULL,
  `Salinity` varchar(50) DEFAULT NULL,
  `SalinityMeth` varchar(50) DEFAULT NULL,
  `SalmonInStream` varchar(10) DEFAULT NULL,
  `SalmonReturnStatus` varchar(15) DEFAULT NULL,
  `SaltRegm` varchar(50) DEFAULT NULL,
  `SampMatProcess` varchar(50) DEFAULT NULL,
  `SampSalinity` varchar(50) DEFAULT NULL,
  `SampSortMeth` varchar(50) DEFAULT NULL,
  `SampStoreDur` varchar(50) DEFAULT NULL,
  `SampStoreLoc` varchar(50) DEFAULT NULL,
  `SampStoreTemp` varchar(50) DEFAULT NULL,
  `SampVolWeDnaExt` varchar(50) DEFAULT NULL,
  `SampleReach` varchar(10) DEFAULT NULL,
  `SeasonEnvironment` varchar(50) DEFAULT NULL,
  `SecondaryTreatment` varchar(50) DEFAULT NULL,
  `SedimentType` varchar(50) DEFAULT NULL,
  `SewageType` varchar(50) DEFAULT NULL,
  `SexualAct` varchar(50) DEFAULT NULL,
  `Sieving` varchar(50) DEFAULT NULL,
  `Silicate` varchar(50) DEFAULT NULL,
  `SlopeAspect` varchar(50) DEFAULT NULL,
  `SlopeGradient` varchar(50) DEFAULT NULL,
  `SludgeRetentTime` varchar(50) DEFAULT NULL,
  `Smoker` bit(1) DEFAULT NULL,
  `Sodium` varchar(50) DEFAULT NULL,
  `SoilType` varchar(50) DEFAULT NULL,
  `SoilTypeMeth` varchar(50) DEFAULT NULL,
  `SolarIrradiance` varchar(50) DEFAULT NULL,
  `SolubleInorgMat` varchar(50) DEFAULT NULL,
  `SolubleOrgMat` varchar(50) DEFAULT NULL,
  `SolubleReactPhosp` varchar(50) DEFAULT NULL,
  `SpaceTypState` varchar(50) DEFAULT NULL,
  `SpecialDiet` varchar(50) DEFAULT NULL,
  `SpecificHost` varchar(50) DEFAULT NULL,
  `StandingWaterRegm` varchar(50) DEFAULT NULL,
  `StoreCond` varchar(50) DEFAULT NULL,
  `StreamsideVegetation` varchar(100) DEFAULT NULL,
  `StudyCompltStat` varchar(50) DEFAULT NULL,
  `SubspecfGenLin` varchar(50) DEFAULT NULL,
  `SubstructureType` varchar(50) DEFAULT NULL,
  `Sulfate` varchar(50) DEFAULT NULL,
  `Sulfide` varchar(50) DEFAULT NULL,
  `SurfAirCont` varchar(50) DEFAULT NULL,
  `SurfHumidity` varchar(50) DEFAULT NULL,
  `SurfMaterial` varchar(50) DEFAULT NULL,
  `SurfMoisture` varchar(50) DEFAULT NULL,
  `SurfMoisturePh` float DEFAULT NULL,
  `SurfTemp` varchar(50) DEFAULT NULL,
  `SuspendPartMatter` varchar(50) DEFAULT NULL,
  `SuspendSolids` varchar(50) DEFAULT NULL,
  `Temp` varchar(50) DEFAULT NULL,
  `TertiaryTreatment` varchar(50) DEFAULT NULL,
  `Texture` varchar(50) DEFAULT NULL,
  `TextureMeth` varchar(50) DEFAULT NULL,
  `TidalStage` varchar(50) DEFAULT NULL,
  `Tillage` varchar(50) DEFAULT NULL,
  `TimeLastToothbrush` datetime(6) DEFAULT NULL,
  `TimeSinceLastWash` datetime(6) DEFAULT NULL,
  `TissCultGrowthMed` varchar(50) DEFAULT NULL,
  `TotCarb` varchar(50) DEFAULT NULL,
  `TotDepthWaterCol` varchar(50) DEFAULT NULL,
  `TotDissNitro` varchar(50) DEFAULT NULL,
  `TotDissPhosp` varchar(50) DEFAULT NULL,
  `TotInorgNitro` varchar(50) DEFAULT NULL,
  `TotNMeth` varchar(50) DEFAULT NULL,
  `TotNitro` varchar(50) DEFAULT NULL,
  `TotOrgCMeth` varchar(50) DEFAULT NULL,
  `TotOrgCarb` varchar(50) DEFAULT NULL,
  `TotPartCarb` varchar(50) DEFAULT NULL,
  `TotPhosp` varchar(50) DEFAULT NULL,
  `TotPhosphate` varchar(50) DEFAULT NULL,
  `TotSuspendedSolids` varchar(50) DEFAULT NULL,
  `TravelOutSixMonth` varchar(50) DEFAULT NULL,
  `TrophicLevel` varchar(50) DEFAULT NULL,
  `Turbidity` varchar(50) DEFAULT NULL,
  `TwinSibling` bit(1) DEFAULT NULL,
  `TypOccupantDens` float DEFAULT NULL,
  `UrineCollectMeth` varchar(50) DEFAULT NULL,
  `UrogenitDisord` varchar(50) DEFAULT NULL,
  `UrogenitTractDisor` varchar(50) DEFAULT NULL,
  `VentilationRate` varchar(50) DEFAULT NULL,
  `VentilationType` varchar(50) DEFAULT NULL,
  `VolatileOrgComp` varchar(50) DEFAULT NULL,
  `WastewaterType` varchar(50) DEFAULT NULL,
  `WaterContent` varchar(50) DEFAULT NULL,
  `WaterContentSoilMeth` varchar(50) DEFAULT NULL,
  `WaterCurrent` varchar(50) DEFAULT NULL,
  `WaterTempRegm` varchar(50) DEFAULT NULL,
  `WateringRegm` varchar(50) DEFAULT NULL,
  `WeightLoss3Month` varchar(50) DEFAULT NULL,
  `WettedStreamWidth` varchar(10) DEFAULT NULL,
  `WindDirection` varchar(50) DEFAULT NULL,
  `WindSpeed` varchar(50) DEFAULT NULL,
  PRIMARY KEY (`MixsSpecificationID`,`REV`),
  KEY `FK_bva1xtoa70un4afj9pihokk84` (`REV`),
  CONSTRAINT `FK_bva1xtoa70un4afj9pihokk84` FOREIGN KEY (`REV`) REFERENCES `Revision` (`id`)
) ENGINE=InnoDB DEFAULT CHARSET=latin1;
/*!40101 SET character_set_client = @saved_cs_client */;

--
-- Dumping data for table `MixsSpecification_AUD`
--

LOCK TABLES `MixsSpecification_AUD` WRITE;
/*!40000 ALTER TABLE `MixsSpecification_AUD` DISABLE KEYS */;
INSERT INTO `MixsSpecification_AUD` VALUES (15,6,0,NULL,NULL,NULL,NULL,NULL,NULL,NULL,NULL,NULL,NULL,NULL,NULL,NULL,NULL,NULL,NULL,NULL,NULL,NULL,NULL,NULL,NULL,NULL,NULL,NULL,NULL,NULL,NULL,NULL,NULL,NULL,NULL,NULL,NULL,NULL,NULL,NULL,NULL,NULL,NULL,NULL,NULL,NULL,NULL,NULL,NULL,NULL,NULL,NULL,NULL,NULL,NULL,NULL,NULL,NULL,NULL,NULL,NULL,NULL,NULL,NULL,NULL,NULL,NULL,NULL,NULL,NULL,NULL,NULL,NULL,NULL,NULL,NULL,NULL,NULL,NULL,NULL,NULL,NULL,NULL,NULL,NULL,NULL,NULL,NULL,NULL,NULL,NULL,NULL,NULL,NULL,NULL,NULL,NULL,NULL,NULL,NULL,NULL,NULL,NULL,NULL,NULL,NULL,NULL,NULL,NULL,NULL,NULL,NULL,NULL,NULL,NULL,NULL,NULL,NULL,NULL,NULL,NULL,NULL,NULL,NULL,NULL,NULL,NULL,NULL,NULL,NULL,NULL,NULL,NULL,NULL,NULL,NULL,NULL,NULL,NULL,NULL,NULL,NULL,NULL,NULL,NULL,NULL,NULL,NULL,NULL,NULL,NULL,NULL,NULL,NULL,NULL,NULL,NULL,NULL,NULL,NULL,NULL,NULL,NULL,NULL,NULL,NULL,NULL,NULL,NULL,NULL,NULL,NULL,NULL,NULL,NULL,NULL,NULL,NULL,NULL,NULL,NULL,NULL,NULL,NULL,NULL,NULL,NULL,NULL,NULL,NULL,NULL,NULL,NULL,NULL,NULL,NULL,NULL,NULL,NULL,NULL,NULL,NULL,NULL,NULL,NULL,NULL,NULL,NULL,NULL,NULL,NULL,NULL,NULL,NULL,NULL,NULL,NULL,NULL,NULL,NULL,NULL,NULL,NULL,NULL,NULL,NULL,NULL,NULL,NULL,NULL,NULL,NULL,NULL,NULL,NULL,NULL,NULL,NULL,NULL,NULL,NULL,NULL,NULL,NULL,NULL,NULL,NULL,NULL,NULL,NULL,NULL,NULL,NULL,NULL,NULL,NULL,NULL,NULL,NULL,NULL,NULL,NULL,NULL,NULL,NULL,NULL,NULL,NULL,NULL,NULL,NULL,NULL,NULL,NULL,NULL,NULL,NULL,NULL,NULL,NULL,NULL,NULL,NULL,NULL,NULL,NULL,NULL,NULL,NULL,NULL,NULL,NULL,NULL,NULL,NULL,NULL,NULL,NULL,NULL,NULL,NULL,NULL,NULL,NULL,NULL,NULL,NULL,NULL,NULL,NULL,NULL,NULL,NULL,NULL,NULL,NULL,NULL,NULL,NULL,NULL,NULL,NULL,NULL,NULL,NULL,NULL,NULL),(16,6,0,NULL,NULL,NULL,NULL,NULL,NULL,NULL,NULL,NULL,NULL,NULL,NULL,NULL,NULL,NULL,NULL,NULL,NULL,NULL,NULL,NULL,NULL,NULL,NULL,NULL,NULL,NULL,NULL,NULL,NULL,NULL,NULL,NULL,NULL,NULL,NULL,NULL,NULL,NULL,NULL,NULL,NULL,NULL,NULL,NULL,NULL,NULL,NULL,NULL,NULL,NULL,NULL,NULL,NULL,NULL,NULL,NULL,NULL,NULL,NULL,NULL,NULL,NULL,NULL,NULL,NULL,NULL,NULL,NULL,NULL,NULL,NULL,NULL,NULL,NULL,NULL,NULL,NULL,NULL,NULL,NULL,NULL,NULL,NULL,NULL,NULL,NULL,NULL,NULL,NULL,NULL,NULL,NULL,NULL,NULL,NULL,NULL,NULL,NULL,NULL,NULL,NULL,NULL,NULL,NULL,NULL,NULL,NULL,NULL,NULL,NULL,NULL,NULL,NULL,NULL,NULL,NULL,NULL,NULL,NULL,NULL,NULL,NULL,NULL,NULL,NULL,NULL,NULL,NULL,NULL,NULL,NULL,NULL,NULL,NULL,NULL,NULL,NULL,NULL,NULL,NULL,NULL,NULL,NULL,NULL,NULL,NULL,NULL,NULL,NULL,NULL,NULL,NULL,NULL,NULL,NULL,NULL,NULL,NULL,NULL,NULL,NULL,NULL,NULL,NULL,NULL,NULL,NULL,NULL,NULL,NULL,NULL,NULL,NULL,NULL,NULL,NULL,NULL,NULL,NULL,NULL,NULL,NULL,NULL,NULL,NULL,NULL,NULL,NULL,NULL,NULL,NULL,NULL,NULL,NULL,NULL,NULL,NULL,NULL,NULL,NULL,NULL,NULL,NULL,NULL,NULL,NULL,NULL,NULL,NULL,NULL,NULL,NULL,NULL,NULL,NULL,NULL,NULL,NULL,NULL,NULL,NULL,NULL,NULL,NULL,NULL,NULL,NULL,NULL,NULL,NULL,NULL,NULL,NULL,NULL,NULL,NULL,NULL,NULL,NULL,NULL,NULL,NULL,NULL,NULL,NULL,NULL,NULL,NULL,NULL,NULL,NULL,NULL,NULL,NULL,NULL,NULL,NULL,NULL,NULL,NULL,NULL,NULL,NULL,NULL,NULL,NULL,NULL,NULL,NULL,NULL,NULL,NULL,NULL,NULL,NULL,NULL,NULL,NULL,NULL,NULL,NULL,NULL,NULL,NULL,NULL,NULL,NULL,NULL,NULL,NULL,NULL,NULL,NULL,NULL,NULL,NULL,NULL,NULL,NULL,NULL,NULL,NULL,NULL,NULL,NULL,NULL,NULL,NULL,NULL,NULL,NULL,NULL,NULL,NULL,NULL,NULL,NULL,NULL,NULL,NULL,NULL,NULL,NULL),(17,6,0,NULL,NULL,NULL,NULL,NULL,NULL,NULL,NULL,NULL,NULL,NULL,NULL,NULL,NULL,NULL,NULL,NULL,NULL,NULL,NULL,NULL,NULL,NULL,NULL,NULL,NULL,NULL,NULL,NULL,NULL,NULL,NULL,NULL,NULL,NULL,NULL,NULL,NULL,NULL,NULL,NULL,NULL,NULL,NULL,NULL,NULL,NULL,NULL,NULL,NULL,NULL,NULL,NULL,NULL,NULL,NULL,NULL,NULL,NULL,NULL,NULL,NULL,NULL,NULL,NULL,NULL,NULL,NULL,NULL,NULL,NULL,NULL,NULL,NULL,NULL,NULL,NULL,NULL,NULL,NULL,NULL,NULL,NULL,NULL,NULL,NULL,NULL,NULL,NULL,NULL,NULL,NULL,NULL,NULL,NULL,NULL,NULL,NULL,NULL,NULL,NULL,NULL,NULL,NULL,NULL,NULL,NULL,NULL,NULL,NULL,NULL,NULL,NULL,NULL,NULL,NULL,NULL,NULL,NULL,NULL,NULL,NULL,NULL,NULL,NULL,NULL,NULL,NULL,NULL,NULL,NULL,NULL,NULL,NULL,NULL,NULL,NULL,NULL,NULL,NULL,NULL,NULL,NULL,NULL,NULL,NULL,NULL,NULL,NULL,NULL,NULL,NULL,NULL,NULL,NULL,NULL,NULL,NULL,NULL,NULL,NULL,NULL,NULL,NULL,NULL,NULL,NULL,NULL,NULL,NULL,NULL,NULL,NULL,NULL,NULL,NULL,NULL,NULL,NULL,NULL,NULL,NULL,NULL,NULL,NULL,NULL,NULL,NULL,NULL,NULL,NULL,NULL,NULL,NULL,NULL,NULL,NULL,NULL,NULL,NULL,NULL,NULL,NULL,NULL,NULL,NULL,NULL,NULL,NULL,NULL,NULL,NULL,NULL,NULL,NULL,NULL,NULL,NULL,NULL,NULL,NULL,NULL,NULL,NULL,NULL,NULL,NULL,NULL,NULL,NULL,NULL,NULL,NULL,NULL,NULL,NULL,NULL,NULL,NULL,NULL,NULL,NULL,NULL,NULL,NULL,NULL,NULL,NULL,NULL,NULL,NULL,NULL,NULL,NULL,NULL,NULL,NULL,NULL,NULL,NULL,NULL,NULL,NULL,NULL,NULL,NULL,NULL,NULL,NULL,NULL,NULL,NULL,NULL,NULL,NULL,NULL,NULL,NULL,NULL,NULL,NULL,NULL,NULL,NULL,NULL,NULL,NULL,NULL,NULL,NULL,NULL,NULL,NULL,NULL,NULL,NULL,NULL,NULL,NULL,NULL,NULL,NULL,NULL,NULL,NULL,NULL,NULL,NULL,NULL,NULL,NULL,NULL,NULL,NULL,NULL,NULL,NULL,NULL,NULL,NULL,NULL,NULL,NULL,NULL),(18,6,0,NULL,NULL,NULL,NULL,NULL,NULL,NULL,NULL,NULL,NULL,NULL,NULL,NULL,NULL,NULL,NULL,NULL,NULL,NULL,NULL,NULL,NULL,NULL,NULL,NULL,NULL,NULL,NULL,NULL,NULL,NULL,NULL,NULL,NULL,NULL,NULL,NULL,NULL,NULL,NULL,NULL,NULL,NULL,NULL,NULL,NULL,NULL,NULL,NULL,NULL,NULL,NULL,NULL,NULL,NULL,NULL,NULL,NULL,NULL,NULL,NULL,NULL,NULL,NULL,NULL,NULL,NULL,NULL,NULL,NULL,NULL,NULL,NULL,NULL,NULL,NULL,NULL,NULL,NULL,NULL,NULL,NULL,NULL,NULL,NULL,NULL,NULL,NULL,NULL,NULL,NULL,NULL,NULL,NULL,NULL,NULL,NULL,NULL,NULL,NULL,NULL,NULL,NULL,NULL,NULL,NULL,NULL,NULL,NULL,NULL,NULL,NULL,NULL,NULL,NULL,NULL,NULL,NULL,NULL,NULL,NULL,NULL,NULL,NULL,NULL,NULL,NULL,NULL,NULL,NULL,NULL,NULL,NULL,NULL,NULL,NULL,NULL,NULL,NULL,NULL,NULL,NULL,NULL,NULL,NULL,NULL,NULL,NULL,NULL,NULL,NULL,NULL,NULL,NULL,NULL,NULL,NULL,NULL,NULL,NULL,NULL,NULL,NULL,NULL,NULL,NULL,NULL,NULL,NULL,NULL,NULL,NULL,NULL,NULL,NULL,NULL,NULL,NULL,NULL,NULL,NULL,NULL,NULL,NULL,NULL,NULL,NULL,NULL,NULL,NULL,NULL,NULL,NULL,NULL,NULL,NULL,NULL,NULL,NULL,NULL,NULL,NULL,NULL,NULL,NULL,NULL,NULL,NULL,NULL,NULL,NULL,NULL,NULL,NULL,NULL,NULL,NULL,NULL,NULL,NULL,NULL,NULL,NULL,NULL,NULL,NULL,NULL,NULL,NULL,NULL,NULL,NULL,NULL,NULL,NULL,NULL,NULL,NULL,NULL,NULL,NULL,NULL,NULL,NULL,NULL,NULL,NULL,NULL,NULL,NULL,NULL,NULL,NULL,NULL,NULL,NULL,NULL,NULL,NULL,NULL,NULL,NULL,NULL,NULL,NULL,NULL,NULL,NULL,NULL,NULL,NULL,NULL,NULL,NULL,NULL,NULL,NULL,NULL,NULL,NULL,NULL,NULL,NULL,NULL,NULL,NULL,NULL,NULL,NULL,NULL,NULL,NULL,NULL,NULL,NULL,NULL,NULL,NULL,NULL,NULL,NULL,NULL,NULL,NULL,NULL,NULL,NULL,NULL,NULL,NULL,NULL,NULL,NULL,NULL,NULL,NULL,NULL,NULL,NULL,NULL,NULL,NULL,NULL,NULL),(19,6,0,NULL,NULL,NULL,NULL,NULL,NULL,NULL,NULL,NULL,NULL,NULL,NULL,NULL,NULL,NULL,NULL,NULL,NULL,NULL,NULL,NULL,NULL,NULL,NULL,NULL,NULL,NULL,NULL,NULL,NULL,NULL,NULL,NULL,NULL,NULL,NULL,NULL,NULL,NULL,NULL,NULL,NULL,NULL,NULL,NULL,NULL,NULL,NULL,NULL,NULL,NULL,NULL,NULL,NULL,NULL,NULL,NULL,NULL,NULL,NULL,NULL,NULL,NULL,NULL,NULL,NULL,NULL,NULL,NULL,NULL,NULL,NULL,NULL,NULL,NULL,NULL,NULL,NULL,NULL,NULL,NULL,NULL,NULL,NULL,NULL,NULL,NULL,NULL,NULL,NULL,NULL,NULL,NULL,NULL,NULL,NULL,NULL,NULL,NULL,NULL,NULL,NULL,NULL,NULL,NULL,NULL,NULL,NULL,NULL,NULL,NULL,NULL,NULL,NULL,NULL,NULL,NULL,NULL,NULL,NULL,NULL,NULL,NULL,NULL,NULL,NULL,NULL,NULL,NULL,NULL,NULL,NULL,NULL,NULL,NULL,NULL,NULL,NULL,NULL,NULL,NULL,NULL,NULL,NULL,NULL,NULL,NULL,NULL,NULL,NULL,NULL,NULL,NULL,NULL,NULL,NULL,NULL,NULL,NULL,NULL,NULL,NULL,NULL,NULL,NULL,NULL,NULL,NULL,NULL,NULL,NULL,NULL,NULL,NULL,NULL,NULL,NULL,NULL,NULL,NULL,NULL,NULL,NULL,NULL,NULL,NULL,NULL,NULL,NULL,NULL,NULL,NULL,NULL,NULL,NULL,NULL,NULL,NULL,NULL,NULL,NULL,NULL,NULL,NULL,NULL,NULL,NULL,NULL,NULL,NULL,NULL,NULL,NULL,NULL,NULL,NULL,NULL,NULL,NULL,NULL,NULL,NULL,NULL,NULL,NULL,NULL,NULL,NULL,NULL,NULL,NULL,NULL,NULL,NULL,NULL,NULL,NULL,NULL,NULL,NULL,NULL,NULL,NULL,NULL,NULL,NULL,NULL,NULL,NULL,NULL,NULL,NULL,NULL,NULL,NULL,NULL,NULL,NULL,NULL,NULL,NULL,NULL,NULL,NULL,NULL,NULL,NULL,NULL,NULL,NULL,NULL,NULL,NULL,NULL,NULL,NULL,NULL,NULL,NULL,NULL,NULL,NULL,NULL,NULL,NULL,NULL,NULL,NULL,NULL,NULL,NULL,NULL,NULL,NULL,NULL,NULL,NULL,NULL,NULL,NULL,NULL,NULL,NULL,NULL,NULL,NULL,NULL,NULL,NULL,NULL,NULL,NULL,NULL,NULL,NULL,NULL,NULL,NULL,NULL,NULL,NULL,NULL,NULL,NULL),(20,6,0,NULL,NULL,NULL,NULL,NULL,NULL,NULL,NULL,NULL,NULL,NULL,NULL,NULL,NULL,NULL,NULL,NULL,NULL,NULL,NULL,NULL,NULL,NULL,NULL,NULL,NULL,NULL,NULL,NULL,NULL,NULL,NULL,NULL,NULL,NULL,NULL,NULL,NULL,NULL,NULL,NULL,NULL,NULL,NULL,NULL,NULL,NULL,NULL,NULL,NULL,NULL,NULL,NULL,NULL,NULL,NULL,NULL,NULL,NULL,NULL,NULL,NULL,NULL,NULL,NULL,NULL,NULL,NULL,NULL,NULL,NULL,NULL,NULL,NULL,NULL,NULL,NULL,NULL,NULL,NULL,NULL,NULL,NULL,NULL,NULL,NULL,NULL,NULL,NULL,NULL,NULL,NULL,NULL,NULL,NULL,NULL,NULL,NULL,NULL,NULL,NULL,NULL,NULL,NULL,NULL,NULL,NULL,NULL,NULL,NULL,NULL,NULL,NULL,NULL,NULL,NULL,NULL,NULL,NULL,NULL,NULL,NULL,NULL,NULL,NULL,NULL,NULL,NULL,NULL,NULL,NULL,NULL,NULL,NULL,NULL,NULL,NULL,NULL,NULL,NULL,NULL,NULL,NULL,NULL,NULL,NULL,NULL,NULL,NULL,NULL,NULL,NULL,NULL,NULL,NULL,NULL,NULL,NULL,NULL,NULL,NULL,NULL,NULL,NULL,NULL,NULL,NULL,NULL,NULL,NULL,NULL,NULL,NULL,NULL,NULL,NULL,NULL,NULL,NULL,NULL,NULL,NULL,NULL,NULL,NULL,NULL,NULL,NULL,NULL,NULL,NULL,NULL,NULL,NULL,NULL,NULL,NULL,NULL,NULL,NULL,NULL,NULL,NULL,NULL,NULL,NULL,NULL,NULL,NULL,NULL,NULL,NULL,NULL,NULL,NULL,NULL,NULL,NULL,NULL,NULL,NULL,NULL,NULL,NULL,NULL,NULL,NULL,NULL,NULL,NULL,NULL,NULL,NULL,NULL,NULL,NULL,NULL,NULL,NULL,NULL,NULL,NULL,NULL,NULL,NULL,NULL,NULL,NULL,NULL,NULL,NULL,NULL,NULL,NULL,NULL,NULL,NULL,NULL,NULL,NULL,NULL,NULL,NULL,NULL,NULL,NULL,NULL,NULL,NULL,NULL,NULL,NULL,NULL,NULL,NULL,NULL,NULL,NULL,NULL,NULL,NULL,NULL,NULL,NULL,NULL,NULL,NULL,NULL,NULL,NULL,NULL,NULL,NULL,NULL,NULL,NULL,NULL,NULL,NULL,NULL,NULL,NULL,NULL,NULL,NULL,NULL,NULL,NULL,NULL,NULL,NULL,NULL,NULL,NULL,NULL,NULL,NULL,NULL,NULL,NULL,NULL,NULL,NULL,NULL),(21,6,0,NULL,NULL,NULL,NULL,NULL,NULL,NULL,NULL,NULL,NULL,NULL,NULL,NULL,NULL,NULL,NULL,NULL,NULL,NULL,NULL,NULL,NULL,NULL,NULL,NULL,NULL,NULL,NULL,NULL,NULL,NULL,NULL,NULL,NULL,NULL,NULL,NULL,NULL,NULL,NULL,NULL,NULL,NULL,NULL,NULL,NULL,NULL,NULL,NULL,NULL,NULL,NULL,NULL,NULL,NULL,NULL,NULL,NULL,NULL,NULL,NULL,NULL,NULL,NULL,NULL,NULL,NULL,NULL,NULL,NULL,NULL,NULL,NULL,NULL,NULL,NULL,NULL,NULL,NULL,NULL,NULL,NULL,NULL,NULL,NULL,NULL,NULL,NULL,NULL,NULL,NULL,NULL,NULL,NULL,NULL,NULL,NULL,NULL,NULL,NULL,NULL,NULL,NULL,NULL,NULL,NULL,NULL,NULL,NULL,NULL,NULL,NULL,NULL,NULL,NULL,NULL,NULL,NULL,NULL,NULL,NULL,NULL,NULL,NULL,NULL,NULL,NULL,NULL,NULL,NULL,NULL,NULL,NULL,NULL,NULL,NULL,NULL,NULL,NULL,NULL,NULL,NULL,NULL,NULL,NULL,NULL,NULL,NULL,NULL,NULL,NULL,NULL,NULL,NULL,NULL,NULL,NULL,NULL,NULL,NULL,NULL,NULL,NULL,NULL,NULL,NULL,NULL,NULL,NULL,NULL,NULL,NULL,NULL,NULL,NULL,NULL,NULL,NULL,NULL,NULL,NULL,NULL,NULL,NULL,NULL,NULL,NULL,NULL,NULL,NULL,NULL,NULL,NULL,NULL,NULL,NULL,NULL,NULL,NULL,NULL,NULL,NULL,NULL,NULL,NULL,NULL,NULL,NULL,NULL,NULL,NULL,NULL,NULL,NULL,NULL,NULL,NULL,NULL,NULL,NULL,NULL,NULL,NULL,NULL,NULL,NULL,NULL,NULL,NULL,NULL,NULL,NULL,NULL,NULL,NULL,NULL,NULL,NULL,NULL,NULL,NULL,NULL,NULL,NULL,NULL,NULL,NULL,NULL,NULL,NULL,NULL,NULL,NULL,NULL,NULL,NULL,NULL,NULL,NULL,NULL,NULL,NULL,NULL,NULL,NULL,NULL,NULL,NULL,NULL,NULL,NULL,NULL,NULL,NULL,NULL,NULL,NULL,NULL,NULL,NULL,NULL,NULL,NULL,NULL,NULL,NULL,NULL,NULL,NULL,NULL,NULL,NULL,NULL,NULL,NULL,NULL,NULL,NULL,NULL,NULL,NULL,NULL,NULL,NULL,NULL,NULL,NULL,NULL,NULL,NULL,NULL,NULL,NULL,NULL,NULL,NULL,NULL,NULL,NULL,NULL,NULL,NULL,NULL,NULL),(22,6,0,NULL,NULL,NULL,NULL,NULL,NULL,NULL,NULL,NULL,NULL,NULL,NULL,NULL,NULL,NULL,NULL,NULL,NULL,NULL,NULL,NULL,NULL,NULL,NULL,NULL,NULL,NULL,NULL,NULL,NULL,NULL,NULL,NULL,NULL,NULL,NULL,NULL,NULL,NULL,NULL,NULL,NULL,NULL,NULL,NULL,NULL,NULL,NULL,NULL,NULL,NULL,NULL,NULL,NULL,NULL,NULL,NULL,NULL,NULL,NULL,NULL,NULL,NULL,NULL,NULL,NULL,NULL,NULL,NULL,NULL,NULL,NULL,NULL,NULL,NULL,NULL,NULL,NULL,NULL,NULL,NULL,NULL,NULL,NULL,NULL,NULL,NULL,NULL,NULL,NULL,NULL,NULL,NULL,NULL,NULL,NULL,NULL,NULL,NULL,NULL,NULL,NULL,NULL,NULL,NULL,NULL,NULL,NULL,NULL,NULL,NULL,NULL,NULL,NULL,NULL,NULL,NULL,NULL,NULL,NULL,NULL,NULL,NULL,NULL,NULL,NULL,NULL,NULL,NULL,NULL,NULL,NULL,NULL,NULL,NULL,NULL,NULL,NULL,NULL,NULL,NULL,NULL,NULL,NULL,NULL,NULL,NULL,NULL,NULL,NULL,NULL,NULL,NULL,NULL,NULL,NULL,NULL,NULL,NULL,NULL,NULL,NULL,NULL,NULL,NULL,NULL,NULL,NULL,NULL,NULL,NULL,NULL,NULL,NULL,NULL,NULL,NULL,NULL,NULL,NULL,NULL,NULL,NULL,NULL,NULL,NULL,NULL,NULL,NULL,NULL,NULL,NULL,NULL,NULL,NULL,NULL,NULL,NULL,NULL,NULL,NULL,NULL,NULL,NULL,NULL,NULL,NULL,NULL,NULL,NULL,NULL,NULL,NULL,NULL,NULL,NULL,NULL,NULL,NULL,NULL,NULL,NULL,NULL,NULL,NULL,NULL,NULL,NULL,NULL,NULL,NULL,NULL,NULL,NULL,NULL,NULL,NULL,NULL,NULL,NULL,NULL,NULL,NULL,NULL,NULL,NULL,NULL,NULL,NULL,NULL,NULL,NULL,NULL,NULL,NULL,NULL,NULL,NULL,NULL,NULL,NULL,NULL,NULL,NULL,NULL,NULL,NULL,NULL,NULL,NULL,NULL,NULL,NULL,NULL,NULL,NULL,NULL,NULL,NULL,NULL,NULL,NULL,NULL,NULL,NULL,NULL,NULL,NULL,NULL,NULL,NULL,NULL,NULL,NULL,NULL,NULL,NULL,NULL,NULL,NULL,NULL,NULL,NULL,NULL,NULL,NULL,NULL,NULL,NULL,NULL,NULL,NULL,NULL,NULL,NULL,NULL,NULL,NULL,NULL,NULL,NULL,NULL,NULL,NULL),(23,6,0,NULL,NULL,NULL,NULL,NULL,NULL,NULL,NULL,NULL,NULL,NULL,NULL,NULL,NULL,NULL,NULL,NULL,NULL,NULL,NULL,NULL,NULL,NULL,NULL,NULL,NULL,NULL,NULL,NULL,NULL,NULL,NULL,NULL,NULL,NULL,NULL,NULL,NULL,NULL,NULL,NULL,NULL,NULL,NULL,NULL,NULL,NULL,NULL,NULL,NULL,NULL,NULL,NULL,NULL,NULL,NULL,NULL,NULL,NULL,NULL,NULL,NULL,NULL,NULL,NULL,NULL,NULL,NULL,NULL,NULL,NULL,NULL,NULL,NULL,NULL,NULL,NULL,NULL,NULL,NULL,NULL,NULL,NULL,NULL,NULL,NULL,NULL,NULL,NULL,NULL,NULL,NULL,NULL,NULL,NULL,NULL,NULL,NULL,NULL,NULL,NULL,NULL,NULL,NULL,NULL,NULL,NULL,NULL,NULL,NULL,NULL,NULL,NULL,NULL,NULL,NULL,NULL,NULL,NULL,NULL,NULL,NULL,NULL,NULL,NULL,NULL,NULL,NULL,NULL,NULL,NULL,NULL,NULL,NULL,NULL,NULL,NULL,NULL,NULL,NULL,NULL,NULL,NULL,NULL,NULL,NULL,NULL,NULL,NULL,NULL,NULL,NULL,NULL,NULL,NULL,NULL,NULL,NULL,NULL,NULL,NULL,NULL,NULL,NULL,NULL,NULL,NULL,NULL,NULL,NULL,NULL,NULL,NULL,NULL,NULL,NULL,NULL,NULL,NULL,NULL,NULL,NULL,NULL,NULL,NULL,NULL,NULL,NULL,NULL,NULL,NULL,NULL,NULL,NULL,NULL,NULL,NULL,NULL,NULL,NULL,NULL,NULL,NULL,NULL,NULL,NULL,NULL,NULL,NULL,NULL,NULL,NULL,NULL,NULL,NULL,NULL,NULL,NULL,NULL,NULL,NULL,NULL,NULL,NULL,NULL,NULL,NULL,NULL,NULL,NULL,NULL,NULL,NULL,NULL,NULL,NULL,NULL,NULL,NULL,NULL,NULL,NULL,NULL,NULL,NULL,NULL,NULL,NULL,NULL,NULL,NULL,NULL,NULL,NULL,NULL,NULL,NULL,NULL,NULL,NULL,NULL,NULL,NULL,NULL,NULL,NULL,NULL,NULL,NULL,NULL,NULL,NULL,NULL,NULL,NULL,NULL,NULL,NULL,NULL,NULL,NULL,NULL,NULL,NULL,NULL,NULL,NULL,NULL,NULL,NULL,NULL,NULL,NULL,NULL,NULL,NULL,NULL,NULL,NULL,NULL,NULL,NULL,NULL,NULL,NULL,NULL,NULL,NULL,NULL,NULL,NULL,NULL,NULL,NULL,NULL,NULL,NULL,NULL,NULL,NULL,NULL,NULL,NULL,NULL),(24,6,0,NULL,NULL,NULL,NULL,NULL,NULL,NULL,NULL,NULL,NULL,NULL,NULL,NULL,NULL,NULL,NULL,NULL,NULL,NULL,NULL,NULL,NULL,NULL,NULL,NULL,NULL,NULL,NULL,NULL,NULL,NULL,NULL,NULL,NULL,NULL,NULL,NULL,NULL,NULL,NULL,NULL,NULL,NULL,NULL,NULL,NULL,NULL,NULL,NULL,NULL,NULL,NULL,NULL,NULL,NULL,NULL,NULL,NULL,NULL,NULL,NULL,NULL,NULL,NULL,NULL,NULL,NULL,NULL,NULL,NULL,NULL,NULL,NULL,NULL,NULL,NULL,NULL,NULL,NULL,NULL,NULL,NULL,NULL,NULL,NULL,NULL,NULL,NULL,NULL,NULL,NULL,NULL,NULL,NULL,NULL,NULL,NULL,NULL,NULL,NULL,NULL,NULL,NULL,NULL,NULL,NULL,NULL,NULL,NULL,NULL,NULL,NULL,NULL,NULL,NULL,NULL,NULL,NULL,NULL,NULL,NULL,NULL,NULL,NULL,NULL,NULL,NULL,NULL,NULL,NULL,NULL,NULL,NULL,NULL,NULL,NULL,NULL,NULL,NULL,NULL,NULL,NULL,NULL,NULL,NULL,NULL,NULL,NULL,NULL,NULL,NULL,NULL,NULL,NULL,NULL,NULL,NULL,NULL,NULL,NULL,NULL,NULL,NULL,NULL,NULL,NULL,NULL,NULL,NULL,NULL,NULL,NULL,NULL,NULL,NULL,NULL,NULL,NULL,NULL,NULL,NULL,NULL,NULL,NULL,NULL,NULL,NULL,NULL,NULL,NULL,NULL,NULL,NULL,NULL,NULL,NULL,NULL,NULL,NULL,NULL,NULL,NULL,NULL,NULL,NULL,NULL,NULL,NULL,NULL,NULL,NULL,NULL,NULL,NULL,NULL,NULL,NULL,NULL,NULL,NULL,NULL,NULL,NULL,NULL,NULL,NULL,NULL,NULL,NULL,NULL,NULL,NULL,NULL,NULL,NULL,NULL,NULL,NULL,NULL,NULL,NULL,NULL,NULL,NULL,NULL,NULL,NULL,NULL,NULL,NULL,NULL,NULL,NULL,NULL,NULL,NULL,NULL,NULL,NULL,NULL,NULL,NULL,NULL,NULL,NULL,NULL,NULL,NULL,NULL,NULL,NULL,NULL,NULL,NULL,NULL,NULL,NULL,NULL,NULL,NULL,NULL,NULL,NULL,NULL,NULL,NULL,NULL,NULL,NULL,NULL,NULL,NULL,NULL,NULL,NULL,NULL,NULL,NULL,NULL,NULL,NULL,NULL,NULL,NULL,NULL,NULL,NULL,NULL,NULL,NULL,NULL,NULL,NULL,NULL,NULL,NULL,NULL,NULL,NULL,NULL,NULL,NULL,NULL,NULL),(25,6,0,NULL,NULL,NULL,NULL,NULL,NULL,NULL,NULL,NULL,NULL,NULL,NULL,NULL,NULL,NULL,NULL,NULL,NULL,NULL,NULL,NULL,NULL,NULL,NULL,NULL,NULL,NULL,NULL,NULL,NULL,NULL,NULL,NULL,NULL,NULL,NULL,NULL,NULL,NULL,NULL,NULL,NULL,NULL,NULL,NULL,NULL,NULL,NULL,NULL,NULL,NULL,NULL,NULL,NULL,NULL,NULL,NULL,NULL,NULL,NULL,NULL,NULL,NULL,NULL,NULL,NULL,NULL,NULL,NULL,NULL,NULL,NULL,NULL,NULL,NULL,NULL,NULL,NULL,NULL,NULL,NULL,NULL,NULL,NULL,NULL,NULL,NULL,NULL,NULL,NULL,NULL,NULL,NULL,NULL,NULL,NULL,NULL,NULL,NULL,NULL,NULL,NULL,NULL,NULL,NULL,NULL,NULL,NULL,NULL,NULL,NULL,NULL,NULL,NULL,NULL,NULL,NULL,NULL,NULL,NULL,NULL,NULL,NULL,NULL,NULL,NULL,NULL,NULL,NULL,NULL,NULL,NULL,NULL,NULL,NULL,NULL,NULL,NULL,NULL,NULL,NULL,NULL,NULL,NULL,NULL,NULL,NULL,NULL,NULL,NULL,NULL,NULL,NULL,NULL,NULL,NULL,NULL,NULL,NULL,NULL,NULL,NULL,NULL,NULL,NULL,NULL,NULL,NULL,NULL,NULL,NULL,NULL,NULL,NULL,NULL,NULL,NULL,NULL,NULL,NULL,NULL,NULL,NULL,NULL,NULL,NULL,NULL,NULL,NULL,NULL,NULL,NULL,NULL,NULL,NULL,NULL,NULL,NULL,NULL,NULL,NULL,NULL,NULL,NULL,NULL,NULL,NULL,NULL,NULL,NULL,NULL,NULL,NULL,NULL,NULL,NULL,NULL,NULL,NULL,NULL,NULL,NULL,NULL,NULL,NULL,NULL,NULL,NULL,NULL,NULL,NULL,NULL,NULL,NULL,NULL,NULL,NULL,NULL,NULL,NULL,NULL,NULL,NULL,NULL,NULL,NULL,NULL,NULL,NULL,NULL,NULL,NULL,NULL,NULL,NULL,NULL,NULL,NULL,NULL,NULL,NULL,NULL,NULL,NULL,NULL,NULL,NULL,NULL,NULL,NULL,NULL,NULL,NULL,NULL,NULL,NULL,NULL,NULL,NULL,NULL,NULL,NULL,NULL,NULL,NULL,NULL,NULL,NULL,NULL,NULL,NULL,NULL,NULL,NULL,NULL,NULL,NULL,NULL,NULL,NULL,NULL,NULL,NULL,NULL,NULL,NULL,NULL,NULL,NULL,NULL,NULL,NULL,NULL,NULL,NULL,NULL,NULL,NULL,NULL,NULL,NULL,NULL,NULL,NULL),(26,6,0,NULL,NULL,NULL,NULL,NULL,NULL,NULL,NULL,NULL,NULL,NULL,NULL,NULL,NULL,NULL,NULL,NULL,NULL,NULL,NULL,NULL,NULL,NULL,NULL,NULL,NULL,NULL,NULL,NULL,NULL,NULL,NULL,NULL,NULL,NULL,NULL,NULL,NULL,NULL,NULL,NULL,NULL,NULL,NULL,NULL,NULL,NULL,NULL,NULL,NULL,NULL,NULL,NULL,NULL,NULL,NULL,NULL,NULL,NULL,NULL,NULL,NULL,NULL,NULL,NULL,NULL,NULL,NULL,NULL,NULL,NULL,NULL,NULL,NULL,NULL,NULL,NULL,NULL,NULL,NULL,NULL,NULL,NULL,NULL,NULL,NULL,NULL,NULL,NULL,NULL,NULL,NULL,NULL,NULL,NULL,NULL,NULL,NULL,NULL,NULL,NULL,NULL,NULL,NULL,NULL,NULL,NULL,NULL,NULL,NULL,NULL,NULL,NULL,NULL,NULL,NULL,NULL,NULL,NULL,NULL,NULL,NULL,NULL,NULL,NULL,NULL,NULL,NULL,NULL,NULL,NULL,NULL,NULL,NULL,NULL,NULL,NULL,NULL,NULL,NULL,NULL,NULL,NULL,NULL,NULL,NULL,NULL,NULL,NULL,NULL,NULL,NULL,NULL,NULL,NULL,NULL,NULL,NULL,NULL,NULL,NULL,NULL,NULL,NULL,NULL,NULL,NULL,NULL,NULL,NULL,NULL,NULL,NULL,NULL,NULL,NULL,NULL,NULL,NULL,NULL,NULL,NULL,NULL,NULL,NULL,NULL,NULL,NULL,NULL,NULL,NULL,NULL,NULL,NULL,NULL,NULL,NULL,NULL,NULL,NULL,NULL,NULL,NULL,NULL,NULL,NULL,NULL,NULL,NULL,NULL,NULL,NULL,NULL,NULL,NULL,NULL,NULL,NULL,NULL,NULL,NULL,NULL,NULL,NULL,NULL,NULL,NULL,NULL,NULL,NULL,NULL,NULL,NULL,NULL,NULL,NULL,NULL,NULL,NULL,NULL,NULL,NULL,NULL,NULL,NULL,NULL,NULL,NULL,NULL,NULL,NULL,NULL,NULL,NULL,NULL,NULL,NULL,NULL,NULL,NULL,NULL,NULL,NULL,NULL,NULL,NULL,NULL,NULL,NULL,NULL,NULL,NULL,NULL,NULL,NULL,NULL,NULL,NULL,NULL,NULL,NULL,NULL,NULL,NULL,NULL,NULL,NULL,NULL,NULL,NULL,NULL,NULL,NULL,NULL,NULL,NULL,NULL,NULL,NULL,NULL,NULL,NULL,NULL,NULL,NULL,NULL,NULL,NULL,NULL,NULL,NULL,NULL,NULL,NULL,NULL,NULL,NULL,NULL,NULL,NULL,NULL,NULL,NULL,NULL),(27,6,0,NULL,NULL,NULL,NULL,NULL,NULL,NULL,NULL,NULL,NULL,NULL,NULL,NULL,NULL,NULL,NULL,NULL,NULL,NULL,NULL,NULL,NULL,NULL,NULL,NULL,NULL,NULL,NULL,NULL,NULL,NULL,NULL,NULL,NULL,NULL,NULL,NULL,NULL,NULL,NULL,NULL,NULL,NULL,NULL,NULL,NULL,NULL,NULL,NULL,NULL,NULL,NULL,NULL,NULL,NULL,NULL,NULL,NULL,NULL,NULL,NULL,NULL,NULL,NULL,NULL,NULL,NULL,NULL,NULL,NULL,NULL,NULL,NULL,NULL,NULL,NULL,NULL,NULL,NULL,NULL,NULL,NULL,NULL,NULL,NULL,NULL,NULL,NULL,NULL,NULL,NULL,NULL,NULL,NULL,NULL,NULL,NULL,NULL,NULL,NULL,NULL,NULL,NULL,NULL,NULL,NULL,NULL,NULL,NULL,NULL,NULL,NULL,NULL,NULL,NULL,NULL,NULL,NULL,NULL,NULL,NULL,NULL,NULL,NULL,NULL,NULL,NULL,NULL,NULL,NULL,NULL,NULL,NULL,NULL,NULL,NULL,NULL,NULL,NULL,NULL,NULL,NULL,NULL,NULL,NULL,NULL,NULL,NULL,NULL,NULL,NULL,NULL,NULL,NULL,NULL,NULL,NULL,NULL,NULL,NULL,NULL,NULL,NULL,NULL,NULL,NULL,NULL,NULL,NULL,NULL,NULL,NULL,NULL,NULL,NULL,NULL,NULL,NULL,NULL,NULL,NULL,NULL,NULL,NULL,NULL,NULL,NULL,NULL,NULL,NULL,NULL,NULL,NULL,NULL,NULL,NULL,NULL,NULL,NULL,NULL,NULL,NULL,NULL,NULL,NULL,NULL,NULL,NULL,NULL,NULL,NULL,NULL,NULL,NULL,NULL,NULL,NULL,NULL,NULL,NULL,NULL,NULL,NULL,NULL,NULL,NULL,NULL,NULL,NULL,NULL,NULL,NULL,NULL,NULL,NULL,NULL,NULL,NULL,NULL,NULL,NULL,NULL,NULL,NULL,NULL,NULL,NULL,NULL,NULL,NULL,NULL,NULL,NULL,NULL,NULL,NULL,NULL,NULL,NULL,NULL,NULL,NULL,NULL,NULL,NULL,NULL,NULL,NULL,NULL,NULL,NULL,NULL,NULL,NULL,NULL,NULL,NULL,NULL,NULL,NULL,NULL,NULL,NULL,NULL,NULL,NULL,NULL,NULL,NULL,NULL,NULL,NULL,NULL,NULL,NULL,NULL,NULL,NULL,NULL,NULL,NULL,NULL,NULL,NULL,NULL,NULL,NULL,NULL,NULL,NULL,NULL,NULL,NULL,NULL,NULL,NULL,NULL,NULL,NULL,NULL,NULL,NULL,NULL,NULL),(28,6,0,NULL,NULL,NULL,NULL,NULL,NULL,NULL,NULL,NULL,NULL,NULL,NULL,NULL,NULL,NULL,NULL,NULL,NULL,NULL,NULL,NULL,NULL,NULL,NULL,NULL,NULL,NULL,NULL,NULL,NULL,NULL,NULL,NULL,NULL,NULL,NULL,NULL,NULL,NULL,NULL,NULL,NULL,NULL,NULL,NULL,NULL,NULL,NULL,NULL,NULL,NULL,NULL,NULL,NULL,NULL,NULL,NULL,NULL,NULL,NULL,NULL,NULL,NULL,NULL,NULL,NULL,NULL,NULL,NULL,NULL,NULL,NULL,NULL,NULL,NULL,NULL,NULL,NULL,NULL,NULL,NULL,NULL,NULL,NULL,NULL,NULL,NULL,NULL,NULL,NULL,NULL,NULL,NULL,NULL,NULL,NULL,NULL,NULL,NULL,NULL,NULL,NULL,NULL,NULL,NULL,NULL,NULL,NULL,NULL,NULL,NULL,NULL,NULL,NULL,NULL,NULL,NULL,NULL,NULL,NULL,NULL,NULL,NULL,NULL,NULL,NULL,NULL,NULL,NULL,NULL,NULL,NULL,NULL,NULL,NULL,NULL,NULL,NULL,NULL,NULL,NULL,NULL,NULL,NULL,NULL,NULL,NULL,NULL,NULL,NULL,NULL,NULL,NULL,NULL,NULL,NULL,NULL,NULL,NULL,NULL,NULL,NULL,NULL,NULL,NULL,NULL,NULL,NULL,NULL,NULL,NULL,NULL,NULL,NULL,NULL,NULL,NULL,NULL,NULL,NULL,NULL,NULL,NULL,NULL,NULL,NULL,NULL,NULL,NULL,NULL,NULL,NULL,NULL,NULL,NULL,NULL,NULL,NULL,NULL,NULL,NULL,NULL,NULL,NULL,NULL,NULL,NULL,NULL,NULL,NULL,NULL,NULL,NULL,NULL,NULL,NULL,NULL,NULL,NULL,NULL,NULL,NULL,NULL,NULL,NULL,NULL,NULL,NULL,NULL,NULL,NULL,NULL,NULL,NULL,NULL,NULL,NULL,NULL,NULL,NULL,NULL,NULL,NULL,NULL,NULL,NULL,NULL,NULL,NULL,NULL,NULL,NULL,NULL,NULL,NULL,NULL,NULL,NULL,NULL,NULL,NULL,NULL,NULL,NULL,NULL,NULL,NULL,NULL,NULL,NULL,NULL,NULL,NULL,NULL,NULL,NULL,NULL,NULL,NULL,NULL,NULL,NULL,NULL,NULL,NULL,NULL,NULL,NULL,NULL,NULL,NULL,NULL,NULL,NULL,NULL,NULL,NULL,NULL,NULL,NULL,NULL,NULL,NULL,NULL,NULL,NULL,NULL,NULL,NULL,NULL,NULL,NULL,NULL,NULL,NULL,NULL,NULL,NULL,NULL,NULL,NULL,NULL,NULL,NULL),(29,6,0,NULL,NULL,NULL,NULL,NULL,NULL,NULL,NULL,NULL,NULL,NULL,NULL,NULL,NULL,NULL,NULL,NULL,NULL,NULL,NULL,NULL,NULL,NULL,NULL,NULL,NULL,NULL,NULL,NULL,NULL,NULL,NULL,NULL,NULL,NULL,NULL,NULL,NULL,NULL,NULL,NULL,NULL,NULL,NULL,NULL,NULL,NULL,NULL,NULL,NULL,NULL,NULL,NULL,NULL,NULL,NULL,NULL,NULL,NULL,NULL,NULL,NULL,NULL,NULL,NULL,NULL,NULL,NULL,NULL,NULL,NULL,NULL,NULL,NULL,NULL,NULL,NULL,NULL,NULL,NULL,NULL,NULL,NULL,NULL,NULL,NULL,NULL,NULL,NULL,NULL,NULL,NULL,NULL,NULL,NULL,NULL,NULL,NULL,NULL,NULL,NULL,NULL,NULL,NULL,NULL,NULL,NULL,NULL,NULL,NULL,NULL,NULL,NULL,NULL,NULL,NULL,NULL,NULL,NULL,NULL,NULL,NULL,NULL,NULL,NULL,NULL,NULL,NULL,NULL,NULL,NULL,NULL,NULL,NULL,NULL,NULL,NULL,NULL,NULL,NULL,NULL,NULL,NULL,NULL,NULL,NULL,NULL,NULL,NULL,NULL,NULL,NULL,NULL,NULL,NULL,NULL,NULL,NULL,NULL,NULL,NULL,NULL,NULL,NULL,NULL,NULL,NULL,NULL,NULL,NULL,NULL,NULL,NULL,NULL,NULL,NULL,NULL,NULL,NULL,NULL,NULL,NULL,NULL,NULL,NULL,NULL,NULL,NULL,NULL,NULL,NULL,NULL,NULL,NULL,NULL,NULL,NULL,NULL,NULL,NULL,NULL,NULL,NULL,NULL,NULL,NULL,NULL,NULL,NULL,NULL,NULL,NULL,NULL,NULL,NULL,NULL,NULL,NULL,NULL,NULL,NULL,NULL,NULL,NULL,NULL,NULL,NULL,NULL,NULL,NULL,NULL,NULL,NULL,NULL,NULL,NULL,NULL,NULL,NULL,NULL,NULL,NULL,NULL,NULL,NULL,NULL,NULL,NULL,NULL,NULL,NULL,NULL,NULL,NULL,NULL,NULL,NULL,NULL,NULL,NULL,NULL,NULL,NULL,NULL,NULL,NULL,NULL,NULL,NULL,NULL,NULL,NULL,NULL,NULL,NULL,NULL,NULL,NULL,NULL,NULL,NULL,NULL,NULL,NULL,NULL,NULL,NULL,NULL,NULL,NULL,NULL,NULL,NULL,NULL,NULL,NULL,NULL,NULL,NULL,NULL,NULL,NULL,NULL,NULL,NULL,NULL,NULL,NULL,NULL,NULL,NULL,NULL,NULL,NULL,NULL,NULL,NULL,NULL,NULL,NULL,NULL,NULL,NULL,NULL),(30,6,0,NULL,NULL,NULL,NULL,NULL,NULL,NULL,NULL,NULL,NULL,NULL,NULL,NULL,NULL,NULL,NULL,NULL,NULL,NULL,NULL,NULL,NULL,NULL,NULL,NULL,NULL,NULL,NULL,NULL,NULL,NULL,NULL,NULL,NULL,NULL,NULL,NULL,NULL,NULL,NULL,NULL,NULL,NULL,NULL,NULL,NULL,NULL,NULL,NULL,NULL,NULL,NULL,NULL,NULL,NULL,NULL,NULL,NULL,NULL,NULL,NULL,NULL,NULL,NULL,NULL,NULL,NULL,NULL,NULL,NULL,NULL,NULL,NULL,NULL,NULL,NULL,NULL,NULL,NULL,NULL,NULL,NULL,NULL,NULL,NULL,NULL,NULL,NULL,NULL,NULL,NULL,NULL,NULL,NULL,NULL,NULL,NULL,NULL,NULL,NULL,NULL,NULL,NULL,NULL,NULL,NULL,NULL,NULL,NULL,NULL,NULL,NULL,NULL,NULL,NULL,NULL,NULL,NULL,NULL,NULL,NULL,NULL,NULL,NULL,NULL,NULL,NULL,NULL,NULL,NULL,NULL,NULL,NULL,NULL,NULL,NULL,NULL,NULL,NULL,NULL,NULL,NULL,NULL,NULL,NULL,NULL,NULL,NULL,NULL,NULL,NULL,NULL,NULL,NULL,NULL,NULL,NULL,NULL,NULL,NULL,NULL,NULL,NULL,NULL,NULL,NULL,NULL,NULL,NULL,NULL,NULL,NULL,NULL,NULL,NULL,NULL,NULL,NULL,NULL,NULL,NULL,NULL,NULL,NULL,NULL,NULL,NULL,NULL,NULL,NULL,NULL,NULL,NULL,NULL,NULL,NULL,NULL,NULL,NULL,NULL,NULL,NULL,NULL,NULL,NULL,NULL,NULL,NULL,NULL,NULL,NULL,NULL,NULL,NULL,NULL,NULL,NULL,NULL,NULL,NULL,NULL,NULL,NULL,NULL,NULL,NULL,NULL,NULL,NULL,NULL,NULL,NULL,NULL,NULL,NULL,NULL,NULL,NULL,NULL,NULL,NULL,NULL,NULL,NULL,NULL,NULL,NULL,NULL,NULL,NULL,NULL,NULL,NULL,NULL,NULL,NULL,NULL,NULL,NULL,NULL,NULL,NULL,NULL,NULL,NULL,NULL,NULL,NULL,NULL,NULL,NULL,NULL,NULL,NULL,NULL,NULL,NULL,NULL,NULL,NULL,NULL,NULL,NULL,NULL,NULL,NULL,NULL,NULL,NULL,NULL,NULL,NULL,NULL,NULL,NULL,NULL,NULL,NULL,NULL,NULL,NULL,NULL,NULL,NULL,NULL,NULL,NULL,NULL,NULL,NULL,NULL,NULL,NULL,NULL,NULL,NULL,NULL,NULL,NULL,NULL,NULL,NULL,NULL,NULL),(31,6,0,NULL,NULL,NULL,NULL,NULL,NULL,NULL,NULL,NULL,NULL,NULL,NULL,NULL,NULL,NULL,NULL,NULL,NULL,NULL,NULL,NULL,NULL,NULL,NULL,NULL,NULL,NULL,NULL,NULL,NULL,NULL,NULL,NULL,NULL,NULL,NULL,NULL,NULL,NULL,NULL,NULL,NULL,NULL,NULL,NULL,NULL,NULL,NULL,NULL,NULL,NULL,NULL,NULL,NULL,NULL,NULL,NULL,NULL,NULL,NULL,NULL,NULL,NULL,NULL,NULL,NULL,NULL,NULL,NULL,NULL,NULL,NULL,NULL,NULL,NULL,NULL,NULL,NULL,NULL,NULL,NULL,NULL,NULL,NULL,NULL,NULL,NULL,NULL,NULL,NULL,NULL,NULL,NULL,NULL,NULL,NULL,NULL,NULL,NULL,NULL,NULL,NULL,NULL,NULL,NULL,NULL,NULL,NULL,NULL,NULL,NULL,NULL,NULL,NULL,NULL,NULL,NULL,NULL,NULL,NULL,NULL,NULL,NULL,NULL,NULL,NULL,NULL,NULL,NULL,NULL,NULL,NULL,NULL,NULL,NULL,NULL,NULL,NULL,NULL,NULL,NULL,NULL,NULL,NULL,NULL,NULL,NULL,NULL,NULL,NULL,NULL,NULL,NULL,NULL,NULL,NULL,NULL,NULL,NULL,NULL,NULL,NULL,NULL,NULL,NULL,NULL,NULL,NULL,NULL,NULL,NULL,NULL,NULL,NULL,NULL,NULL,NULL,NULL,NULL,NULL,NULL,NULL,NULL,NULL,NULL,NULL,NULL,NULL,NULL,NULL,NULL,NULL,NULL,NULL,NULL,NULL,NULL,NULL,NULL,NULL,NULL,NULL,NULL,NULL,NULL,NULL,NULL,NULL,NULL,NULL,NULL,NULL,NULL,NULL,NULL,NULL,NULL,NULL,NULL,NULL,NULL,NULL,NULL,NULL,NULL,NULL,NULL,NULL,NULL,NULL,NULL,NULL,NULL,NULL,NULL,NULL,NULL,NULL,NULL,NULL,NULL,NULL,NULL,NULL,NULL,NULL,NULL,NULL,NULL,NULL,NULL,NULL,NULL,NULL,NULL,NULL,NULL,NULL,NULL,NULL,NULL,NULL,NULL,NULL,NULL,NULL,NULL,NULL,NULL,NULL,NULL,NULL,NULL,NULL,NULL,NULL,NULL,NULL,NULL,NULL,NULL,NULL,NULL,NULL,NULL,NULL,NULL,NULL,NULL,NULL,NULL,NULL,NULL,NULL,NULL,NULL,NULL,NULL,NULL,NULL,NULL,NULL,NULL,NULL,NULL,NULL,NULL,NULL,NULL,NULL,NULL,NULL,NULL,NULL,NULL,NULL,NULL,NULL,NULL,NULL,NULL,NULL,NULL,NULL),(32,6,0,NULL,NULL,NULL,NULL,NULL,NULL,NULL,NULL,NULL,NULL,NULL,NULL,NULL,NULL,NULL,NULL,NULL,NULL,NULL,NULL,NULL,NULL,NULL,NULL,NULL,NULL,NULL,NULL,NULL,NULL,NULL,NULL,NULL,NULL,NULL,NULL,NULL,NULL,NULL,NULL,NULL,NULL,NULL,NULL,NULL,NULL,NULL,NULL,NULL,NULL,NULL,NULL,NULL,NULL,NULL,NULL,NULL,NULL,NULL,NULL,NULL,NULL,NULL,NULL,NULL,NULL,NULL,NULL,NULL,NULL,NULL,NULL,NULL,NULL,NULL,NULL,NULL,NULL,NULL,NULL,NULL,NULL,NULL,NULL,NULL,NULL,NULL,NULL,NULL,NULL,NULL,NULL,NULL,NULL,NULL,NULL,NULL,NULL,NULL,NULL,NULL,NULL,NULL,NULL,NULL,NULL,NULL,NULL,NULL,NULL,NULL,NULL,NULL,NULL,NULL,NULL,NULL,NULL,NULL,NULL,NULL,NULL,NULL,NULL,NULL,NULL,NULL,NULL,NULL,NULL,NULL,NULL,NULL,NULL,NULL,NULL,NULL,NULL,NULL,NULL,NULL,NULL,NULL,NULL,NULL,NULL,NULL,NULL,NULL,NULL,NULL,NULL,NULL,NULL,NULL,NULL,NULL,NULL,NULL,NULL,NULL,NULL,NULL,NULL,NULL,NULL,NULL,NULL,NULL,NULL,NULL,NULL,NULL,NULL,NULL,NULL,NULL,NULL,NULL,NULL,NULL,NULL,NULL,NULL,NULL,NULL,NULL,NULL,NULL,NULL,NULL,NULL,NULL,NULL,NULL,NULL,NULL,NULL,NULL,NULL,NULL,NULL,NULL,NULL,NULL,NULL,NULL,NULL,NULL,NULL,NULL,NULL,NULL,NULL,NULL,NULL,NULL,NULL,NULL,NULL,NULL,NULL,NULL,NULL,NULL,NULL,NULL,NULL,NULL,NULL,NULL,NULL,NULL,NULL,NULL,NULL,NULL,NULL,NULL,NULL,NULL,NULL,NULL,NULL,NULL,NULL,NULL,NULL,NULL,NULL,NULL,NULL,NULL,NULL,NULL,NULL,NULL,NULL,NULL,NULL,NULL,NULL,NULL,NULL,NULL,NULL,NULL,NULL,NULL,NULL,NULL,NULL,NULL,NULL,NULL,NULL,NULL,NULL,NULL,NULL,NULL,NULL,NULL,NULL,NULL,NULL,NULL,NULL,NULL,NULL,NULL,NULL,NULL,NULL,NULL,NULL,NULL,NULL,NULL,NULL,NULL,NULL,NULL,NULL,NULL,NULL,NULL,NULL,NULL,NULL,NULL,NULL,NULL,NULL,NULL,NULL,NULL,NULL,NULL,NULL,NULL,NULL,NULL,NULL),(33,6,0,NULL,NULL,NULL,NULL,NULL,NULL,NULL,NULL,NULL,NULL,NULL,NULL,NULL,NULL,NULL,NULL,NULL,NULL,NULL,NULL,NULL,NULL,NULL,NULL,NULL,NULL,NULL,NULL,NULL,NULL,NULL,NULL,NULL,NULL,NULL,NULL,NULL,NULL,NULL,NULL,NULL,NULL,NULL,NULL,NULL,NULL,NULL,NULL,NULL,NULL,NULL,NULL,NULL,NULL,NULL,NULL,NULL,NULL,NULL,NULL,NULL,NULL,NULL,NULL,NULL,NULL,NULL,NULL,NULL,NULL,NULL,NULL,NULL,NULL,NULL,NULL,NULL,NULL,NULL,NULL,NULL,NULL,NULL,NULL,NULL,NULL,NULL,NULL,NULL,NULL,NULL,NULL,NULL,NULL,NULL,NULL,NULL,NULL,NULL,NULL,NULL,NULL,NULL,NULL,NULL,NULL,NULL,NULL,NULL,NULL,NULL,NULL,NULL,NULL,NULL,NULL,NULL,NULL,NULL,NULL,NULL,NULL,NULL,NULL,NULL,NULL,NULL,NULL,NULL,NULL,NULL,NULL,NULL,NULL,NULL,NULL,NULL,NULL,NULL,NULL,NULL,NULL,NULL,NULL,NULL,NULL,NULL,NULL,NULL,NULL,NULL,NULL,NULL,NULL,NULL,NULL,NULL,NULL,NULL,NULL,NULL,NULL,NULL,NULL,NULL,NULL,NULL,NULL,NULL,NULL,NULL,NULL,NULL,NULL,NULL,NULL,NULL,NULL,NULL,NULL,NULL,NULL,NULL,NULL,NULL,NULL,NULL,NULL,NULL,NULL,NULL,NULL,NULL,NULL,NULL,NULL,NULL,NULL,NULL,NULL,NULL,NULL,NULL,NULL,NULL,NULL,NULL,NULL,NULL,NULL,NULL,NULL,NULL,NULL,NULL,NULL,NULL,NULL,NULL,NULL,NULL,NULL,NULL,NULL,NULL,NULL,NULL,NULL,NULL,NULL,NULL,NULL,NULL,NULL,NULL,NULL,NULL,NULL,NULL,NULL,NULL,NULL,NULL,NULL,NULL,NULL,NULL,NULL,NULL,NULL,NULL,NULL,NULL,NULL,NULL,NULL,NULL,NULL,NULL,NULL,NULL,NULL,NULL,NULL,NULL,NULL,NULL,NULL,NULL,NULL,NULL,NULL,NULL,NULL,NULL,NULL,NULL,NULL,NULL,NULL,NULL,NULL,NULL,NULL,NULL,NULL,NULL,NULL,NULL,NULL,NULL,NULL,NULL,NULL,NULL,NULL,NULL,NULL,NULL,NULL,NULL,NULL,NULL,NULL,NULL,NULL,NULL,NULL,NULL,NULL,NULL,NULL,NULL,NULL,NULL,NULL,NULL,NULL,NULL,NULL,NULL,NULL,NULL,NULL),(34,6,0,NULL,NULL,NULL,NULL,NULL,NULL,NULL,NULL,NULL,NULL,NULL,NULL,NULL,NULL,NULL,NULL,NULL,NULL,NULL,NULL,NULL,NULL,NULL,NULL,NULL,NULL,NULL,NULL,NULL,NULL,NULL,NULL,NULL,NULL,NULL,NULL,NULL,NULL,NULL,NULL,NULL,NULL,NULL,NULL,NULL,NULL,NULL,NULL,NULL,NULL,NULL,NULL,NULL,NULL,NULL,NULL,NULL,NULL,NULL,NULL,NULL,NULL,NULL,NULL,NULL,NULL,NULL,NULL,NULL,NULL,NULL,NULL,NULL,NULL,NULL,NULL,NULL,NULL,NULL,NULL,NULL,NULL,NULL,NULL,NULL,NULL,NULL,NULL,NULL,NULL,NULL,NULL,NULL,NULL,NULL,NULL,NULL,NULL,NULL,NULL,NULL,NULL,NULL,NULL,NULL,NULL,NULL,NULL,NULL,NULL,NULL,NULL,NULL,NULL,NULL,NULL,NULL,NULL,NULL,NULL,NULL,NULL,NULL,NULL,NULL,NULL,NULL,NULL,NULL,NULL,NULL,NULL,NULL,NULL,NULL,NULL,NULL,NULL,NULL,NULL,NULL,NULL,NULL,NULL,NULL,NULL,NULL,NULL,NULL,NULL,NULL,NULL,NULL,NULL,NULL,NULL,NULL,NULL,NULL,NULL,NULL,NULL,NULL,NULL,NULL,NULL,NULL,NULL,NULL,NULL,NULL,NULL,NULL,NULL,NULL,NULL,NULL,NULL,NULL,NULL,NULL,NULL,NULL,NULL,NULL,NULL,NULL,NULL,NULL,NULL,NULL,NULL,NULL,NULL,NULL,NULL,NULL,NULL,NULL,NULL,NULL,NULL,NULL,NULL,NULL,NULL,NULL,NULL,NULL,NULL,NULL,NULL,NULL,NULL,NULL,NULL,NULL,NULL,NULL,NULL,NULL,NULL,NULL,NULL,NULL,NULL,NULL,NULL,NULL,NULL,NULL,NULL,NULL,NULL,NULL,NULL,NULL,NULL,NULL,NULL,NULL,NULL,NULL,NULL,NULL,NULL,NULL,NULL,NULL,NULL,NULL,NULL,NULL,NULL,NULL,NULL,NULL,NULL,NULL,NULL,NULL,NULL,NULL,NULL,NULL,NULL,NULL,NULL,NULL,NULL,NULL,NULL,NULL,NULL,NULL,NULL,NULL,NULL,NULL,NULL,NULL,NULL,NULL,NULL,NULL,NULL,NULL,NULL,NULL,NULL,NULL,NULL,NULL,NULL,NULL,NULL,NULL,NULL,NULL,NULL,NULL,NULL,NULL,NULL,NULL,NULL,NULL,NULL,NULL,NULL,NULL,NULL,NULL,NULL,NULL,NULL,NULL,NULL,NULL,NULL,NULL,NULL,NULL,NULL),(35,6,0,NULL,NULL,NULL,NULL,NULL,NULL,NULL,NULL,NULL,NULL,NULL,NULL,NULL,NULL,NULL,NULL,NULL,NULL,NULL,NULL,NULL,NULL,NULL,NULL,NULL,NULL,NULL,NULL,NULL,NULL,NULL,NULL,NULL,NULL,NULL,NULL,NULL,NULL,NULL,NULL,NULL,NULL,NULL,NULL,NULL,NULL,NULL,NULL,NULL,NULL,NULL,NULL,NULL,NULL,NULL,NULL,NULL,NULL,NULL,NULL,NULL,NULL,NULL,NULL,NULL,NULL,NULL,NULL,NULL,NULL,NULL,NULL,NULL,NULL,NULL,NULL,NULL,NULL,NULL,NULL,NULL,NULL,NULL,NULL,NULL,NULL,NULL,NULL,NULL,NULL,NULL,NULL,NULL,NULL,NULL,NULL,NULL,NULL,NULL,NULL,NULL,NULL,NULL,NULL,NULL,NULL,NULL,NULL,NULL,NULL,NULL,NULL,NULL,NULL,NULL,NULL,NULL,NULL,NULL,NULL,NULL,NULL,NULL,NULL,NULL,NULL,NULL,NULL,NULL,NULL,NULL,NULL,NULL,NULL,NULL,NULL,NULL,NULL,NULL,NULL,NULL,NULL,NULL,NULL,NULL,NULL,NULL,NULL,NULL,NULL,NULL,NULL,NULL,NULL,NULL,NULL,NULL,NULL,NULL,NULL,NULL,NULL,NULL,NULL,NULL,NULL,NULL,NULL,NULL,NULL,NULL,NULL,NULL,NULL,NULL,NULL,NULL,NULL,NULL,NULL,NULL,NULL,NULL,NULL,NULL,NULL,NULL,NULL,NULL,NULL,NULL,NULL,NULL,NULL,NULL,NULL,NULL,NULL,NULL,NULL,NULL,NULL,NULL,NULL,NULL,NULL,NULL,NULL,NULL,NULL,NULL,NULL,NULL,NULL,NULL,NULL,NULL,NULL,NULL,NULL,NULL,NULL,NULL,NULL,NULL,NULL,NULL,NULL,NULL,NULL,NULL,NULL,NULL,NULL,NULL,NULL,NULL,NULL,NULL,NULL,NULL,NULL,NULL,NULL,NULL,NULL,NULL,NULL,NULL,NULL,NULL,NULL,NULL,NULL,NULL,NULL,NULL,NULL,NULL,NULL,NULL,NULL,NULL,NULL,NULL,NULL,NULL,NULL,NULL,NULL,NULL,NULL,NULL,NULL,NULL,NULL,NULL,NULL,NULL,NULL,NULL,NULL,NULL,NULL,NULL,NULL,NULL,NULL,NULL,NULL,NULL,NULL,NULL,NULL,NULL,NULL,NULL,NULL,NULL,NULL,NULL,NULL,NULL,NULL,NULL,NULL,NULL,NULL,NULL,NULL,NULL,NULL,NULL,NULL,NULL,NULL,NULL,NULL,NULL,NULL,NULL,NULL,NULL,NULL),(36,6,0,NULL,NULL,NULL,NULL,NULL,NULL,NULL,NULL,NULL,NULL,NULL,NULL,NULL,NULL,NULL,NULL,NULL,NULL,NULL,NULL,NULL,NULL,NULL,NULL,NULL,NULL,NULL,NULL,NULL,NULL,NULL,NULL,NULL,NULL,NULL,NULL,NULL,NULL,NULL,NULL,NULL,NULL,NULL,NULL,NULL,NULL,NULL,NULL,NULL,NULL,NULL,NULL,NULL,NULL,NULL,NULL,NULL,NULL,NULL,NULL,NULL,NULL,NULL,NULL,NULL,NULL,NULL,NULL,NULL,NULL,NULL,NULL,NULL,NULL,NULL,NULL,NULL,NULL,NULL,NULL,NULL,NULL,NULL,NULL,NULL,NULL,NULL,NULL,NULL,NULL,NULL,NULL,NULL,NULL,NULL,NULL,NULL,NULL,NULL,NULL,NULL,NULL,NULL,NULL,NULL,NULL,NULL,NULL,NULL,NULL,NULL,NULL,NULL,NULL,NULL,NULL,NULL,NULL,NULL,NULL,NULL,NULL,NULL,NULL,NULL,NULL,NULL,NULL,NULL,NULL,NULL,NULL,NULL,NULL,NULL,NULL,NULL,NULL,NULL,NULL,NULL,NULL,NULL,NULL,NULL,NULL,NULL,NULL,NULL,NULL,NULL,NULL,NULL,NULL,NULL,NULL,NULL,NULL,NULL,NULL,NULL,NULL,NULL,NULL,NULL,NULL,NULL,NULL,NULL,NULL,NULL,NULL,NULL,NULL,NULL,NULL,NULL,NULL,NULL,NULL,NULL,NULL,NULL,NULL,NULL,NULL,NULL,NULL,NULL,NULL,NULL,NULL,NULL,NULL,NULL,NULL,NULL,NULL,NULL,NULL,NULL,NULL,NULL,NULL,NULL,NULL,NULL,NULL,NULL,NULL,NULL,NULL,NULL,NULL,NULL,NULL,NULL,NULL,NULL,NULL,NULL,NULL,NULL,NULL,NULL,NULL,NULL,NULL,NULL,NULL,NULL,NULL,NULL,NULL,NULL,NULL,NULL,NULL,NULL,NULL,NULL,NULL,NULL,NULL,NULL,NULL,NULL,NULL,NULL,NULL,NULL,NULL,NULL,NULL,NULL,NULL,NULL,NULL,NULL,NULL,NULL,NULL,NULL,NULL,NULL,NULL,NULL,NULL,NULL,NULL,NULL,NULL,NULL,NULL,NULL,NULL,NULL,NULL,NULL,NULL,NULL,NULL,NULL,NULL,NULL,NULL,NULL,NULL,NULL,NULL,NULL,NULL,NULL,NULL,NULL,NULL,NULL,NULL,NULL,NULL,NULL,NULL,NULL,NULL,NULL,NULL,NULL,NULL,NULL,NULL,NULL,NULL,NULL,NULL,NULL,NULL,NULL,NULL,NULL,NULL,NULL,NULL,NULL,NULL),(37,6,0,NULL,NULL,NULL,NULL,NULL,NULL,NULL,NULL,NULL,NULL,NULL,NULL,NULL,NULL,NULL,NULL,NULL,NULL,NULL,NULL,NULL,NULL,NULL,NULL,NULL,NULL,NULL,NULL,NULL,NULL,NULL,NULL,NULL,NULL,NULL,NULL,NULL,NULL,NULL,NULL,NULL,NULL,NULL,NULL,NULL,NULL,NULL,NULL,NULL,NULL,NULL,NULL,NULL,NULL,NULL,NULL,NULL,NULL,NULL,NULL,NULL,NULL,NULL,NULL,NULL,NULL,NULL,NULL,NULL,NULL,NULL,NULL,NULL,NULL,NULL,NULL,NULL,NULL,NULL,NULL,NULL,NULL,NULL,NULL,NULL,NULL,NULL,NULL,NULL,NULL,NULL,NULL,NULL,NULL,NULL,NULL,NULL,NULL,NULL,NULL,NULL,NULL,NULL,NULL,NULL,NULL,NULL,NULL,NULL,NULL,NULL,NULL,NULL,NULL,NULL,NULL,NULL,NULL,NULL,NULL,NULL,NULL,NULL,NULL,NULL,NULL,NULL,NULL,NULL,NULL,NULL,NULL,NULL,NULL,NULL,NULL,NULL,NULL,NULL,NULL,NULL,NULL,NULL,NULL,NULL,NULL,NULL,NULL,NULL,NULL,NULL,NULL,NULL,NULL,NULL,NULL,NULL,NULL,NULL,NULL,NULL,NULL,NULL,NULL,NULL,NULL,NULL,NULL,NULL,NULL,NULL,NULL,NULL,NULL,NULL,NULL,NULL,NULL,NULL,NULL,NULL,NULL,NULL,NULL,NULL,NULL,NULL,NULL,NULL,NULL,NULL,NULL,NULL,NULL,NULL,NULL,NULL,NULL,NULL,NULL,NULL,NULL,NULL,NULL,NULL,NULL,NULL,NULL,NULL,NULL,NULL,NULL,NULL,NULL,NULL,NULL,NULL,NULL,NULL,NULL,NULL,NULL,NULL,NULL,NULL,NULL,NULL,NULL,NULL,NULL,NULL,NULL,NULL,NULL,NULL,NULL,NULL,NULL,NULL,NULL,NULL,NULL,NULL,NULL,NULL,NULL,NULL,NULL,NULL,NULL,NULL,NULL,NULL,NULL,NULL,NULL,NULL,NULL,NULL,NULL,NULL,NULL,NULL,NULL,NULL,NULL,NULL,NULL,NULL,NULL,NULL,NULL,NULL,NULL,NULL,NULL,NULL,NULL,NULL,NULL,NULL,NULL,NULL,NULL,NULL,NULL,NULL,NULL,NULL,NULL,NULL,NULL,NULL,NULL,NULL,NULL,NULL,NULL,NULL,NULL,NULL,NULL,NULL,NULL,NULL,NULL,NULL,NULL,NULL,NULL,NULL,NULL,NULL,NULL,NULL,NULL,NULL,NULL,NULL,NULL,NULL,NULL,NULL,NULL),(38,6,0,NULL,NULL,NULL,NULL,NULL,NULL,NULL,NULL,NULL,NULL,NULL,NULL,NULL,NULL,NULL,NULL,NULL,NULL,NULL,NULL,NULL,NULL,NULL,NULL,NULL,NULL,NULL,NULL,NULL,NULL,NULL,NULL,NULL,NULL,NULL,NULL,NULL,NULL,NULL,NULL,NULL,NULL,NULL,NULL,NULL,NULL,NULL,NULL,NULL,NULL,NULL,NULL,NULL,NULL,NULL,NULL,NULL,NULL,NULL,NULL,NULL,NULL,NULL,NULL,NULL,NULL,NULL,NULL,NULL,NULL,NULL,NULL,NULL,NULL,NULL,NULL,NULL,NULL,NULL,NULL,NULL,NULL,NULL,NULL,NULL,NULL,NULL,NULL,NULL,NULL,NULL,NULL,NULL,NULL,NULL,NULL,NULL,NULL,NULL,NULL,NULL,NULL,NULL,NULL,NULL,NULL,NULL,NULL,NULL,NULL,NULL,NULL,NULL,NULL,NULL,NULL,NULL,NULL,NULL,NULL,NULL,NULL,NULL,NULL,NULL,NULL,NULL,NULL,NULL,NULL,NULL,NULL,NULL,NULL,NULL,NULL,NULL,NULL,NULL,NULL,NULL,NULL,NULL,NULL,NULL,NULL,NULL,NULL,NULL,NULL,NULL,NULL,NULL,NULL,NULL,NULL,NULL,NULL,NULL,NULL,NULL,NULL,NULL,NULL,NULL,NULL,NULL,NULL,NULL,NULL,NULL,NULL,NULL,NULL,NULL,NULL,NULL,NULL,NULL,NULL,NULL,NULL,NULL,NULL,NULL,NULL,NULL,NULL,NULL,NULL,NULL,NULL,NULL,NULL,NULL,NULL,NULL,NULL,NULL,NULL,NULL,NULL,NULL,NULL,NULL,NULL,NULL,NULL,NULL,NULL,NULL,NULL,NULL,NULL,NULL,NULL,NULL,NULL,NULL,NULL,NULL,NULL,NULL,NULL,NULL,NULL,NULL,NULL,NULL,NULL,NULL,NULL,NULL,NULL,NULL,NULL,NULL,NULL,NULL,NULL,NULL,NULL,NULL,NULL,NULL,NULL,NULL,NULL,NULL,NULL,NULL,NULL,NULL,NULL,NULL,NULL,NULL,NULL,NULL,NULL,NULL,NULL,NULL,NULL,NULL,NULL,NULL,NULL,NULL,NULL,NULL,NULL,NULL,NULL,NULL,NULL,NULL,NULL,NULL,NULL,NULL,NULL,NULL,NULL,NULL,NULL,NULL,NULL,NULL,NULL,NULL,NULL,NULL,NULL,NULL,NULL,NULL,NULL,NULL,NULL,NULL,NULL,NULL,NULL,NULL,NULL,NULL,NULL,NULL,NULL,NULL,NULL,NULL,NULL,NULL,NULL,NULL,NULL,NULL,NULL,NULL,NULL,NULL,NULL),(39,6,0,NULL,NULL,NULL,NULL,NULL,NULL,NULL,NULL,NULL,NULL,NULL,NULL,NULL,NULL,NULL,NULL,NULL,NULL,NULL,NULL,NULL,NULL,NULL,NULL,NULL,NULL,NULL,NULL,NULL,NULL,NULL,NULL,NULL,NULL,NULL,NULL,NULL,NULL,NULL,NULL,NULL,NULL,NULL,NULL,NULL,NULL,NULL,NULL,NULL,NULL,NULL,NULL,NULL,NULL,NULL,NULL,NULL,NULL,NULL,NULL,NULL,NULL,NULL,NULL,NULL,NULL,NULL,NULL,NULL,NULL,NULL,NULL,NULL,NULL,NULL,NULL,NULL,NULL,NULL,NULL,NULL,NULL,NULL,NULL,NULL,NULL,NULL,NULL,NULL,NULL,NULL,NULL,NULL,NULL,NULL,NULL,NULL,NULL,NULL,NULL,NULL,NULL,NULL,NULL,NULL,NULL,NULL,NULL,NULL,NULL,NULL,NULL,NULL,NULL,NULL,NULL,NULL,NULL,NULL,NULL,NULL,NULL,NULL,NULL,NULL,NULL,NULL,NULL,NULL,NULL,NULL,NULL,NULL,NULL,NULL,NULL,NULL,NULL,NULL,NULL,NULL,NULL,NULL,NULL,NULL,NULL,NULL,NULL,NULL,NULL,NULL,NULL,NULL,NULL,NULL,NULL,NULL,NULL,NULL,NULL,NULL,NULL,NULL,NULL,NULL,NULL,NULL,NULL,NULL,NULL,NULL,NULL,NULL,NULL,NULL,NULL,NULL,NULL,NULL,NULL,NULL,NULL,NULL,NULL,NULL,NULL,NULL,NULL,NULL,NULL,NULL,NULL,NULL,NULL,NULL,NULL,NULL,NULL,NULL,NULL,NULL,NULL,NULL,NULL,NULL,NULL,NULL,NULL,NULL,NULL,NULL,NULL,NULL,NULL,NULL,NULL,NULL,NULL,NULL,NULL,NULL,NULL,NULL,NULL,NULL,NULL,NULL,NULL,NULL,NULL,NULL,NULL,NULL,NULL,NULL,NULL,NULL,NULL,NULL,NULL,NULL,NULL,NULL,NULL,NULL,NULL,NULL,NULL,NULL,NULL,NULL,NULL,NULL,NULL,NULL,NULL,NULL,NULL,NULL,NULL,NULL,NULL,NULL,NULL,NULL,NULL,NULL,NULL,NULL,NULL,NULL,NULL,NULL,NULL,NULL,NULL,NULL,NULL,NULL,NULL,NULL,NULL,NULL,NULL,NULL,NULL,NULL,NULL,NULL,NULL,NULL,NULL,NULL,NULL,NULL,NULL,NULL,NULL,NULL,NULL,NULL,NULL,NULL,NULL,NULL,NULL,NULL,NULL,NULL,NULL,NULL,NULL,NULL,NULL,NULL,NULL,NULL,NULL,NULL,NULL,NULL,NULL,NULL,NULL),(40,6,0,NULL,NULL,NULL,NULL,NULL,NULL,NULL,NULL,NULL,NULL,NULL,NULL,NULL,NULL,NULL,NULL,NULL,NULL,NULL,NULL,NULL,NULL,NULL,NULL,NULL,NULL,NULL,NULL,NULL,NULL,NULL,NULL,NULL,NULL,NULL,NULL,NULL,NULL,NULL,NULL,NULL,NULL,NULL,NULL,NULL,NULL,NULL,NULL,NULL,NULL,NULL,NULL,NULL,NULL,NULL,NULL,NULL,NULL,NULL,NULL,NULL,NULL,NULL,NULL,NULL,NULL,NULL,NULL,NULL,NULL,NULL,NULL,NULL,NULL,NULL,NULL,NULL,NULL,NULL,NULL,NULL,NULL,NULL,NULL,NULL,NULL,NULL,NULL,NULL,NULL,NULL,NULL,NULL,NULL,NULL,NULL,NULL,NULL,NULL,NULL,NULL,NULL,NULL,NULL,NULL,NULL,NULL,NULL,NULL,NULL,NULL,NULL,NULL,NULL,NULL,NULL,NULL,NULL,NULL,NULL,NULL,NULL,NULL,NULL,NULL,NULL,NULL,NULL,NULL,NULL,NULL,NULL,NULL,NULL,NULL,NULL,NULL,NULL,NULL,NULL,NULL,NULL,NULL,NULL,NULL,NULL,NULL,NULL,NULL,NULL,NULL,NULL,NULL,NULL,NULL,NULL,NULL,NULL,NULL,NULL,NULL,NULL,NULL,NULL,NULL,NULL,NULL,NULL,NULL,NULL,NULL,NULL,NULL,NULL,NULL,NULL,NULL,NULL,NULL,NULL,NULL,NULL,NULL,NULL,NULL,NULL,NULL,NULL,NULL,NULL,NULL,NULL,NULL,NULL,NULL,NULL,NULL,NULL,NULL,NULL,NULL,NULL,NULL,NULL,NULL,NULL,NULL,NULL,NULL,NULL,NULL,NULL,NULL,NULL,NULL,NULL,NULL,NULL,NULL,NULL,NULL,NULL,NULL,NULL,NULL,NULL,NULL,NULL,NULL,NULL,NULL,NULL,NULL,NULL,NULL,NULL,NULL,NULL,NULL,NULL,NULL,NULL,NULL,NULL,NULL,NULL,NULL,NULL,NULL,NULL,NULL,NULL,NULL,NULL,NULL,NULL,NULL,NULL,NULL,NULL,NULL,NULL,NULL,NULL,NULL,NULL,NULL,NULL,NULL,NULL,NULL,NULL,NULL,NULL,NULL,NULL,NULL,NULL,NULL,NULL,NULL,NULL,NULL,NULL,NULL,NULL,NULL,NULL,NULL,NULL,NULL,NULL,NULL,NULL,NULL,NULL,NULL,NULL,NULL,NULL,NULL,NULL,NULL,NULL,NULL,NULL,NULL,NULL,NULL,NULL,NULL,NULL,NULL,NULL,NULL,NULL,NULL,NULL,NULL,NULL,NULL,NULL,NULL,NULL),(41,6,0,NULL,NULL,NULL,NULL,NULL,NULL,NULL,NULL,NULL,NULL,NULL,NULL,NULL,NULL,NULL,NULL,NULL,NULL,NULL,NULL,NULL,NULL,NULL,NULL,NULL,NULL,NULL,NULL,NULL,NULL,NULL,NULL,NULL,NULL,NULL,NULL,NULL,NULL,NULL,NULL,NULL,NULL,NULL,NULL,NULL,NULL,NULL,NULL,NULL,NULL,NULL,NULL,NULL,NULL,NULL,NULL,NULL,NULL,NULL,NULL,NULL,NULL,NULL,NULL,NULL,NULL,NULL,NULL,NULL,NULL,NULL,NULL,NULL,NULL,NULL,NULL,NULL,NULL,NULL,NULL,NULL,NULL,NULL,NULL,NULL,NULL,NULL,NULL,NULL,NULL,NULL,NULL,NULL,NULL,NULL,NULL,NULL,NULL,NULL,NULL,NULL,NULL,NULL,NULL,NULL,NULL,NULL,NULL,NULL,NULL,NULL,NULL,NULL,NULL,NULL,NULL,NULL,NULL,NULL,NULL,NULL,NULL,NULL,NULL,NULL,NULL,NULL,NULL,NULL,NULL,NULL,NULL,NULL,NULL,NULL,NULL,NULL,NULL,NULL,NULL,NULL,NULL,NULL,NULL,NULL,NULL,NULL,NULL,NULL,NULL,NULL,NULL,NULL,NULL,NULL,NULL,NULL,NULL,NULL,NULL,NULL,NULL,NULL,NULL,NULL,NULL,NULL,NULL,NULL,NULL,NULL,NULL,NULL,NULL,NULL,NULL,NULL,NULL,NULL,NULL,NULL,NULL,NULL,NULL,NULL,NULL,NULL,NULL,NULL,NULL,NULL,NULL,NULL,NULL,NULL,NULL,NULL,NULL,NULL,NULL,NULL,NULL,NULL,NULL,NULL,NULL,NULL,NULL,NULL,NULL,NULL,NULL,NULL,NULL,NULL,NULL,NULL,NULL,NULL,NULL,NULL,NULL,NULL,NULL,NULL,NULL,NULL,NULL,NULL,NULL,NULL,NULL,NULL,NULL,NULL,NULL,NULL,NULL,NULL,NULL,NULL,NULL,NULL,NULL,NULL,NULL,NULL,NULL,NULL,NULL,NULL,NULL,NULL,NULL,NULL,NULL,NULL,NULL,NULL,NULL,NULL,NULL,NULL,NULL,NULL,NULL,NULL,NULL,NULL,NULL,NULL,NULL,NULL,NULL,NULL,NULL,NULL,NULL,NULL,NULL,NULL,NULL,NULL,NULL,NULL,NULL,NULL,NULL,NULL,NULL,NULL,NULL,NULL,NULL,NULL,NULL,NULL,NULL,NULL,NULL,NULL,NULL,NULL,NULL,NULL,NULL,NULL,NULL,NULL,NULL,NULL,NULL,NULL,NULL,NULL,NULL,NULL,NULL,NULL,NULL,NULL,NULL,NULL,NULL),(42,6,0,NULL,NULL,NULL,NULL,NULL,NULL,NULL,NULL,NULL,NULL,NULL,NULL,NULL,NULL,NULL,NULL,NULL,NULL,NULL,NULL,NULL,NULL,NULL,NULL,NULL,NULL,NULL,NULL,NULL,NULL,NULL,NULL,NULL,NULL,NULL,NULL,NULL,NULL,NULL,NULL,NULL,NULL,NULL,NULL,NULL,NULL,NULL,NULL,NULL,NULL,NULL,NULL,NULL,NULL,NULL,NULL,NULL,NULL,NULL,NULL,NULL,NULL,NULL,NULL,NULL,NULL,NULL,NULL,NULL,NULL,NULL,NULL,NULL,NULL,NULL,NULL,NULL,NULL,NULL,NULL,NULL,NULL,NULL,NULL,NULL,NULL,NULL,NULL,NULL,NULL,NULL,NULL,NULL,NULL,NULL,NULL,NULL,NULL,NULL,NULL,NULL,NULL,NULL,NULL,NULL,NULL,NULL,NULL,NULL,NULL,NULL,NULL,NULL,NULL,NULL,NULL,NULL,NULL,NULL,NULL,NULL,NULL,NULL,NULL,NULL,NULL,NULL,NULL,NULL,NULL,NULL,NULL,NULL,NULL,NULL,NULL,NULL,NULL,NULL,NULL,NULL,NULL,NULL,NULL,NULL,NULL,NULL,NULL,NULL,NULL,NULL,NULL,NULL,NULL,NULL,NULL,NULL,NULL,NULL,NULL,NULL,NULL,NULL,NULL,NULL,NULL,NULL,NULL,NULL,NULL,NULL,NULL,NULL,NULL,NULL,NULL,NULL,NULL,NULL,NULL,NULL,NULL,NULL,NULL,NULL,NULL,NULL,NULL,NULL,NULL,NULL,NULL,NULL,NULL,NULL,NULL,NULL,NULL,NULL,NULL,NULL,NULL,NULL,NULL,NULL,NULL,NULL,NULL,NULL,NULL,NULL,NULL,NULL,NULL,NULL,NULL,NULL,NULL,NULL,NULL,NULL,NULL,NULL,NULL,NULL,NULL,NULL,NULL,NULL,NULL,NULL,NULL,NULL,NULL,NULL,NULL,NULL,NULL,NULL,NULL,NULL,NULL,NULL,NULL,NULL,NULL,NULL,NULL,NULL,NULL,NULL,NULL,NULL,NULL,NULL,NULL,NULL,NULL,NULL,NULL,NULL,NULL,NULL,NULL,NULL,NULL,NULL,NULL,NULL,NULL,NULL,NULL,NULL,NULL,NULL,NULL,NULL,NULL,NULL,NULL,NULL,NULL,NULL,NULL,NULL,NULL,NULL,NULL,NULL,NULL,NULL,NULL,NULL,NULL,NULL,NULL,NULL,NULL,NULL,NULL,NULL,NULL,NULL,NULL,NULL,NULL,NULL,NULL,NULL,NULL,NULL,NULL,NULL,NULL,NULL,NULL,NULL,NULL,NULL,NULL,NULL,NULL,NULL,NULL),(43,6,0,NULL,NULL,NULL,NULL,NULL,NULL,NULL,NULL,NULL,NULL,NULL,NULL,NULL,NULL,NULL,NULL,NULL,NULL,NULL,NULL,NULL,NULL,NULL,NULL,NULL,NULL,NULL,NULL,NULL,NULL,NULL,NULL,NULL,NULL,NULL,NULL,NULL,NULL,NULL,NULL,NULL,NULL,NULL,NULL,NULL,NULL,NULL,NULL,NULL,NULL,NULL,NULL,NULL,NULL,NULL,NULL,NULL,NULL,NULL,NULL,NULL,NULL,NULL,NULL,NULL,NULL,NULL,NULL,NULL,NULL,NULL,NULL,NULL,NULL,NULL,NULL,NULL,NULL,NULL,NULL,NULL,NULL,NULL,NULL,NULL,NULL,NULL,NULL,NULL,NULL,NULL,NULL,NULL,NULL,NULL,NULL,NULL,NULL,NULL,NULL,NULL,NULL,NULL,NULL,NULL,NULL,NULL,NULL,NULL,NULL,NULL,NULL,NULL,NULL,NULL,NULL,NULL,NULL,NULL,NULL,NULL,NULL,NULL,NULL,NULL,NULL,NULL,NULL,NULL,NULL,NULL,NULL,NULL,NULL,NULL,NULL,NULL,NULL,NULL,NULL,NULL,NULL,NULL,NULL,NULL,NULL,NULL,NULL,NULL,NULL,NULL,NULL,NULL,NULL,NULL,NULL,NULL,NULL,NULL,NULL,NULL,NULL,NULL,NULL,NULL,NULL,NULL,NULL,NULL,NULL,NULL,NULL,NULL,NULL,NULL,NULL,NULL,NULL,NULL,NULL,NULL,NULL,NULL,NULL,NULL,NULL,NULL,NULL,NULL,NULL,NULL,NULL,NULL,NULL,NULL,NULL,NULL,NULL,NULL,NULL,NULL,NULL,NULL,NULL,NULL,NULL,NULL,NULL,NULL,NULL,NULL,NULL,NULL,NULL,NULL,NULL,NULL,NULL,NULL,NULL,NULL,NULL,NULL,NULL,NULL,NULL,NULL,NULL,NULL,NULL,NULL,NULL,NULL,NULL,NULL,NULL,NULL,NULL,NULL,NULL,NULL,NULL,NULL,NULL,NULL,NULL,NULL,NULL,NULL,NULL,NULL,NULL,NULL,NULL,NULL,NULL,NULL,NULL,NULL,NULL,NULL,NULL,NULL,NULL,NULL,NULL,NULL,NULL,NULL,NULL,NULL,NULL,NULL,NULL,NULL,NULL,NULL,NULL,NULL,NULL,NULL,NULL,NULL,NULL,NULL,NULL,NULL,NULL,NULL,NULL,NULL,NULL,NULL,NULL,NULL,NULL,NULL,NULL,NULL,NULL,NULL,NULL,NULL,NULL,NULL,NULL,NULL,NULL,NULL,NULL,NULL,NULL,NULL,NULL,NULL,NULL,NULL,NULL,NULL,NULL,NULL,NULL,NULL,NULL),(44,6,0,NULL,NULL,NULL,NULL,NULL,NULL,NULL,NULL,NULL,NULL,NULL,NULL,NULL,NULL,NULL,NULL,NULL,NULL,NULL,NULL,NULL,NULL,NULL,NULL,NULL,NULL,NULL,NULL,NULL,NULL,NULL,NULL,NULL,NULL,NULL,NULL,NULL,NULL,NULL,NULL,NULL,NULL,NULL,NULL,NULL,NULL,NULL,NULL,NULL,NULL,NULL,NULL,NULL,NULL,NULL,NULL,NULL,NULL,NULL,NULL,NULL,NULL,NULL,NULL,NULL,NULL,NULL,NULL,NULL,NULL,NULL,NULL,NULL,NULL,NULL,NULL,NULL,NULL,NULL,NULL,NULL,NULL,NULL,NULL,NULL,NULL,NULL,NULL,NULL,NULL,NULL,NULL,NULL,NULL,NULL,NULL,NULL,NULL,NULL,NULL,NULL,NULL,NULL,NULL,NULL,NULL,NULL,NULL,NULL,NULL,NULL,NULL,NULL,NULL,NULL,NULL,NULL,NULL,NULL,NULL,NULL,NULL,NULL,NULL,NULL,NULL,NULL,NULL,NULL,NULL,NULL,NULL,NULL,NULL,NULL,NULL,NULL,NULL,NULL,NULL,NULL,NULL,NULL,NULL,NULL,NULL,NULL,NULL,NULL,NULL,NULL,NULL,NULL,NULL,NULL,NULL,NULL,NULL,NULL,NULL,NULL,NULL,NULL,NULL,NULL,NULL,NULL,NULL,NULL,NULL,NULL,NULL,NULL,NULL,NULL,NULL,NULL,NULL,NULL,NULL,NULL,NULL,NULL,NULL,NULL,NULL,NULL,NULL,NULL,NULL,NULL,NULL,NULL,NULL,NULL,NULL,NULL,NULL,NULL,NULL,NULL,NULL,NULL,NULL,NULL,NULL,NULL,NULL,NULL,NULL,NULL,NULL,NULL,NULL,NULL,NULL,NULL,NULL,NULL,NULL,NULL,NULL,NULL,NULL,NULL,NULL,NULL,NULL,NULL,NULL,NULL,NULL,NULL,NULL,NULL,NULL,NULL,NULL,NULL,NULL,NULL,NULL,NULL,NULL,NULL,NULL,NULL,NULL,NULL,NULL,NULL,NULL,NULL,NULL,NULL,NULL,NULL,NULL,NULL,NULL,NULL,NULL,NULL,NULL,NULL,NULL,NULL,NULL,NULL,NULL,NULL,NULL,NULL,NULL,NULL,NULL,NULL,NULL,NULL,NULL,NULL,NULL,NULL,NULL,NULL,NULL,NULL,NULL,NULL,NULL,NULL,NULL,NULL,NULL,NULL,NULL,NULL,NULL,NULL,NULL,NULL,NULL,NULL,NULL,NULL,NULL,NULL,NULL,NULL,NULL,NULL,NULL,NULL,NULL,NULL,NULL,NULL,NULL,NULL,NULL,NULL,NULL,NULL,NULL),(45,6,0,NULL,NULL,NULL,NULL,NULL,NULL,NULL,NULL,NULL,NULL,NULL,NULL,NULL,NULL,NULL,NULL,NULL,NULL,NULL,NULL,NULL,NULL,NULL,NULL,NULL,NULL,NULL,NULL,NULL,NULL,NULL,NULL,NULL,NULL,NULL,NULL,NULL,NULL,NULL,NULL,NULL,NULL,NULL,NULL,NULL,NULL,NULL,NULL,NULL,NULL,NULL,NULL,NULL,NULL,NULL,NULL,NULL,NULL,NULL,NULL,NULL,NULL,NULL,NULL,NULL,NULL,NULL,NULL,NULL,NULL,NULL,NULL,NULL,NULL,NULL,NULL,NULL,NULL,NULL,NULL,NULL,NULL,NULL,NULL,NULL,NULL,NULL,NULL,NULL,NULL,NULL,NULL,NULL,NULL,NULL,NULL,NULL,NULL,NULL,NULL,NULL,NULL,NULL,NULL,NULL,NULL,NULL,NULL,NULL,NULL,NULL,NULL,NULL,NULL,NULL,NULL,NULL,NULL,NULL,NULL,NULL,NULL,NULL,NULL,NULL,NULL,NULL,NULL,NULL,NULL,NULL,NULL,NULL,NULL,NULL,NULL,NULL,NULL,NULL,NULL,NULL,NULL,NULL,NULL,NULL,NULL,NULL,NULL,NULL,NULL,NULL,NULL,NULL,NULL,NULL,NULL,NULL,NULL,NULL,NULL,NULL,NULL,NULL,NULL,NULL,NULL,NULL,NULL,NULL,NULL,NULL,NULL,NULL,NULL,NULL,NULL,NULL,NULL,NULL,NULL,NULL,NULL,NULL,NULL,NULL,NULL,NULL,NULL,NULL,NULL,NULL,NULL,NULL,NULL,NULL,NULL,NULL,NULL,NULL,NULL,NULL,NULL,NULL,NULL,NULL,NULL,NULL,NULL,NULL,NULL,NULL,NULL,NULL,NULL,NULL,NULL,NULL,NULL,NULL,NULL,NULL,NULL,NULL,NULL,NULL,NULL,NULL,NULL,NULL,NULL,NULL,NULL,NULL,NULL,NULL,NULL,NULL,NULL,NULL,NULL,NULL,NULL,NULL,NULL,NULL,NULL,NULL,NULL,NULL,NULL,NULL,NULL,NULL,NULL,NULL,NULL,NULL,NULL,NULL,NULL,NULL,NULL,NULL,NULL,NULL,NULL,NULL,NULL,NULL,NULL,NULL,NULL,NULL,NULL,NULL,NULL,NULL,NULL,NULL,NULL,NULL,NULL,NULL,NULL,NULL,NULL,NULL,NULL,NULL,NULL,NULL,NULL,NULL,NULL,NULL,NULL,NULL,NULL,NULL,NULL,NULL,NULL,NULL,NULL,NULL,NULL,NULL,NULL,NULL,NULL,NULL,NULL,NULL,NULL,NULL,NULL,NULL,NULL,NULL,NULL,NULL,NULL,NULL,NULL),(46,6,0,NULL,NULL,NULL,NULL,NULL,NULL,NULL,NULL,NULL,NULL,NULL,NULL,NULL,NULL,NULL,NULL,NULL,NULL,NULL,NULL,NULL,NULL,NULL,NULL,NULL,NULL,NULL,NULL,NULL,NULL,NULL,NULL,NULL,NULL,NULL,NULL,NULL,NULL,NULL,NULL,NULL,NULL,NULL,NULL,NULL,NULL,NULL,NULL,NULL,NULL,NULL,NULL,NULL,NULL,NULL,NULL,NULL,NULL,NULL,NULL,NULL,NULL,NULL,NULL,NULL,NULL,NULL,NULL,NULL,NULL,NULL,NULL,NULL,NULL,NULL,NULL,NULL,NULL,NULL,NULL,NULL,NULL,NULL,NULL,NULL,NULL,NULL,NULL,NULL,NULL,NULL,NULL,NULL,NULL,NULL,NULL,NULL,NULL,NULL,NULL,NULL,NULL,NULL,NULL,NULL,NULL,NULL,NULL,NULL,NULL,NULL,NULL,NULL,NULL,NULL,NULL,NULL,NULL,NULL,NULL,NULL,NULL,NULL,NULL,NULL,NULL,NULL,NULL,NULL,NULL,NULL,NULL,NULL,NULL,NULL,NULL,NULL,NULL,NULL,NULL,NULL,NULL,NULL,NULL,NULL,NULL,NULL,NULL,NULL,NULL,NULL,NULL,NULL,NULL,NULL,NULL,NULL,NULL,NULL,NULL,NULL,NULL,NULL,NULL,NULL,NULL,NULL,NULL,NULL,NULL,NULL,NULL,NULL,NULL,NULL,NULL,NULL,NULL,NULL,NULL,NULL,NULL,NULL,NULL,NULL,NULL,NULL,NULL,NULL,NULL,NULL,NULL,NULL,NULL,NULL,NULL,NULL,NULL,NULL,NULL,NULL,NULL,NULL,NULL,NULL,NULL,NULL,NULL,NULL,NULL,NULL,NULL,NULL,NULL,NULL,NULL,NULL,NULL,NULL,NULL,NULL,NULL,NULL,NULL,NULL,NULL,NULL,NULL,NULL,NULL,NULL,NULL,NULL,NULL,NULL,NULL,NULL,NULL,NULL,NULL,NULL,NULL,NULL,NULL,NULL,NULL,NULL,NULL,NULL,NULL,NULL,NULL,NULL,NULL,NULL,NULL,NULL,NULL,NULL,NULL,NULL,NULL,NULL,NULL,NULL,NULL,NULL,NULL,NULL,NULL,NULL,NULL,NULL,NULL,NULL,NULL,NULL,NULL,NULL,NULL,NULL,NULL,NULL,NULL,NULL,NULL,NULL,NULL,NULL,NULL,NULL,NULL,NULL,NULL,NULL,NULL,NULL,NULL,NULL,NULL,NULL,NULL,NULL,NULL,NULL,NULL,NULL,NULL,NULL,NULL,NULL,NULL,NULL,NULL,NULL,NULL,NULL,NULL,NULL,NULL,NULL,NULL,NULL,NULL),(47,6,0,NULL,NULL,NULL,NULL,NULL,NULL,NULL,NULL,NULL,NULL,NULL,NULL,NULL,NULL,NULL,NULL,NULL,NULL,NULL,NULL,NULL,NULL,NULL,NULL,NULL,NULL,NULL,NULL,NULL,NULL,NULL,NULL,NULL,NULL,NULL,NULL,NULL,NULL,NULL,NULL,NULL,NULL,NULL,NULL,NULL,NULL,NULL,NULL,NULL,NULL,NULL,NULL,NULL,NULL,NULL,NULL,NULL,NULL,NULL,NULL,NULL,NULL,NULL,NULL,NULL,NULL,NULL,NULL,NULL,NULL,NULL,NULL,NULL,NULL,NULL,NULL,NULL,NULL,NULL,NULL,NULL,NULL,NULL,NULL,NULL,NULL,NULL,NULL,NULL,NULL,NULL,NULL,NULL,NULL,NULL,NULL,NULL,NULL,NULL,NULL,NULL,NULL,NULL,NULL,NULL,NULL,NULL,NULL,NULL,NULL,NULL,NULL,NULL,NULL,NULL,NULL,NULL,NULL,NULL,NULL,NULL,NULL,NULL,NULL,NULL,NULL,NULL,NULL,NULL,NULL,NULL,NULL,NULL,NULL,NULL,NULL,NULL,NULL,NULL,NULL,NULL,NULL,NULL,NULL,NULL,NULL,NULL,NULL,NULL,NULL,NULL,NULL,NULL,NULL,NULL,NULL,NULL,NULL,NULL,NULL,NULL,NULL,NULL,NULL,NULL,NULL,NULL,NULL,NULL,NULL,NULL,NULL,NULL,NULL,NULL,NULL,NULL,NULL,NULL,NULL,NULL,NULL,NULL,NULL,NULL,NULL,NULL,NULL,NULL,NULL,NULL,NULL,NULL,NULL,NULL,NULL,NULL,NULL,NULL,NULL,NULL,NULL,NULL,NULL,NULL,NULL,NULL,NULL,NULL,NULL,NULL,NULL,NULL,NULL,NULL,NULL,NULL,NULL,NULL,NULL,NULL,NULL,NULL,NULL,NULL,NULL,NULL,NULL,NULL,NULL,NULL,NULL,NULL,NULL,NULL,NULL,NULL,NULL,NULL,NULL,NULL,NULL,NULL,NULL,NULL,NULL,NULL,NULL,NULL,NULL,NULL,NULL,NULL,NULL,NULL,NULL,NULL,NULL,NULL,NULL,NULL,NULL,NULL,NULL,NULL,NULL,NULL,NULL,NULL,NULL,NULL,NULL,NULL,NULL,NULL,NULL,NULL,NULL,NULL,NULL,NULL,NULL,NULL,NULL,NULL,NULL,NULL,NULL,NULL,NULL,NULL,NULL,NULL,NULL,NULL,NULL,NULL,NULL,NULL,NULL,NULL,NULL,NULL,NULL,NULL,NULL,NULL,NULL,NULL,NULL,NULL,NULL,NULL,NULL,NULL,NULL,NULL,NULL,NULL,NULL,NULL,NULL,NULL,NULL),(48,6,0,NULL,NULL,NULL,NULL,NULL,NULL,NULL,NULL,NULL,NULL,NULL,NULL,NULL,NULL,NULL,NULL,NULL,NULL,NULL,NULL,NULL,NULL,NULL,NULL,NULL,NULL,NULL,NULL,NULL,NULL,NULL,NULL,NULL,NULL,NULL,NULL,NULL,NULL,NULL,NULL,NULL,NULL,NULL,NULL,NULL,NULL,NULL,NULL,NULL,NULL,NULL,NULL,NULL,NULL,NULL,NULL,NULL,NULL,NULL,NULL,NULL,NULL,NULL,NULL,NULL,NULL,NULL,NULL,NULL,NULL,NULL,NULL,NULL,NULL,NULL,NULL,NULL,NULL,NULL,NULL,NULL,NULL,NULL,NULL,NULL,NULL,NULL,NULL,NULL,NULL,NULL,NULL,NULL,NULL,NULL,NULL,NULL,NULL,NULL,NULL,NULL,NULL,NULL,NULL,NULL,NULL,NULL,NULL,NULL,NULL,NULL,NULL,NULL,NULL,NULL,NULL,NULL,NULL,NULL,NULL,NULL,NULL,NULL,NULL,NULL,NULL,NULL,NULL,NULL,NULL,NULL,NULL,NULL,NULL,NULL,NULL,NULL,NULL,NULL,NULL,NULL,NULL,NULL,NULL,NULL,NULL,NULL,NULL,NULL,NULL,NULL,NULL,NULL,NULL,NULL,NULL,NULL,NULL,NULL,NULL,NULL,NULL,NULL,NULL,NULL,NULL,NULL,NULL,NULL,NULL,NULL,NULL,NULL,NULL,NULL,NULL,NULL,NULL,NULL,NULL,NULL,NULL,NULL,NULL,NULL,NULL,NULL,NULL,NULL,NULL,NULL,NULL,NULL,NULL,NULL,NULL,NULL,NULL,NULL,NULL,NULL,NULL,NULL,NULL,NULL,NULL,NULL,NULL,NULL,NULL,NULL,NULL,NULL,NULL,NULL,NULL,NULL,NULL,NULL,NULL,NULL,NULL,NULL,NULL,NULL,NULL,NULL,NULL,NULL,NULL,NULL,NULL,NULL,NULL,NULL,NULL,NULL,NULL,NULL,NULL,NULL,NULL,NULL,NULL,NULL,NULL,NULL,NULL,NULL,NULL,NULL,NULL,NULL,NULL,NULL,NULL,NULL,NULL,NULL,NULL,NULL,NULL,NULL,NULL,NULL,NULL,NULL,NULL,NULL,NULL,NULL,NULL,NULL,NULL,NULL,NULL,NULL,NULL,NULL,NULL,NULL,NULL,NULL,NULL,NULL,NULL,NULL,NULL,NULL,NULL,NULL,NULL,NULL,NULL,NULL,NULL,NULL,NULL,NULL,NULL,NULL,NULL,NULL,NULL,NULL,NULL,NULL,NULL,NULL,NULL,NULL,NULL,NULL,NULL,NULL,NULL,NULL,NULL,NULL,NULL,NULL,NULL,NULL,NULL),(49,6,0,NULL,NULL,NULL,NULL,NULL,NULL,NULL,NULL,NULL,NULL,NULL,NULL,NULL,NULL,NULL,NULL,NULL,NULL,NULL,NULL,NULL,NULL,NULL,NULL,NULL,NULL,NULL,NULL,NULL,NULL,NULL,NULL,NULL,NULL,NULL,NULL,NULL,NULL,NULL,NULL,NULL,NULL,NULL,NULL,NULL,NULL,NULL,NULL,NULL,NULL,NULL,NULL,NULL,NULL,NULL,NULL,NULL,NULL,NULL,NULL,NULL,NULL,NULL,NULL,NULL,NULL,NULL,NULL,NULL,NULL,NULL,NULL,NULL,NULL,NULL,NULL,NULL,NULL,NULL,NULL,NULL,NULL,NULL,NULL,NULL,NULL,NULL,NULL,NULL,NULL,NULL,NULL,NULL,NULL,NULL,NULL,NULL,NULL,NULL,NULL,NULL,NULL,NULL,NULL,NULL,NULL,NULL,NULL,NULL,NULL,NULL,NULL,NULL,NULL,NULL,NULL,NULL,NULL,NULL,NULL,NULL,NULL,NULL,NULL,NULL,NULL,NULL,NULL,NULL,NULL,NULL,NULL,NULL,NULL,NULL,NULL,NULL,NULL,NULL,NULL,NULL,NULL,NULL,NULL,NULL,NULL,NULL,NULL,NULL,NULL,NULL,NULL,NULL,NULL,NULL,NULL,NULL,NULL,NULL,NULL,NULL,NULL,NULL,NULL,NULL,NULL,NULL,NULL,NULL,NULL,NULL,NULL,NULL,NULL,NULL,NULL,NULL,NULL,NULL,NULL,NULL,NULL,NULL,NULL,NULL,NULL,NULL,NULL,NULL,NULL,NULL,NULL,NULL,NULL,NULL,NULL,NULL,NULL,NULL,NULL,NULL,NULL,NULL,NULL,NULL,NULL,NULL,NULL,NULL,NULL,NULL,NULL,NULL,NULL,NULL,NULL,NULL,NULL,NULL,NULL,NULL,NULL,NULL,NULL,NULL,NULL,NULL,NULL,NULL,NULL,NULL,NULL,NULL,NULL,NULL,NULL,NULL,NULL,NULL,NULL,NULL,NULL,NULL,NULL,NULL,NULL,NULL,NULL,NULL,NULL,NULL,NULL,NULL,NULL,NULL,NULL,NULL,NULL,NULL,NULL,NULL,NULL,NULL,NULL,NULL,NULL,NULL,NULL,NULL,NULL,NULL,NULL,NULL,NULL,NULL,NULL,NULL,NULL,NULL,NULL,NULL,NULL,NULL,NULL,NULL,NULL,NULL,NULL,NULL,NULL,NULL,NULL,NULL,NULL,NULL,NULL,NULL,NULL,NULL,NULL,NULL,NULL,NULL,NULL,NULL,NULL,NULL,NULL,NULL,NULL,NULL,NULL,NULL,NULL,NULL,NULL,NULL,NULL,NULL,NULL,NULL,NULL,NULL,NULL),(50,6,0,NULL,NULL,NULL,NULL,NULL,NULL,NULL,NULL,NULL,NULL,NULL,NULL,NULL,NULL,NULL,NULL,NULL,NULL,NULL,NULL,NULL,NULL,NULL,NULL,NULL,NULL,NULL,NULL,NULL,NULL,NULL,NULL,NULL,NULL,NULL,NULL,NULL,NULL,NULL,NULL,NULL,NULL,NULL,NULL,NULL,NULL,NULL,NULL,NULL,NULL,NULL,NULL,NULL,NULL,NULL,NULL,NULL,NULL,NULL,NULL,NULL,NULL,NULL,NULL,NULL,NULL,NULL,NULL,NULL,NULL,NULL,NULL,NULL,NULL,NULL,NULL,NULL,NULL,NULL,NULL,NULL,NULL,NULL,NULL,NULL,NULL,NULL,NULL,NULL,NULL,NULL,NULL,NULL,NULL,NULL,NULL,NULL,NULL,NULL,NULL,NULL,NULL,NULL,NULL,NULL,NULL,NULL,NULL,NULL,NULL,NULL,NULL,NULL,NULL,NULL,NULL,NULL,NULL,NULL,NULL,NULL,NULL,NULL,NULL,NULL,NULL,NULL,NULL,NULL,NULL,NULL,NULL,NULL,NULL,NULL,NULL,NULL,NULL,NULL,NULL,NULL,NULL,NULL,NULL,NULL,NULL,NULL,NULL,NULL,NULL,NULL,NULL,NULL,NULL,NULL,NULL,NULL,NULL,NULL,NULL,NULL,NULL,NULL,NULL,NULL,NULL,NULL,NULL,NULL,NULL,NULL,NULL,NULL,NULL,NULL,NULL,NULL,NULL,NULL,NULL,NULL,NULL,NULL,NULL,NULL,NULL,NULL,NULL,NULL,NULL,NULL,NULL,NULL,NULL,NULL,NULL,NULL,NULL,NULL,NULL,NULL,NULL,NULL,NULL,NULL,NULL,NULL,NULL,NULL,NULL,NULL,NULL,NULL,NULL,NULL,NULL,NULL,NULL,NULL,NULL,NULL,NULL,NULL,NULL,NULL,NULL,NULL,NULL,NULL,NULL,NULL,NULL,NULL,NULL,NULL,NULL,NULL,NULL,NULL,NULL,NULL,NULL,NULL,NULL,NULL,NULL,NULL,NULL,NULL,NULL,NULL,NULL,NULL,NULL,NULL,NULL,NULL,NULL,NULL,NULL,NULL,NULL,NULL,NULL,NULL,NULL,NULL,NULL,NULL,NULL,NULL,NULL,NULL,NULL,NULL,NULL,NULL,NULL,NULL,NULL,NULL,NULL,NULL,NULL,NULL,NULL,NULL,NULL,NULL,NULL,NULL,NULL,NULL,NULL,NULL,NULL,NULL,NULL,NULL,NULL,NULL,NULL,NULL,NULL,NULL,NULL,NULL,NULL,NULL,NULL,NULL,NULL,NULL,NULL,NULL,NULL,NULL,NULL,NULL,NULL,NULL,NULL,NULL,NULL),(51,6,0,NULL,NULL,NULL,NULL,NULL,NULL,NULL,NULL,NULL,NULL,NULL,NULL,NULL,NULL,NULL,NULL,NULL,NULL,NULL,NULL,NULL,NULL,NULL,NULL,NULL,NULL,NULL,NULL,NULL,NULL,NULL,NULL,NULL,NULL,NULL,NULL,NULL,NULL,NULL,NULL,NULL,NULL,NULL,NULL,NULL,NULL,NULL,NULL,NULL,NULL,NULL,NULL,NULL,NULL,NULL,NULL,NULL,NULL,NULL,NULL,NULL,NULL,NULL,NULL,NULL,NULL,NULL,NULL,NULL,NULL,NULL,NULL,NULL,NULL,NULL,NULL,NULL,NULL,NULL,NULL,NULL,NULL,NULL,NULL,NULL,NULL,NULL,NULL,NULL,NULL,NULL,NULL,NULL,NULL,NULL,NULL,NULL,NULL,NULL,NULL,NULL,NULL,NULL,NULL,NULL,NULL,NULL,NULL,NULL,NULL,NULL,NULL,NULL,NULL,NULL,NULL,NULL,NULL,NULL,NULL,NULL,NULL,NULL,NULL,NULL,NULL,NULL,NULL,NULL,NULL,NULL,NULL,NULL,NULL,NULL,NULL,NULL,NULL,NULL,NULL,NULL,NULL,NULL,NULL,NULL,NULL,NULL,NULL,NULL,NULL,NULL,NULL,NULL,NULL,NULL,NULL,NULL,NULL,NULL,NULL,NULL,NULL,NULL,NULL,NULL,NULL,NULL,NULL,NULL,NULL,NULL,NULL,NULL,NULL,NULL,NULL,NULL,NULL,NULL,NULL,NULL,NULL,NULL,NULL,NULL,NULL,NULL,NULL,NULL,NULL,NULL,NULL,NULL,NULL,NULL,NULL,NULL,NULL,NULL,NULL,NULL,NULL,NULL,NULL,NULL,NULL,NULL,NULL,NULL,NULL,NULL,NULL,NULL,NULL,NULL,NULL,NULL,NULL,NULL,NULL,NULL,NULL,NULL,NULL,NULL,NULL,NULL,NULL,NULL,NULL,NULL,NULL,NULL,NULL,NULL,NULL,NULL,NULL,NULL,NULL,NULL,NULL,NULL,NULL,NULL,NULL,NULL,NULL,NULL,NULL,NULL,NULL,NULL,NULL,NULL,NULL,NULL,NULL,NULL,NULL,NULL,NULL,NULL,NULL,NULL,NULL,NULL,NULL,NULL,NULL,NULL,NULL,NULL,NULL,NULL,NULL,NULL,NULL,NULL,NULL,NULL,NULL,NULL,NULL,NULL,NULL,NULL,NULL,NULL,NULL,NULL,NULL,NULL,NULL,NULL,NULL,NULL,NULL,NULL,NULL,NULL,NULL,NULL,NULL,NULL,NULL,NULL,NULL,NULL,NULL,NULL,NULL,NULL,NULL,NULL,NULL,NULL,NULL,NULL,NULL,NULL,NULL,NULL,NULL),(52,6,0,NULL,NULL,NULL,NULL,NULL,NULL,NULL,NULL,NULL,NULL,NULL,NULL,NULL,NULL,NULL,NULL,NULL,NULL,NULL,NULL,NULL,NULL,NULL,NULL,NULL,NULL,NULL,NULL,NULL,NULL,NULL,NULL,NULL,NULL,NULL,NULL,NULL,NULL,NULL,NULL,NULL,NULL,NULL,NULL,NULL,NULL,NULL,NULL,NULL,NULL,NULL,NULL,NULL,NULL,NULL,NULL,NULL,NULL,NULL,NULL,NULL,NULL,NULL,NULL,NULL,NULL,NULL,NULL,NULL,NULL,NULL,NULL,NULL,NULL,NULL,NULL,NULL,NULL,NULL,NULL,NULL,NULL,NULL,NULL,NULL,NULL,NULL,NULL,NULL,NULL,NULL,NULL,NULL,NULL,NULL,NULL,NULL,NULL,NULL,NULL,NULL,NULL,NULL,NULL,NULL,NULL,NULL,NULL,NULL,NULL,NULL,NULL,NULL,NULL,NULL,NULL,NULL,NULL,NULL,NULL,NULL,NULL,NULL,NULL,NULL,NULL,NULL,NULL,NULL,NULL,NULL,NULL,NULL,NULL,NULL,NULL,NULL,NULL,NULL,NULL,NULL,NULL,NULL,NULL,NULL,NULL,NULL,NULL,NULL,NULL,NULL,NULL,NULL,NULL,NULL,NULL,NULL,NULL,NULL,NULL,NULL,NULL,NULL,NULL,NULL,NULL,NULL,NULL,NULL,NULL,NULL,NULL,NULL,NULL,NULL,NULL,NULL,NULL,NULL,NULL,NULL,NULL,NULL,NULL,NULL,NULL,NULL,NULL,NULL,NULL,NULL,NULL,NULL,NULL,NULL,NULL,NULL,NULL,NULL,NULL,NULL,NULL,NULL,NULL,NULL,NULL,NULL,NULL,NULL,NULL,NULL,NULL,NULL,NULL,NULL,NULL,NULL,NULL,NULL,NULL,NULL,NULL,NULL,NULL,NULL,NULL,NULL,NULL,NULL,NULL,NULL,NULL,NULL,NULL,NULL,NULL,NULL,NULL,NULL,NULL,NULL,NULL,NULL,NULL,NULL,NULL,NULL,NULL,NULL,NULL,NULL,NULL,NULL,NULL,NULL,NULL,NULL,NULL,NULL,NULL,NULL,NULL,NULL,NULL,NULL,NULL,NULL,NULL,NULL,NULL,NULL,NULL,NULL,NULL,NULL,NULL,NULL,NULL,NULL,NULL,NULL,NULL,NULL,NULL,NULL,NULL,NULL,NULL,NULL,NULL,NULL,NULL,NULL,NULL,NULL,NULL,NULL,NULL,NULL,NULL,NULL,NULL,NULL,NULL,NULL,NULL,NULL,NULL,NULL,NULL,NULL,NULL,NULL,NULL,NULL,NULL,NULL,NULL,NULL,NULL,NULL,NULL,NULL,NULL),(53,6,0,NULL,NULL,NULL,NULL,NULL,NULL,NULL,NULL,NULL,NULL,NULL,NULL,NULL,NULL,NULL,NULL,NULL,NULL,NULL,NULL,NULL,NULL,NULL,NULL,NULL,NULL,NULL,NULL,NULL,NULL,NULL,NULL,NULL,NULL,NULL,NULL,NULL,NULL,NULL,NULL,NULL,NULL,NULL,NULL,NULL,NULL,NULL,NULL,NULL,NULL,NULL,NULL,NULL,NULL,NULL,NULL,NULL,NULL,NULL,NULL,NULL,NULL,NULL,NULL,NULL,NULL,NULL,NULL,NULL,NULL,NULL,NULL,NULL,NULL,NULL,NULL,NULL,NULL,NULL,NULL,NULL,NULL,NULL,NULL,NULL,NULL,NULL,NULL,NULL,NULL,NULL,NULL,NULL,NULL,NULL,NULL,NULL,NULL,NULL,NULL,NULL,NULL,NULL,NULL,NULL,NULL,NULL,NULL,NULL,NULL,NULL,NULL,NULL,NULL,NULL,NULL,NULL,NULL,NULL,NULL,NULL,NULL,NULL,NULL,NULL,NULL,NULL,NULL,NULL,NULL,NULL,NULL,NULL,NULL,NULL,NULL,NULL,NULL,NULL,NULL,NULL,NULL,NULL,NULL,NULL,NULL,NULL,NULL,NULL,NULL,NULL,NULL,NULL,NULL,NULL,NULL,NULL,NULL,NULL,NULL,NULL,NULL,NULL,NULL,NULL,NULL,NULL,NULL,NULL,NULL,NULL,NULL,NULL,NULL,NULL,NULL,NULL,NULL,NULL,NULL,NULL,NULL,NULL,NULL,NULL,NULL,NULL,NULL,NULL,NULL,NULL,NULL,NULL,NULL,NULL,NULL,NULL,NULL,NULL,NULL,NULL,NULL,NULL,NULL,NULL,NULL,NULL,NULL,NULL,NULL,NULL,NULL,NULL,NULL,NULL,NULL,NULL,NULL,NULL,NULL,NULL,NULL,NULL,NULL,NULL,NULL,NULL,NULL,NULL,NULL,NULL,NULL,NULL,NULL,NULL,NULL,NULL,NULL,NULL,NULL,NULL,NULL,NULL,NULL,NULL,NULL,NULL,NULL,NULL,NULL,NULL,NULL,NULL,NULL,NULL,NULL,NULL,NULL,NULL,NULL,NULL,NULL,NULL,NULL,NULL,NULL,NULL,NULL,NULL,NULL,NULL,NULL,NULL,NULL,NULL,NULL,NULL,NULL,NULL,NULL,NULL,NULL,NULL,NULL,NULL,NULL,NULL,NULL,NULL,NULL,NULL,NULL,NULL,NULL,NULL,NULL,NULL,NULL,NULL,NULL,NULL,NULL,NULL,NULL,NULL,NULL,NULL,NULL,NULL,NULL,NULL,NULL,NULL,NULL,NULL,NULL,NULL,NULL,NULL,NULL,NULL,NULL,NULL,NULL),(54,6,0,NULL,NULL,NULL,NULL,NULL,NULL,NULL,NULL,NULL,NULL,NULL,NULL,NULL,NULL,NULL,NULL,NULL,NULL,NULL,NULL,NULL,NULL,NULL,NULL,NULL,NULL,NULL,NULL,NULL,NULL,NULL,NULL,NULL,NULL,NULL,NULL,NULL,NULL,NULL,NULL,NULL,NULL,NULL,NULL,NULL,NULL,NULL,NULL,NULL,NULL,NULL,NULL,NULL,NULL,NULL,NULL,NULL,NULL,NULL,NULL,NULL,NULL,NULL,NULL,NULL,NULL,NULL,NULL,NULL,NULL,NULL,NULL,NULL,NULL,NULL,NULL,NULL,NULL,NULL,NULL,NULL,NULL,NULL,NULL,NULL,NULL,NULL,NULL,NULL,NULL,NULL,NULL,NULL,NULL,NULL,NULL,NULL,NULL,NULL,NULL,NULL,NULL,NULL,NULL,NULL,NULL,NULL,NULL,NULL,NULL,NULL,NULL,NULL,NULL,NULL,NULL,NULL,NULL,NULL,NULL,NULL,NULL,NULL,NULL,NULL,NULL,NULL,NULL,NULL,NULL,NULL,NULL,NULL,NULL,NULL,NULL,NULL,NULL,NULL,NULL,NULL,NULL,NULL,NULL,NULL,NULL,NULL,NULL,NULL,NULL,NULL,NULL,NULL,NULL,NULL,NULL,NULL,NULL,NULL,NULL,NULL,NULL,NULL,NULL,NULL,NULL,NULL,NULL,NULL,NULL,NULL,NULL,NULL,NULL,NULL,NULL,NULL,NULL,NULL,NULL,NULL,NULL,NULL,NULL,NULL,NULL,NULL,NULL,NULL,NULL,NULL,NULL,NULL,NULL,NULL,NULL,NULL,NULL,NULL,NULL,NULL,NULL,NULL,NULL,NULL,NULL,NULL,NULL,NULL,NULL,NULL,NULL,NULL,NULL,NULL,NULL,NULL,NULL,NULL,NULL,NULL,NULL,NULL,NULL,NULL,NULL,NULL,NULL,NULL,NULL,NULL,NULL,NULL,NULL,NULL,NULL,NULL,NULL,NULL,NULL,NULL,NULL,NULL,NULL,NULL,NULL,NULL,NULL,NULL,NULL,NULL,NULL,NULL,NULL,NULL,NULL,NULL,NULL,NULL,NULL,NULL,NULL,NULL,NULL,NULL,NULL,NULL,NULL,NULL,NULL,NULL,NULL,NULL,NULL,NULL,NULL,NULL,NULL,NULL,NULL,NULL,NULL,NULL,NULL,NULL,NULL,NULL,NULL,NULL,NULL,NULL,NULL,NULL,NULL,NULL,NULL,NULL,NULL,NULL,NULL,NULL,NULL,NULL,NULL,NULL,NULL,NULL,NULL,NULL,NULL,NULL,NULL,NULL,NULL,NULL,NULL,NULL,NULL,NULL,NULL,NULL,NULL,NULL,NULL),(55,6,0,NULL,NULL,NULL,NULL,NULL,NULL,NULL,NULL,NULL,NULL,NULL,NULL,NULL,NULL,NULL,NULL,NULL,NULL,NULL,NULL,NULL,NULL,NULL,NULL,NULL,NULL,NULL,NULL,NULL,NULL,NULL,NULL,NULL,NULL,NULL,NULL,NULL,NULL,NULL,NULL,NULL,NULL,NULL,NULL,NULL,NULL,NULL,NULL,NULL,NULL,NULL,NULL,NULL,NULL,NULL,NULL,NULL,NULL,NULL,NULL,NULL,NULL,NULL,NULL,NULL,NULL,NULL,NULL,NULL,NULL,NULL,NULL,NULL,NULL,NULL,NULL,NULL,NULL,NULL,NULL,NULL,NULL,NULL,NULL,NULL,NULL,NULL,NULL,NULL,NULL,NULL,NULL,NULL,NULL,NULL,NULL,NULL,NULL,NULL,NULL,NULL,NULL,NULL,NULL,NULL,NULL,NULL,NULL,NULL,NULL,NULL,NULL,NULL,NULL,NULL,NULL,NULL,NULL,NULL,NULL,NULL,NULL,NULL,NULL,NULL,NULL,NULL,NULL,NULL,NULL,NULL,NULL,NULL,NULL,NULL,NULL,NULL,NULL,NULL,NULL,NULL,NULL,NULL,NULL,NULL,NULL,NULL,NULL,NULL,NULL,NULL,NULL,NULL,NULL,NULL,NULL,NULL,NULL,NULL,NULL,NULL,NULL,NULL,NULL,NULL,NULL,NULL,NULL,NULL,NULL,NULL,NULL,NULL,NULL,NULL,NULL,NULL,NULL,NULL,NULL,NULL,NULL,NULL,NULL,NULL,NULL,NULL,NULL,NULL,NULL,NULL,NULL,NULL,NULL,NULL,NULL,NULL,NULL,NULL,NULL,NULL,NULL,NULL,NULL,NULL,NULL,NULL,NULL,NULL,NULL,NULL,NULL,NULL,NULL,NULL,NULL,NULL,NULL,NULL,NULL,NULL,NULL,NULL,NULL,NULL,NULL,NULL,NULL,NULL,NULL,NULL,NULL,NULL,NULL,NULL,NULL,NULL,NULL,NULL,NULL,NULL,NULL,NULL,NULL,NULL,NULL,NULL,NULL,NULL,NULL,NULL,NULL,NULL,NULL,NULL,NULL,NULL,NULL,NULL,NULL,NULL,NULL,NULL,NULL,NULL,NULL,NULL,NULL,NULL,NULL,NULL,NULL,NULL,NULL,NULL,NULL,NULL,NULL,NULL,NULL,NULL,NULL,NULL,NULL,NULL,NULL,NULL,NULL,NULL,NULL,NULL,NULL,NULL,NULL,NULL,NULL,NULL,NULL,NULL,NULL,NULL,NULL,NULL,NULL,NULL,NULL,NULL,NULL,NULL,NULL,NULL,NULL,NULL,NULL,NULL,NULL,NULL,NULL,NULL,NULL,NULL,NULL,NULL,NULL),(56,6,0,NULL,NULL,NULL,NULL,NULL,NULL,NULL,NULL,NULL,NULL,NULL,NULL,NULL,NULL,NULL,NULL,NULL,NULL,NULL,NULL,NULL,NULL,NULL,NULL,NULL,NULL,NULL,NULL,NULL,NULL,NULL,NULL,NULL,NULL,NULL,NULL,NULL,NULL,NULL,NULL,NULL,NULL,NULL,NULL,NULL,NULL,NULL,NULL,NULL,NULL,NULL,NULL,NULL,NULL,NULL,NULL,NULL,NULL,NULL,NULL,NULL,NULL,NULL,NULL,NULL,NULL,NULL,NULL,NULL,NULL,NULL,NULL,NULL,NULL,NULL,NULL,NULL,NULL,NULL,NULL,NULL,NULL,NULL,NULL,NULL,NULL,NULL,NULL,NULL,NULL,NULL,NULL,NULL,NULL,NULL,NULL,NULL,NULL,NULL,NULL,NULL,NULL,NULL,NULL,NULL,NULL,NULL,NULL,NULL,NULL,NULL,NULL,NULL,NULL,NULL,NULL,NULL,NULL,NULL,NULL,NULL,NULL,NULL,NULL,NULL,NULL,NULL,NULL,NULL,NULL,NULL,NULL,NULL,NULL,NULL,NULL,NULL,NULL,NULL,NULL,NULL,NULL,NULL,NULL,NULL,NULL,NULL,NULL,NULL,NULL,NULL,NULL,NULL,NULL,NULL,NULL,NULL,NULL,NULL,NULL,NULL,NULL,NULL,NULL,NULL,NULL,NULL,NULL,NULL,NULL,NULL,NULL,NULL,NULL,NULL,NULL,NULL,NULL,NULL,NULL,NULL,NULL,NULL,NULL,NULL,NULL,NULL,NULL,NULL,NULL,NULL,NULL,NULL,NULL,NULL,NULL,NULL,NULL,NULL,NULL,NULL,NULL,NULL,NULL,NULL,NULL,NULL,NULL,NULL,NULL,NULL,NULL,NULL,NULL,NULL,NULL,NULL,NULL,NULL,NULL,NULL,NULL,NULL,NULL,NULL,NULL,NULL,NULL,NULL,NULL,NULL,NULL,NULL,NULL,NULL,NULL,NULL,NULL,NULL,NULL,NULL,NULL,NULL,NULL,NULL,NULL,NULL,NULL,NULL,NULL,NULL,NULL,NULL,NULL,NULL,NULL,NULL,NULL,NULL,NULL,NULL,NULL,NULL,NULL,NULL,NULL,NULL,NULL,NULL,NULL,NULL,NULL,NULL,NULL,NULL,NULL,NULL,NULL,NULL,NULL,NULL,NULL,NULL,NULL,NULL,NULL,NULL,NULL,NULL,NULL,NULL,NULL,NULL,NULL,NULL,NULL,NULL,NULL,NULL,NULL,NULL,NULL,NULL,NULL,NULL,NULL,NULL,NULL,NULL,NULL,NULL,NULL,NULL,NULL,NULL,NULL,NULL,NULL,NULL,NULL,NULL,NULL,NULL,NULL),(57,6,0,NULL,NULL,NULL,NULL,NULL,NULL,NULL,NULL,NULL,NULL,NULL,NULL,NULL,NULL,NULL,NULL,NULL,NULL,NULL,NULL,NULL,NULL,NULL,NULL,NULL,NULL,NULL,NULL,NULL,NULL,NULL,NULL,NULL,NULL,NULL,NULL,NULL,NULL,NULL,NULL,NULL,NULL,NULL,NULL,NULL,NULL,NULL,NULL,NULL,NULL,NULL,NULL,NULL,NULL,NULL,NULL,NULL,NULL,NULL,NULL,NULL,NULL,NULL,NULL,NULL,NULL,NULL,NULL,NULL,NULL,NULL,NULL,NULL,NULL,NULL,NULL,NULL,NULL,NULL,NULL,NULL,NULL,NULL,NULL,NULL,NULL,NULL,NULL,NULL,NULL,NULL,NULL,NULL,NULL,NULL,NULL,NULL,NULL,NULL,NULL,NULL,NULL,NULL,NULL,NULL,NULL,NULL,NULL,NULL,NULL,NULL,NULL,NULL,NULL,NULL,NULL,NULL,NULL,NULL,NULL,NULL,NULL,NULL,NULL,NULL,NULL,NULL,NULL,NULL,NULL,NULL,NULL,NULL,NULL,NULL,NULL,NULL,NULL,NULL,NULL,NULL,NULL,NULL,NULL,NULL,NULL,NULL,NULL,NULL,NULL,NULL,NULL,NULL,NULL,NULL,NULL,NULL,NULL,NULL,NULL,NULL,NULL,NULL,NULL,NULL,NULL,NULL,NULL,NULL,NULL,NULL,NULL,NULL,NULL,NULL,NULL,NULL,NULL,NULL,NULL,NULL,NULL,NULL,NULL,NULL,NULL,NULL,NULL,NULL,NULL,NULL,NULL,NULL,NULL,NULL,NULL,NULL,NULL,NULL,NULL,NULL,NULL,NULL,NULL,NULL,NULL,NULL,NULL,NULL,NULL,NULL,NULL,NULL,NULL,NULL,NULL,NULL,NULL,NULL,NULL,NULL,NULL,NULL,NULL,NULL,NULL,NULL,NULL,NULL,NULL,NULL,NULL,NULL,NULL,NULL,NULL,NULL,NULL,NULL,NULL,NULL,NULL,NULL,NULL,NULL,NULL,NULL,NULL,NULL,NULL,NULL,NULL,NULL,NULL,NULL,NULL,NULL,NULL,NULL,NULL,NULL,NULL,NULL,NULL,NULL,NULL,NULL,NULL,NULL,NULL,NULL,NULL,NULL,NULL,NULL,NULL,NULL,NULL,NULL,NULL,NULL,NULL,NULL,NULL,NULL,NULL,NULL,NULL,NULL,NULL,NULL,NULL,NULL,NULL,NULL,NULL,NULL,NULL,NULL,NULL,NULL,NULL,NULL,NULL,NULL,NULL,NULL,NULL,NULL,NULL,NULL,NULL,NULL,NULL,NULL,NULL,NULL,NULL,NULL,NULL,NULL,NULL,NULL,NULL),(58,6,0,NULL,NULL,NULL,NULL,NULL,NULL,NULL,NULL,NULL,NULL,NULL,NULL,NULL,NULL,NULL,NULL,NULL,NULL,NULL,NULL,NULL,NULL,NULL,NULL,NULL,NULL,NULL,NULL,NULL,NULL,NULL,NULL,NULL,NULL,NULL,NULL,NULL,NULL,NULL,NULL,NULL,NULL,NULL,NULL,NULL,NULL,NULL,NULL,NULL,NULL,NULL,NULL,NULL,NULL,NULL,NULL,NULL,NULL,NULL,NULL,NULL,NULL,NULL,NULL,NULL,NULL,NULL,NULL,NULL,NULL,NULL,NULL,NULL,NULL,NULL,NULL,NULL,NULL,NULL,NULL,NULL,NULL,NULL,NULL,NULL,NULL,NULL,NULL,NULL,NULL,NULL,NULL,NULL,NULL,NULL,NULL,NULL,NULL,NULL,NULL,NULL,NULL,NULL,NULL,NULL,NULL,NULL,NULL,NULL,NULL,NULL,NULL,NULL,NULL,NULL,NULL,NULL,NULL,NULL,NULL,NULL,NULL,NULL,NULL,NULL,NULL,NULL,NULL,NULL,NULL,NULL,NULL,NULL,NULL,NULL,NULL,NULL,NULL,NULL,NULL,NULL,NULL,NULL,NULL,NULL,NULL,NULL,NULL,NULL,NULL,NULL,NULL,NULL,NULL,NULL,NULL,NULL,NULL,NULL,NULL,NULL,NULL,NULL,NULL,NULL,NULL,NULL,NULL,NULL,NULL,NULL,NULL,NULL,NULL,NULL,NULL,NULL,NULL,NULL,NULL,NULL,NULL,NULL,NULL,NULL,NULL,NULL,NULL,NULL,NULL,NULL,NULL,NULL,NULL,NULL,NULL,NULL,NULL,NULL,NULL,NULL,NULL,NULL,NULL,NULL,NULL,NULL,NULL,NULL,NULL,NULL,NULL,NULL,NULL,NULL,NULL,NULL,NULL,NULL,NULL,NULL,NULL,NULL,NULL,NULL,NULL,NULL,NULL,NULL,NULL,NULL,NULL,NULL,NULL,NULL,NULL,NULL,NULL,NULL,NULL,NULL,NULL,NULL,NULL,NULL,NULL,NULL,NULL,NULL,NULL,NULL,NULL,NULL,NULL,NULL,NULL,NULL,NULL,NULL,NULL,NULL,NULL,NULL,NULL,NULL,NULL,NULL,NULL,NULL,NULL,NULL,NULL,NULL,NULL,NULL,NULL,NULL,NULL,NULL,NULL,NULL,NULL,NULL,NULL,NULL,NULL,NULL,NULL,NULL,NULL,NULL,NULL,NULL,NULL,NULL,NULL,NULL,NULL,NULL,NULL,NULL,NULL,NULL,NULL,NULL,NULL,NULL,NULL,NULL,NULL,NULL,NULL,NULL,NULL,NULL,NULL,NULL,NULL,NULL,NULL,NULL,NULL,NULL,NULL),(59,6,0,NULL,NULL,NULL,NULL,NULL,NULL,NULL,NULL,NULL,NULL,NULL,NULL,NULL,NULL,NULL,NULL,NULL,NULL,NULL,NULL,NULL,NULL,NULL,NULL,NULL,NULL,NULL,NULL,NULL,NULL,NULL,NULL,NULL,NULL,NULL,NULL,NULL,NULL,NULL,NULL,NULL,NULL,NULL,NULL,NULL,NULL,NULL,NULL,NULL,NULL,NULL,NULL,NULL,NULL,NULL,NULL,NULL,NULL,NULL,NULL,NULL,NULL,NULL,NULL,NULL,NULL,NULL,NULL,NULL,NULL,NULL,NULL,NULL,NULL,NULL,NULL,NULL,NULL,NULL,NULL,NULL,NULL,NULL,NULL,NULL,NULL,NULL,NULL,NULL,NULL,NULL,NULL,NULL,NULL,NULL,NULL,NULL,NULL,NULL,NULL,NULL,NULL,NULL,NULL,NULL,NULL,NULL,NULL,NULL,NULL,NULL,NULL,NULL,NULL,NULL,NULL,NULL,NULL,NULL,NULL,NULL,NULL,NULL,NULL,NULL,NULL,NULL,NULL,NULL,NULL,NULL,NULL,NULL,NULL,NULL,NULL,NULL,NULL,NULL,NULL,NULL,NULL,NULL,NULL,NULL,NULL,NULL,NULL,NULL,NULL,NULL,NULL,NULL,NULL,NULL,NULL,NULL,NULL,NULL,NULL,NULL,NULL,NULL,NULL,NULL,NULL,NULL,NULL,NULL,NULL,NULL,NULL,NULL,NULL,NULL,NULL,NULL,NULL,NULL,NULL,NULL,NULL,NULL,NULL,NULL,NULL,NULL,NULL,NULL,NULL,NULL,NULL,NULL,NULL,NULL,NULL,NULL,NULL,NULL,NULL,NULL,NULL,NULL,NULL,NULL,NULL,NULL,NULL,NULL,NULL,NULL,NULL,NULL,NULL,NULL,NULL,NULL,NULL,NULL,NULL,NULL,NULL,NULL,NULL,NULL,NULL,NULL,NULL,NULL,NULL,NULL,NULL,NULL,NULL,NULL,NULL,NULL,NULL,NULL,NULL,NULL,NULL,NULL,NULL,NULL,NULL,NULL,NULL,NULL,NULL,NULL,NULL,NULL,NULL,NULL,NULL,NULL,NULL,NULL,NULL,NULL,NULL,NULL,NULL,NULL,NULL,NULL,NULL,NULL,NULL,NULL,NULL,NULL,NULL,NULL,NULL,NULL,NULL,NULL,NULL,NULL,NULL,NULL,NULL,NULL,NULL,NULL,NULL,NULL,NULL,NULL,NULL,NULL,NULL,NULL,NULL,NULL,NULL,NULL,NULL,NULL,NULL,NULL,NULL,NULL,NULL,NULL,NULL,NULL,NULL,NULL,NULL,NULL,NULL,NULL,NULL,NULL,NULL,NULL,NULL,NULL,NULL,NULL,NULL),(60,6,0,NULL,NULL,NULL,NULL,NULL,NULL,NULL,NULL,NULL,NULL,NULL,NULL,NULL,NULL,NULL,NULL,NULL,NULL,NULL,NULL,NULL,NULL,NULL,NULL,NULL,NULL,NULL,NULL,NULL,NULL,NULL,NULL,NULL,NULL,NULL,NULL,NULL,NULL,NULL,NULL,NULL,NULL,NULL,NULL,NULL,NULL,NULL,NULL,NULL,NULL,NULL,NULL,NULL,NULL,NULL,NULL,NULL,NULL,NULL,NULL,NULL,NULL,NULL,NULL,NULL,NULL,NULL,NULL,NULL,NULL,NULL,NULL,NULL,NULL,NULL,NULL,NULL,NULL,NULL,NULL,NULL,NULL,NULL,NULL,NULL,NULL,NULL,NULL,NULL,NULL,NULL,NULL,NULL,NULL,NULL,NULL,NULL,NULL,NULL,NULL,NULL,NULL,NULL,NULL,NULL,NULL,NULL,NULL,NULL,NULL,NULL,NULL,NULL,NULL,NULL,NULL,NULL,NULL,NULL,NULL,NULL,NULL,NULL,NULL,NULL,NULL,NULL,NULL,NULL,NULL,NULL,NULL,NULL,NULL,NULL,NULL,NULL,NULL,NULL,NULL,NULL,NULL,NULL,NULL,NULL,NULL,NULL,NULL,NULL,NULL,NULL,NULL,NULL,NULL,NULL,NULL,NULL,NULL,NULL,NULL,NULL,NULL,NULL,NULL,NULL,NULL,NULL,NULL,NULL,NULL,NULL,NULL,NULL,NULL,NULL,NULL,NULL,NULL,NULL,NULL,NULL,NULL,NULL,NULL,NULL,NULL,NULL,NULL,NULL,NULL,NULL,NULL,NULL,NULL,NULL,NULL,NULL,NULL,NULL,NULL,NULL,NULL,NULL,NULL,NULL,NULL,NULL,NULL,NULL,NULL,NULL,NULL,NULL,NULL,NULL,NULL,NULL,NULL,NULL,NULL,NULL,NULL,NULL,NULL,NULL,NULL,NULL,NULL,NULL,NULL,NULL,NULL,NULL,NULL,NULL,NULL,NULL,NULL,NULL,NULL,NULL,NULL,NULL,NULL,NULL,NULL,NULL,NULL,NULL,NULL,NULL,NULL,NULL,NULL,NULL,NULL,NULL,NULL,NULL,NULL,NULL,NULL,NULL,NULL,NULL,NULL,NULL,NULL,NULL,NULL,NULL,NULL,NULL,NULL,NULL,NULL,NULL,NULL,NULL,NULL,NULL,NULL,NULL,NULL,NULL,NULL,NULL,NULL,NULL,NULL,NULL,NULL,NULL,NULL,NULL,NULL,NULL,NULL,NULL,NULL,NULL,NULL,NULL,NULL,NULL,NULL,NULL,NULL,NULL,NULL,NULL,NULL,NULL,NULL,NULL,NULL,NULL,NULL,NULL,NULL,NULL,NULL,NULL,NULL),(61,6,0,NULL,NULL,NULL,NULL,NULL,NULL,NULL,NULL,NULL,NULL,NULL,NULL,NULL,NULL,NULL,NULL,NULL,NULL,NULL,NULL,NULL,NULL,NULL,NULL,NULL,NULL,NULL,NULL,NULL,NULL,NULL,NULL,NULL,NULL,NULL,NULL,NULL,NULL,NULL,NULL,NULL,NULL,NULL,NULL,NULL,NULL,NULL,NULL,NULL,NULL,NULL,NULL,NULL,NULL,NULL,NULL,NULL,NULL,NULL,NULL,NULL,NULL,NULL,NULL,NULL,NULL,NULL,NULL,NULL,NULL,NULL,NULL,NULL,NULL,NULL,NULL,NULL,NULL,NULL,NULL,NULL,NULL,NULL,NULL,NULL,NULL,NULL,NULL,NULL,NULL,NULL,NULL,NULL,NULL,NULL,NULL,NULL,NULL,NULL,NULL,NULL,NULL,NULL,NULL,NULL,NULL,NULL,NULL,NULL,NULL,NULL,NULL,NULL,NULL,NULL,NULL,NULL,NULL,NULL,NULL,NULL,NULL,NULL,NULL,NULL,NULL,NULL,NULL,NULL,NULL,NULL,NULL,NULL,NULL,NULL,NULL,NULL,NULL,NULL,NULL,NULL,NULL,NULL,NULL,NULL,NULL,NULL,NULL,NULL,NULL,NULL,NULL,NULL,NULL,NULL,NULL,NULL,NULL,NULL,NULL,NULL,NULL,NULL,NULL,NULL,NULL,NULL,NULL,NULL,NULL,NULL,NULL,NULL,NULL,NULL,NULL,NULL,NULL,NULL,NULL,NULL,NULL,NULL,NULL,NULL,NULL,NULL,NULL,NULL,NULL,NULL,NULL,NULL,NULL,NULL,NULL,NULL,NULL,NULL,NULL,NULL,NULL,NULL,NULL,NULL,NULL,NULL,NULL,NULL,NULL,NULL,NULL,NULL,NULL,NULL,NULL,NULL,NULL,NULL,NULL,NULL,NULL,NULL,NULL,NULL,NULL,NULL,NULL,NULL,NULL,NULL,NULL,NULL,NULL,NULL,NULL,NULL,NULL,NULL,NULL,NULL,NULL,NULL,NULL,NULL,NULL,NULL,NULL,NULL,NULL,NULL,NULL,NULL,NULL,NULL,NULL,NULL,NULL,NULL,NULL,NULL,NULL,NULL,NULL,NULL,NULL,NULL,NULL,NULL,NULL,NULL,NULL,NULL,NULL,NULL,NULL,NULL,NULL,NULL,NULL,NULL,NULL,NULL,NULL,NULL,NULL,NULL,NULL,NULL,NULL,NULL,NULL,NULL,NULL,NULL,NULL,NULL,NULL,NULL,NULL,NULL,NULL,NULL,NULL,NULL,NULL,NULL,NULL,NULL,NULL,NULL,NULL,NULL,NULL,NULL,NULL,NULL,NULL,NULL,NULL,NULL,NULL,NULL,NULL),(62,6,0,NULL,NULL,NULL,NULL,NULL,NULL,NULL,NULL,NULL,NULL,NULL,NULL,NULL,NULL,NULL,NULL,NULL,NULL,NULL,NULL,NULL,NULL,NULL,NULL,NULL,NULL,NULL,NULL,NULL,NULL,NULL,NULL,NULL,NULL,NULL,NULL,NULL,NULL,NULL,NULL,NULL,NULL,NULL,NULL,NULL,NULL,NULL,NULL,NULL,NULL,NULL,NULL,NULL,NULL,NULL,NULL,NULL,NULL,NULL,NULL,NULL,NULL,NULL,NULL,NULL,NULL,NULL,NULL,NULL,NULL,NULL,NULL,NULL,NULL,NULL,NULL,NULL,NULL,NULL,NULL,NULL,NULL,NULL,NULL,NULL,NULL,NULL,NULL,NULL,NULL,NULL,NULL,NULL,NULL,NULL,NULL,NULL,NULL,NULL,NULL,NULL,NULL,NULL,NULL,NULL,NULL,NULL,NULL,NULL,NULL,NULL,NULL,NULL,NULL,NULL,NULL,NULL,NULL,NULL,NULL,NULL,NULL,NULL,NULL,NULL,NULL,NULL,NULL,NULL,NULL,NULL,NULL,NULL,NULL,NULL,NULL,NULL,NULL,NULL,NULL,NULL,NULL,NULL,NULL,NULL,NULL,NULL,NULL,NULL,NULL,NULL,NULL,NULL,NULL,NULL,NULL,NULL,NULL,NULL,NULL,NULL,NULL,NULL,NULL,NULL,NULL,NULL,NULL,NULL,NULL,NULL,NULL,NULL,NULL,NULL,NULL,NULL,NULL,NULL,NULL,NULL,NULL,NULL,NULL,NULL,NULL,NULL,NULL,NULL,NULL,NULL,NULL,NULL,NULL,NULL,NULL,NULL,NULL,NULL,NULL,NULL,NULL,NULL,NULL,NULL,NULL,NULL,NULL,NULL,NULL,NULL,NULL,NULL,NULL,NULL,NULL,NULL,NULL,NULL,NULL,NULL,NULL,NULL,NULL,NULL,NULL,NULL,NULL,NULL,NULL,NULL,NULL,NULL,NULL,NULL,NULL,NULL,NULL,NULL,NULL,NULL,NULL,NULL,NULL,NULL,NULL,NULL,NULL,NULL,NULL,NULL,NULL,NULL,NULL,NULL,NULL,NULL,NULL,NULL,NULL,NULL,NULL,NULL,NULL,NULL,NULL,NULL,NULL,NULL,NULL,NULL,NULL,NULL,NULL,NULL,NULL,NULL,NULL,NULL,NULL,NULL,NULL,NULL,NULL,NULL,NULL,NULL,NULL,NULL,NULL,NULL,NULL,NULL,NULL,NULL,NULL,NULL,NULL,NULL,NULL,NULL,NULL,NULL,NULL,NULL,NULL,NULL,NULL,NULL,NULL,NULL,NULL,NULL,NULL,NULL,NULL,NULL,NULL,NULL,NULL,NULL,NULL,NULL,NULL),(63,6,0,NULL,NULL,NULL,NULL,NULL,NULL,NULL,NULL,NULL,NULL,NULL,NULL,NULL,NULL,NULL,NULL,NULL,NULL,NULL,NULL,NULL,NULL,NULL,NULL,NULL,NULL,NULL,NULL,NULL,NULL,NULL,NULL,NULL,NULL,NULL,NULL,NULL,NULL,NULL,NULL,NULL,NULL,NULL,NULL,NULL,NULL,NULL,NULL,NULL,NULL,NULL,NULL,NULL,NULL,NULL,NULL,NULL,NULL,NULL,NULL,NULL,NULL,NULL,NULL,NULL,NULL,NULL,NULL,NULL,NULL,NULL,NULL,NULL,NULL,NULL,NULL,NULL,NULL,NULL,NULL,NULL,NULL,NULL,NULL,NULL,NULL,NULL,NULL,NULL,NULL,NULL,NULL,NULL,NULL,NULL,NULL,NULL,NULL,NULL,NULL,NULL,NULL,NULL,NULL,NULL,NULL,NULL,NULL,NULL,NULL,NULL,NULL,NULL,NULL,NULL,NULL,NULL,NULL,NULL,NULL,NULL,NULL,NULL,NULL,NULL,NULL,NULL,NULL,NULL,NULL,NULL,NULL,NULL,NULL,NULL,NULL,NULL,NULL,NULL,NULL,NULL,NULL,NULL,NULL,NULL,NULL,NULL,NULL,NULL,NULL,NULL,NULL,NULL,NULL,NULL,NULL,NULL,NULL,NULL,NULL,NULL,NULL,NULL,NULL,NULL,NULL,NULL,NULL,NULL,NULL,NULL,NULL,NULL,NULL,NULL,NULL,NULL,NULL,NULL,NULL,NULL,NULL,NULL,NULL,NULL,NULL,NULL,NULL,NULL,NULL,NULL,NULL,NULL,NULL,NULL,NULL,NULL,NULL,NULL,NULL,NULL,NULL,NULL,NULL,NULL,NULL,NULL,NULL,NULL,NULL,NULL,NULL,NULL,NULL,NULL,NULL,NULL,NULL,NULL,NULL,NULL,NULL,NULL,NULL,NULL,NULL,NULL,NULL,NULL,NULL,NULL,NULL,NULL,NULL,NULL,NULL,NULL,NULL,NULL,NULL,NULL,NULL,NULL,NULL,NULL,NULL,NULL,NULL,NULL,NULL,NULL,NULL,NULL,NULL,NULL,NULL,NULL,NULL,NULL,NULL,NULL,NULL,NULL,NULL,NULL,NULL,NULL,NULL,NULL,NULL,NULL,NULL,NULL,NULL,NULL,NULL,NULL,NULL,NULL,NULL,NULL,NULL,NULL,NULL,NULL,NULL,NULL,NULL,NULL,NULL,NULL,NULL,NULL,NULL,NULL,NULL,NULL,NULL,NULL,NULL,NULL,NULL,NULL,NULL,NULL,NULL,NULL,NULL,NULL,NULL,NULL,NULL,NULL,NULL,NULL,NULL,NULL,NULL,NULL,NULL,NULL,NULL,NULL,NULL),(64,6,0,NULL,NULL,NULL,NULL,NULL,NULL,NULL,NULL,NULL,NULL,NULL,NULL,NULL,NULL,NULL,NULL,NULL,NULL,NULL,NULL,NULL,NULL,NULL,NULL,NULL,NULL,NULL,NULL,NULL,NULL,NULL,NULL,NULL,NULL,NULL,NULL,NULL,NULL,NULL,NULL,NULL,NULL,NULL,NULL,NULL,NULL,NULL,NULL,NULL,NULL,NULL,NULL,NULL,NULL,NULL,NULL,NULL,NULL,NULL,NULL,NULL,NULL,NULL,NULL,NULL,NULL,NULL,NULL,NULL,NULL,NULL,NULL,NULL,NULL,NULL,NULL,NULL,NULL,NULL,NULL,NULL,NULL,NULL,NULL,NULL,NULL,NULL,NULL,NULL,NULL,NULL,NULL,NULL,NULL,NULL,NULL,NULL,NULL,NULL,NULL,NULL,NULL,NULL,NULL,NULL,NULL,NULL,NULL,NULL,NULL,NULL,NULL,NULL,NULL,NULL,NULL,NULL,NULL,NULL,NULL,NULL,NULL,NULL,NULL,NULL,NULL,NULL,NULL,NULL,NULL,NULL,NULL,NULL,NULL,NULL,NULL,NULL,NULL,NULL,NULL,NULL,NULL,NULL,NULL,NULL,NULL,NULL,NULL,NULL,NULL,NULL,NULL,NULL,NULL,NULL,NULL,NULL,NULL,NULL,NULL,NULL,NULL,NULL,NULL,NULL,NULL,NULL,NULL,NULL,NULL,NULL,NULL,NULL,NULL,NULL,NULL,NULL,NULL,NULL,NULL,NULL,NULL,NULL,NULL,NULL,NULL,NULL,NULL,NULL,NULL,NULL,NULL,NULL,NULL,NULL,NULL,NULL,NULL,NULL,NULL,NULL,NULL,NULL,NULL,NULL,NULL,NULL,NULL,NULL,NULL,NULL,NULL,NULL,NULL,NULL,NULL,NULL,NULL,NULL,NULL,NULL,NULL,NULL,NULL,NULL,NULL,NULL,NULL,NULL,NULL,NULL,NULL,NULL,NULL,NULL,NULL,NULL,NULL,NULL,NULL,NULL,NULL,NULL,NULL,NULL,NULL,NULL,NULL,NULL,NULL,NULL,NULL,NULL,NULL,NULL,NULL,NULL,NULL,NULL,NULL,NULL,NULL,NULL,NULL,NULL,NULL,NULL,NULL,NULL,NULL,NULL,NULL,NULL,NULL,NULL,NULL,NULL,NULL,NULL,NULL,NULL,NULL,NULL,NULL,NULL,NULL,NULL,NULL,NULL,NULL,NULL,NULL,NULL,NULL,NULL,NULL,NULL,NULL,NULL,NULL,NULL,NULL,NULL,NULL,NULL,NULL,NULL,NULL,NULL,NULL,NULL,NULL,NULL,NULL,NULL,NULL,NULL,NULL,NULL,NULL,NULL,NULL,NULL,NULL),(65,6,0,NULL,NULL,NULL,NULL,NULL,NULL,NULL,NULL,NULL,NULL,NULL,NULL,NULL,NULL,NULL,NULL,NULL,NULL,NULL,NULL,NULL,NULL,NULL,NULL,NULL,NULL,NULL,NULL,NULL,NULL,NULL,NULL,NULL,NULL,NULL,NULL,NULL,NULL,NULL,NULL,NULL,NULL,NULL,NULL,NULL,NULL,NULL,NULL,NULL,NULL,NULL,NULL,NULL,NULL,NULL,NULL,NULL,NULL,NULL,NULL,NULL,NULL,NULL,NULL,NULL,NULL,NULL,NULL,NULL,NULL,NULL,NULL,NULL,NULL,NULL,NULL,NULL,NULL,NULL,NULL,NULL,NULL,NULL,NULL,NULL,NULL,NULL,NULL,NULL,NULL,NULL,NULL,NULL,NULL,NULL,NULL,NULL,NULL,NULL,NULL,NULL,NULL,NULL,NULL,NULL,NULL,NULL,NULL,NULL,NULL,NULL,NULL,NULL,NULL,NULL,NULL,NULL,NULL,NULL,NULL,NULL,NULL,NULL,NULL,NULL,NULL,NULL,NULL,NULL,NULL,NULL,NULL,NULL,NULL,NULL,NULL,NULL,NULL,NULL,NULL,NULL,NULL,NULL,NULL,NULL,NULL,NULL,NULL,NULL,NULL,NULL,NULL,NULL,NULL,NULL,NULL,NULL,NULL,NULL,NULL,NULL,NULL,NULL,NULL,NULL,NULL,NULL,NULL,NULL,NULL,NULL,NULL,NULL,NULL,NULL,NULL,NULL,NULL,NULL,NULL,NULL,NULL,NULL,NULL,NULL,NULL,NULL,NULL,NULL,NULL,NULL,NULL,NULL,NULL,NULL,NULL,NULL,NULL,NULL,NULL,NULL,NULL,NULL,NULL,NULL,NULL,NULL,NULL,NULL,NULL,NULL,NULL,NULL,NULL,NULL,NULL,NULL,NULL,NULL,NULL,NULL,NULL,NULL,NULL,NULL,NULL,NULL,NULL,NULL,NULL,NULL,NULL,NULL,NULL,NULL,NULL,NULL,NULL,NULL,NULL,NULL,NULL,NULL,NULL,NULL,NULL,NULL,NULL,NULL,NULL,NULL,NULL,NULL,NULL,NULL,NULL,NULL,NULL,NULL,NULL,NULL,NULL,NULL,NULL,NULL,NULL,NULL,NULL,NULL,NULL,NULL,NULL,NULL,NULL,NULL,NULL,NULL,NULL,NULL,NULL,NULL,NULL,NULL,NULL,NULL,NULL,NULL,NULL,NULL,NULL,NULL,NULL,NULL,NULL,NULL,NULL,NULL,NULL,NULL,NULL,NULL,NULL,NULL,NULL,NULL,NULL,NULL,NULL,NULL,NULL,NULL,NULL,NULL,NULL,NULL,NULL,NULL,NULL,NULL,NULL,NULL,NULL,NULL,NULL),(66,6,0,NULL,NULL,NULL,NULL,NULL,NULL,NULL,NULL,NULL,NULL,NULL,NULL,NULL,NULL,NULL,NULL,NULL,NULL,NULL,NULL,NULL,NULL,NULL,NULL,NULL,NULL,NULL,NULL,NULL,NULL,NULL,NULL,NULL,NULL,NULL,NULL,NULL,NULL,NULL,NULL,NULL,NULL,NULL,NULL,NULL,NULL,NULL,NULL,NULL,NULL,NULL,NULL,NULL,NULL,NULL,NULL,NULL,NULL,NULL,NULL,NULL,NULL,NULL,NULL,NULL,NULL,NULL,NULL,NULL,NULL,NULL,NULL,NULL,NULL,NULL,NULL,NULL,NULL,NULL,NULL,NULL,NULL,NULL,NULL,NULL,NULL,NULL,NULL,NULL,NULL,NULL,NULL,NULL,NULL,NULL,NULL,NULL,NULL,NULL,NULL,NULL,NULL,NULL,NULL,NULL,NULL,NULL,NULL,NULL,NULL,NULL,NULL,NULL,NULL,NULL,NULL,NULL,NULL,NULL,NULL,NULL,NULL,NULL,NULL,NULL,NULL,NULL,NULL,NULL,NULL,NULL,NULL,NULL,NULL,NULL,NULL,NULL,NULL,NULL,NULL,NULL,NULL,NULL,NULL,NULL,NULL,NULL,NULL,NULL,NULL,NULL,NULL,NULL,NULL,NULL,NULL,NULL,NULL,NULL,NULL,NULL,NULL,NULL,NULL,NULL,NULL,NULL,NULL,NULL,NULL,NULL,NULL,NULL,NULL,NULL,NULL,NULL,NULL,NULL,NULL,NULL,NULL,NULL,NULL,NULL,NULL,NULL,NULL,NULL,NULL,NULL,NULL,NULL,NULL,NULL,NULL,NULL,NULL,NULL,NULL,NULL,NULL,NULL,NULL,NULL,NULL,NULL,NULL,NULL,NULL,NULL,NULL,NULL,NULL,NULL,NULL,NULL,NULL,NULL,NULL,NULL,NULL,NULL,NULL,NULL,NULL,NULL,NULL,NULL,NULL,NULL,NULL,NULL,NULL,NULL,NULL,NULL,NULL,NULL,NULL,NULL,NULL,NULL,NULL,NULL,NULL,NULL,NULL,NULL,NULL,NULL,NULL,NULL,NULL,NULL,NULL,NULL,NULL,NULL,NULL,NULL,NULL,NULL,NULL,NULL,NULL,NULL,NULL,NULL,NULL,NULL,NULL,NULL,NULL,NULL,NULL,NULL,NULL,NULL,NULL,NULL,NULL,NULL,NULL,NULL,NULL,NULL,NULL,NULL,NULL,NULL,NULL,NULL,NULL,NULL,NULL,NULL,NULL,NULL,NULL,NULL,NULL,NULL,NULL,NULL,NULL,NULL,NULL,NULL,NULL,NULL,NULL,NULL,NULL,NULL,NULL,NULL,NULL,NULL,NULL,NULL,NULL,NULL,NULL),(67,6,0,NULL,NULL,NULL,NULL,NULL,NULL,NULL,NULL,NULL,NULL,NULL,NULL,NULL,NULL,NULL,NULL,NULL,NULL,NULL,NULL,NULL,NULL,NULL,NULL,NULL,NULL,NULL,NULL,NULL,NULL,NULL,NULL,NULL,NULL,NULL,NULL,NULL,NULL,NULL,NULL,NULL,NULL,NULL,NULL,NULL,NULL,NULL,NULL,NULL,NULL,NULL,NULL,NULL,NULL,NULL,NULL,NULL,NULL,NULL,NULL,NULL,NULL,NULL,NULL,NULL,NULL,NULL,NULL,NULL,NULL,NULL,NULL,NULL,NULL,NULL,NULL,NULL,NULL,NULL,NULL,NULL,NULL,NULL,NULL,NULL,NULL,NULL,NULL,NULL,NULL,NULL,NULL,NULL,NULL,NULL,NULL,NULL,NULL,NULL,NULL,NULL,NULL,NULL,NULL,NULL,NULL,NULL,NULL,NULL,NULL,NULL,NULL,NULL,NULL,NULL,NULL,NULL,NULL,NULL,NULL,NULL,NULL,NULL,NULL,NULL,NULL,NULL,NULL,NULL,NULL,NULL,NULL,NULL,NULL,NULL,NULL,NULL,NULL,NULL,NULL,NULL,NULL,NULL,NULL,NULL,NULL,NULL,NULL,NULL,NULL,NULL,NULL,NULL,NULL,NULL,NULL,NULL,NULL,NULL,NULL,NULL,NULL,NULL,NULL,NULL,NULL,NULL,NULL,NULL,NULL,NULL,NULL,NULL,NULL,NULL,NULL,NULL,NULL,NULL,NULL,NULL,NULL,NULL,NULL,NULL,NULL,NULL,NULL,NULL,NULL,NULL,NULL,NULL,NULL,NULL,NULL,NULL,NULL,NULL,NULL,NULL,NULL,NULL,NULL,NULL,NULL,NULL,NULL,NULL,NULL,NULL,NULL,NULL,NULL,NULL,NULL,NULL,NULL,NULL,NULL,NULL,NULL,NULL,NULL,NULL,NULL,NULL,NULL,NULL,NULL,NULL,NULL,NULL,NULL,NULL,NULL,NULL,NULL,NULL,NULL,NULL,NULL,NULL,NULL,NULL,NULL,NULL,NULL,NULL,NULL,NULL,NULL,NULL,NULL,NULL,NULL,NULL,NULL,NULL,NULL,NULL,NULL,NULL,NULL,NULL,NULL,NULL,NULL,NULL,NULL,NULL,NULL,NULL,NULL,NULL,NULL,NULL,NULL,NULL,NULL,NULL,NULL,NULL,NULL,NULL,NULL,NULL,NULL,NULL,NULL,NULL,NULL,NULL,NULL,NULL,NULL,NULL,NULL,NULL,NULL,NULL,NULL,NULL,NULL,NULL,NULL,NULL,NULL,NULL,NULL,NULL,NULL,NULL,NULL,NULL,NULL,NULL,NULL,NULL,NULL,NULL,NULL,NULL,NULL),(68,6,0,NULL,NULL,NULL,NULL,NULL,NULL,NULL,NULL,NULL,NULL,NULL,NULL,NULL,NULL,NULL,NULL,NULL,NULL,NULL,NULL,NULL,NULL,NULL,NULL,NULL,NULL,NULL,NULL,NULL,NULL,NULL,NULL,NULL,NULL,NULL,NULL,NULL,NULL,NULL,NULL,NULL,NULL,NULL,NULL,NULL,NULL,NULL,NULL,NULL,NULL,NULL,NULL,NULL,NULL,NULL,NULL,NULL,NULL,NULL,NULL,NULL,NULL,NULL,NULL,NULL,NULL,NULL,NULL,NULL,NULL,NULL,NULL,NULL,NULL,NULL,NULL,NULL,NULL,NULL,NULL,NULL,NULL,NULL,NULL,NULL,NULL,NULL,NULL,NULL,NULL,NULL,NULL,NULL,NULL,NULL,NULL,NULL,NULL,NULL,NULL,NULL,NULL,NULL,NULL,NULL,NULL,NULL,NULL,NULL,NULL,NULL,NULL,NULL,NULL,NULL,NULL,NULL,NULL,NULL,NULL,NULL,NULL,NULL,NULL,NULL,NULL,NULL,NULL,NULL,NULL,NULL,NULL,NULL,NULL,NULL,NULL,NULL,NULL,NULL,NULL,NULL,NULL,NULL,NULL,NULL,NULL,NULL,NULL,NULL,NULL,NULL,NULL,NULL,NULL,NULL,NULL,NULL,NULL,NULL,NULL,NULL,NULL,NULL,NULL,NULL,NULL,NULL,NULL,NULL,NULL,NULL,NULL,NULL,NULL,NULL,NULL,NULL,NULL,NULL,NULL,NULL,NULL,NULL,NULL,NULL,NULL,NULL,NULL,NULL,NULL,NULL,NULL,NULL,NULL,NULL,NULL,NULL,NULL,NULL,NULL,NULL,NULL,NULL,NULL,NULL,NULL,NULL,NULL,NULL,NULL,NULL,NULL,NULL,NULL,NULL,NULL,NULL,NULL,NULL,NULL,NULL,NULL,NULL,NULL,NULL,NULL,NULL,NULL,NULL,NULL,NULL,NULL,NULL,NULL,NULL,NULL,NULL,NULL,NULL,NULL,NULL,NULL,NULL,NULL,NULL,NULL,NULL,NULL,NULL,NULL,NULL,NULL,NULL,NULL,NULL,NULL,NULL,NULL,NULL,NULL,NULL,NULL,NULL,NULL,NULL,NULL,NULL,NULL,NULL,NULL,NULL,NULL,NULL,NULL,NULL,NULL,NULL,NULL,NULL,NULL,NULL,NULL,NULL,NULL,NULL,NULL,NULL,NULL,NULL,NULL,NULL,NULL,NULL,NULL,NULL,NULL,NULL,NULL,NULL,NULL,NULL,NULL,NULL,NULL,NULL,NULL,NULL,NULL,NULL,NULL,NULL,NULL,NULL,NULL,NULL,NULL,NULL,NULL,NULL,NULL,NULL,NULL,NULL,NULL),(69,6,0,NULL,NULL,NULL,NULL,NULL,NULL,NULL,NULL,NULL,NULL,NULL,NULL,NULL,NULL,NULL,NULL,NULL,NULL,NULL,NULL,NULL,NULL,NULL,NULL,NULL,NULL,NULL,NULL,NULL,NULL,NULL,NULL,NULL,NULL,NULL,NULL,NULL,NULL,NULL,NULL,NULL,NULL,NULL,NULL,NULL,NULL,NULL,NULL,NULL,NULL,NULL,NULL,NULL,NULL,NULL,NULL,NULL,NULL,NULL,NULL,NULL,NULL,NULL,NULL,NULL,NULL,NULL,NULL,NULL,NULL,NULL,NULL,NULL,NULL,NULL,NULL,NULL,NULL,NULL,NULL,NULL,NULL,NULL,NULL,NULL,NULL,NULL,NULL,NULL,NULL,NULL,NULL,NULL,NULL,NULL,NULL,NULL,NULL,NULL,NULL,NULL,NULL,NULL,NULL,NULL,NULL,NULL,NULL,NULL,NULL,NULL,NULL,NULL,NULL,NULL,NULL,NULL,NULL,NULL,NULL,NULL,NULL,NULL,NULL,NULL,NULL,NULL,NULL,NULL,NULL,NULL,NULL,NULL,NULL,NULL,NULL,NULL,NULL,NULL,NULL,NULL,NULL,NULL,NULL,NULL,NULL,NULL,NULL,NULL,NULL,NULL,NULL,NULL,NULL,NULL,NULL,NULL,NULL,NULL,NULL,NULL,NULL,NULL,NULL,NULL,NULL,NULL,NULL,NULL,NULL,NULL,NULL,NULL,NULL,NULL,NULL,NULL,NULL,NULL,NULL,NULL,NULL,NULL,NULL,NULL,NULL,NULL,NULL,NULL,NULL,NULL,NULL,NULL,NULL,NULL,NULL,NULL,NULL,NULL,NULL,NULL,NULL,NULL,NULL,NULL,NULL,NULL,NULL,NULL,NULL,NULL,NULL,NULL,NULL,NULL,NULL,NULL,NULL,NULL,NULL,NULL,NULL,NULL,NULL,NULL,NULL,NULL,NULL,NULL,NULL,NULL,NULL,NULL,NULL,NULL,NULL,NULL,NULL,NULL,NULL,NULL,NULL,NULL,NULL,NULL,NULL,NULL,NULL,NULL,NULL,NULL,NULL,NULL,NULL,NULL,NULL,NULL,NULL,NULL,NULL,NULL,NULL,NULL,NULL,NULL,NULL,NULL,NULL,NULL,NULL,NULL,NULL,NULL,NULL,NULL,NULL,NULL,NULL,NULL,NULL,NULL,NULL,NULL,NULL,NULL,NULL,NULL,NULL,NULL,NULL,NULL,NULL,NULL,NULL,NULL,NULL,NULL,NULL,NULL,NULL,NULL,NULL,NULL,NULL,NULL,NULL,NULL,NULL,NULL,NULL,NULL,NULL,NULL,NULL,NULL,NULL,NULL,NULL,NULL,NULL,NULL,NULL,NULL,NULL),(70,6,0,NULL,NULL,NULL,NULL,NULL,NULL,NULL,NULL,NULL,NULL,NULL,NULL,NULL,NULL,NULL,NULL,NULL,NULL,NULL,NULL,NULL,NULL,NULL,NULL,NULL,NULL,NULL,NULL,NULL,NULL,NULL,NULL,NULL,NULL,NULL,NULL,NULL,NULL,NULL,NULL,NULL,NULL,NULL,NULL,NULL,NULL,NULL,NULL,NULL,NULL,NULL,NULL,NULL,NULL,NULL,NULL,NULL,NULL,NULL,NULL,NULL,NULL,NULL,NULL,NULL,NULL,NULL,NULL,NULL,NULL,NULL,NULL,NULL,NULL,NULL,NULL,NULL,NULL,NULL,NULL,NULL,NULL,NULL,NULL,NULL,NULL,NULL,NULL,NULL,NULL,NULL,NULL,NULL,NULL,NULL,NULL,NULL,NULL,NULL,NULL,NULL,NULL,NULL,NULL,NULL,NULL,NULL,NULL,NULL,NULL,NULL,NULL,NULL,NULL,NULL,NULL,NULL,NULL,NULL,NULL,NULL,NULL,NULL,NULL,NULL,NULL,NULL,NULL,NULL,NULL,NULL,NULL,NULL,NULL,NULL,NULL,NULL,NULL,NULL,NULL,NULL,NULL,NULL,NULL,NULL,NULL,NULL,NULL,NULL,NULL,NULL,NULL,NULL,NULL,NULL,NULL,NULL,NULL,NULL,NULL,NULL,NULL,NULL,NULL,NULL,NULL,NULL,NULL,NULL,NULL,NULL,NULL,NULL,NULL,NULL,NULL,NULL,NULL,NULL,NULL,NULL,NULL,NULL,NULL,NULL,NULL,NULL,NULL,NULL,NULL,NULL,NULL,NULL,NULL,NULL,NULL,NULL,NULL,NULL,NULL,NULL,NULL,NULL,NULL,NULL,NULL,NULL,NULL,NULL,NULL,NULL,NULL,NULL,NULL,NULL,NULL,NULL,NULL,NULL,NULL,NULL,NULL,NULL,NULL,NULL,NULL,NULL,NULL,NULL,NULL,NULL,NULL,NULL,NULL,NULL,NULL,NULL,NULL,NULL,NULL,NULL,NULL,NULL,NULL,NULL,NULL,NULL,NULL,NULL,NULL,NULL,NULL,NULL,NULL,NULL,NULL,NULL,NULL,NULL,NULL,NULL,NULL,NULL,NULL,NULL,NULL,NULL,NULL,NULL,NULL,NULL,NULL,NULL,NULL,NULL,NULL,NULL,NULL,NULL,NULL,NULL,NULL,NULL,NULL,NULL,NULL,NULL,NULL,NULL,NULL,NULL,NULL,NULL,NULL,NULL,NULL,NULL,NULL,NULL,NULL,NULL,NULL,NULL,NULL,NULL,NULL,NULL,NULL,NULL,NULL,NULL,NULL,NULL,NULL,NULL,NULL,NULL,NULL,NULL,NULL,NULL,NULL,NULL,NULL),(71,6,0,NULL,NULL,NULL,NULL,NULL,NULL,NULL,NULL,NULL,NULL,NULL,NULL,NULL,NULL,NULL,NULL,NULL,NULL,NULL,NULL,NULL,NULL,NULL,NULL,NULL,NULL,NULL,NULL,NULL,NULL,NULL,NULL,NULL,NULL,NULL,NULL,NULL,NULL,NULL,NULL,NULL,NULL,NULL,NULL,NULL,NULL,NULL,NULL,NULL,NULL,NULL,NULL,NULL,NULL,NULL,NULL,NULL,NULL,NULL,NULL,NULL,NULL,NULL,NULL,NULL,NULL,NULL,NULL,NULL,NULL,NULL,NULL,NULL,NULL,NULL,NULL,NULL,NULL,NULL,NULL,NULL,NULL,NULL,NULL,NULL,NULL,NULL,NULL,NULL,NULL,NULL,NULL,NULL,NULL,NULL,NULL,NULL,NULL,NULL,NULL,NULL,NULL,NULL,NULL,NULL,NULL,NULL,NULL,NULL,NULL,NULL,NULL,NULL,NULL,NULL,NULL,NULL,NULL,NULL,NULL,NULL,NULL,NULL,NULL,NULL,NULL,NULL,NULL,NULL,NULL,NULL,NULL,NULL,NULL,NULL,NULL,NULL,NULL,NULL,NULL,NULL,NULL,NULL,NULL,NULL,NULL,NULL,NULL,NULL,NULL,NULL,NULL,NULL,NULL,NULL,NULL,NULL,NULL,NULL,NULL,NULL,NULL,NULL,NULL,NULL,NULL,NULL,NULL,NULL,NULL,NULL,NULL,NULL,NULL,NULL,NULL,NULL,NULL,NULL,NULL,NULL,NULL,NULL,NULL,NULL,NULL,NULL,NULL,NULL,NULL,NULL,NULL,NULL,NULL,NULL,NULL,NULL,NULL,NULL,NULL,NULL,NULL,NULL,NULL,NULL,NULL,NULL,NULL,NULL,NULL,NULL,NULL,NULL,NULL,NULL,NULL,NULL,NULL,NULL,NULL,NULL,NULL,NULL,NULL,NULL,NULL,NULL,NULL,NULL,NULL,NULL,NULL,NULL,NULL,NULL,NULL,NULL,NULL,NULL,NULL,NULL,NULL,NULL,NULL,NULL,NULL,NULL,NULL,NULL,NULL,NULL,NULL,NULL,NULL,NULL,NULL,NULL,NULL,NULL,NULL,NULL,NULL,NULL,NULL,NULL,NULL,NULL,NULL,NULL,NULL,NULL,NULL,NULL,NULL,NULL,NULL,NULL,NULL,NULL,NULL,NULL,NULL,NULL,NULL,NULL,NULL,NULL,NULL,NULL,NULL,NULL,NULL,NULL,NULL,NULL,NULL,NULL,NULL,NULL,NULL,NULL,NULL,NULL,NULL,NULL,NULL,NULL,NULL,NULL,NULL,NULL,NULL,NULL,NULL,NULL,NULL,NULL,NULL,NULL,NULL,NULL,NULL,NULL,NULL),(72,6,0,NULL,NULL,NULL,NULL,NULL,NULL,NULL,NULL,NULL,NULL,NULL,NULL,NULL,NULL,NULL,NULL,NULL,NULL,NULL,NULL,NULL,NULL,NULL,NULL,NULL,NULL,NULL,NULL,NULL,NULL,NULL,NULL,NULL,NULL,NULL,NULL,NULL,NULL,NULL,NULL,NULL,NULL,NULL,NULL,NULL,NULL,NULL,NULL,NULL,NULL,NULL,NULL,NULL,NULL,NULL,NULL,NULL,NULL,NULL,NULL,NULL,NULL,NULL,NULL,NULL,NULL,NULL,NULL,NULL,NULL,NULL,NULL,NULL,NULL,NULL,NULL,NULL,NULL,NULL,NULL,NULL,NULL,NULL,NULL,NULL,NULL,NULL,NULL,NULL,NULL,NULL,NULL,NULL,NULL,NULL,NULL,NULL,NULL,NULL,NULL,NULL,NULL,NULL,NULL,NULL,NULL,NULL,NULL,NULL,NULL,NULL,NULL,NULL,NULL,NULL,NULL,NULL,NULL,NULL,NULL,NULL,NULL,NULL,NULL,NULL,NULL,NULL,NULL,NULL,NULL,NULL,NULL,NULL,NULL,NULL,NULL,NULL,NULL,NULL,NULL,NULL,NULL,NULL,NULL,NULL,NULL,NULL,NULL,NULL,NULL,NULL,NULL,NULL,NULL,NULL,NULL,NULL,NULL,NULL,NULL,NULL,NULL,NULL,NULL,NULL,NULL,NULL,NULL,NULL,NULL,NULL,NULL,NULL,NULL,NULL,NULL,NULL,NULL,NULL,NULL,NULL,NULL,NULL,NULL,NULL,NULL,NULL,NULL,NULL,NULL,NULL,NULL,NULL,NULL,NULL,NULL,NULL,NULL,NULL,NULL,NULL,NULL,NULL,NULL,NULL,NULL,NULL,NULL,NULL,NULL,NULL,NULL,NULL,NULL,NULL,NULL,NULL,NULL,NULL,NULL,NULL,NULL,NULL,NULL,NULL,NULL,NULL,NULL,NULL,NULL,NULL,NULL,NULL,NULL,NULL,NULL,NULL,NULL,NULL,NULL,NULL,NULL,NULL,NULL,NULL,NULL,NULL,NULL,NULL,NULL,NULL,NULL,NULL,NULL,NULL,NULL,NULL,NULL,NULL,NULL,NULL,NULL,NULL,NULL,NULL,NULL,NULL,NULL,NULL,NULL,NULL,NULL,NULL,NULL,NULL,NULL,NULL,NULL,NULL,NULL,NULL,NULL,NULL,NULL,NULL,NULL,NULL,NULL,NULL,NULL,NULL,NULL,NULL,NULL,NULL,NULL,NULL,NULL,NULL,NULL,NULL,NULL,NULL,NULL,NULL,NULL,NULL,NULL,NULL,NULL,NULL,NULL,NULL,NULL,NULL,NULL,NULL,NULL,NULL,NULL,NULL,NULL,NULL,NULL),(73,6,0,NULL,NULL,NULL,NULL,NULL,NULL,NULL,NULL,NULL,NULL,NULL,NULL,NULL,NULL,NULL,NULL,NULL,NULL,NULL,NULL,NULL,NULL,NULL,NULL,NULL,NULL,NULL,NULL,NULL,NULL,NULL,NULL,NULL,NULL,NULL,NULL,NULL,NULL,NULL,NULL,NULL,NULL,NULL,NULL,NULL,NULL,NULL,NULL,NULL,NULL,NULL,NULL,NULL,NULL,NULL,NULL,NULL,NULL,NULL,NULL,NULL,NULL,NULL,NULL,NULL,NULL,NULL,NULL,NULL,NULL,NULL,NULL,NULL,NULL,NULL,NULL,NULL,NULL,NULL,NULL,NULL,NULL,NULL,NULL,NULL,NULL,NULL,NULL,NULL,NULL,NULL,NULL,NULL,NULL,NULL,NULL,NULL,NULL,NULL,NULL,NULL,NULL,NULL,NULL,NULL,NULL,NULL,NULL,NULL,NULL,NULL,NULL,NULL,NULL,NULL,NULL,NULL,NULL,NULL,NULL,NULL,NULL,NULL,NULL,NULL,NULL,NULL,NULL,NULL,NULL,NULL,NULL,NULL,NULL,NULL,NULL,NULL,NULL,NULL,NULL,NULL,NULL,NULL,NULL,NULL,NULL,NULL,NULL,NULL,NULL,NULL,NULL,NULL,NULL,NULL,NULL,NULL,NULL,NULL,NULL,NULL,NULL,NULL,NULL,NULL,NULL,NULL,NULL,NULL,NULL,NULL,NULL,NULL,NULL,NULL,NULL,NULL,NULL,NULL,NULL,NULL,NULL,NULL,NULL,NULL,NULL,NULL,NULL,NULL,NULL,NULL,NULL,NULL,NULL,NULL,NULL,NULL,NULL,NULL,NULL,NULL,NULL,NULL,NULL,NULL,NULL,NULL,NULL,NULL,NULL,NULL,NULL,NULL,NULL,NULL,NULL,NULL,NULL,NULL,NULL,NULL,NULL,NULL,NULL,NULL,NULL,NULL,NULL,NULL,NULL,NULL,NULL,NULL,NULL,NULL,NULL,NULL,NULL,NULL,NULL,NULL,NULL,NULL,NULL,NULL,NULL,NULL,NULL,NULL,NULL,NULL,NULL,NULL,NULL,NULL,NULL,NULL,NULL,NULL,NULL,NULL,NULL,NULL,NULL,NULL,NULL,NULL,NULL,NULL,NULL,NULL,NULL,NULL,NULL,NULL,NULL,NULL,NULL,NULL,NULL,NULL,NULL,NULL,NULL,NULL,NULL,NULL,NULL,NULL,NULL,NULL,NULL,NULL,NULL,NULL,NULL,NULL,NULL,NULL,NULL,NULL,NULL,NULL,NULL,NULL,NULL,NULL,NULL,NULL,NULL,NULL,NULL,NULL,NULL,NULL,NULL,NULL,NULL,NULL,NULL,NULL,NULL,NULL,NULL),(74,6,0,NULL,NULL,NULL,NULL,NULL,NULL,NULL,NULL,NULL,NULL,NULL,NULL,NULL,NULL,NULL,NULL,NULL,NULL,NULL,NULL,NULL,NULL,NULL,NULL,NULL,NULL,NULL,NULL,NULL,NULL,NULL,NULL,NULL,NULL,NULL,NULL,NULL,NULL,NULL,NULL,NULL,NULL,NULL,NULL,NULL,NULL,NULL,NULL,NULL,NULL,NULL,NULL,NULL,NULL,NULL,NULL,NULL,NULL,NULL,NULL,NULL,NULL,NULL,NULL,NULL,NULL,NULL,NULL,NULL,NULL,NULL,NULL,NULL,NULL,NULL,NULL,NULL,NULL,NULL,NULL,NULL,NULL,NULL,NULL,NULL,NULL,NULL,NULL,NULL,NULL,NULL,NULL,NULL,NULL,NULL,NULL,NULL,NULL,NULL,NULL,NULL,NULL,NULL,NULL,NULL,NULL,NULL,NULL,NULL,NULL,NULL,NULL,NULL,NULL,NULL,NULL,NULL,NULL,NULL,NULL,NULL,NULL,NULL,NULL,NULL,NULL,NULL,NULL,NULL,NULL,NULL,NULL,NULL,NULL,NULL,NULL,NULL,NULL,NULL,NULL,NULL,NULL,NULL,NULL,NULL,NULL,NULL,NULL,NULL,NULL,NULL,NULL,NULL,NULL,NULL,NULL,NULL,NULL,NULL,NULL,NULL,NULL,NULL,NULL,NULL,NULL,NULL,NULL,NULL,NULL,NULL,NULL,NULL,NULL,NULL,NULL,NULL,NULL,NULL,NULL,NULL,NULL,NULL,NULL,NULL,NULL,NULL,NULL,NULL,NULL,NULL,NULL,NULL,NULL,NULL,NULL,NULL,NULL,NULL,NULL,NULL,NULL,NULL,NULL,NULL,NULL,NULL,NULL,NULL,NULL,NULL,NULL,NULL,NULL,NULL,NULL,NULL,NULL,NULL,NULL,NULL,NULL,NULL,NULL,NULL,NULL,NULL,NULL,NULL,NULL,NULL,NULL,NULL,NULL,NULL,NULL,NULL,NULL,NULL,NULL,NULL,NULL,NULL,NULL,NULL,NULL,NULL,NULL,NULL,NULL,NULL,NULL,NULL,NULL,NULL,NULL,NULL,NULL,NULL,NULL,NULL,NULL,NULL,NULL,NULL,NULL,NULL,NULL,NULL,NULL,NULL,NULL,NULL,NULL,NULL,NULL,NULL,NULL,NULL,NULL,NULL,NULL,NULL,NULL,NULL,NULL,NULL,NULL,NULL,NULL,NULL,NULL,NULL,NULL,NULL,NULL,NULL,NULL,NULL,NULL,NULL,NULL,NULL,NULL,NULL,NULL,NULL,NULL,NULL,NULL,NULL,NULL,NULL,NULL,NULL,NULL,NULL,NULL,NULL,NULL,NULL,NULL,NULL,NULL),(75,6,0,NULL,NULL,NULL,NULL,NULL,NULL,NULL,NULL,NULL,NULL,NULL,NULL,NULL,NULL,NULL,NULL,NULL,NULL,NULL,NULL,NULL,NULL,NULL,NULL,NULL,NULL,NULL,NULL,NULL,NULL,NULL,NULL,NULL,NULL,NULL,NULL,NULL,NULL,NULL,NULL,NULL,NULL,NULL,NULL,NULL,NULL,NULL,NULL,NULL,NULL,NULL,NULL,NULL,NULL,NULL,NULL,NULL,NULL,NULL,NULL,NULL,NULL,NULL,NULL,NULL,NULL,NULL,NULL,NULL,NULL,NULL,NULL,NULL,NULL,NULL,NULL,NULL,NULL,NULL,NULL,NULL,NULL,NULL,NULL,NULL,NULL,NULL,NULL,NULL,NULL,NULL,NULL,NULL,NULL,NULL,NULL,NULL,NULL,NULL,NULL,NULL,NULL,NULL,NULL,NULL,NULL,NULL,NULL,NULL,NULL,NULL,NULL,NULL,NULL,NULL,NULL,NULL,NULL,NULL,NULL,NULL,NULL,NULL,NULL,NULL,NULL,NULL,NULL,NULL,NULL,NULL,NULL,NULL,NULL,NULL,NULL,NULL,NULL,NULL,NULL,NULL,NULL,NULL,NULL,NULL,NULL,NULL,NULL,NULL,NULL,NULL,NULL,NULL,NULL,NULL,NULL,NULL,NULL,NULL,NULL,NULL,NULL,NULL,NULL,NULL,NULL,NULL,NULL,NULL,NULL,NULL,NULL,NULL,NULL,NULL,NULL,NULL,NULL,NULL,NULL,NULL,NULL,NULL,NULL,NULL,NULL,NULL,NULL,NULL,NULL,NULL,NULL,NULL,NULL,NULL,NULL,NULL,NULL,NULL,NULL,NULL,NULL,NULL,NULL,NULL,NULL,NULL,NULL,NULL,NULL,NULL,NULL,NULL,NULL,NULL,NULL,NULL,NULL,NULL,NULL,NULL,NULL,NULL,NULL,NULL,NULL,NULL,NULL,NULL,NULL,NULL,NULL,NULL,NULL,NULL,NULL,NULL,NULL,NULL,NULL,NULL,NULL,NULL,NULL,NULL,NULL,NULL,NULL,NULL,NULL,NULL,NULL,NULL,NULL,NULL,NULL,NULL,NULL,NULL,NULL,NULL,NULL,NULL,NULL,NULL,NULL,NULL,NULL,NULL,NULL,NULL,NULL,NULL,NULL,NULL,NULL,NULL,NULL,NULL,NULL,NULL,NULL,NULL,NULL,NULL,NULL,NULL,NULL,NULL,NULL,NULL,NULL,NULL,NULL,NULL,NULL,NULL,NULL,NULL,NULL,NULL,NULL,NULL,NULL,NULL,NULL,NULL,NULL,NULL,NULL,NULL,NULL,NULL,NULL,NULL,NULL,NULL,NULL,NULL,NULL,NULL,NULL,NULL,NULL),(76,6,0,NULL,NULL,NULL,NULL,NULL,NULL,NULL,NULL,NULL,NULL,NULL,NULL,NULL,NULL,NULL,NULL,NULL,NULL,NULL,NULL,NULL,NULL,NULL,NULL,NULL,NULL,NULL,NULL,NULL,NULL,NULL,NULL,NULL,NULL,NULL,NULL,NULL,NULL,NULL,NULL,NULL,NULL,NULL,NULL,NULL,NULL,NULL,NULL,NULL,NULL,NULL,NULL,NULL,NULL,NULL,NULL,NULL,NULL,NULL,NULL,NULL,NULL,NULL,NULL,NULL,NULL,NULL,NULL,NULL,NULL,NULL,NULL,NULL,NULL,NULL,NULL,NULL,NULL,NULL,NULL,NULL,NULL,NULL,NULL,NULL,NULL,NULL,NULL,NULL,NULL,NULL,NULL,NULL,NULL,NULL,NULL,NULL,NULL,NULL,NULL,NULL,NULL,NULL,NULL,NULL,NULL,NULL,NULL,NULL,NULL,NULL,NULL,NULL,NULL,NULL,NULL,NULL,NULL,NULL,NULL,NULL,NULL,NULL,NULL,NULL,NULL,NULL,NULL,NULL,NULL,NULL,NULL,NULL,NULL,NULL,NULL,NULL,NULL,NULL,NULL,NULL,NULL,NULL,NULL,NULL,NULL,NULL,NULL,NULL,NULL,NULL,NULL,NULL,NULL,NULL,NULL,NULL,NULL,NULL,NULL,NULL,NULL,NULL,NULL,NULL,NULL,NULL,NULL,NULL,NULL,NULL,NULL,NULL,NULL,NULL,NULL,NULL,NULL,NULL,NULL,NULL,NULL,NULL,NULL,NULL,NULL,NULL,NULL,NULL,NULL,NULL,NULL,NULL,NULL,NULL,NULL,NULL,NULL,NULL,NULL,NULL,NULL,NULL,NULL,NULL,NULL,NULL,NULL,NULL,NULL,NULL,NULL,NULL,NULL,NULL,NULL,NULL,NULL,NULL,NULL,NULL,NULL,NULL,NULL,NULL,NULL,NULL,NULL,NULL,NULL,NULL,NULL,NULL,NULL,NULL,NULL,NULL,NULL,NULL,NULL,NULL,NULL,NULL,NULL,NULL,NULL,NULL,NULL,NULL,NULL,NULL,NULL,NULL,NULL,NULL,NULL,NULL,NULL,NULL,NULL,NULL,NULL,NULL,NULL,NULL,NULL,NULL,NULL,NULL,NULL,NULL,NULL,NULL,NULL,NULL,NULL,NULL,NULL,NULL,NULL,NULL,NULL,NULL,NULL,NULL,NULL,NULL,NULL,NULL,NULL,NULL,NULL,NULL,NULL,NULL,NULL,NULL,NULL,NULL,NULL,NULL,NULL,NULL,NULL,NULL,NULL,NULL,NULL,NULL,NULL,NULL,NULL,NULL,NULL,NULL,NULL,NULL,NULL,NULL,NULL,NULL,NULL,NULL,NULL),(77,6,0,NULL,NULL,NULL,NULL,NULL,NULL,NULL,NULL,NULL,NULL,NULL,NULL,NULL,NULL,NULL,NULL,NULL,NULL,NULL,NULL,NULL,NULL,NULL,NULL,NULL,NULL,NULL,NULL,NULL,NULL,NULL,NULL,NULL,NULL,NULL,NULL,NULL,NULL,NULL,NULL,NULL,NULL,NULL,NULL,NULL,NULL,NULL,NULL,NULL,NULL,NULL,NULL,NULL,NULL,NULL,NULL,NULL,NULL,NULL,NULL,NULL,NULL,NULL,NULL,NULL,NULL,NULL,NULL,NULL,NULL,NULL,NULL,NULL,NULL,NULL,NULL,NULL,NULL,NULL,NULL,NULL,NULL,NULL,NULL,NULL,NULL,NULL,NULL,NULL,NULL,NULL,NULL,NULL,NULL,NULL,NULL,NULL,NULL,NULL,NULL,NULL,NULL,NULL,NULL,NULL,NULL,NULL,NULL,NULL,NULL,NULL,NULL,NULL,NULL,NULL,NULL,NULL,NULL,NULL,NULL,NULL,NULL,NULL,NULL,NULL,NULL,NULL,NULL,NULL,NULL,NULL,NULL,NULL,NULL,NULL,NULL,NULL,NULL,NULL,NULL,NULL,NULL,NULL,NULL,NULL,NULL,NULL,NULL,NULL,NULL,NULL,NULL,NULL,NULL,NULL,NULL,NULL,NULL,NULL,NULL,NULL,NULL,NULL,NULL,NULL,NULL,NULL,NULL,NULL,NULL,NULL,NULL,NULL,NULL,NULL,NULL,NULL,NULL,NULL,NULL,NULL,NULL,NULL,NULL,NULL,NULL,NULL,NULL,NULL,NULL,NULL,NULL,NULL,NULL,NULL,NULL,NULL,NULL,NULL,NULL,NULL,NULL,NULL,NULL,NULL,NULL,NULL,NULL,NULL,NULL,NULL,NULL,NULL,NULL,NULL,NULL,NULL,NULL,NULL,NULL,NULL,NULL,NULL,NULL,NULL,NULL,NULL,NULL,NULL,NULL,NULL,NULL,NULL,NULL,NULL,NULL,NULL,NULL,NULL,NULL,NULL,NULL,NULL,NULL,NULL,NULL,NULL,NULL,NULL,NULL,NULL,NULL,NULL,NULL,NULL,NULL,NULL,NULL,NULL,NULL,NULL,NULL,NULL,NULL,NULL,NULL,NULL,NULL,NULL,NULL,NULL,NULL,NULL,NULL,NULL,NULL,NULL,NULL,NULL,NULL,NULL,NULL,NULL,NULL,NULL,NULL,NULL,NULL,NULL,NULL,NULL,NULL,NULL,NULL,NULL,NULL,NULL,NULL,NULL,NULL,NULL,NULL,NULL,NULL,NULL,NULL,NULL,NULL,NULL,NULL,NULL,NULL,NULL,NULL,NULL,NULL,NULL,NULL,NULL,NULL,NULL,NULL,NULL,NULL),(78,6,0,NULL,NULL,NULL,NULL,NULL,NULL,NULL,NULL,NULL,NULL,NULL,NULL,NULL,NULL,NULL,NULL,NULL,NULL,NULL,NULL,NULL,NULL,NULL,NULL,NULL,NULL,NULL,NULL,NULL,NULL,NULL,NULL,NULL,NULL,NULL,NULL,NULL,NULL,NULL,NULL,NULL,NULL,NULL,NULL,NULL,NULL,NULL,NULL,NULL,NULL,NULL,NULL,NULL,NULL,NULL,NULL,NULL,NULL,NULL,NULL,NULL,NULL,NULL,NULL,NULL,NULL,NULL,NULL,NULL,NULL,NULL,NULL,NULL,NULL,NULL,NULL,NULL,NULL,NULL,NULL,NULL,NULL,NULL,NULL,NULL,NULL,NULL,NULL,NULL,NULL,NULL,NULL,NULL,NULL,NULL,NULL,NULL,NULL,NULL,NULL,NULL,NULL,NULL,NULL,NULL,NULL,NULL,NULL,NULL,NULL,NULL,NULL,NULL,NULL,NULL,NULL,NULL,NULL,NULL,NULL,NULL,NULL,NULL,NULL,NULL,NULL,NULL,NULL,NULL,NULL,NULL,NULL,NULL,NULL,NULL,NULL,NULL,NULL,NULL,NULL,NULL,NULL,NULL,NULL,NULL,NULL,NULL,NULL,NULL,NULL,NULL,NULL,NULL,NULL,NULL,NULL,NULL,NULL,NULL,NULL,NULL,NULL,NULL,NULL,NULL,NULL,NULL,NULL,NULL,NULL,NULL,NULL,NULL,NULL,NULL,NULL,NULL,NULL,NULL,NULL,NULL,NULL,NULL,NULL,NULL,NULL,NULL,NULL,NULL,NULL,NULL,NULL,NULL,NULL,NULL,NULL,NULL,NULL,NULL,NULL,NULL,NULL,NULL,NULL,NULL,NULL,NULL,NULL,NULL,NULL,NULL,NULL,NULL,NULL,NULL,NULL,NULL,NULL,NULL,NULL,NULL,NULL,NULL,NULL,NULL,NULL,NULL,NULL,NULL,NULL,NULL,NULL,NULL,NULL,NULL,NULL,NULL,NULL,NULL,NULL,NULL,NULL,NULL,NULL,NULL,NULL,NULL,NULL,NULL,NULL,NULL,NULL,NULL,NULL,NULL,NULL,NULL,NULL,NULL,NULL,NULL,NULL,NULL,NULL,NULL,NULL,NULL,NULL,NULL,NULL,NULL,NULL,NULL,NULL,NULL,NULL,NULL,NULL,NULL,NULL,NULL,NULL,NULL,NULL,NULL,NULL,NULL,NULL,NULL,NULL,NULL,NULL,NULL,NULL,NULL,NULL,NULL,NULL,NULL,NULL,NULL,NULL,NULL,NULL,NULL,NULL,NULL,NULL,NULL,NULL,NULL,NULL,NULL,NULL,NULL,NULL,NULL,NULL,NULL,NULL,NULL,NULL,NULL,NULL),(79,6,0,NULL,NULL,NULL,NULL,NULL,NULL,NULL,NULL,NULL,NULL,NULL,NULL,NULL,NULL,NULL,NULL,NULL,NULL,NULL,NULL,NULL,NULL,NULL,NULL,NULL,NULL,NULL,NULL,NULL,NULL,NULL,NULL,NULL,NULL,NULL,NULL,NULL,NULL,NULL,NULL,NULL,NULL,NULL,NULL,NULL,NULL,NULL,NULL,NULL,NULL,NULL,NULL,NULL,NULL,NULL,NULL,NULL,NULL,NULL,NULL,NULL,NULL,NULL,NULL,NULL,NULL,NULL,NULL,NULL,NULL,NULL,NULL,NULL,NULL,NULL,NULL,NULL,NULL,NULL,NULL,NULL,NULL,NULL,NULL,NULL,NULL,NULL,NULL,NULL,NULL,NULL,NULL,NULL,NULL,NULL,NULL,NULL,NULL,NULL,NULL,NULL,NULL,NULL,NULL,NULL,NULL,NULL,NULL,NULL,NULL,NULL,NULL,NULL,NULL,NULL,NULL,NULL,NULL,NULL,NULL,NULL,NULL,NULL,NULL,NULL,NULL,NULL,NULL,NULL,NULL,NULL,NULL,NULL,NULL,NULL,NULL,NULL,NULL,NULL,NULL,NULL,NULL,NULL,NULL,NULL,NULL,NULL,NULL,NULL,NULL,NULL,NULL,NULL,NULL,NULL,NULL,NULL,NULL,NULL,NULL,NULL,NULL,NULL,NULL,NULL,NULL,NULL,NULL,NULL,NULL,NULL,NULL,NULL,NULL,NULL,NULL,NULL,NULL,NULL,NULL,NULL,NULL,NULL,NULL,NULL,NULL,NULL,NULL,NULL,NULL,NULL,NULL,NULL,NULL,NULL,NULL,NULL,NULL,NULL,NULL,NULL,NULL,NULL,NULL,NULL,NULL,NULL,NULL,NULL,NULL,NULL,NULL,NULL,NULL,NULL,NULL,NULL,NULL,NULL,NULL,NULL,NULL,NULL,NULL,NULL,NULL,NULL,NULL,NULL,NULL,NULL,NULL,NULL,NULL,NULL,NULL,NULL,NULL,NULL,NULL,NULL,NULL,NULL,NULL,NULL,NULL,NULL,NULL,NULL,NULL,NULL,NULL,NULL,NULL,NULL,NULL,NULL,NULL,NULL,NULL,NULL,NULL,NULL,NULL,NULL,NULL,NULL,NULL,NULL,NULL,NULL,NULL,NULL,NULL,NULL,NULL,NULL,NULL,NULL,NULL,NULL,NULL,NULL,NULL,NULL,NULL,NULL,NULL,NULL,NULL,NULL,NULL,NULL,NULL,NULL,NULL,NULL,NULL,NULL,NULL,NULL,NULL,NULL,NULL,NULL,NULL,NULL,NULL,NULL,NULL,NULL,NULL,NULL,NULL,NULL,NULL,NULL,NULL,NULL,NULL,NULL,NULL,NULL,NULL),(80,6,0,NULL,NULL,NULL,NULL,NULL,NULL,NULL,NULL,NULL,NULL,NULL,NULL,NULL,NULL,NULL,NULL,NULL,NULL,NULL,NULL,NULL,NULL,NULL,NULL,NULL,NULL,NULL,NULL,NULL,NULL,NULL,NULL,NULL,NULL,NULL,NULL,NULL,NULL,NULL,NULL,NULL,NULL,NULL,NULL,NULL,NULL,NULL,NULL,NULL,NULL,NULL,NULL,NULL,NULL,NULL,NULL,NULL,NULL,NULL,NULL,NULL,NULL,NULL,NULL,NULL,NULL,NULL,NULL,NULL,NULL,NULL,NULL,NULL,NULL,NULL,NULL,NULL,NULL,NULL,NULL,NULL,NULL,NULL,NULL,NULL,NULL,NULL,NULL,NULL,NULL,NULL,NULL,NULL,NULL,NULL,NULL,NULL,NULL,NULL,NULL,NULL,NULL,NULL,NULL,NULL,NULL,NULL,NULL,NULL,NULL,NULL,NULL,NULL,NULL,NULL,NULL,NULL,NULL,NULL,NULL,NULL,NULL,NULL,NULL,NULL,NULL,NULL,NULL,NULL,NULL,NULL,NULL,NULL,NULL,NULL,NULL,NULL,NULL,NULL,NULL,NULL,NULL,NULL,NULL,NULL,NULL,NULL,NULL,NULL,NULL,NULL,NULL,NULL,NULL,NULL,NULL,NULL,NULL,NULL,NULL,NULL,NULL,NULL,NULL,NULL,NULL,NULL,NULL,NULL,NULL,NULL,NULL,NULL,NULL,NULL,NULL,NULL,NULL,NULL,NULL,NULL,NULL,NULL,NULL,NULL,NULL,NULL,NULL,NULL,NULL,NULL,NULL,NULL,NULL,NULL,NULL,NULL,NULL,NULL,NULL,NULL,NULL,NULL,NULL,NULL,NULL,NULL,NULL,NULL,NULL,NULL,NULL,NULL,NULL,NULL,NULL,NULL,NULL,NULL,NULL,NULL,NULL,NULL,NULL,NULL,NULL,NULL,NULL,NULL,NULL,NULL,NULL,NULL,NULL,NULL,NULL,NULL,NULL,NULL,NULL,NULL,NULL,NULL,NULL,NULL,NULL,NULL,NULL,NULL,NULL,NULL,NULL,NULL,NULL,NULL,NULL,NULL,NULL,NULL,NULL,NULL,NULL,NULL,NULL,NULL,NULL,NULL,NULL,NULL,NULL,NULL,NULL,NULL,NULL,NULL,NULL,NULL,NULL,NULL,NULL,NULL,NULL,NULL,NULL,NULL,NULL,NULL,NULL,NULL,NULL,NULL,NULL,NULL,NULL,NULL,NULL,NULL,NULL,NULL,NULL,NULL,NULL,NULL,NULL,NULL,NULL,NULL,NULL,NULL,NULL,NULL,NULL,NULL,NULL,NULL,NULL,NULL,NULL,NULL,NULL,NULL,NULL,NULL,NULL),(81,6,0,NULL,NULL,NULL,NULL,NULL,NULL,NULL,NULL,NULL,NULL,NULL,NULL,NULL,NULL,NULL,NULL,NULL,NULL,NULL,NULL,NULL,NULL,NULL,NULL,NULL,NULL,NULL,NULL,NULL,NULL,NULL,NULL,NULL,NULL,NULL,NULL,NULL,NULL,NULL,NULL,NULL,NULL,NULL,NULL,NULL,NULL,NULL,NULL,NULL,NULL,NULL,NULL,NULL,NULL,NULL,NULL,NULL,NULL,NULL,NULL,NULL,NULL,NULL,NULL,NULL,NULL,NULL,NULL,NULL,NULL,NULL,NULL,NULL,NULL,NULL,NULL,NULL,NULL,NULL,NULL,NULL,NULL,NULL,NULL,NULL,NULL,NULL,NULL,NULL,NULL,NULL,NULL,NULL,NULL,NULL,NULL,NULL,NULL,NULL,NULL,NULL,NULL,NULL,NULL,NULL,NULL,NULL,NULL,NULL,NULL,NULL,NULL,NULL,NULL,NULL,NULL,NULL,NULL,NULL,NULL,NULL,NULL,NULL,NULL,NULL,NULL,NULL,NULL,NULL,NULL,NULL,NULL,NULL,NULL,NULL,NULL,NULL,NULL,NULL,NULL,NULL,NULL,NULL,NULL,NULL,NULL,NULL,NULL,NULL,NULL,NULL,NULL,NULL,NULL,NULL,NULL,NULL,NULL,NULL,NULL,NULL,NULL,NULL,NULL,NULL,NULL,NULL,NULL,NULL,NULL,NULL,NULL,NULL,NULL,NULL,NULL,NULL,NULL,NULL,NULL,NULL,NULL,NULL,NULL,NULL,NULL,NULL,NULL,NULL,NULL,NULL,NULL,NULL,NULL,NULL,NULL,NULL,NULL,NULL,NULL,NULL,NULL,NULL,NULL,NULL,NULL,NULL,NULL,NULL,NULL,NULL,NULL,NULL,NULL,NULL,NULL,NULL,NULL,NULL,NULL,NULL,NULL,NULL,NULL,NULL,NULL,NULL,NULL,NULL,NULL,NULL,NULL,NULL,NULL,NULL,NULL,NULL,NULL,NULL,NULL,NULL,NULL,NULL,NULL,NULL,NULL,NULL,NULL,NULL,NULL,NULL,NULL,NULL,NULL,NULL,NULL,NULL,NULL,NULL,NULL,NULL,NULL,NULL,NULL,NULL,NULL,NULL,NULL,NULL,NULL,NULL,NULL,NULL,NULL,NULL,NULL,NULL,NULL,NULL,NULL,NULL,NULL,NULL,NULL,NULL,NULL,NULL,NULL,NULL,NULL,NULL,NULL,NULL,NULL,NULL,NULL,NULL,NULL,NULL,NULL,NULL,NULL,NULL,NULL,NULL,NULL,NULL,NULL,NULL,NULL,NULL,NULL,NULL,NULL,NULL,NULL,NULL,NULL,NULL,NULL,NULL,NULL,NULL,NULL),(82,6,0,NULL,NULL,NULL,NULL,NULL,NULL,NULL,NULL,NULL,NULL,NULL,NULL,NULL,NULL,NULL,NULL,NULL,NULL,NULL,NULL,NULL,NULL,NULL,NULL,NULL,NULL,NULL,NULL,NULL,NULL,NULL,NULL,NULL,NULL,NULL,NULL,NULL,NULL,NULL,NULL,NULL,NULL,NULL,NULL,NULL,NULL,NULL,NULL,NULL,NULL,NULL,NULL,NULL,NULL,NULL,NULL,NULL,NULL,NULL,NULL,NULL,NULL,NULL,NULL,NULL,NULL,NULL,NULL,NULL,NULL,NULL,NULL,NULL,NULL,NULL,NULL,NULL,NULL,NULL,NULL,NULL,NULL,NULL,NULL,NULL,NULL,NULL,NULL,NULL,NULL,NULL,NULL,NULL,NULL,NULL,NULL,NULL,NULL,NULL,NULL,NULL,NULL,NULL,NULL,NULL,NULL,NULL,NULL,NULL,NULL,NULL,NULL,NULL,NULL,NULL,NULL,NULL,NULL,NULL,NULL,NULL,NULL,NULL,NULL,NULL,NULL,NULL,NULL,NULL,NULL,NULL,NULL,NULL,NULL,NULL,NULL,NULL,NULL,NULL,NULL,NULL,NULL,NULL,NULL,NULL,NULL,NULL,NULL,NULL,NULL,NULL,NULL,NULL,NULL,NULL,NULL,NULL,NULL,NULL,NULL,NULL,NULL,NULL,NULL,NULL,NULL,NULL,NULL,NULL,NULL,NULL,NULL,NULL,NULL,NULL,NULL,NULL,NULL,NULL,NULL,NULL,NULL,NULL,NULL,NULL,NULL,NULL,NULL,NULL,NULL,NULL,NULL,NULL,NULL,NULL,NULL,NULL,NULL,NULL,NULL,NULL,NULL,NULL,NULL,NULL,NULL,NULL,NULL,NULL,NULL,NULL,NULL,NULL,NULL,NULL,NULL,NULL,NULL,NULL,NULL,NULL,NULL,NULL,NULL,NULL,NULL,NULL,NULL,NULL,NULL,NULL,NULL,NULL,NULL,NULL,NULL,NULL,NULL,NULL,NULL,NULL,NULL,NULL,NULL,NULL,NULL,NULL,NULL,NULL,NULL,NULL,NULL,NULL,NULL,NULL,NULL,NULL,NULL,NULL,NULL,NULL,NULL,NULL,NULL,NULL,NULL,NULL,NULL,NULL,NULL,NULL,NULL,NULL,NULL,NULL,NULL,NULL,NULL,NULL,NULL,NULL,NULL,NULL,NULL,NULL,NULL,NULL,NULL,NULL,NULL,NULL,NULL,NULL,NULL,NULL,NULL,NULL,NULL,NULL,NULL,NULL,NULL,NULL,NULL,NULL,NULL,NULL,NULL,NULL,NULL,NULL,NULL,NULL,NULL,NULL,NULL,NULL,NULL,NULL,NULL,NULL,NULL,NULL,NULL),(83,6,0,NULL,NULL,NULL,NULL,NULL,NULL,NULL,NULL,NULL,NULL,NULL,NULL,NULL,NULL,NULL,NULL,NULL,NULL,NULL,NULL,NULL,NULL,NULL,NULL,NULL,NULL,NULL,NULL,NULL,NULL,NULL,NULL,NULL,NULL,NULL,NULL,NULL,NULL,NULL,NULL,NULL,NULL,NULL,NULL,NULL,NULL,NULL,NULL,NULL,NULL,NULL,NULL,NULL,NULL,NULL,NULL,NULL,NULL,NULL,NULL,NULL,NULL,NULL,NULL,NULL,NULL,NULL,NULL,NULL,NULL,NULL,NULL,NULL,NULL,NULL,NULL,NULL,NULL,NULL,NULL,NULL,NULL,NULL,NULL,NULL,NULL,NULL,NULL,NULL,NULL,NULL,NULL,NULL,NULL,NULL,NULL,NULL,NULL,NULL,NULL,NULL,NULL,NULL,NULL,NULL,NULL,NULL,NULL,NULL,NULL,NULL,NULL,NULL,NULL,NULL,NULL,NULL,NULL,NULL,NULL,NULL,NULL,NULL,NULL,NULL,NULL,NULL,NULL,NULL,NULL,NULL,NULL,NULL,NULL,NULL,NULL,NULL,NULL,NULL,NULL,NULL,NULL,NULL,NULL,NULL,NULL,NULL,NULL,NULL,NULL,NULL,NULL,NULL,NULL,NULL,NULL,NULL,NULL,NULL,NULL,NULL,NULL,NULL,NULL,NULL,NULL,NULL,NULL,NULL,NULL,NULL,NULL,NULL,NULL,NULL,NULL,NULL,NULL,NULL,NULL,NULL,NULL,NULL,NULL,NULL,NULL,NULL,NULL,NULL,NULL,NULL,NULL,NULL,NULL,NULL,NULL,NULL,NULL,NULL,NULL,NULL,NULL,NULL,NULL,NULL,NULL,NULL,NULL,NULL,NULL,NULL,NULL,NULL,NULL,NULL,NULL,NULL,NULL,NULL,NULL,NULL,NULL,NULL,NULL,NULL,NULL,NULL,NULL,NULL,NULL,NULL,NULL,NULL,NULL,NULL,NULL,NULL,NULL,NULL,NULL,NULL,NULL,NULL,NULL,NULL,NULL,NULL,NULL,NULL,NULL,NULL,NULL,NULL,NULL,NULL,NULL,NULL,NULL,NULL,NULL,NULL,NULL,NULL,NULL,NULL,NULL,NULL,NULL,NULL,NULL,NULL,NULL,NULL,NULL,NULL,NULL,NULL,NULL,NULL,NULL,NULL,NULL,NULL,NULL,NULL,NULL,NULL,NULL,NULL,NULL,NULL,NULL,NULL,NULL,NULL,NULL,NULL,NULL,NULL,NULL,NULL,NULL,NULL,NULL,NULL,NULL,NULL,NULL,NULL,NULL,NULL,NULL,NULL,NULL,NULL,NULL,NULL,NULL,NULL,NULL,NULL,NULL,NULL,NULL),(84,6,0,NULL,NULL,NULL,NULL,NULL,NULL,NULL,NULL,NULL,NULL,NULL,NULL,NULL,NULL,NULL,NULL,NULL,NULL,NULL,NULL,NULL,NULL,NULL,NULL,NULL,NULL,NULL,NULL,NULL,NULL,NULL,NULL,NULL,NULL,NULL,NULL,NULL,NULL,NULL,NULL,NULL,NULL,NULL,NULL,NULL,NULL,NULL,NULL,NULL,NULL,NULL,NULL,NULL,NULL,NULL,NULL,NULL,NULL,NULL,NULL,NULL,NULL,NULL,NULL,NULL,NULL,NULL,NULL,NULL,NULL,NULL,NULL,NULL,NULL,NULL,NULL,NULL,NULL,NULL,NULL,NULL,NULL,NULL,NULL,NULL,NULL,NULL,NULL,NULL,NULL,NULL,NULL,NULL,NULL,NULL,NULL,NULL,NULL,NULL,NULL,NULL,NULL,NULL,NULL,NULL,NULL,NULL,NULL,NULL,NULL,NULL,NULL,NULL,NULL,NULL,NULL,NULL,NULL,NULL,NULL,NULL,NULL,NULL,NULL,NULL,NULL,NULL,NULL,NULL,NULL,NULL,NULL,NULL,NULL,NULL,NULL,NULL,NULL,NULL,NULL,NULL,NULL,NULL,NULL,NULL,NULL,NULL,NULL,NULL,NULL,NULL,NULL,NULL,NULL,NULL,NULL,NULL,NULL,NULL,NULL,NULL,NULL,NULL,NULL,NULL,NULL,NULL,NULL,NULL,NULL,NULL,NULL,NULL,NULL,NULL,NULL,NULL,NULL,NULL,NULL,NULL,NULL,NULL,NULL,NULL,NULL,NULL,NULL,NULL,NULL,NULL,NULL,NULL,NULL,NULL,NULL,NULL,NULL,NULL,NULL,NULL,NULL,NULL,NULL,NULL,NULL,NULL,NULL,NULL,NULL,NULL,NULL,NULL,NULL,NULL,NULL,NULL,NULL,NULL,NULL,NULL,NULL,NULL,NULL,NULL,NULL,NULL,NULL,NULL,NULL,NULL,NULL,NULL,NULL,NULL,NULL,NULL,NULL,NULL,NULL,NULL,NULL,NULL,NULL,NULL,NULL,NULL,NULL,NULL,NULL,NULL,NULL,NULL,NULL,NULL,NULL,NULL,NULL,NULL,NULL,NULL,NULL,NULL,NULL,NULL,NULL,NULL,NULL,NULL,NULL,NULL,NULL,NULL,NULL,NULL,NULL,NULL,NULL,NULL,NULL,NULL,NULL,NULL,NULL,NULL,NULL,NULL,NULL,NULL,NULL,NULL,NULL,NULL,NULL,NULL,NULL,NULL,NULL,NULL,NULL,NULL,NULL,NULL,NULL,NULL,NULL,NULL,NULL,NULL,NULL,NULL,NULL,NULL,NULL,NULL,NULL,NULL,NULL,NULL,NULL,NULL,NULL,NULL,NULL),(85,6,0,NULL,NULL,NULL,NULL,NULL,NULL,NULL,NULL,NULL,NULL,NULL,NULL,NULL,NULL,NULL,NULL,NULL,NULL,NULL,NULL,NULL,NULL,NULL,NULL,NULL,NULL,NULL,NULL,NULL,NULL,NULL,NULL,NULL,NULL,NULL,NULL,NULL,NULL,NULL,NULL,NULL,NULL,NULL,NULL,NULL,NULL,NULL,NULL,NULL,NULL,NULL,NULL,NULL,NULL,NULL,NULL,NULL,NULL,NULL,NULL,NULL,NULL,NULL,NULL,NULL,NULL,NULL,NULL,NULL,NULL,NULL,NULL,NULL,NULL,NULL,NULL,NULL,NULL,NULL,NULL,NULL,NULL,NULL,NULL,NULL,NULL,NULL,NULL,NULL,NULL,NULL,NULL,NULL,NULL,NULL,NULL,NULL,NULL,NULL,NULL,NULL,NULL,NULL,NULL,NULL,NULL,NULL,NULL,NULL,NULL,NULL,NULL,NULL,NULL,NULL,NULL,NULL,NULL,NULL,NULL,NULL,NULL,NULL,NULL,NULL,NULL,NULL,NULL,NULL,NULL,NULL,NULL,NULL,NULL,NULL,NULL,NULL,NULL,NULL,NULL,NULL,NULL,NULL,NULL,NULL,NULL,NULL,NULL,NULL,NULL,NULL,NULL,NULL,NULL,NULL,NULL,NULL,NULL,NULL,NULL,NULL,NULL,NULL,NULL,NULL,NULL,NULL,NULL,NULL,NULL,NULL,NULL,NULL,NULL,NULL,NULL,NULL,NULL,NULL,NULL,NULL,NULL,NULL,NULL,NULL,NULL,NULL,NULL,NULL,NULL,NULL,NULL,NULL,NULL,NULL,NULL,NULL,NULL,NULL,NULL,NULL,NULL,NULL,NULL,NULL,NULL,NULL,NULL,NULL,NULL,NULL,NULL,NULL,NULL,NULL,NULL,NULL,NULL,NULL,NULL,NULL,NULL,NULL,NULL,NULL,NULL,NULL,NULL,NULL,NULL,NULL,NULL,NULL,NULL,NULL,NULL,NULL,NULL,NULL,NULL,NULL,NULL,NULL,NULL,NULL,NULL,NULL,NULL,NULL,NULL,NULL,NULL,NULL,NULL,NULL,NULL,NULL,NULL,NULL,NULL,NULL,NULL,NULL,NULL,NULL,NULL,NULL,NULL,NULL,NULL,NULL,NULL,NULL,NULL,NULL,NULL,NULL,NULL,NULL,NULL,NULL,NULL,NULL,NULL,NULL,NULL,NULL,NULL,NULL,NULL,NULL,NULL,NULL,NULL,NULL,NULL,NULL,NULL,NULL,NULL,NULL,NULL,NULL,NULL,NULL,NULL,NULL,NULL,NULL,NULL,NULL,NULL,NULL,NULL,NULL,NULL,NULL,NULL,NULL,NULL,NULL,NULL,NULL,NULL),(86,6,0,NULL,NULL,NULL,NULL,NULL,NULL,NULL,NULL,NULL,NULL,NULL,NULL,NULL,NULL,NULL,NULL,NULL,NULL,NULL,NULL,NULL,NULL,NULL,NULL,NULL,NULL,NULL,NULL,NULL,NULL,NULL,NULL,NULL,NULL,NULL,NULL,NULL,NULL,NULL,NULL,NULL,NULL,NULL,NULL,NULL,NULL,NULL,NULL,NULL,NULL,NULL,NULL,NULL,NULL,NULL,NULL,NULL,NULL,NULL,NULL,NULL,NULL,NULL,NULL,NULL,NULL,NULL,NULL,NULL,NULL,NULL,NULL,NULL,NULL,NULL,NULL,NULL,NULL,NULL,NULL,NULL,NULL,NULL,NULL,NULL,NULL,NULL,NULL,NULL,NULL,NULL,NULL,NULL,NULL,NULL,NULL,NULL,NULL,NULL,NULL,NULL,NULL,NULL,NULL,NULL,NULL,NULL,NULL,NULL,NULL,NULL,NULL,NULL,NULL,NULL,NULL,NULL,NULL,NULL,NULL,NULL,NULL,NULL,NULL,NULL,NULL,NULL,NULL,NULL,NULL,NULL,NULL,NULL,NULL,NULL,NULL,NULL,NULL,NULL,NULL,NULL,NULL,NULL,NULL,NULL,NULL,NULL,NULL,NULL,NULL,NULL,NULL,NULL,NULL,NULL,NULL,NULL,NULL,NULL,NULL,NULL,NULL,NULL,NULL,NULL,NULL,NULL,NULL,NULL,NULL,NULL,NULL,NULL,NULL,NULL,NULL,NULL,NULL,NULL,NULL,NULL,NULL,NULL,NULL,NULL,NULL,NULL,NULL,NULL,NULL,NULL,NULL,NULL,NULL,NULL,NULL,NULL,NULL,NULL,NULL,NULL,NULL,NULL,NULL,NULL,NULL,NULL,NULL,NULL,NULL,NULL,NULL,NULL,NULL,NULL,NULL,NULL,NULL,NULL,NULL,NULL,NULL,NULL,NULL,NULL,NULL,NULL,NULL,NULL,NULL,NULL,NULL,NULL,NULL,NULL,NULL,NULL,NULL,NULL,NULL,NULL,NULL,NULL,NULL,NULL,NULL,NULL,NULL,NULL,NULL,NULL,NULL,NULL,NULL,NULL,NULL,NULL,NULL,NULL,NULL,NULL,NULL,NULL,NULL,NULL,NULL,NULL,NULL,NULL,NULL,NULL,NULL,NULL,NULL,NULL,NULL,NULL,NULL,NULL,NULL,NULL,NULL,NULL,NULL,NULL,NULL,NULL,NULL,NULL,NULL,NULL,NULL,NULL,NULL,NULL,NULL,NULL,NULL,NULL,NULL,NULL,NULL,NULL,NULL,NULL,NULL,NULL,NULL,NULL,NULL,NULL,NULL,NULL,NULL,NULL,NULL,NULL,NULL,NULL,NULL,NULL,NULL,NULL,NULL),(87,6,0,NULL,NULL,NULL,NULL,NULL,NULL,NULL,NULL,NULL,NULL,NULL,NULL,NULL,NULL,NULL,NULL,NULL,NULL,NULL,NULL,NULL,NULL,NULL,NULL,NULL,NULL,NULL,NULL,NULL,NULL,NULL,NULL,NULL,NULL,NULL,NULL,NULL,NULL,NULL,NULL,NULL,NULL,NULL,NULL,NULL,NULL,NULL,NULL,NULL,NULL,NULL,NULL,NULL,NULL,NULL,NULL,NULL,NULL,NULL,NULL,NULL,NULL,NULL,NULL,NULL,NULL,NULL,NULL,NULL,NULL,NULL,NULL,NULL,NULL,NULL,NULL,NULL,NULL,NULL,NULL,NULL,NULL,NULL,NULL,NULL,NULL,NULL,NULL,NULL,NULL,NULL,NULL,NULL,NULL,NULL,NULL,NULL,NULL,NULL,NULL,NULL,NULL,NULL,NULL,NULL,NULL,NULL,NULL,NULL,NULL,NULL,NULL,NULL,NULL,NULL,NULL,NULL,NULL,NULL,NULL,NULL,NULL,NULL,NULL,NULL,NULL,NULL,NULL,NULL,NULL,NULL,NULL,NULL,NULL,NULL,NULL,NULL,NULL,NULL,NULL,NULL,NULL,NULL,NULL,NULL,NULL,NULL,NULL,NULL,NULL,NULL,NULL,NULL,NULL,NULL,NULL,NULL,NULL,NULL,NULL,NULL,NULL,NULL,NULL,NULL,NULL,NULL,NULL,NULL,NULL,NULL,NULL,NULL,NULL,NULL,NULL,NULL,NULL,NULL,NULL,NULL,NULL,NULL,NULL,NULL,NULL,NULL,NULL,NULL,NULL,NULL,NULL,NULL,NULL,NULL,NULL,NULL,NULL,NULL,NULL,NULL,NULL,NULL,NULL,NULL,NULL,NULL,NULL,NULL,NULL,NULL,NULL,NULL,NULL,NULL,NULL,NULL,NULL,NULL,NULL,NULL,NULL,NULL,NULL,NULL,NULL,NULL,NULL,NULL,NULL,NULL,NULL,NULL,NULL,NULL,NULL,NULL,NULL,NULL,NULL,NULL,NULL,NULL,NULL,NULL,NULL,NULL,NULL,NULL,NULL,NULL,NULL,NULL,NULL,NULL,NULL,NULL,NULL,NULL,NULL,NULL,NULL,NULL,NULL,NULL,NULL,NULL,NULL,NULL,NULL,NULL,NULL,NULL,NULL,NULL,NULL,NULL,NULL,NULL,NULL,NULL,NULL,NULL,NULL,NULL,NULL,NULL,NULL,NULL,NULL,NULL,NULL,NULL,NULL,NULL,NULL,NULL,NULL,NULL,NULL,NULL,NULL,NULL,NULL,NULL,NULL,NULL,NULL,NULL,NULL,NULL,NULL,NULL,NULL,NULL,NULL,NULL,NULL,NULL,NULL,NULL,NULL,NULL,NULL),(88,6,0,NULL,NULL,NULL,NULL,NULL,NULL,NULL,NULL,NULL,NULL,NULL,NULL,NULL,NULL,NULL,NULL,NULL,NULL,NULL,NULL,NULL,NULL,NULL,NULL,NULL,NULL,NULL,NULL,NULL,NULL,NULL,NULL,NULL,NULL,NULL,NULL,NULL,NULL,NULL,NULL,NULL,NULL,NULL,NULL,NULL,NULL,NULL,NULL,NULL,NULL,NULL,NULL,NULL,NULL,NULL,NULL,NULL,NULL,NULL,NULL,NULL,NULL,NULL,NULL,NULL,NULL,NULL,NULL,NULL,NULL,NULL,NULL,NULL,NULL,NULL,NULL,NULL,NULL,NULL,NULL,NULL,NULL,NULL,NULL,NULL,NULL,NULL,NULL,NULL,NULL,NULL,NULL,NULL,NULL,NULL,NULL,NULL,NULL,NULL,NULL,NULL,NULL,NULL,NULL,NULL,NULL,NULL,NULL,NULL,NULL,NULL,NULL,NULL,NULL,NULL,NULL,NULL,NULL,NULL,NULL,NULL,NULL,NULL,NULL,NULL,NULL,NULL,NULL,NULL,NULL,NULL,NULL,NULL,NULL,NULL,NULL,NULL,NULL,NULL,NULL,NULL,NULL,NULL,NULL,NULL,NULL,NULL,NULL,NULL,NULL,NULL,NULL,NULL,NULL,NULL,NULL,NULL,NULL,NULL,NULL,NULL,NULL,NULL,NULL,NULL,NULL,NULL,NULL,NULL,NULL,NULL,NULL,NULL,NULL,NULL,NULL,NULL,NULL,NULL,NULL,NULL,NULL,NULL,NULL,NULL,NULL,NULL,NULL,NULL,NULL,NULL,NULL,NULL,NULL,NULL,NULL,NULL,NULL,NULL,NULL,NULL,NULL,NULL,NULL,NULL,NULL,NULL,NULL,NULL,NULL,NULL,NULL,NULL,NULL,NULL,NULL,NULL,NULL,NULL,NULL,NULL,NULL,NULL,NULL,NULL,NULL,NULL,NULL,NULL,NULL,NULL,NULL,NULL,NULL,NULL,NULL,NULL,NULL,NULL,NULL,NULL,NULL,NULL,NULL,NULL,NULL,NULL,NULL,NULL,NULL,NULL,NULL,NULL,NULL,NULL,NULL,NULL,NULL,NULL,NULL,NULL,NULL,NULL,NULL,NULL,NULL,NULL,NULL,NULL,NULL,NULL,NULL,NULL,NULL,NULL,NULL,NULL,NULL,NULL,NULL,NULL,NULL,NULL,NULL,NULL,NULL,NULL,NULL,NULL,NULL,NULL,NULL,NULL,NULL,NULL,NULL,NULL,NULL,NULL,NULL,NULL,NULL,NULL,NULL,NULL,NULL,NULL,NULL,NULL,NULL,NULL,NULL,NULL,NULL,NULL,NULL,NULL,NULL,NULL,NULL,NULL,NULL,NULL,NULL),(89,6,0,NULL,NULL,NULL,NULL,NULL,NULL,NULL,NULL,NULL,NULL,NULL,NULL,NULL,NULL,NULL,NULL,NULL,NULL,NULL,NULL,NULL,NULL,NULL,NULL,NULL,NULL,NULL,NULL,NULL,NULL,NULL,NULL,NULL,NULL,NULL,NULL,NULL,NULL,NULL,NULL,NULL,NULL,NULL,NULL,NULL,NULL,NULL,NULL,NULL,NULL,NULL,NULL,NULL,NULL,NULL,NULL,NULL,NULL,NULL,NULL,NULL,NULL,NULL,NULL,NULL,NULL,NULL,NULL,NULL,NULL,NULL,NULL,NULL,NULL,NULL,NULL,NULL,NULL,NULL,NULL,NULL,NULL,NULL,NULL,NULL,NULL,NULL,NULL,NULL,NULL,NULL,NULL,NULL,NULL,NULL,NULL,NULL,NULL,NULL,NULL,NULL,NULL,NULL,NULL,NULL,NULL,NULL,NULL,NULL,NULL,NULL,NULL,NULL,NULL,NULL,NULL,NULL,NULL,NULL,NULL,NULL,NULL,NULL,NULL,NULL,NULL,NULL,NULL,NULL,NULL,NULL,NULL,NULL,NULL,NULL,NULL,NULL,NULL,NULL,NULL,NULL,NULL,NULL,NULL,NULL,NULL,NULL,NULL,NULL,NULL,NULL,NULL,NULL,NULL,NULL,NULL,NULL,NULL,NULL,NULL,NULL,NULL,NULL,NULL,NULL,NULL,NULL,NULL,NULL,NULL,NULL,NULL,NULL,NULL,NULL,NULL,NULL,NULL,NULL,NULL,NULL,NULL,NULL,NULL,NULL,NULL,NULL,NULL,NULL,NULL,NULL,NULL,NULL,NULL,NULL,NULL,NULL,NULL,NULL,NULL,NULL,NULL,NULL,NULL,NULL,NULL,NULL,NULL,NULL,NULL,NULL,NULL,NULL,NULL,NULL,NULL,NULL,NULL,NULL,NULL,NULL,NULL,NULL,NULL,NULL,NULL,NULL,NULL,NULL,NULL,NULL,NULL,NULL,NULL,NULL,NULL,NULL,NULL,NULL,NULL,NULL,NULL,NULL,NULL,NULL,NULL,NULL,NULL,NULL,NULL,NULL,NULL,NULL,NULL,NULL,NULL,NULL,NULL,NULL,NULL,NULL,NULL,NULL,NULL,NULL,NULL,NULL,NULL,NULL,NULL,NULL,NULL,NULL,NULL,NULL,NULL,NULL,NULL,NULL,NULL,NULL,NULL,NULL,NULL,NULL,NULL,NULL,NULL,NULL,NULL,NULL,NULL,NULL,NULL,NULL,NULL,NULL,NULL,NULL,NULL,NULL,NULL,NULL,NULL,NULL,NULL,NULL,NULL,NULL,NULL,NULL,NULL,NULL,NULL,NULL,NULL,NULL,NULL,NULL,NULL,NULL,NULL,NULL,NULL),(90,6,0,NULL,NULL,NULL,NULL,NULL,NULL,NULL,NULL,NULL,NULL,NULL,NULL,NULL,NULL,NULL,NULL,NULL,NULL,NULL,NULL,NULL,NULL,NULL,NULL,NULL,NULL,NULL,NULL,NULL,NULL,NULL,NULL,NULL,NULL,NULL,NULL,NULL,NULL,NULL,NULL,NULL,NULL,NULL,NULL,NULL,NULL,NULL,NULL,NULL,NULL,NULL,NULL,NULL,NULL,NULL,NULL,NULL,NULL,NULL,NULL,NULL,NULL,NULL,NULL,NULL,NULL,NULL,NULL,NULL,NULL,NULL,NULL,NULL,NULL,NULL,NULL,NULL,NULL,NULL,NULL,NULL,NULL,NULL,NULL,NULL,NULL,NULL,NULL,NULL,NULL,NULL,NULL,NULL,NULL,NULL,NULL,NULL,NULL,NULL,NULL,NULL,NULL,NULL,NULL,NULL,NULL,NULL,NULL,NULL,NULL,NULL,NULL,NULL,NULL,NULL,NULL,NULL,NULL,NULL,NULL,NULL,NULL,NULL,NULL,NULL,NULL,NULL,NULL,NULL,NULL,NULL,NULL,NULL,NULL,NULL,NULL,NULL,NULL,NULL,NULL,NULL,NULL,NULL,NULL,NULL,NULL,NULL,NULL,NULL,NULL,NULL,NULL,NULL,NULL,NULL,NULL,NULL,NULL,NULL,NULL,NULL,NULL,NULL,NULL,NULL,NULL,NULL,NULL,NULL,NULL,NULL,NULL,NULL,NULL,NULL,NULL,NULL,NULL,NULL,NULL,NULL,NULL,NULL,NULL,NULL,NULL,NULL,NULL,NULL,NULL,NULL,NULL,NULL,NULL,NULL,NULL,NULL,NULL,NULL,NULL,NULL,NULL,NULL,NULL,NULL,NULL,NULL,NULL,NULL,NULL,NULL,NULL,NULL,NULL,NULL,NULL,NULL,NULL,NULL,NULL,NULL,NULL,NULL,NULL,NULL,NULL,NULL,NULL,NULL,NULL,NULL,NULL,NULL,NULL,NULL,NULL,NULL,NULL,NULL,NULL,NULL,NULL,NULL,NULL,NULL,NULL,NULL,NULL,NULL,NULL,NULL,NULL,NULL,NULL,NULL,NULL,NULL,NULL,NULL,NULL,NULL,NULL,NULL,NULL,NULL,NULL,NULL,NULL,NULL,NULL,NULL,NULL,NULL,NULL,NULL,NULL,NULL,NULL,NULL,NULL,NULL,NULL,NULL,NULL,NULL,NULL,NULL,NULL,NULL,NULL,NULL,NULL,NULL,NULL,NULL,NULL,NULL,NULL,NULL,NULL,NULL,NULL,NULL,NULL,NULL,NULL,NULL,NULL,NULL,NULL,NULL,NULL,NULL,NULL,NULL,NULL,NULL,NULL,NULL,NULL,NULL,NULL,NULL,NULL),(91,6,0,NULL,NULL,NULL,NULL,NULL,NULL,NULL,NULL,NULL,NULL,NULL,NULL,NULL,NULL,NULL,NULL,NULL,NULL,NULL,NULL,NULL,NULL,NULL,NULL,NULL,NULL,NULL,NULL,NULL,NULL,NULL,NULL,NULL,NULL,NULL,NULL,NULL,NULL,NULL,NULL,NULL,NULL,NULL,NULL,NULL,NULL,NULL,NULL,NULL,NULL,NULL,NULL,NULL,NULL,NULL,NULL,NULL,NULL,NULL,NULL,NULL,NULL,NULL,NULL,NULL,NULL,NULL,NULL,NULL,NULL,NULL,NULL,NULL,NULL,NULL,NULL,NULL,NULL,NULL,NULL,NULL,NULL,NULL,NULL,NULL,NULL,NULL,NULL,NULL,NULL,NULL,NULL,NULL,NULL,NULL,NULL,NULL,NULL,NULL,NULL,NULL,NULL,NULL,NULL,NULL,NULL,NULL,NULL,NULL,NULL,NULL,NULL,NULL,NULL,NULL,NULL,NULL,NULL,NULL,NULL,NULL,NULL,NULL,NULL,NULL,NULL,NULL,NULL,NULL,NULL,NULL,NULL,NULL,NULL,NULL,NULL,NULL,NULL,NULL,NULL,NULL,NULL,NULL,NULL,NULL,NULL,NULL,NULL,NULL,NULL,NULL,NULL,NULL,NULL,NULL,NULL,NULL,NULL,NULL,NULL,NULL,NULL,NULL,NULL,NULL,NULL,NULL,NULL,NULL,NULL,NULL,NULL,NULL,NULL,NULL,NULL,NULL,NULL,NULL,NULL,NULL,NULL,NULL,NULL,NULL,NULL,NULL,NULL,NULL,NULL,NULL,NULL,NULL,NULL,NULL,NULL,NULL,NULL,NULL,NULL,NULL,NULL,NULL,NULL,NULL,NULL,NULL,NULL,NULL,NULL,NULL,NULL,NULL,NULL,NULL,NULL,NULL,NULL,NULL,NULL,NULL,NULL,NULL,NULL,NULL,NULL,NULL,NULL,NULL,NULL,NULL,NULL,NULL,NULL,NULL,NULL,NULL,NULL,NULL,NULL,NULL,NULL,NULL,NULL,NULL,NULL,NULL,NULL,NULL,NULL,NULL,NULL,NULL,NULL,NULL,NULL,NULL,NULL,NULL,NULL,NULL,NULL,NULL,NULL,NULL,NULL,NULL,NULL,NULL,NULL,NULL,NULL,NULL,NULL,NULL,NULL,NULL,NULL,NULL,NULL,NULL,NULL,NULL,NULL,NULL,NULL,NULL,NULL,NULL,NULL,NULL,NULL,NULL,NULL,NULL,NULL,NULL,NULL,NULL,NULL,NULL,NULL,NULL,NULL,NULL,NULL,NULL,NULL,NULL,NULL,NULL,NULL,NULL,NULL,NULL,NULL,NULL,NULL,NULL,NULL,NULL,NULL,NULL,NULL),(92,6,0,NULL,NULL,NULL,NULL,NULL,NULL,NULL,NULL,NULL,NULL,NULL,NULL,NULL,NULL,NULL,NULL,NULL,NULL,NULL,NULL,NULL,NULL,NULL,NULL,NULL,NULL,NULL,NULL,NULL,NULL,NULL,NULL,NULL,NULL,NULL,NULL,NULL,NULL,NULL,NULL,NULL,NULL,NULL,NULL,NULL,NULL,NULL,NULL,NULL,NULL,NULL,NULL,NULL,NULL,NULL,NULL,NULL,NULL,NULL,NULL,NULL,NULL,NULL,NULL,NULL,NULL,NULL,NULL,NULL,NULL,NULL,NULL,NULL,NULL,NULL,NULL,NULL,NULL,NULL,NULL,NULL,NULL,NULL,NULL,NULL,NULL,NULL,NULL,NULL,NULL,NULL,NULL,NULL,NULL,NULL,NULL,NULL,NULL,NULL,NULL,NULL,NULL,NULL,NULL,NULL,NULL,NULL,NULL,NULL,NULL,NULL,NULL,NULL,NULL,NULL,NULL,NULL,NULL,NULL,NULL,NULL,NULL,NULL,NULL,NULL,NULL,NULL,NULL,NULL,NULL,NULL,NULL,NULL,NULL,NULL,NULL,NULL,NULL,NULL,NULL,NULL,NULL,NULL,NULL,NULL,NULL,NULL,NULL,NULL,NULL,NULL,NULL,NULL,NULL,NULL,NULL,NULL,NULL,NULL,NULL,NULL,NULL,NULL,NULL,NULL,NULL,NULL,NULL,NULL,NULL,NULL,NULL,NULL,NULL,NULL,NULL,NULL,NULL,NULL,NULL,NULL,NULL,NULL,NULL,NULL,NULL,NULL,NULL,NULL,NULL,NULL,NULL,NULL,NULL,NULL,NULL,NULL,NULL,NULL,NULL,NULL,NULL,NULL,NULL,NULL,NULL,NULL,NULL,NULL,NULL,NULL,NULL,NULL,NULL,NULL,NULL,NULL,NULL,NULL,NULL,NULL,NULL,NULL,NULL,NULL,NULL,NULL,NULL,NULL,NULL,NULL,NULL,NULL,NULL,NULL,NULL,NULL,NULL,NULL,NULL,NULL,NULL,NULL,NULL,NULL,NULL,NULL,NULL,NULL,NULL,NULL,NULL,NULL,NULL,NULL,NULL,NULL,NULL,NULL,NULL,NULL,NULL,NULL,NULL,NULL,NULL,NULL,NULL,NULL,NULL,NULL,NULL,NULL,NULL,NULL,NULL,NULL,NULL,NULL,NULL,NULL,NULL,NULL,NULL,NULL,NULL,NULL,NULL,NULL,NULL,NULL,NULL,NULL,NULL,NULL,NULL,NULL,NULL,NULL,NULL,NULL,NULL,NULL,NULL,NULL,NULL,NULL,NULL,NULL,NULL,NULL,NULL,NULL,NULL,NULL,NULL,NULL,NULL,NULL,NULL,NULL,NULL,NULL,NULL),(93,6,0,NULL,NULL,NULL,NULL,NULL,NULL,NULL,NULL,NULL,NULL,NULL,NULL,NULL,NULL,NULL,NULL,NULL,NULL,NULL,NULL,NULL,NULL,NULL,NULL,NULL,NULL,NULL,NULL,NULL,NULL,NULL,NULL,NULL,NULL,NULL,NULL,NULL,NULL,NULL,NULL,NULL,NULL,NULL,NULL,NULL,NULL,NULL,NULL,NULL,NULL,NULL,NULL,NULL,NULL,NULL,NULL,NULL,NULL,NULL,NULL,NULL,NULL,NULL,NULL,NULL,NULL,NULL,NULL,NULL,NULL,NULL,NULL,NULL,NULL,NULL,NULL,NULL,NULL,NULL,NULL,NULL,NULL,NULL,NULL,NULL,NULL,NULL,NULL,NULL,NULL,NULL,NULL,NULL,NULL,NULL,NULL,NULL,NULL,NULL,NULL,NULL,NULL,NULL,NULL,NULL,NULL,NULL,NULL,NULL,NULL,NULL,NULL,NULL,NULL,NULL,NULL,NULL,NULL,NULL,NULL,NULL,NULL,NULL,NULL,NULL,NULL,NULL,NULL,NULL,NULL,NULL,NULL,NULL,NULL,NULL,NULL,NULL,NULL,NULL,NULL,NULL,NULL,NULL,NULL,NULL,NULL,NULL,NULL,NULL,NULL,NULL,NULL,NULL,NULL,NULL,NULL,NULL,NULL,NULL,NULL,NULL,NULL,NULL,NULL,NULL,NULL,NULL,NULL,NULL,NULL,NULL,NULL,NULL,NULL,NULL,NULL,NULL,NULL,NULL,NULL,NULL,NULL,NULL,NULL,NULL,NULL,NULL,NULL,NULL,NULL,NULL,NULL,NULL,NULL,NULL,NULL,NULL,NULL,NULL,NULL,NULL,NULL,NULL,NULL,NULL,NULL,NULL,NULL,NULL,NULL,NULL,NULL,NULL,NULL,NULL,NULL,NULL,NULL,NULL,NULL,NULL,NULL,NULL,NULL,NULL,NULL,NULL,NULL,NULL,NULL,NULL,NULL,NULL,NULL,NULL,NULL,NULL,NULL,NULL,NULL,NULL,NULL,NULL,NULL,NULL,NULL,NULL,NULL,NULL,NULL,NULL,NULL,NULL,NULL,NULL,NULL,NULL,NULL,NULL,NULL,NULL,NULL,NULL,NULL,NULL,NULL,NULL,NULL,NULL,NULL,NULL,NULL,NULL,NULL,NULL,NULL,NULL,NULL,NULL,NULL,NULL,NULL,NULL,NULL,NULL,NULL,NULL,NULL,NULL,NULL,NULL,NULL,NULL,NULL,NULL,NULL,NULL,NULL,NULL,NULL,NULL,NULL,NULL,NULL,NULL,NULL,NULL,NULL,NULL,NULL,NULL,NULL,NULL,NULL,NULL,NULL,NULL,NULL,NULL,NULL,NULL,NULL,NULL,NULL),(94,6,0,NULL,NULL,NULL,NULL,NULL,NULL,NULL,NULL,NULL,NULL,NULL,NULL,NULL,NULL,NULL,NULL,NULL,NULL,NULL,NULL,NULL,NULL,NULL,NULL,NULL,NULL,NULL,NULL,NULL,NULL,NULL,NULL,NULL,NULL,NULL,NULL,NULL,NULL,NULL,NULL,NULL,NULL,NULL,NULL,NULL,NULL,NULL,NULL,NULL,NULL,NULL,NULL,NULL,NULL,NULL,NULL,NULL,NULL,NULL,NULL,NULL,NULL,NULL,NULL,NULL,NULL,NULL,NULL,NULL,NULL,NULL,NULL,NULL,NULL,NULL,NULL,NULL,NULL,NULL,NULL,NULL,NULL,NULL,NULL,NULL,NULL,NULL,NULL,NULL,NULL,NULL,NULL,NULL,NULL,NULL,NULL,NULL,NULL,NULL,NULL,NULL,NULL,NULL,NULL,NULL,NULL,NULL,NULL,NULL,NULL,NULL,NULL,NULL,NULL,NULL,NULL,NULL,NULL,NULL,NULL,NULL,NULL,NULL,NULL,NULL,NULL,NULL,NULL,NULL,NULL,NULL,NULL,NULL,NULL,NULL,NULL,NULL,NULL,NULL,NULL,NULL,NULL,NULL,NULL,NULL,NULL,NULL,NULL,NULL,NULL,NULL,NULL,NULL,NULL,NULL,NULL,NULL,NULL,NULL,NULL,NULL,NULL,NULL,NULL,NULL,NULL,NULL,NULL,NULL,NULL,NULL,NULL,NULL,NULL,NULL,NULL,NULL,NULL,NULL,NULL,NULL,NULL,NULL,NULL,NULL,NULL,NULL,NULL,NULL,NULL,NULL,NULL,NULL,NULL,NULL,NULL,NULL,NULL,NULL,NULL,NULL,NULL,NULL,NULL,NULL,NULL,NULL,NULL,NULL,NULL,NULL,NULL,NULL,NULL,NULL,NULL,NULL,NULL,NULL,NULL,NULL,NULL,NULL,NULL,NULL,NULL,NULL,NULL,NULL,NULL,NULL,NULL,NULL,NULL,NULL,NULL,NULL,NULL,NULL,NULL,NULL,NULL,NULL,NULL,NULL,NULL,NULL,NULL,NULL,NULL,NULL,NULL,NULL,NULL,NULL,NULL,NULL,NULL,NULL,NULL,NULL,NULL,NULL,NULL,NULL,NULL,NULL,NULL,NULL,NULL,NULL,NULL,NULL,NULL,NULL,NULL,NULL,NULL,NULL,NULL,NULL,NULL,NULL,NULL,NULL,NULL,NULL,NULL,NULL,NULL,NULL,NULL,NULL,NULL,NULL,NULL,NULL,NULL,NULL,NULL,NULL,NULL,NULL,NULL,NULL,NULL,NULL,NULL,NULL,NULL,NULL,NULL,NULL,NULL,NULL,NULL,NULL,NULL,NULL,NULL,NULL,NULL,NULL,NULL),(95,6,0,NULL,NULL,NULL,NULL,NULL,NULL,NULL,NULL,NULL,NULL,NULL,NULL,NULL,NULL,NULL,NULL,NULL,NULL,NULL,NULL,NULL,NULL,NULL,NULL,NULL,NULL,NULL,NULL,NULL,NULL,NULL,NULL,NULL,NULL,NULL,NULL,NULL,NULL,NULL,NULL,NULL,NULL,NULL,NULL,NULL,NULL,NULL,NULL,NULL,NULL,NULL,NULL,NULL,NULL,NULL,NULL,NULL,NULL,NULL,NULL,NULL,NULL,NULL,NULL,NULL,NULL,NULL,NULL,NULL,NULL,NULL,NULL,NULL,NULL,NULL,NULL,NULL,NULL,NULL,NULL,NULL,NULL,NULL,NULL,NULL,NULL,NULL,NULL,NULL,NULL,NULL,NULL,NULL,NULL,NULL,NULL,NULL,NULL,NULL,NULL,NULL,NULL,NULL,NULL,NULL,NULL,NULL,NULL,NULL,NULL,NULL,NULL,NULL,NULL,NULL,NULL,NULL,NULL,NULL,NULL,NULL,NULL,NULL,NULL,NULL,NULL,NULL,NULL,NULL,NULL,NULL,NULL,NULL,NULL,NULL,NULL,NULL,NULL,NULL,NULL,NULL,NULL,NULL,NULL,NULL,NULL,NULL,NULL,NULL,NULL,NULL,NULL,NULL,NULL,NULL,NULL,NULL,NULL,NULL,NULL,NULL,NULL,NULL,NULL,NULL,NULL,NULL,NULL,NULL,NULL,NULL,NULL,NULL,NULL,NULL,NULL,NULL,NULL,NULL,NULL,NULL,NULL,NULL,NULL,NULL,NULL,NULL,NULL,NULL,NULL,NULL,NULL,NULL,NULL,NULL,NULL,NULL,NULL,NULL,NULL,NULL,NULL,NULL,NULL,NULL,NULL,NULL,NULL,NULL,NULL,NULL,NULL,NULL,NULL,NULL,NULL,NULL,NULL,NULL,NULL,NULL,NULL,NULL,NULL,NULL,NULL,NULL,NULL,NULL,NULL,NULL,NULL,NULL,NULL,NULL,NULL,NULL,NULL,NULL,NULL,NULL,NULL,NULL,NULL,NULL,NULL,NULL,NULL,NULL,NULL,NULL,NULL,NULL,NULL,NULL,NULL,NULL,NULL,NULL,NULL,NULL,NULL,NULL,NULL,NULL,NULL,NULL,NULL,NULL,NULL,NULL,NULL,NULL,NULL,NULL,NULL,NULL,NULL,NULL,NULL,NULL,NULL,NULL,NULL,NULL,NULL,NULL,NULL,NULL,NULL,NULL,NULL,NULL,NULL,NULL,NULL,NULL,NULL,NULL,NULL,NULL,NULL,NULL,NULL,NULL,NULL,NULL,NULL,NULL,NULL,NULL,NULL,NULL,NULL,NULL,NULL,NULL,NULL,NULL,NULL,NULL,NULL,NULL,NULL),(96,6,0,NULL,NULL,NULL,NULL,NULL,NULL,NULL,NULL,NULL,NULL,NULL,NULL,NULL,NULL,NULL,NULL,NULL,NULL,NULL,NULL,NULL,NULL,NULL,NULL,NULL,NULL,NULL,NULL,NULL,NULL,NULL,NULL,NULL,NULL,NULL,NULL,NULL,NULL,NULL,NULL,NULL,NULL,NULL,NULL,NULL,NULL,NULL,NULL,NULL,NULL,NULL,NULL,NULL,NULL,NULL,NULL,NULL,NULL,NULL,NULL,NULL,NULL,NULL,NULL,NULL,NULL,NULL,NULL,NULL,NULL,NULL,NULL,NULL,NULL,NULL,NULL,NULL,NULL,NULL,NULL,NULL,NULL,NULL,NULL,NULL,NULL,NULL,NULL,NULL,NULL,NULL,NULL,NULL,NULL,NULL,NULL,NULL,NULL,NULL,NULL,NULL,NULL,NULL,NULL,NULL,NULL,NULL,NULL,NULL,NULL,NULL,NULL,NULL,NULL,NULL,NULL,NULL,NULL,NULL,NULL,NULL,NULL,NULL,NULL,NULL,NULL,NULL,NULL,NULL,NULL,NULL,NULL,NULL,NULL,NULL,NULL,NULL,NULL,NULL,NULL,NULL,NULL,NULL,NULL,NULL,NULL,NULL,NULL,NULL,NULL,NULL,NULL,NULL,NULL,NULL,NULL,NULL,NULL,NULL,NULL,NULL,NULL,NULL,NULL,NULL,NULL,NULL,NULL,NULL,NULL,NULL,NULL,NULL,NULL,NULL,NULL,NULL,NULL,NULL,NULL,NULL,NULL,NULL,NULL,NULL,NULL,NULL,NULL,NULL,NULL,NULL,NULL,NULL,NULL,NULL,NULL,NULL,NULL,NULL,NULL,NULL,NULL,NULL,NULL,NULL,NULL,NULL,NULL,NULL,NULL,NULL,NULL,NULL,NULL,NULL,NULL,NULL,NULL,NULL,NULL,NULL,NULL,NULL,NULL,NULL,NULL,NULL,NULL,NULL,NULL,NULL,NULL,NULL,NULL,NULL,NULL,NULL,NULL,NULL,NULL,NULL,NULL,NULL,NULL,NULL,NULL,NULL,NULL,NULL,NULL,NULL,NULL,NULL,NULL,NULL,NULL,NULL,NULL,NULL,NULL,NULL,NULL,NULL,NULL,NULL,NULL,NULL,NULL,NULL,NULL,NULL,NULL,NULL,NULL,NULL,NULL,NULL,NULL,NULL,NULL,NULL,NULL,NULL,NULL,NULL,NULL,NULL,NULL,NULL,NULL,NULL,NULL,NULL,NULL,NULL,NULL,NULL,NULL,NULL,NULL,NULL,NULL,NULL,NULL,NULL,NULL,NULL,NULL,NULL,NULL,NULL,NULL,NULL,NULL,NULL,NULL,NULL,NULL,NULL,NULL,NULL,NULL,NULL,NULL),(97,6,0,NULL,NULL,NULL,NULL,NULL,NULL,NULL,NULL,NULL,NULL,NULL,NULL,NULL,NULL,NULL,NULL,NULL,NULL,NULL,NULL,NULL,NULL,NULL,NULL,NULL,NULL,NULL,NULL,NULL,NULL,NULL,NULL,NULL,NULL,NULL,NULL,NULL,NULL,NULL,NULL,NULL,NULL,NULL,NULL,NULL,NULL,NULL,NULL,NULL,NULL,NULL,NULL,NULL,NULL,NULL,NULL,NULL,NULL,NULL,NULL,NULL,NULL,NULL,NULL,NULL,NULL,NULL,NULL,NULL,NULL,NULL,NULL,NULL,NULL,NULL,NULL,NULL,NULL,NULL,NULL,NULL,NULL,NULL,NULL,NULL,NULL,NULL,NULL,NULL,NULL,NULL,NULL,NULL,NULL,NULL,NULL,NULL,NULL,NULL,NULL,NULL,NULL,NULL,NULL,NULL,NULL,NULL,NULL,NULL,NULL,NULL,NULL,NULL,NULL,NULL,NULL,NULL,NULL,NULL,NULL,NULL,NULL,NULL,NULL,NULL,NULL,NULL,NULL,NULL,NULL,NULL,NULL,NULL,NULL,NULL,NULL,NULL,NULL,NULL,NULL,NULL,NULL,NULL,NULL,NULL,NULL,NULL,NULL,NULL,NULL,NULL,NULL,NULL,NULL,NULL,NULL,NULL,NULL,NULL,NULL,NULL,NULL,NULL,NULL,NULL,NULL,NULL,NULL,NULL,NULL,NULL,NULL,NULL,NULL,NULL,NULL,NULL,NULL,NULL,NULL,NULL,NULL,NULL,NULL,NULL,NULL,NULL,NULL,NULL,NULL,NULL,NULL,NULL,NULL,NULL,NULL,NULL,NULL,NULL,NULL,NULL,NULL,NULL,NULL,NULL,NULL,NULL,NULL,NULL,NULL,NULL,NULL,NULL,NULL,NULL,NULL,NULL,NULL,NULL,NULL,NULL,NULL,NULL,NULL,NULL,NULL,NULL,NULL,NULL,NULL,NULL,NULL,NULL,NULL,NULL,NULL,NULL,NULL,NULL,NULL,NULL,NULL,NULL,NULL,NULL,NULL,NULL,NULL,NULL,NULL,NULL,NULL,NULL,NULL,NULL,NULL,NULL,NULL,NULL,NULL,NULL,NULL,NULL,NULL,NULL,NULL,NULL,NULL,NULL,NULL,NULL,NULL,NULL,NULL,NULL,NULL,NULL,NULL,NULL,NULL,NULL,NULL,NULL,NULL,NULL,NULL,NULL,NULL,NULL,NULL,NULL,NULL,NULL,NULL,NULL,NULL,NULL,NULL,NULL,NULL,NULL,NULL,NULL,NULL,NULL,NULL,NULL,NULL,NULL,NULL,NULL,NULL,NULL,NULL,NULL,NULL,NULL,NULL,NULL,NULL,NULL,NULL,NULL,NULL),(98,6,0,NULL,NULL,NULL,NULL,NULL,NULL,NULL,NULL,NULL,NULL,NULL,NULL,NULL,NULL,NULL,NULL,NULL,NULL,NULL,NULL,NULL,NULL,NULL,NULL,NULL,NULL,NULL,NULL,NULL,NULL,NULL,NULL,NULL,NULL,NULL,NULL,NULL,NULL,NULL,NULL,NULL,NULL,NULL,NULL,NULL,NULL,NULL,NULL,NULL,NULL,NULL,NULL,NULL,NULL,NULL,NULL,NULL,NULL,NULL,NULL,NULL,NULL,NULL,NULL,NULL,NULL,NULL,NULL,NULL,NULL,NULL,NULL,NULL,NULL,NULL,NULL,NULL,NULL,NULL,NULL,NULL,NULL,NULL,NULL,NULL,NULL,NULL,NULL,NULL,NULL,NULL,NULL,NULL,NULL,NULL,NULL,NULL,NULL,NULL,NULL,NULL,NULL,NULL,NULL,NULL,NULL,NULL,NULL,NULL,NULL,NULL,NULL,NULL,NULL,NULL,NULL,NULL,NULL,NULL,NULL,NULL,NULL,NULL,NULL,NULL,NULL,NULL,NULL,NULL,NULL,NULL,NULL,NULL,NULL,NULL,NULL,NULL,NULL,NULL,NULL,NULL,NULL,NULL,NULL,NULL,NULL,NULL,NULL,NULL,NULL,NULL,NULL,NULL,NULL,NULL,NULL,NULL,NULL,NULL,NULL,NULL,NULL,NULL,NULL,NULL,NULL,NULL,NULL,NULL,NULL,NULL,NULL,NULL,NULL,NULL,NULL,NULL,NULL,NULL,NULL,NULL,NULL,NULL,NULL,NULL,NULL,NULL,NULL,NULL,NULL,NULL,NULL,NULL,NULL,NULL,NULL,NULL,NULL,NULL,NULL,NULL,NULL,NULL,NULL,NULL,NULL,NULL,NULL,NULL,NULL,NULL,NULL,NULL,NULL,NULL,NULL,NULL,NULL,NULL,NULL,NULL,NULL,NULL,NULL,NULL,NULL,NULL,NULL,NULL,NULL,NULL,NULL,NULL,NULL,NULL,NULL,NULL,NULL,NULL,NULL,NULL,NULL,NULL,NULL,NULL,NULL,NULL,NULL,NULL,NULL,NULL,NULL,NULL,NULL,NULL,NULL,NULL,NULL,NULL,NULL,NULL,NULL,NULL,NULL,NULL,NULL,NULL,NULL,NULL,NULL,NULL,NULL,NULL,NULL,NULL,NULL,NULL,NULL,NULL,NULL,NULL,NULL,NULL,NULL,NULL,NULL,NULL,NULL,NULL,NULL,NULL,NULL,NULL,NULL,NULL,NULL,NULL,NULL,NULL,NULL,NULL,NULL,NULL,NULL,NULL,NULL,NULL,NULL,NULL,NULL,NULL,NULL,NULL,NULL,NULL,NULL,NULL,NULL,NULL,NULL,NULL,NULL,NULL,NULL),(99,6,0,NULL,NULL,NULL,NULL,NULL,NULL,NULL,NULL,NULL,NULL,NULL,NULL,NULL,NULL,NULL,NULL,NULL,NULL,NULL,NULL,NULL,NULL,NULL,NULL,NULL,NULL,NULL,NULL,NULL,NULL,NULL,NULL,NULL,NULL,NULL,NULL,NULL,NULL,NULL,NULL,NULL,NULL,NULL,NULL,NULL,NULL,NULL,NULL,NULL,NULL,NULL,NULL,NULL,NULL,NULL,NULL,NULL,NULL,NULL,NULL,NULL,NULL,NULL,NULL,NULL,NULL,NULL,NULL,NULL,NULL,NULL,NULL,NULL,NULL,NULL,NULL,NULL,NULL,NULL,NULL,NULL,NULL,NULL,NULL,NULL,NULL,NULL,NULL,NULL,NULL,NULL,NULL,NULL,NULL,NULL,NULL,NULL,NULL,NULL,NULL,NULL,NULL,NULL,NULL,NULL,NULL,NULL,NULL,NULL,NULL,NULL,NULL,NULL,NULL,NULL,NULL,NULL,NULL,NULL,NULL,NULL,NULL,NULL,NULL,NULL,NULL,NULL,NULL,NULL,NULL,NULL,NULL,NULL,NULL,NULL,NULL,NULL,NULL,NULL,NULL,NULL,NULL,NULL,NULL,NULL,NULL,NULL,NULL,NULL,NULL,NULL,NULL,NULL,NULL,NULL,NULL,NULL,NULL,NULL,NULL,NULL,NULL,NULL,NULL,NULL,NULL,NULL,NULL,NULL,NULL,NULL,NULL,NULL,NULL,NULL,NULL,NULL,NULL,NULL,NULL,NULL,NULL,NULL,NULL,NULL,NULL,NULL,NULL,NULL,NULL,NULL,NULL,NULL,NULL,NULL,NULL,NULL,NULL,NULL,NULL,NULL,NULL,NULL,NULL,NULL,NULL,NULL,NULL,NULL,NULL,NULL,NULL,NULL,NULL,NULL,NULL,NULL,NULL,NULL,NULL,NULL,NULL,NULL,NULL,NULL,NULL,NULL,NULL,NULL,NULL,NULL,NULL,NULL,NULL,NULL,NULL,NULL,NULL,NULL,NULL,NULL,NULL,NULL,NULL,NULL,NULL,NULL,NULL,NULL,NULL,NULL,NULL,NULL,NULL,NULL,NULL,NULL,NULL,NULL,NULL,NULL,NULL,NULL,NULL,NULL,NULL,NULL,NULL,NULL,NULL,NULL,NULL,NULL,NULL,NULL,NULL,NULL,NULL,NULL,NULL,NULL,NULL,NULL,NULL,NULL,NULL,NULL,NULL,NULL,NULL,NULL,NULL,NULL,NULL,NULL,NULL,NULL,NULL,NULL,NULL,NULL,NULL,NULL,NULL,NULL,NULL,NULL,NULL,NULL,NULL,NULL,NULL,NULL,NULL,NULL,NULL,NULL,NULL,NULL,NULL,NULL,NULL,NULL,NULL),(100,6,0,NULL,NULL,NULL,NULL,NULL,NULL,NULL,NULL,NULL,NULL,NULL,NULL,NULL,NULL,NULL,NULL,NULL,NULL,NULL,NULL,NULL,NULL,NULL,NULL,NULL,NULL,NULL,NULL,NULL,NULL,NULL,NULL,NULL,NULL,NULL,NULL,NULL,NULL,NULL,NULL,NULL,NULL,NULL,NULL,NULL,NULL,NULL,NULL,NULL,NULL,NULL,NULL,NULL,NULL,NULL,NULL,NULL,NULL,NULL,NULL,NULL,NULL,NULL,NULL,NULL,NULL,NULL,NULL,NULL,NULL,NULL,NULL,NULL,NULL,NULL,NULL,NULL,NULL,NULL,NULL,NULL,NULL,NULL,NULL,NULL,NULL,NULL,NULL,NULL,NULL,NULL,NULL,NULL,NULL,NULL,NULL,NULL,NULL,NULL,NULL,NULL,NULL,NULL,NULL,NULL,NULL,NULL,NULL,NULL,NULL,NULL,NULL,NULL,NULL,NULL,NULL,NULL,NULL,NULL,NULL,NULL,NULL,NULL,NULL,NULL,NULL,NULL,NULL,NULL,NULL,NULL,NULL,NULL,NULL,NULL,NULL,NULL,NULL,NULL,NULL,NULL,NULL,NULL,NULL,NULL,NULL,NULL,NULL,NULL,NULL,NULL,NULL,NULL,NULL,NULL,NULL,NULL,NULL,NULL,NULL,NULL,NULL,NULL,NULL,NULL,NULL,NULL,NULL,NULL,NULL,NULL,NULL,NULL,NULL,NULL,NULL,NULL,NULL,NULL,NULL,NULL,NULL,NULL,NULL,NULL,NULL,NULL,NULL,NULL,NULL,NULL,NULL,NULL,NULL,NULL,NULL,NULL,NULL,NULL,NULL,NULL,NULL,NULL,NULL,NULL,NULL,NULL,NULL,NULL,NULL,NULL,NULL,NULL,NULL,NULL,NULL,NULL,NULL,NULL,NULL,NULL,NULL,NULL,NULL,NULL,NULL,NULL,NULL,NULL,NULL,NULL,NULL,NULL,NULL,NULL,NULL,NULL,NULL,NULL,NULL,NULL,NULL,NULL,NULL,NULL,NULL,NULL,NULL,NULL,NULL,NULL,NULL,NULL,NULL,NULL,NULL,NULL,NULL,NULL,NULL,NULL,NULL,NULL,NULL,NULL,NULL,NULL,NULL,NULL,NULL,NULL,NULL,NULL,NULL,NULL,NULL,NULL,NULL,NULL,NULL,NULL,NULL,NULL,NULL,NULL,NULL,NULL,NULL,NULL,NULL,NULL,NULL,NULL,NULL,NULL,NULL,NULL,NULL,NULL,NULL,NULL,NULL,NULL,NULL,NULL,NULL,NULL,NULL,NULL,NULL,NULL,NULL,NULL,NULL,NULL,NULL,NULL,NULL,NULL,NULL,NULL,NULL,NULL,NULL),(101,6,0,NULL,NULL,NULL,NULL,NULL,NULL,NULL,NULL,NULL,NULL,NULL,NULL,NULL,NULL,NULL,NULL,NULL,NULL,NULL,NULL,NULL,NULL,NULL,NULL,NULL,NULL,NULL,NULL,NULL,NULL,NULL,NULL,NULL,NULL,NULL,NULL,NULL,NULL,NULL,NULL,NULL,NULL,NULL,NULL,NULL,NULL,NULL,NULL,NULL,NULL,NULL,NULL,NULL,NULL,NULL,NULL,NULL,NULL,NULL,NULL,NULL,NULL,NULL,NULL,NULL,NULL,NULL,NULL,NULL,NULL,NULL,NULL,NULL,NULL,NULL,NULL,NULL,NULL,NULL,NULL,NULL,NULL,NULL,NULL,NULL,NULL,NULL,NULL,NULL,NULL,NULL,NULL,NULL,NULL,NULL,NULL,NULL,NULL,NULL,NULL,NULL,NULL,NULL,NULL,NULL,NULL,NULL,NULL,NULL,NULL,NULL,NULL,NULL,NULL,NULL,NULL,NULL,NULL,NULL,NULL,NULL,NULL,NULL,NULL,NULL,NULL,NULL,NULL,NULL,NULL,NULL,NULL,NULL,NULL,NULL,NULL,NULL,NULL,NULL,NULL,NULL,NULL,NULL,NULL,NULL,NULL,NULL,NULL,NULL,NULL,NULL,NULL,NULL,NULL,NULL,NULL,NULL,NULL,NULL,NULL,NULL,NULL,NULL,NULL,NULL,NULL,NULL,NULL,NULL,NULL,NULL,NULL,NULL,NULL,NULL,NULL,NULL,NULL,NULL,NULL,NULL,NULL,NULL,NULL,NULL,NULL,NULL,NULL,NULL,NULL,NULL,NULL,NULL,NULL,NULL,NULL,NULL,NULL,NULL,NULL,NULL,NULL,NULL,NULL,NULL,NULL,NULL,NULL,NULL,NULL,NULL,NULL,NULL,NULL,NULL,NULL,NULL,NULL,NULL,NULL,NULL,NULL,NULL,NULL,NULL,NULL,NULL,NULL,NULL,NULL,NULL,NULL,NULL,NULL,NULL,NULL,NULL,NULL,NULL,NULL,NULL,NULL,NULL,NULL,NULL,NULL,NULL,NULL,NULL,NULL,NULL,NULL,NULL,NULL,NULL,NULL,NULL,NULL,NULL,NULL,NULL,NULL,NULL,NULL,NULL,NULL,NULL,NULL,NULL,NULL,NULL,NULL,NULL,NULL,NULL,NULL,NULL,NULL,NULL,NULL,NULL,NULL,NULL,NULL,NULL,NULL,NULL,NULL,NULL,NULL,NULL,NULL,NULL,NULL,NULL,NULL,NULL,NULL,NULL,NULL,NULL,NULL,NULL,NULL,NULL,NULL,NULL,NULL,NULL,NULL,NULL,NULL,NULL,NULL,NULL,NULL,NULL,NULL,NULL,NULL,NULL,NULL,NULL,NULL),(102,6,0,NULL,NULL,NULL,NULL,NULL,NULL,NULL,NULL,NULL,NULL,NULL,NULL,NULL,NULL,NULL,NULL,NULL,NULL,NULL,NULL,NULL,NULL,NULL,NULL,NULL,NULL,NULL,NULL,NULL,NULL,NULL,NULL,NULL,NULL,NULL,NULL,NULL,NULL,NULL,NULL,NULL,NULL,NULL,NULL,NULL,NULL,NULL,NULL,NULL,NULL,NULL,NULL,NULL,NULL,NULL,NULL,NULL,NULL,NULL,NULL,NULL,NULL,NULL,NULL,NULL,NULL,NULL,NULL,NULL,NULL,NULL,NULL,NULL,NULL,NULL,NULL,NULL,NULL,NULL,NULL,NULL,NULL,NULL,NULL,NULL,NULL,NULL,NULL,NULL,NULL,NULL,NULL,NULL,NULL,NULL,NULL,NULL,NULL,NULL,NULL,NULL,NULL,NULL,NULL,NULL,NULL,NULL,NULL,NULL,NULL,NULL,NULL,NULL,NULL,NULL,NULL,NULL,NULL,NULL,NULL,NULL,NULL,NULL,NULL,NULL,NULL,NULL,NULL,NULL,NULL,NULL,NULL,NULL,NULL,NULL,NULL,NULL,NULL,NULL,NULL,NULL,NULL,NULL,NULL,NULL,NULL,NULL,NULL,NULL,NULL,NULL,NULL,NULL,NULL,NULL,NULL,NULL,NULL,NULL,NULL,NULL,NULL,NULL,NULL,NULL,NULL,NULL,NULL,NULL,NULL,NULL,NULL,NULL,NULL,NULL,NULL,NULL,NULL,NULL,NULL,NULL,NULL,NULL,NULL,NULL,NULL,NULL,NULL,NULL,NULL,NULL,NULL,NULL,NULL,NULL,NULL,NULL,NULL,NULL,NULL,NULL,NULL,NULL,NULL,NULL,NULL,NULL,NULL,NULL,NULL,NULL,NULL,NULL,NULL,NULL,NULL,NULL,NULL,NULL,NULL,NULL,NULL,NULL,NULL,NULL,NULL,NULL,NULL,NULL,NULL,NULL,NULL,NULL,NULL,NULL,NULL,NULL,NULL,NULL,NULL,NULL,NULL,NULL,NULL,NULL,NULL,NULL,NULL,NULL,NULL,NULL,NULL,NULL,NULL,NULL,NULL,NULL,NULL,NULL,NULL,NULL,NULL,NULL,NULL,NULL,NULL,NULL,NULL,NULL,NULL,NULL,NULL,NULL,NULL,NULL,NULL,NULL,NULL,NULL,NULL,NULL,NULL,NULL,NULL,NULL,NULL,NULL,NULL,NULL,NULL,NULL,NULL,NULL,NULL,NULL,NULL,NULL,NULL,NULL,NULL,NULL,NULL,NULL,NULL,NULL,NULL,NULL,NULL,NULL,NULL,NULL,NULL,NULL,NULL,NULL,NULL,NULL,NULL,NULL,NULL,NULL,NULL,NULL,NULL),(103,6,0,NULL,NULL,NULL,NULL,NULL,NULL,NULL,NULL,NULL,NULL,NULL,NULL,NULL,NULL,NULL,NULL,NULL,NULL,NULL,NULL,NULL,NULL,NULL,NULL,NULL,NULL,NULL,NULL,NULL,NULL,NULL,NULL,NULL,NULL,NULL,NULL,NULL,NULL,NULL,NULL,NULL,NULL,NULL,NULL,NULL,NULL,NULL,NULL,NULL,NULL,NULL,NULL,NULL,NULL,NULL,NULL,NULL,NULL,NULL,NULL,NULL,NULL,NULL,NULL,NULL,NULL,NULL,NULL,NULL,NULL,NULL,NULL,NULL,NULL,NULL,NULL,NULL,NULL,NULL,NULL,NULL,NULL,NULL,NULL,NULL,NULL,NULL,NULL,NULL,NULL,NULL,NULL,NULL,NULL,NULL,NULL,NULL,NULL,NULL,NULL,NULL,NULL,NULL,NULL,NULL,NULL,NULL,NULL,NULL,NULL,NULL,NULL,NULL,NULL,NULL,NULL,NULL,NULL,NULL,NULL,NULL,NULL,NULL,NULL,NULL,NULL,NULL,NULL,NULL,NULL,NULL,NULL,NULL,NULL,NULL,NULL,NULL,NULL,NULL,NULL,NULL,NULL,NULL,NULL,NULL,NULL,NULL,NULL,NULL,NULL,NULL,NULL,NULL,NULL,NULL,NULL,NULL,NULL,NULL,NULL,NULL,NULL,NULL,NULL,NULL,NULL,NULL,NULL,NULL,NULL,NULL,NULL,NULL,NULL,NULL,NULL,NULL,NULL,NULL,NULL,NULL,NULL,NULL,NULL,NULL,NULL,NULL,NULL,NULL,NULL,NULL,NULL,NULL,NULL,NULL,NULL,NULL,NULL,NULL,NULL,NULL,NULL,NULL,NULL,NULL,NULL,NULL,NULL,NULL,NULL,NULL,NULL,NULL,NULL,NULL,NULL,NULL,NULL,NULL,NULL,NULL,NULL,NULL,NULL,NULL,NULL,NULL,NULL,NULL,NULL,NULL,NULL,NULL,NULL,NULL,NULL,NULL,NULL,NULL,NULL,NULL,NULL,NULL,NULL,NULL,NULL,NULL,NULL,NULL,NULL,NULL,NULL,NULL,NULL,NULL,NULL,NULL,NULL,NULL,NULL,NULL,NULL,NULL,NULL,NULL,NULL,NULL,NULL,NULL,NULL,NULL,NULL,NULL,NULL,NULL,NULL,NULL,NULL,NULL,NULL,NULL,NULL,NULL,NULL,NULL,NULL,NULL,NULL,NULL,NULL,NULL,NULL,NULL,NULL,NULL,NULL,NULL,NULL,NULL,NULL,NULL,NULL,NULL,NULL,NULL,NULL,NULL,NULL,NULL,NULL,NULL,NULL,NULL,NULL,NULL,NULL,NULL,NULL,NULL,NULL,NULL,NULL,NULL,NULL),(104,6,0,NULL,NULL,NULL,NULL,NULL,NULL,NULL,NULL,NULL,NULL,NULL,NULL,NULL,NULL,NULL,NULL,NULL,NULL,NULL,NULL,NULL,NULL,NULL,NULL,NULL,NULL,NULL,NULL,NULL,NULL,NULL,NULL,NULL,NULL,NULL,NULL,NULL,NULL,NULL,NULL,NULL,NULL,NULL,NULL,NULL,NULL,NULL,NULL,NULL,NULL,NULL,NULL,NULL,NULL,NULL,NULL,NULL,NULL,NULL,NULL,NULL,NULL,NULL,NULL,NULL,NULL,NULL,NULL,NULL,NULL,NULL,NULL,NULL,NULL,NULL,NULL,NULL,NULL,NULL,NULL,NULL,NULL,NULL,NULL,NULL,NULL,NULL,NULL,NULL,NULL,NULL,NULL,NULL,NULL,NULL,NULL,NULL,NULL,NULL,NULL,NULL,NULL,NULL,NULL,NULL,NULL,NULL,NULL,NULL,NULL,NULL,NULL,NULL,NULL,NULL,NULL,NULL,NULL,NULL,NULL,NULL,NULL,NULL,NULL,NULL,NULL,NULL,NULL,NULL,NULL,NULL,NULL,NULL,NULL,NULL,NULL,NULL,NULL,NULL,NULL,NULL,NULL,NULL,NULL,NULL,NULL,NULL,NULL,NULL,NULL,NULL,NULL,NULL,NULL,NULL,NULL,NULL,NULL,NULL,NULL,NULL,NULL,NULL,NULL,NULL,NULL,NULL,NULL,NULL,NULL,NULL,NULL,NULL,NULL,NULL,NULL,NULL,NULL,NULL,NULL,NULL,NULL,NULL,NULL,NULL,NULL,NULL,NULL,NULL,NULL,NULL,NULL,NULL,NULL,NULL,NULL,NULL,NULL,NULL,NULL,NULL,NULL,NULL,NULL,NULL,NULL,NULL,NULL,NULL,NULL,NULL,NULL,NULL,NULL,NULL,NULL,NULL,NULL,NULL,NULL,NULL,NULL,NULL,NULL,NULL,NULL,NULL,NULL,NULL,NULL,NULL,NULL,NULL,NULL,NULL,NULL,NULL,NULL,NULL,NULL,NULL,NULL,NULL,NULL,NULL,NULL,NULL,NULL,NULL,NULL,NULL,NULL,NULL,NULL,NULL,NULL,NULL,NULL,NULL,NULL,NULL,NULL,NULL,NULL,NULL,NULL,NULL,NULL,NULL,NULL,NULL,NULL,NULL,NULL,NULL,NULL,NULL,NULL,NULL,NULL,NULL,NULL,NULL,NULL,NULL,NULL,NULL,NULL,NULL,NULL,NULL,NULL,NULL,NULL,NULL,NULL,NULL,NULL,NULL,NULL,NULL,NULL,NULL,NULL,NULL,NULL,NULL,NULL,NULL,NULL,NULL,NULL,NULL,NULL,NULL,NULL,NULL,NULL,NULL,NULL,NULL,NULL,NULL,NULL),(105,6,0,NULL,NULL,NULL,NULL,NULL,NULL,NULL,NULL,NULL,NULL,NULL,NULL,NULL,NULL,NULL,NULL,NULL,NULL,NULL,NULL,NULL,NULL,NULL,NULL,NULL,NULL,NULL,NULL,NULL,NULL,NULL,NULL,NULL,NULL,NULL,NULL,NULL,NULL,NULL,NULL,NULL,NULL,NULL,NULL,NULL,NULL,NULL,NULL,NULL,NULL,NULL,NULL,NULL,NULL,NULL,NULL,NULL,NULL,NULL,NULL,NULL,NULL,NULL,NULL,NULL,NULL,NULL,NULL,NULL,NULL,NULL,NULL,NULL,NULL,NULL,NULL,NULL,NULL,NULL,NULL,NULL,NULL,NULL,NULL,NULL,NULL,NULL,NULL,NULL,NULL,NULL,NULL,NULL,NULL,NULL,NULL,NULL,NULL,NULL,NULL,NULL,NULL,NULL,NULL,NULL,NULL,NULL,NULL,NULL,NULL,NULL,NULL,NULL,NULL,NULL,NULL,NULL,NULL,NULL,NULL,NULL,NULL,NULL,NULL,NULL,NULL,NULL,NULL,NULL,NULL,NULL,NULL,NULL,NULL,NULL,NULL,NULL,NULL,NULL,NULL,NULL,NULL,NULL,NULL,NULL,NULL,NULL,NULL,NULL,NULL,NULL,NULL,NULL,NULL,NULL,NULL,NULL,NULL,NULL,NULL,NULL,NULL,NULL,NULL,NULL,NULL,NULL,NULL,NULL,NULL,NULL,NULL,NULL,NULL,NULL,NULL,NULL,NULL,NULL,NULL,NULL,NULL,NULL,NULL,NULL,NULL,NULL,NULL,NULL,NULL,NULL,NULL,NULL,NULL,NULL,NULL,NULL,NULL,NULL,NULL,NULL,NULL,NULL,NULL,NULL,NULL,NULL,NULL,NULL,NULL,NULL,NULL,NULL,NULL,NULL,NULL,NULL,NULL,NULL,NULL,NULL,NULL,NULL,NULL,NULL,NULL,NULL,NULL,NULL,NULL,NULL,NULL,NULL,NULL,NULL,NULL,NULL,NULL,NULL,NULL,NULL,NULL,NULL,NULL,NULL,NULL,NULL,NULL,NULL,NULL,NULL,NULL,NULL,NULL,NULL,NULL,NULL,NULL,NULL,NULL,NULL,NULL,NULL,NULL,NULL,NULL,NULL,NULL,NULL,NULL,NULL,NULL,NULL,NULL,NULL,NULL,NULL,NULL,NULL,NULL,NULL,NULL,NULL,NULL,NULL,NULL,NULL,NULL,NULL,NULL,NULL,NULL,NULL,NULL,NULL,NULL,NULL,NULL,NULL,NULL,NULL,NULL,NULL,NULL,NULL,NULL,NULL,NULL,NULL,NULL,NULL,NULL,NULL,NULL,NULL,NULL,NULL,NULL,NULL,NULL,NULL,NULL,NULL,NULL),(106,6,0,NULL,NULL,NULL,NULL,NULL,NULL,NULL,NULL,NULL,NULL,NULL,NULL,NULL,NULL,NULL,NULL,NULL,NULL,NULL,NULL,NULL,NULL,NULL,NULL,NULL,NULL,NULL,NULL,NULL,NULL,NULL,NULL,NULL,NULL,NULL,NULL,NULL,NULL,NULL,NULL,NULL,NULL,NULL,NULL,NULL,NULL,NULL,NULL,NULL,NULL,NULL,NULL,NULL,NULL,NULL,NULL,NULL,NULL,NULL,NULL,NULL,NULL,NULL,NULL,NULL,NULL,NULL,NULL,NULL,NULL,NULL,NULL,NULL,NULL,NULL,NULL,NULL,NULL,NULL,NULL,NULL,NULL,NULL,NULL,NULL,NULL,NULL,NULL,NULL,NULL,NULL,NULL,NULL,NULL,NULL,NULL,NULL,NULL,NULL,NULL,NULL,NULL,NULL,NULL,NULL,NULL,NULL,NULL,NULL,NULL,NULL,NULL,NULL,NULL,NULL,NULL,NULL,NULL,NULL,NULL,NULL,NULL,NULL,NULL,NULL,NULL,NULL,NULL,NULL,NULL,NULL,NULL,NULL,NULL,NULL,NULL,NULL,NULL,NULL,NULL,NULL,NULL,NULL,NULL,NULL,NULL,NULL,NULL,NULL,NULL,NULL,NULL,NULL,NULL,NULL,NULL,NULL,NULL,NULL,NULL,NULL,NULL,NULL,NULL,NULL,NULL,NULL,NULL,NULL,NULL,NULL,NULL,NULL,NULL,NULL,NULL,NULL,NULL,NULL,NULL,NULL,NULL,NULL,NULL,NULL,NULL,NULL,NULL,NULL,NULL,NULL,NULL,NULL,NULL,NULL,NULL,NULL,NULL,NULL,NULL,NULL,NULL,NULL,NULL,NULL,NULL,NULL,NULL,NULL,NULL,NULL,NULL,NULL,NULL,NULL,NULL,NULL,NULL,NULL,NULL,NULL,NULL,NULL,NULL,NULL,NULL,NULL,NULL,NULL,NULL,NULL,NULL,NULL,NULL,NULL,NULL,NULL,NULL,NULL,NULL,NULL,NULL,NULL,NULL,NULL,NULL,NULL,NULL,NULL,NULL,NULL,NULL,NULL,NULL,NULL,NULL,NULL,NULL,NULL,NULL,NULL,NULL,NULL,NULL,NULL,NULL,NULL,NULL,NULL,NULL,NULL,NULL,NULL,NULL,NULL,NULL,NULL,NULL,NULL,NULL,NULL,NULL,NULL,NULL,NULL,NULL,NULL,NULL,NULL,NULL,NULL,NULL,NULL,NULL,NULL,NULL,NULL,NULL,NULL,NULL,NULL,NULL,NULL,NULL,NULL,NULL,NULL,NULL,NULL,NULL,NULL,NULL,NULL,NULL,NULL,NULL,NULL,NULL,NULL,NULL,NULL,NULL,NULL,NULL),(107,6,0,NULL,NULL,NULL,NULL,NULL,NULL,NULL,NULL,NULL,NULL,NULL,NULL,NULL,NULL,NULL,NULL,NULL,NULL,NULL,NULL,NULL,NULL,NULL,NULL,NULL,NULL,NULL,NULL,NULL,NULL,NULL,NULL,NULL,NULL,NULL,NULL,NULL,NULL,NULL,NULL,NULL,NULL,NULL,NULL,NULL,NULL,NULL,NULL,NULL,NULL,NULL,NULL,NULL,NULL,NULL,NULL,NULL,NULL,NULL,NULL,NULL,NULL,NULL,NULL,NULL,NULL,NULL,NULL,NULL,NULL,NULL,NULL,NULL,NULL,NULL,NULL,NULL,NULL,NULL,NULL,NULL,NULL,NULL,NULL,NULL,NULL,NULL,NULL,NULL,NULL,NULL,NULL,NULL,NULL,NULL,NULL,NULL,NULL,NULL,NULL,NULL,NULL,NULL,NULL,NULL,NULL,NULL,NULL,NULL,NULL,NULL,NULL,NULL,NULL,NULL,NULL,NULL,NULL,NULL,NULL,NULL,NULL,NULL,NULL,NULL,NULL,NULL,NULL,NULL,NULL,NULL,NULL,NULL,NULL,NULL,NULL,NULL,NULL,NULL,NULL,NULL,NULL,NULL,NULL,NULL,NULL,NULL,NULL,NULL,NULL,NULL,NULL,NULL,NULL,NULL,NULL,NULL,NULL,NULL,NULL,NULL,NULL,NULL,NULL,NULL,NULL,NULL,NULL,NULL,NULL,NULL,NULL,NULL,NULL,NULL,NULL,NULL,NULL,NULL,NULL,NULL,NULL,NULL,NULL,NULL,NULL,NULL,NULL,NULL,NULL,NULL,NULL,NULL,NULL,NULL,NULL,NULL,NULL,NULL,NULL,NULL,NULL,NULL,NULL,NULL,NULL,NULL,NULL,NULL,NULL,NULL,NULL,NULL,NULL,NULL,NULL,NULL,NULL,NULL,NULL,NULL,NULL,NULL,NULL,NULL,NULL,NULL,NULL,NULL,NULL,NULL,NULL,NULL,NULL,NULL,NULL,NULL,NULL,NULL,NULL,NULL,NULL,NULL,NULL,NULL,NULL,NULL,NULL,NULL,NULL,NULL,NULL,NULL,NULL,NULL,NULL,NULL,NULL,NULL,NULL,NULL,NULL,NULL,NULL,NULL,NULL,NULL,NULL,NULL,NULL,NULL,NULL,NULL,NULL,NULL,NULL,NULL,NULL,NULL,NULL,NULL,NULL,NULL,NULL,NULL,NULL,NULL,NULL,NULL,NULL,NULL,NULL,NULL,NULL,NULL,NULL,NULL,NULL,NULL,NULL,NULL,NULL,NULL,NULL,NULL,NULL,NULL,NULL,NULL,NULL,NULL,NULL,NULL,NULL,NULL,NULL,NULL,NULL,NULL,NULL,NULL,NULL,NULL,NULL),(108,6,0,NULL,NULL,NULL,NULL,NULL,NULL,NULL,NULL,NULL,NULL,NULL,NULL,NULL,NULL,NULL,NULL,NULL,NULL,NULL,NULL,NULL,NULL,NULL,NULL,NULL,NULL,NULL,NULL,NULL,NULL,NULL,NULL,NULL,NULL,NULL,NULL,NULL,NULL,NULL,NULL,NULL,NULL,NULL,NULL,NULL,NULL,NULL,NULL,NULL,NULL,NULL,NULL,NULL,NULL,NULL,NULL,NULL,NULL,NULL,NULL,NULL,NULL,NULL,NULL,NULL,NULL,NULL,NULL,NULL,NULL,NULL,NULL,NULL,NULL,NULL,NULL,NULL,NULL,NULL,NULL,NULL,NULL,NULL,NULL,NULL,NULL,NULL,NULL,NULL,NULL,NULL,NULL,NULL,NULL,NULL,NULL,NULL,NULL,NULL,NULL,NULL,NULL,NULL,NULL,NULL,NULL,NULL,NULL,NULL,NULL,NULL,NULL,NULL,NULL,NULL,NULL,NULL,NULL,NULL,NULL,NULL,NULL,NULL,NULL,NULL,NULL,NULL,NULL,NULL,NULL,NULL,NULL,NULL,NULL,NULL,NULL,NULL,NULL,NULL,NULL,NULL,NULL,NULL,NULL,NULL,NULL,NULL,NULL,NULL,NULL,NULL,NULL,NULL,NULL,NULL,NULL,NULL,NULL,NULL,NULL,NULL,NULL,NULL,NULL,NULL,NULL,NULL,NULL,NULL,NULL,NULL,NULL,NULL,NULL,NULL,NULL,NULL,NULL,NULL,NULL,NULL,NULL,NULL,NULL,NULL,NULL,NULL,NULL,NULL,NULL,NULL,NULL,NULL,NULL,NULL,NULL,NULL,NULL,NULL,NULL,NULL,NULL,NULL,NULL,NULL,NULL,NULL,NULL,NULL,NULL,NULL,NULL,NULL,NULL,NULL,NULL,NULL,NULL,NULL,NULL,NULL,NULL,NULL,NULL,NULL,NULL,NULL,NULL,NULL,NULL,NULL,NULL,NULL,NULL,NULL,NULL,NULL,NULL,NULL,NULL,NULL,NULL,NULL,NULL,NULL,NULL,NULL,NULL,NULL,NULL,NULL,NULL,NULL,NULL,NULL,NULL,NULL,NULL,NULL,NULL,NULL,NULL,NULL,NULL,NULL,NULL,NULL,NULL,NULL,NULL,NULL,NULL,NULL,NULL,NULL,NULL,NULL,NULL,NULL,NULL,NULL,NULL,NULL,NULL,NULL,NULL,NULL,NULL,NULL,NULL,NULL,NULL,NULL,NULL,NULL,NULL,NULL,NULL,NULL,NULL,NULL,NULL,NULL,NULL,NULL,NULL,NULL,NULL,NULL,NULL,NULL,NULL,NULL,NULL,NULL,NULL,NULL,NULL,NULL,NULL,NULL,NULL,NULL,NULL),(109,6,0,NULL,NULL,NULL,NULL,NULL,NULL,NULL,NULL,NULL,NULL,NULL,NULL,NULL,NULL,NULL,NULL,NULL,NULL,NULL,NULL,NULL,NULL,NULL,NULL,NULL,NULL,NULL,NULL,NULL,NULL,NULL,NULL,NULL,NULL,NULL,NULL,NULL,NULL,NULL,NULL,NULL,NULL,NULL,NULL,NULL,NULL,NULL,NULL,NULL,NULL,NULL,NULL,NULL,NULL,NULL,NULL,NULL,NULL,NULL,NULL,NULL,NULL,NULL,NULL,NULL,NULL,NULL,NULL,NULL,NULL,NULL,NULL,NULL,NULL,NULL,NULL,NULL,NULL,NULL,NULL,NULL,NULL,NULL,NULL,NULL,NULL,NULL,NULL,NULL,NULL,NULL,NULL,NULL,NULL,NULL,NULL,NULL,NULL,NULL,NULL,NULL,NULL,NULL,NULL,NULL,NULL,NULL,NULL,NULL,NULL,NULL,NULL,NULL,NULL,NULL,NULL,NULL,NULL,NULL,NULL,NULL,NULL,NULL,NULL,NULL,NULL,NULL,NULL,NULL,NULL,NULL,NULL,NULL,NULL,NULL,NULL,NULL,NULL,NULL,NULL,NULL,NULL,NULL,NULL,NULL,NULL,NULL,NULL,NULL,NULL,NULL,NULL,NULL,NULL,NULL,NULL,NULL,NULL,NULL,NULL,NULL,NULL,NULL,NULL,NULL,NULL,NULL,NULL,NULL,NULL,NULL,NULL,NULL,NULL,NULL,NULL,NULL,NULL,NULL,NULL,NULL,NULL,NULL,NULL,NULL,NULL,NULL,NULL,NULL,NULL,NULL,NULL,NULL,NULL,NULL,NULL,NULL,NULL,NULL,NULL,NULL,NULL,NULL,NULL,NULL,NULL,NULL,NULL,NULL,NULL,NULL,NULL,NULL,NULL,NULL,NULL,NULL,NULL,NULL,NULL,NULL,NULL,NULL,NULL,NULL,NULL,NULL,NULL,NULL,NULL,NULL,NULL,NULL,NULL,NULL,NULL,NULL,NULL,NULL,NULL,NULL,NULL,NULL,NULL,NULL,NULL,NULL,NULL,NULL,NULL,NULL,NULL,NULL,NULL,NULL,NULL,NULL,NULL,NULL,NULL,NULL,NULL,NULL,NULL,NULL,NULL,NULL,NULL,NULL,NULL,NULL,NULL,NULL,NULL,NULL,NULL,NULL,NULL,NULL,NULL,NULL,NULL,NULL,NULL,NULL,NULL,NULL,NULL,NULL,NULL,NULL,NULL,NULL,NULL,NULL,NULL,NULL,NULL,NULL,NULL,NULL,NULL,NULL,NULL,NULL,NULL,NULL,NULL,NULL,NULL,NULL,NULL,NULL,NULL,NULL,NULL,NULL,NULL,NULL,NULL,NULL,NULL,NULL,NULL),(110,6,0,NULL,NULL,NULL,NULL,NULL,NULL,NULL,NULL,NULL,NULL,NULL,NULL,NULL,NULL,NULL,NULL,NULL,NULL,NULL,NULL,NULL,NULL,NULL,NULL,NULL,NULL,NULL,NULL,NULL,NULL,NULL,NULL,NULL,NULL,NULL,NULL,NULL,NULL,NULL,NULL,NULL,NULL,NULL,NULL,NULL,NULL,NULL,NULL,NULL,NULL,NULL,NULL,NULL,NULL,NULL,NULL,NULL,NULL,NULL,NULL,NULL,NULL,NULL,NULL,NULL,NULL,NULL,NULL,NULL,NULL,NULL,NULL,NULL,NULL,NULL,NULL,NULL,NULL,NULL,NULL,NULL,NULL,NULL,NULL,NULL,NULL,NULL,NULL,NULL,NULL,NULL,NULL,NULL,NULL,NULL,NULL,NULL,NULL,NULL,NULL,NULL,NULL,NULL,NULL,NULL,NULL,NULL,NULL,NULL,NULL,NULL,NULL,NULL,NULL,NULL,NULL,NULL,NULL,NULL,NULL,NULL,NULL,NULL,NULL,NULL,NULL,NULL,NULL,NULL,NULL,NULL,NULL,NULL,NULL,NULL,NULL,NULL,NULL,NULL,NULL,NULL,NULL,NULL,NULL,NULL,NULL,NULL,NULL,NULL,NULL,NULL,NULL,NULL,NULL,NULL,NULL,NULL,NULL,NULL,NULL,NULL,NULL,NULL,NULL,NULL,NULL,NULL,NULL,NULL,NULL,NULL,NULL,NULL,NULL,NULL,NULL,NULL,NULL,NULL,NULL,NULL,NULL,NULL,NULL,NULL,NULL,NULL,NULL,NULL,NULL,NULL,NULL,NULL,NULL,NULL,NULL,NULL,NULL,NULL,NULL,NULL,NULL,NULL,NULL,NULL,NULL,NULL,NULL,NULL,NULL,NULL,NULL,NULL,NULL,NULL,NULL,NULL,NULL,NULL,NULL,NULL,NULL,NULL,NULL,NULL,NULL,NULL,NULL,NULL,NULL,NULL,NULL,NULL,NULL,NULL,NULL,NULL,NULL,NULL,NULL,NULL,NULL,NULL,NULL,NULL,NULL,NULL,NULL,NULL,NULL,NULL,NULL,NULL,NULL,NULL,NULL,NULL,NULL,NULL,NULL,NULL,NULL,NULL,NULL,NULL,NULL,NULL,NULL,NULL,NULL,NULL,NULL,NULL,NULL,NULL,NULL,NULL,NULL,NULL,NULL,NULL,NULL,NULL,NULL,NULL,NULL,NULL,NULL,NULL,NULL,NULL,NULL,NULL,NULL,NULL,NULL,NULL,NULL,NULL,NULL,NULL,NULL,NULL,NULL,NULL,NULL,NULL,NULL,NULL,NULL,NULL,NULL,NULL,NULL,NULL,NULL,NULL,NULL,NULL,NULL,NULL,NULL,NULL,NULL);
/*!40000 ALTER TABLE `MixsSpecification_AUD` ENABLE KEYS */;
UNLOCK TABLES;

--
-- Table structure for table `PcrBatchAttach`
--

DROP TABLE IF EXISTS `PcrBatchAttach`;
/*!40101 SET @saved_cs_client     = @@character_set_client */;
/*!40101 SET character_set_client = utf8 */;
CREATE TABLE `PcrBatchAttach` (
  `PcrBatchAttachId` int(11) NOT NULL AUTO_INCREMENT,
  `DateEntered` date NOT NULL,
  `FileExtension` varchar(255) DEFAULT NULL,
  `FileName` varchar(255) NOT NULL,
  `FileTitle` varchar(255) DEFAULT NULL,
  `Height` int(11) DEFAULT NULL,
  `Notes` varchar(1024) DEFAULT NULL,
  `Width` int(11) DEFAULT NULL,
  `PcrBatchId` int(11) NOT NULL,
  PRIMARY KEY (`PcrBatchAttachId`),
  KEY `FK_i1hvqhm5h2qb9xbijcvcjkksn` (`PcrBatchId`),
  CONSTRAINT `FK_i1hvqhm5h2qb9xbijcvcjkksn` FOREIGN KEY (`PcrBatchId`) REFERENCES `PcrBatchs` (`PCRBatchID`)
) ENGINE=InnoDB DEFAULT CHARSET=latin1;
/*!40101 SET character_set_client = @saved_cs_client */;

--
-- Dumping data for table `PcrBatchAttach`
--

LOCK TABLES `PcrBatchAttach` WRITE;
/*!40000 ALTER TABLE `PcrBatchAttach` DISABLE KEYS */;
/*!40000 ALTER TABLE `PcrBatchAttach` ENABLE KEYS */;
UNLOCK TABLES;

--
-- Table structure for table `PcrBatchs`
--

DROP TABLE IF EXISTS `PcrBatchs`;
/*!40101 SET @saved_cs_client     = @@character_set_client */;
/*!40101 SET character_set_client = utf8 */;
CREATE TABLE `PcrBatchs` (
  `PCRBatchID` int(11) NOT NULL AUTO_INCREMENT,
  `CleanUpDate` date DEFAULT NULL,
  `CleanUpMethod` varchar(100) DEFAULT NULL,
  `CleanUpPlateId` varchar(50) DEFAULT NULL,
  `DnaDilution` varchar(50) DEFAULT NULL,
  `Experimenter` varchar(50) DEFAULT NULL,
  `LastModified` datetime(6) DEFAULT NULL,
  `Name` varchar(50) NOT NULL,
  `NormalizationMethod` varchar(100) DEFAULT NULL,
  `NormalizationPlateId` varchar(50) DEFAULT NULL,
  `NormalizedConcentration` varchar(20) DEFAULT NULL,
  `Notes` longtext,
  `Objective` varchar(200) DEFAULT NULL,
  `PcrPoolingNumber` varchar(50) DEFAULT NULL,
  `Polymerase` varchar(50) DEFAULT NULL,
  `Pooled` bit(1) DEFAULT NULL,
  `PositiveControl` varchar(50) DEFAULT NULL,
  `Project` varchar(50) DEFAULT NULL,
  `Purification` varchar(50) DEFAULT NULL,
  `QuantificationMethod` varchar(100) DEFAULT NULL,
  `ReactionDate` date DEFAULT NULL,
  `ReactionVolume` varchar(50) DEFAULT NULL,
  `Reference` varchar(200) DEFAULT NULL,
  `Result` longtext,
  `Thermocycler` varchar(50) DEFAULT NULL,
  `Type` varchar(255) NOT NULL,
  `GroupID` int(11) DEFAULT NULL,
  `PCRProfileID` int(11) DEFAULT NULL,
  `PrimerForwardID` int(11) DEFAULT NULL,
  `PrimerReverseID` int(11) DEFAULT NULL,
  `ProtocolID` int(11) DEFAULT NULL,
  `RegionID` int(11) DEFAULT NULL,
  `Round2BatchID` int(11) DEFAULT NULL,
  `SeqSubmissionID` int(11) DEFAULT NULL,
  PRIMARY KEY (`PCRBatchID`),
  UNIQUE KEY `UK_dltslxx4u78lx3eoye0rgfiqu` (`Name`,`GroupID`),
  KEY `FK_190on7fv02cyhhqqbtynwmcfb` (`GroupID`),
  KEY `FK_iyhmua5d43idxmrqwa6mt1mmx` (`PCRProfileID`),
  KEY `FK_5xrpd7j1ifhcveugmvivsy9j4` (`PrimerForwardID`),
  KEY `FK_qsywx3kn4haf7fb0fal1ko4sd` (`PrimerReverseID`),
  KEY `FK_tkxk7kxmhav5jejmldunlthm2` (`ProtocolID`),
  KEY `FK_4c30viwryqtx91qdsp81emqa` (`RegionID`),
  KEY `FK_5ox5bp4jaw3po3u184kff1sul` (`Round2BatchID`),
  KEY `FK_knhujokmet0ew9isorewoouim` (`SeqSubmissionID`),
  CONSTRAINT `FK_190on7fv02cyhhqqbtynwmcfb` FOREIGN KEY (`GroupID`) REFERENCES `Groups` (`GroupID`),
  CONSTRAINT `FK_4c30viwryqtx91qdsp81emqa` FOREIGN KEY (`RegionID`) REFERENCES `Regions` (`TagID`),
  CONSTRAINT `FK_5ox5bp4jaw3po3u184kff1sul` FOREIGN KEY (`Round2BatchID`) REFERENCES `PcrBatchs` (`PCRBatchID`),
  CONSTRAINT `FK_5xrpd7j1ifhcveugmvivsy9j4` FOREIGN KEY (`PrimerForwardID`) REFERENCES `PcrPrimers` (`PCRPrimerID`),
  CONSTRAINT `FK_iyhmua5d43idxmrqwa6mt1mmx` FOREIGN KEY (`PCRProfileID`) REFERENCES `PcrProfiles` (`PCRProfileID`),
  CONSTRAINT `FK_knhujokmet0ew9isorewoouim` FOREIGN KEY (`SeqSubmissionID`) REFERENCES `SeqSubmissions` (`SeqSubmissionID`),
  CONSTRAINT `FK_qsywx3kn4haf7fb0fal1ko4sd` FOREIGN KEY (`PrimerReverseID`) REFERENCES `PcrPrimers` (`PCRPrimerID`),
  CONSTRAINT `FK_tkxk7kxmhav5jejmldunlthm2` FOREIGN KEY (`ProtocolID`) REFERENCES `Protocols` (`ProtocolID`)
) ENGINE=InnoDB AUTO_INCREMENT=7 DEFAULT CHARSET=latin1;
/*!40101 SET character_set_client = @saved_cs_client */;

--
-- Dumping data for table `PcrBatchs`
--

LOCK TABLES `PcrBatchs` WRITE;
/*!40000 ALTER TABLE `PcrBatchs` DISABLE KEYS */;
INSERT INTO `PcrBatchs` VALUES (1,NULL,NULL,NULL,'aDilution','Gregg Robideau','2013-03-19 00:00:00.000000','GR_PCR_001',NULL,NULL,NULL,'PCR Batch notes 1','aObjective','4','aTaq','\0','aControl',NULL,'aPurification',NULL,'2010-01-04','10','aReference','aResult','aThermocycler','SANGER',1,1,2,1,4,2,NULL,2),(2,NULL,NULL,NULL,'bDilution','Tara Rintoul','2013-03-19 00:00:00.000000','TR_PCR_001',NULL,NULL,NULL,'PCR Batch notes 1','bObjective','4','bTaq','','bControl',NULL,'bPurification',NULL,'2010-01-05','15','bReference','bResult','bThermocycler','SANGER',1,2,4,3,4,3,NULL,2),(3,NULL,NULL,NULL,'cDilution','Mat Poff','2013-03-19 00:00:00.000000','MP_PCR_001',NULL,NULL,NULL,'PCR Batch notes 1','cObjective','4','cTaq','','cControl',NULL,'cPurification',NULL,'2010-01-05','15','cReference','cResult','cThermocycler','NGS',2,2,4,3,4,3,5,NULL),(4,NULL,NULL,NULL,'dDilution','Mat Poff','2013-03-19 00:00:00.000000','MP_PCR_002',NULL,NULL,NULL,'PCR Batch notes 1','dObjective','4','dTaq','','dControl',NULL,'dPurification',NULL,'2010-01-05','15','dReference','dResult','dThermocycler','NGS',2,2,4,3,4,3,6,NULL),(5,NULL,NULL,NULL,'cDilution','Mat Poff','2013-03-19 00:00:00.000000','MP_PCR_001_r2',NULL,NULL,NULL,'PCR Batch notes 1','cObjective','4','cTaq','','cControl',NULL,'cPurification',NULL,'2010-01-05','15','cReference','cResult','cThermocycler','ROUND2',2,2,4,3,4,3,NULL,NULL),(6,NULL,NULL,NULL,'dDilution','Mat Poff','2013-03-19 00:00:00.000000','MP_PCR_002_r2',NULL,NULL,NULL,'PCR Batch notes 1','dObjective','4','dTaq','','dControl',NULL,'dPurification',NULL,'2010-01-05','15','dReference','dResult','dThermocycler','ROUND2',2,2,4,3,4,3,NULL,NULL);
/*!40000 ALTER TABLE `PcrBatchs` ENABLE KEYS */;
UNLOCK TABLES;

--
-- Table structure for table `PcrBatchs_AUD`
--

DROP TABLE IF EXISTS `PcrBatchs_AUD`;
/*!40101 SET @saved_cs_client     = @@character_set_client */;
/*!40101 SET character_set_client = utf8 */;
CREATE TABLE `PcrBatchs_AUD` (
  `PCRBatchID` int(11) NOT NULL,
  `REV` int(11) NOT NULL,
  `REVTYPE` tinyint(4) DEFAULT NULL,
  `CleanUpDate` date DEFAULT NULL,
  `CleanUpMethod` varchar(100) DEFAULT NULL,
  `CleanUpPlateId` varchar(50) DEFAULT NULL,
  `DnaDilution` varchar(50) DEFAULT NULL,
  `Experimenter` varchar(50) DEFAULT NULL,
  `Name` varchar(50) DEFAULT NULL,
  `NormalizationMethod` varchar(100) DEFAULT NULL,
  `NormalizationPlateId` varchar(50) DEFAULT NULL,
  `NormalizedConcentration` varchar(20) DEFAULT NULL,
  `Notes` longtext,
  `Objective` varchar(200) DEFAULT NULL,
  `PcrPoolingNumber` varchar(50) DEFAULT NULL,
  `Polymerase` varchar(50) DEFAULT NULL,
  `Pooled` bit(1) DEFAULT NULL,
  `PositiveControl` varchar(50) DEFAULT NULL,
  `Project` varchar(50) DEFAULT NULL,
  `Purification` varchar(50) DEFAULT NULL,
  `QuantificationMethod` varchar(100) DEFAULT NULL,
  `ReactionDate` date DEFAULT NULL,
  `ReactionVolume` varchar(50) DEFAULT NULL,
  `Reference` varchar(200) DEFAULT NULL,
  `Result` longtext,
  `Thermocycler` varchar(50) DEFAULT NULL,
  `Type` varchar(255) DEFAULT NULL,
  `GroupID` int(11) DEFAULT NULL,
  `PCRProfileID` int(11) DEFAULT NULL,
  `PrimerForwardID` int(11) DEFAULT NULL,
  `PrimerReverseID` int(11) DEFAULT NULL,
  `ProtocolID` int(11) DEFAULT NULL,
  `RegionID` int(11) DEFAULT NULL,
  `Round2BatchID` int(11) DEFAULT NULL,
  `SeqSubmissionID` int(11) DEFAULT NULL,
  PRIMARY KEY (`PCRBatchID`,`REV`),
  KEY `FK_djmx4xysiut1o4y0p87bgcp95` (`REV`),
  CONSTRAINT `FK_djmx4xysiut1o4y0p87bgcp95` FOREIGN KEY (`REV`) REFERENCES `Revision` (`id`)
) ENGINE=InnoDB DEFAULT CHARSET=latin1;
/*!40101 SET character_set_client = @saved_cs_client */;

--
-- Dumping data for table `PcrBatchs_AUD`
--

LOCK TABLES `PcrBatchs_AUD` WRITE;
/*!40000 ALTER TABLE `PcrBatchs_AUD` DISABLE KEYS */;
/*!40000 ALTER TABLE `PcrBatchs_AUD` ENABLE KEYS */;
UNLOCK TABLES;

--
-- Table structure for table `PcrPrimers`
--

DROP TABLE IF EXISTS `PcrPrimers`;
/*!40101 SET @saved_cs_client     = @@character_set_client */;
/*!40101 SET character_set_client = utf8 */;
CREATE TABLE `PcrPrimers` (
  `PCRPrimerID` int(11) NOT NULL AUTO_INCREMENT,
  `Application` varchar(200) DEFAULT NULL,
  `DateOrdered` date DEFAULT NULL,
  `DesignDate` date DEFAULT NULL,
  `DesignedBy` varchar(50) DEFAULT NULL,
  `Direction` varchar(1) DEFAULT NULL,
  `LastModified` datetime(6) DEFAULT NULL,
  `LitReference` varchar(512) DEFAULT NULL,
  `LotNumber` int(11) NOT NULL,
  `Name` varchar(255) NOT NULL,
  `Note` varchar(1024) DEFAULT NULL,
  `Position` varchar(10) DEFAULT NULL,
  `Purification` varchar(50) DEFAULT NULL,
  `Reference` longtext,
  `ReferenceSeqDir` varchar(255) DEFAULT NULL,
  `ReferenceSeqFile` varchar(50) DEFAULT NULL,
  `RestrictionSite` longtext,
  `Seq` longtext NOT NULL,
  `SequenceLength` varchar(50) DEFAULT NULL,
  `StockConcentration` varchar(10) DEFAULT NULL,
  `Storage` varchar(50) DEFAULT NULL,
  `Supplier` varchar(50) DEFAULT NULL,
  `TargetSpecies` varchar(50) DEFAULT NULL,
  `TmCalculated` varchar(11) DEFAULT NULL,
  `TmPE` int(11) DEFAULT NULL,
  `Type` varchar(255) NOT NULL,
  `URLLink` longtext,
  `Used4Cloning` bit(1) DEFAULT NULL,
  `Used4Genotyping` bit(1) DEFAULT NULL,
  `Used4NestedPCR` bit(1) DEFAULT NULL,
  `Used4QRTPCR` bit(1) DEFAULT NULL,
  `Used4Sequencing` bit(1) DEFAULT NULL,
  `Used4StdPCR` bit(1) DEFAULT NULL,
  `Version` int(11) DEFAULT NULL,
  `GroupID` int(11) DEFAULT NULL,
  `DesignedByID` int(11) DEFAULT NULL,
  `PCRCieContactID` int(11) DEFAULT NULL,
  `RegionID` int(11) DEFAULT NULL,
  PRIMARY KEY (`PCRPrimerID`),
  UNIQUE KEY `UK_duh2h6r8djyl9i4qael9wfu9w` (`Name`,`LotNumber`,`GroupID`),
  KEY `FK_libscfvci046fww5lgwxqauh5` (`GroupID`),
  KEY `FK_4anag2k5y8odmss8vru2hprag` (`DesignedByID`),
  KEY `FK_j7w8lp16p2plapfkw12sxn561` (`PCRCieContactID`),
  KEY `FK_d5ldlywy1pp43lba8ciyyx1us` (`RegionID`),
  CONSTRAINT `FK_4anag2k5y8odmss8vru2hprag` FOREIGN KEY (`DesignedByID`) REFERENCES `People` (`PeopleID`),
  CONSTRAINT `FK_d5ldlywy1pp43lba8ciyyx1us` FOREIGN KEY (`RegionID`) REFERENCES `Regions` (`TagID`),
  CONSTRAINT `FK_j7w8lp16p2plapfkw12sxn561` FOREIGN KEY (`PCRCieContactID`) REFERENCES `People` (`PeopleID`),
  CONSTRAINT `FK_libscfvci046fww5lgwxqauh5` FOREIGN KEY (`GroupID`) REFERENCES `Groups` (`GroupID`)
) ENGINE=InnoDB AUTO_INCREMENT=6 DEFAULT CHARSET=latin1;
/*!40101 SET character_set_client = @saved_cs_client */;

--
-- Dumping data for table `PcrPrimers`
--

LOCK TABLES `PcrPrimers` WRITE;
/*!40000 ALTER TABLE `PcrPrimers` DISABLE KEYS */;
INSERT INTO `PcrPrimers` VALUES (1,NULL,NULL,NULL,'Bob Jones','R','2013-03-19 00:00:00.000000','Wikipedia',1,'ITS1','ITS4 primer hybridizes at the 5\' end of the 28S gene region.',NULL,'none',NULL,NULL,NULL,'600','ACTACGATCAGCATCGATG','19','10',NULL,NULL,NULL,'55',NULL,'PRIMER',NULL,'','\0','\0','\0','','',NULL,8,NULL,NULL,2),(2,NULL,NULL,NULL,'Tom Smith','F','2013-03-19 00:00:00.000000','Wikipedia',1,'ITS2','ITS5 primer hybridizes towards the 5\' end of the 18S gene region.',NULL,'none',NULL,NULL,NULL,'150','CATCGCTACGATCAGCTCG','19','12',NULL,NULL,NULL,'55',NULL,'PRIMER',NULL,'','\0','\0','\0','','',NULL,8,NULL,NULL,2),(3,NULL,NULL,NULL,'Bob Jones','R','2013-03-19 00:00:00.000000','Wikipedia',1,'Fm83','Oomycete COI',NULL,'none',NULL,NULL,NULL,'600','CTCCAATAAAAAATAACCAAAAATG','25','13',NULL,NULL,NULL,'55',NULL,'PRIMER',NULL,'','\0','\0','\0','','',NULL,8,NULL,NULL,3),(4,NULL,NULL,NULL,'Bob Jones','F','2013-03-19 00:00:00.000000','Wikipedia',1,'Oom-COI-Lev-up','Oomycete COI',NULL,'none',NULL,NULL,NULL,'150','CYTCHGGRTGWCCRAAAAACCAAA','24','14',NULL,NULL,NULL,'55',NULL,'PRIMER',NULL,'','\0','\0','\0','','',NULL,8,NULL,NULL,3),(5,NULL,NULL,NULL,'Bob Jones','F','2013-03-19 00:00:00.000000','Wikipedia',1,'MID44_ITS55','Fusion Primer',NULL,'HPLC',NULL,NULL,NULL,'150','AGCACTGTAGGGAAGTAAAAGTCGTAACAAGG','24','15',NULL,NULL,NULL,'55',NULL,'MID',NULL,'','\0','\0','\0','','',NULL,8,NULL,NULL,2);
/*!40000 ALTER TABLE `PcrPrimers` ENABLE KEYS */;
UNLOCK TABLES;

--
-- Table structure for table `PcrPrimers_AUD`
--

DROP TABLE IF EXISTS `PcrPrimers_AUD`;
/*!40101 SET @saved_cs_client     = @@character_set_client */;
/*!40101 SET character_set_client = utf8 */;
CREATE TABLE `PcrPrimers_AUD` (
  `PCRPrimerID` int(11) NOT NULL,
  `REV` int(11) NOT NULL,
  `REVTYPE` tinyint(4) DEFAULT NULL,
  `Application` varchar(200) DEFAULT NULL,
  `DateOrdered` date DEFAULT NULL,
  `DesignDate` date DEFAULT NULL,
  `DesignedBy` varchar(50) DEFAULT NULL,
  `Direction` varchar(1) DEFAULT NULL,
  `LitReference` varchar(512) DEFAULT NULL,
  `LotNumber` int(11) DEFAULT NULL,
  `Name` varchar(255) DEFAULT NULL,
  `Note` varchar(1024) DEFAULT NULL,
  `Position` varchar(10) DEFAULT NULL,
  `Purification` varchar(50) DEFAULT NULL,
  `Reference` longtext,
  `ReferenceSeqDir` varchar(255) DEFAULT NULL,
  `ReferenceSeqFile` varchar(50) DEFAULT NULL,
  `RestrictionSite` longtext,
  `Seq` longtext,
  `SequenceLength` varchar(50) DEFAULT NULL,
  `StockConcentration` varchar(10) DEFAULT NULL,
  `Storage` varchar(50) DEFAULT NULL,
  `Supplier` varchar(50) DEFAULT NULL,
  `TargetSpecies` varchar(50) DEFAULT NULL,
  `TmCalculated` varchar(11) DEFAULT NULL,
  `TmPE` int(11) DEFAULT NULL,
  `Type` varchar(255) DEFAULT NULL,
  `URLLink` longtext,
  `Used4Cloning` bit(1) DEFAULT NULL,
  `Used4Genotyping` bit(1) DEFAULT NULL,
  `Used4NestedPCR` bit(1) DEFAULT NULL,
  `Used4QRTPCR` bit(1) DEFAULT NULL,
  `Used4Sequencing` bit(1) DEFAULT NULL,
  `Used4StdPCR` bit(1) DEFAULT NULL,
  `Version` int(11) DEFAULT NULL,
  `GroupID` int(11) DEFAULT NULL,
  `DesignedByID` int(11) DEFAULT NULL,
  `PCRCieContactID` int(11) DEFAULT NULL,
  `RegionID` int(11) DEFAULT NULL,
  PRIMARY KEY (`PCRPrimerID`,`REV`),
  KEY `FK_7frxhwqxndu6ggu0pf8m33e1d` (`REV`),
  CONSTRAINT `FK_7frxhwqxndu6ggu0pf8m33e1d` FOREIGN KEY (`REV`) REFERENCES `Revision` (`id`)
) ENGINE=InnoDB DEFAULT CHARSET=latin1;
/*!40101 SET character_set_client = @saved_cs_client */;

--
-- Dumping data for table `PcrPrimers_AUD`
--

LOCK TABLES `PcrPrimers_AUD` WRITE;
/*!40000 ALTER TABLE `PcrPrimers_AUD` DISABLE KEYS */;
/*!40000 ALTER TABLE `PcrPrimers_AUD` ENABLE KEYS */;
UNLOCK TABLES;

--
-- Table structure for table `PcrProfiles`
--

DROP TABLE IF EXISTS `PcrProfiles`;
/*!40101 SET @saved_cs_client     = @@character_set_client */;
/*!40101 SET character_set_client = utf8 */;
CREATE TABLE `PcrProfiles` (
  `PCRProfileID` int(11) NOT NULL AUTO_INCREMENT,
  `Application` varchar(50) DEFAULT NULL,
  `Cycles` varchar(50) DEFAULT NULL,
  `LastModified` datetime(6) DEFAULT NULL,
  `Name` varchar(50) NOT NULL,
  `Step1` varchar(50) DEFAULT NULL,
  `Step10` varchar(50) DEFAULT NULL,
  `Step11` varchar(50) DEFAULT NULL,
  `Step12` varchar(50) DEFAULT NULL,
  `Step13` varchar(50) DEFAULT NULL,
  `Step14` varchar(50) DEFAULT NULL,
  `Step15` varchar(50) DEFAULT NULL,
  `Step2` varchar(50) DEFAULT NULL,
  `Step3` varchar(50) DEFAULT NULL,
  `Step4` varchar(50) DEFAULT NULL,
  `Step5` varchar(50) DEFAULT NULL,
  `Step6` varchar(50) DEFAULT NULL,
  `Step7` varchar(50) DEFAULT NULL,
  `Step8` varchar(50) DEFAULT NULL,
  `Step9` varchar(50) DEFAULT NULL,
  `GroupID` int(11) DEFAULT NULL,
  `RegionID` int(11) DEFAULT NULL,
  PRIMARY KEY (`PCRProfileID`),
  UNIQUE KEY `UK_7sa4mdiir7g4x2bcydhd5r9w2` (`Name`,`GroupID`),
  KEY `FK_g9ndujio1cprdfv1vxr25h6r4` (`GroupID`),
  KEY `FK_8inqadrodpjw8h6jun9r19u20` (`RegionID`),
  CONSTRAINT `FK_8inqadrodpjw8h6jun9r19u20` FOREIGN KEY (`RegionID`) REFERENCES `Regions` (`TagID`),
  CONSTRAINT `FK_g9ndujio1cprdfv1vxr25h6r4` FOREIGN KEY (`GroupID`) REFERENCES `Groups` (`GroupID`)
) ENGINE=InnoDB AUTO_INCREMENT=4 DEFAULT CHARSET=latin1;
/*!40101 SET character_set_client = @saved_cs_client */;

--
-- Dumping data for table `PcrProfiles`
--

LOCK TABLES `PcrProfiles` WRITE;
/*!40000 ALTER TABLE `PcrProfiles` DISABLE KEYS */;
INSERT INTO `PcrProfiles` VALUES (1,'PCR of ITS Region','10','2013-03-19 00:00:00.000000','ITS','95 for 3\'',NULL,NULL,NULL,NULL,NULL,NULL,'95 for 1\'','60 for 2\'','72 for 1\'','55 for 1\'',NULL,NULL,NULL,NULL,8,2),(2,'PCR of COI Region','20','2013-03-19 00:00:00.000000','COI','85 for 3\'',NULL,NULL,NULL,NULL,NULL,NULL,'75 for 1\'','70 for 2\'','72 for 1\'','55 for 1\'',NULL,NULL,NULL,NULL,8,3),(3,'PCR of ACA Region','30','2013-03-19 00:00:00.000000','ACA','85 for 3\'',NULL,NULL,NULL,NULL,NULL,NULL,'97 for 1\'','66 for 2\'','72 for 1\'','55 for 1\'',NULL,NULL,NULL,NULL,8,4);
/*!40000 ALTER TABLE `PcrProfiles` ENABLE KEYS */;
UNLOCK TABLES;

--
-- Table structure for table `PcrProfiles_AUD`
--

DROP TABLE IF EXISTS `PcrProfiles_AUD`;
/*!40101 SET @saved_cs_client     = @@character_set_client */;
/*!40101 SET character_set_client = utf8 */;
CREATE TABLE `PcrProfiles_AUD` (
  `PCRProfileID` int(11) NOT NULL,
  `REV` int(11) NOT NULL,
  `REVTYPE` tinyint(4) DEFAULT NULL,
  `Application` varchar(50) DEFAULT NULL,
  `Cycles` varchar(50) DEFAULT NULL,
  `Name` varchar(50) DEFAULT NULL,
  `Step1` varchar(50) DEFAULT NULL,
  `Step10` varchar(50) DEFAULT NULL,
  `Step11` varchar(50) DEFAULT NULL,
  `Step12` varchar(50) DEFAULT NULL,
  `Step13` varchar(50) DEFAULT NULL,
  `Step14` varchar(50) DEFAULT NULL,
  `Step15` varchar(50) DEFAULT NULL,
  `Step2` varchar(50) DEFAULT NULL,
  `Step3` varchar(50) DEFAULT NULL,
  `Step4` varchar(50) DEFAULT NULL,
  `Step5` varchar(50) DEFAULT NULL,
  `Step6` varchar(50) DEFAULT NULL,
  `Step7` varchar(50) DEFAULT NULL,
  `Step8` varchar(50) DEFAULT NULL,
  `Step9` varchar(50) DEFAULT NULL,
  `GroupID` int(11) DEFAULT NULL,
  `RegionID` int(11) DEFAULT NULL,
  PRIMARY KEY (`PCRProfileID`,`REV`),
  KEY `FK_dftsxppl9qolmnbp96t2vyf4s` (`REV`),
  CONSTRAINT `FK_dftsxppl9qolmnbp96t2vyf4s` FOREIGN KEY (`REV`) REFERENCES `Revision` (`id`)
) ENGINE=InnoDB DEFAULT CHARSET=latin1;
/*!40101 SET character_set_client = @saved_cs_client */;

--
-- Dumping data for table `PcrProfiles_AUD`
--

LOCK TABLES `PcrProfiles_AUD` WRITE;
/*!40000 ALTER TABLE `PcrProfiles_AUD` DISABLE KEYS */;
/*!40000 ALTER TABLE `PcrProfiles_AUD` ENABLE KEYS */;
UNLOCK TABLES;

--
-- Table structure for table `PcrReactions`
--

DROP TABLE IF EXISTS `PcrReactions`;
/*!40101 SET @saved_cs_client     = @@character_set_client */;
/*!40101 SET character_set_client = utf8 */;
CREATE TABLE `PcrReactions` (
  `PcrReactionID` int(11) NOT NULL AUTO_INCREMENT,
  `CleanUpPlateCoordinates` varchar(5) DEFAULT NULL,
  `FinalConcentration` varchar(50) DEFAULT NULL,
  `FinalQuality` varchar(50) DEFAULT NULL,
  `ImageDir` varchar(255) DEFAULT NULL,
  `ImageName` varchar(50) DEFAULT NULL,
  `IndexSet` varchar(50) DEFAULT NULL,
  `LastModified` datetime(6) DEFAULT NULL,
  `LocEnd` int(11) DEFAULT NULL,
  `LocStart` int(11) DEFAULT NULL,
  `NormalizationCoordinates` varchar(5) DEFAULT NULL,
  `Note` longtext,
  `PcrName` varchar(50) DEFAULT NULL,
  `Result` longtext,
  `Target` varchar(50) DEFAULT NULL,
  `GroupID` int(11) DEFAULT NULL,
  `MID` int(11) DEFAULT NULL,
  `PCRBatchID` int(11) NOT NULL,
  `PrimerForwardID` int(11) DEFAULT NULL,
  `PrimerReverseID` int(11) DEFAULT NULL,
  `RegionID` int(11) DEFAULT NULL,
  `Round1ReactionID` int(11) DEFAULT NULL,
  `SampleID` int(11) DEFAULT NULL,
  PRIMARY KEY (`PcrReactionID`),
  UNIQUE KEY `UK_r6twnrc5jjmfcou6ga115bs9n` (`PcrName`,`PCRBatchID`,`GroupID`),
  KEY `FK_jg81alaokneidyb0v3knwmj3u` (`GroupID`),
  KEY `FK_947m1h8wbrjbe7webovc5ohhd` (`MID`),
  KEY `FK_s2joblkkv71yib8kce8uxvlt7` (`PCRBatchID`),
  KEY `FK_kvp7jk41aby9lisqxyxjlly6n` (`PrimerForwardID`),
  KEY `FK_hxxl23rrnb8u65nr8myhg0899` (`PrimerReverseID`),
  KEY `FK_nk19pirk3oy63udfhcjhg7m29` (`RegionID`),
  KEY `FK_4s912n70sf0mdyj3fcskcmnia` (`Round1ReactionID`),
  KEY `FK_aoqmedewpccv2ml2lgoec0c06` (`SampleID`),
  CONSTRAINT `FK_4s912n70sf0mdyj3fcskcmnia` FOREIGN KEY (`Round1ReactionID`) REFERENCES `PcrReactions` (`PcrReactionID`),
  CONSTRAINT `FK_947m1h8wbrjbe7webovc5ohhd` FOREIGN KEY (`MID`) REFERENCES `PcrPrimers` (`PCRPrimerID`),
  CONSTRAINT `FK_aoqmedewpccv2ml2lgoec0c06` FOREIGN KEY (`SampleID`) REFERENCES `Samples` (`SampleID`),
  CONSTRAINT `FK_hxxl23rrnb8u65nr8myhg0899` FOREIGN KEY (`PrimerReverseID`) REFERENCES `PcrPrimers` (`PCRPrimerID`),
  CONSTRAINT `FK_jg81alaokneidyb0v3knwmj3u` FOREIGN KEY (`GroupID`) REFERENCES `Groups` (`GroupID`),
  CONSTRAINT `FK_kvp7jk41aby9lisqxyxjlly6n` FOREIGN KEY (`PrimerForwardID`) REFERENCES `PcrPrimers` (`PCRPrimerID`),
  CONSTRAINT `FK_nk19pirk3oy63udfhcjhg7m29` FOREIGN KEY (`RegionID`) REFERENCES `Regions` (`TagID`),
  CONSTRAINT `FK_s2joblkkv71yib8kce8uxvlt7` FOREIGN KEY (`PCRBatchID`) REFERENCES `PcrBatchs` (`PCRBatchID`)
) ENGINE=InnoDB AUTO_INCREMENT=7 DEFAULT CHARSET=latin1;
/*!40101 SET character_set_client = @saved_cs_client */;

--
-- Dumping data for table `PcrReactions`
--

LOCK TABLES `PcrReactions` WRITE;
/*!40000 ALTER TABLE `PcrReactions` DISABLE KEYS */;
INSERT INTO `PcrReactions` VALUES (1,NULL,NULL,NULL,NULL,NULL,NULL,'2013-03-19 00:00:00.000000',NULL,NULL,NULL,'PCR Reaction notes 1','A01','Good Band','Target1',1,5,1,1,2,2,NULL,1),(2,NULL,NULL,NULL,NULL,NULL,NULL,'2013-03-19 00:00:00.000000',NULL,NULL,NULL,'PCR Reaction notes 2','B01','Weak Band','Target2',1,NULL,1,3,3,4,NULL,2),(3,NULL,NULL,NULL,NULL,NULL,NULL,'2013-03-19 00:00:00.000000',NULL,NULL,NULL,'PCR Reaction notes 3','C01','No Band','Target1',1,5,1,1,2,2,NULL,3),(4,NULL,NULL,NULL,NULL,NULL,NULL,'2013-03-19 00:00:00.000000',NULL,NULL,NULL,'PCR Reaction notes 4','A01','Multiple Bands','Target2',1,NULL,2,3,3,4,NULL,4),(5,NULL,NULL,NULL,NULL,NULL,NULL,'2013-03-19 00:00:00.000000',NULL,NULL,NULL,'PCR Reaction notes 5','B01','Multiple Bands','Target2',2,NULL,3,4,3,2,NULL,4),(6,NULL,NULL,NULL,NULL,NULL,NULL,'2013-03-19 00:00:00.000000',NULL,NULL,NULL,'PCR Reaction notes 5','C01','Multiple Bands','Target2',2,NULL,3,4,3,2,NULL,4);
/*!40000 ALTER TABLE `PcrReactions` ENABLE KEYS */;
UNLOCK TABLES;

--
-- Table structure for table `PcrReactions_AUD`
--

DROP TABLE IF EXISTS `PcrReactions_AUD`;
/*!40101 SET @saved_cs_client     = @@character_set_client */;
/*!40101 SET character_set_client = utf8 */;
CREATE TABLE `PcrReactions_AUD` (
  `PcrReactionID` int(11) NOT NULL,
  `REV` int(11) NOT NULL,
  `REVTYPE` tinyint(4) DEFAULT NULL,
  `CleanUpPlateCoordinates` varchar(5) DEFAULT NULL,
  `FinalConcentration` varchar(50) DEFAULT NULL,
  `FinalQuality` varchar(50) DEFAULT NULL,
  `ImageDir` varchar(255) DEFAULT NULL,
  `ImageName` varchar(50) DEFAULT NULL,
  `IndexSet` varchar(50) DEFAULT NULL,
  `LocEnd` int(11) DEFAULT NULL,
  `LocStart` int(11) DEFAULT NULL,
  `NormalizationCoordinates` varchar(5) DEFAULT NULL,
  `Note` longtext,
  `PcrName` varchar(50) DEFAULT NULL,
  `Result` longtext,
  `Target` varchar(50) DEFAULT NULL,
  `GroupID` int(11) DEFAULT NULL,
  `MID` int(11) DEFAULT NULL,
  `PCRBatchID` int(11) DEFAULT NULL,
  `PrimerForwardID` int(11) DEFAULT NULL,
  `PrimerReverseID` int(11) DEFAULT NULL,
  `RegionID` int(11) DEFAULT NULL,
  `Round1ReactionID` int(11) DEFAULT NULL,
  `SampleID` int(11) DEFAULT NULL,
  PRIMARY KEY (`PcrReactionID`,`REV`),
  KEY `FK_e5emcecbalr3q8lwtky433qjm` (`REV`),
  CONSTRAINT `FK_e5emcecbalr3q8lwtky433qjm` FOREIGN KEY (`REV`) REFERENCES `Revision` (`id`)
) ENGINE=InnoDB DEFAULT CHARSET=latin1;
/*!40101 SET character_set_client = @saved_cs_client */;

--
-- Dumping data for table `PcrReactions_AUD`
--

LOCK TABLES `PcrReactions_AUD` WRITE;
/*!40000 ALTER TABLE `PcrReactions_AUD` DISABLE KEYS */;
/*!40000 ALTER TABLE `PcrReactions_AUD` ENABLE KEYS */;
UNLOCK TABLES;

--
-- Table structure for table `People`
--

DROP TABLE IF EXISTS `People`;
/*!40101 SET @saved_cs_client     = @@character_set_client */;
/*!40101 SET character_set_client = utf8 */;
CREATE TABLE `People` (
  `PeopleID` int(11) NOT NULL AUTO_INCREMENT,
  `LastModified` datetime(6) DEFAULT NULL,
  `NameFamily` varchar(50) NOT NULL,
  `NameGiven` varchar(50) DEFAULT NULL,
  `NameMiddle` varchar(50) DEFAULT NULL,
  `NamePrefix` varchar(50) DEFAULT NULL,
  `NameSuffix` varchar(50) DEFAULT NULL,
  `Note` longtext,
  PRIMARY KEY (`PeopleID`)
) ENGINE=InnoDB AUTO_INCREMENT=3 DEFAULT CHARSET=latin1;
/*!40101 SET character_set_client = @saved_cs_client */;

--
-- Dumping data for table `People`
--

LOCK TABLES `People` WRITE;
/*!40000 ALTER TABLE `People` DISABLE KEYS */;
INSERT INTO `People` VALUES (1,'2007-04-03 00:00:00.000000','Raible','Matt','','','',''),(2,'2007-04-03 00:00:00.000000','Johnson','Bob','','','','');
/*!40000 ALTER TABLE `People` ENABLE KEYS */;
UNLOCK TABLES;

--
-- Table structure for table `PeopleAddresses`
--

DROP TABLE IF EXISTS `PeopleAddresses`;
/*!40101 SET @saved_cs_client     = @@character_set_client */;
/*!40101 SET character_set_client = utf8 */;
CREATE TABLE `PeopleAddresses` (
  `PeopleAddressID` int(11) NOT NULL AUTO_INCREMENT,
  `AddrType` varchar(20) NOT NULL,
  `PrimaryAddr` bit(1) NOT NULL,
  `TelCell` varchar(40) DEFAULT NULL,
  `TelFax` varchar(40) DEFAULT NULL,
  `TelPager` varchar(40) DEFAULT NULL,
  `TelVoice1` varchar(40) DEFAULT NULL,
  `TelVoice2` varchar(40) DEFAULT NULL,
  `AddressID` int(11) DEFAULT NULL,
  `PeopleID` int(11) DEFAULT NULL,
  PRIMARY KEY (`PeopleAddressID`),
  KEY `FK_t2mrruiddat2byt9i5coq185o` (`AddressID`),
  KEY `FK_fmo1wa3swpawahjntu632s4dm` (`PeopleID`),
  CONSTRAINT `FK_fmo1wa3swpawahjntu632s4dm` FOREIGN KEY (`PeopleID`) REFERENCES `People` (`PeopleID`),
  CONSTRAINT `FK_t2mrruiddat2byt9i5coq185o` FOREIGN KEY (`AddressID`) REFERENCES `Addresses` (`AddressID`)
) ENGINE=InnoDB DEFAULT CHARSET=latin1;
/*!40101 SET character_set_client = @saved_cs_client */;

--
-- Dumping data for table `PeopleAddresses`
--

LOCK TABLES `PeopleAddresses` WRITE;
/*!40000 ALTER TABLE `PeopleAddresses` DISABLE KEYS */;
/*!40000 ALTER TABLE `PeopleAddresses` ENABLE KEYS */;
UNLOCK TABLES;

--
-- Table structure for table `PeopleGroups`
--

DROP TABLE IF EXISTS `PeopleGroups`;
/*!40101 SET @saved_cs_client     = @@character_set_client */;
/*!40101 SET character_set_client = utf8 */;
CREATE TABLE `PeopleGroups` (
  `PeopleGroupID` int(11) NOT NULL AUTO_INCREMENT,
  `LastModified` datetime(6) DEFAULT NULL,
  `GroupID` int(11) DEFAULT NULL,
  `PeopleID` int(11) DEFAULT NULL,
  PRIMARY KEY (`PeopleGroupID`),
  KEY `FK_7qbopoys5i020a1u0wtksh9al` (`GroupID`),
  KEY `FK_buxmypgdwcfgy8gprhfo1k9a4` (`PeopleID`),
  CONSTRAINT `FK_7qbopoys5i020a1u0wtksh9al` FOREIGN KEY (`GroupID`) REFERENCES `Groups` (`GroupID`),
  CONSTRAINT `FK_buxmypgdwcfgy8gprhfo1k9a4` FOREIGN KEY (`PeopleID`) REFERENCES `People` (`PeopleID`)
) ENGINE=InnoDB AUTO_INCREMENT=3 DEFAULT CHARSET=latin1;
/*!40101 SET character_set_client = @saved_cs_client */;

--
-- Dumping data for table `PeopleGroups`
--

LOCK TABLES `PeopleGroups` WRITE;
/*!40000 ALTER TABLE `PeopleGroups` DISABLE KEYS */;
INSERT INTO `PeopleGroups` VALUES (1,'2013-03-19 00:00:00.000000',6,1),(2,'2013-03-19 00:00:00.000000',7,1);
/*!40000 ALTER TABLE `PeopleGroups` ENABLE KEYS */;
UNLOCK TABLES;

--
-- Table structure for table `Printers`
--

DROP TABLE IF EXISTS `Printers`;
/*!40101 SET @saved_cs_client     = @@character_set_client */;
/*!40101 SET character_set_client = utf8 */;
CREATE TABLE `Printers` (
  `PrinterID` int(11) NOT NULL AUTO_INCREMENT,
  `Alias` varchar(255) NOT NULL,
  `AssetTag` varchar(255) DEFAULT NULL,
  `IpAddress` varchar(255) DEFAULT NULL,
  `LastModified` datetime(6) DEFAULT NULL,
  `Location` varchar(255) DEFAULT NULL,
  `Path` varchar(255) DEFAULT NULL,
  `PrinterName` varchar(50) NOT NULL,
  `LabelFormatID` int(11) DEFAULT NULL,
  PRIMARY KEY (`PrinterID`),
  UNIQUE KEY `UK_5et5n4fc8jcen1a6inakmydlx` (`Alias`),
  KEY `FK_di98ww0jwy6rja4tadd2baqrl` (`LabelFormatID`),
  CONSTRAINT `FK_di98ww0jwy6rja4tadd2baqrl` FOREIGN KEY (`LabelFormatID`) REFERENCES `LabelFormats` (`LabelFormatID`)
) ENGINE=InnoDB AUTO_INCREMENT=10 DEFAULT CHARSET=latin1;
/*!40101 SET character_set_client = @saved_cs_client */;

--
-- Dumping data for table `Printers`
--

LOCK TABLES `Printers` WRITE;
/*!40000 ALTER TABLE `Printers` DISABLE KEYS */;
INSERT INTO `Printers` VALUES (5,'ip600-1',NULL,'10.117.57.161','2013-03-19 00:00:00.000000','DAOM Lab',NULL,'Brady IP600 Printer (Daom Lab)',1),(6,'ip600-22',NULL,'10.117.218.239','2013-03-19 00:00:00.000000','KAS Lab',NULL,'Brady IP600 Printer (KAS Lab)',1),(7,'ip600-2',NULL,'10.117.218.159','2013-03-19 00:00:00.000000','LEV Lab',NULL,'Brady IP600 Printer (LEV Lab)',2),(8,'ip600-MBB-2133',NULL,'10.117.204.120','2013-03-19 00:00:00.000000','MMB Lab',NULL,'Brady IP600 Printer (MMB LAB)',1),(9,'HP8500',NULL,'1.1.1.1','2013-03-19 00:00:00.000000','second floor hallway',NULL,'HP8500',3);
/*!40000 ALTER TABLE `Printers` ENABLE KEYS */;
UNLOCK TABLES;

--
-- Table structure for table `Products`
--

DROP TABLE IF EXISTS `Products`;
/*!40101 SET @saved_cs_client     = @@character_set_client */;
/*!40101 SET character_set_client = utf8 */;
CREATE TABLE `Products` (
  `ProductID` int(11) NOT NULL AUTO_INCREMENT,
  `Description` varchar(200) DEFAULT NULL,
  `LastModified` datetime(6) DEFAULT NULL,
  `Name` varchar(50) NOT NULL,
  `Type` varchar(50) DEFAULT NULL,
  `UPC` varchar(50) DEFAULT NULL,
  `GroupID` int(11) DEFAULT NULL,
  PRIMARY KEY (`ProductID`),
  UNIQUE KEY `UK_fevk2xo6g0perb22rbxe79gmf` (`Name`,`GroupID`),
  KEY `FK_clmijec1ll51e1cw4y06pa1lj` (`GroupID`),
  CONSTRAINT `FK_clmijec1ll51e1cw4y06pa1lj` FOREIGN KEY (`GroupID`) REFERENCES `Groups` (`GroupID`)
) ENGINE=InnoDB AUTO_INCREMENT=3 DEFAULT CHARSET=latin1;
/*!40101 SET character_set_client = @saved_cs_client */;

--
-- Dumping data for table `Products`
--

LOCK TABLES `Products` WRITE;
/*!40000 ALTER TABLE `Products` DISABLE KEYS */;
INSERT INTO `Products` VALUES (1,'Kit used to create a sample','2013-03-19 00:00:00.000000','Kit 242','Kit','068274000218',1),(2,'It\'s a cardboard box. What more do you need to know?','2013-03-19 00:00:00.000000','Bob\'s Goods\' Cardboard Box','A Cardboard Box','069000061015',1);
/*!40000 ALTER TABLE `Products` ENABLE KEYS */;
UNLOCK TABLES;

--
-- Table structure for table `Products_AUD`
--

DROP TABLE IF EXISTS `Products_AUD`;
/*!40101 SET @saved_cs_client     = @@character_set_client */;
/*!40101 SET character_set_client = utf8 */;
CREATE TABLE `Products_AUD` (
  `ProductID` int(11) NOT NULL,
  `REV` int(11) NOT NULL,
  `REVTYPE` tinyint(4) DEFAULT NULL,
  `Description` varchar(200) DEFAULT NULL,
  `Name` varchar(50) DEFAULT NULL,
  `Type` varchar(50) DEFAULT NULL,
  `UPC` varchar(50) DEFAULT NULL,
  `GroupID` int(11) DEFAULT NULL,
  PRIMARY KEY (`ProductID`,`REV`),
  KEY `FK_n7jjay7ughu5qrc2sbuots3sk` (`REV`),
  CONSTRAINT `FK_n7jjay7ughu5qrc2sbuots3sk` FOREIGN KEY (`REV`) REFERENCES `Revision` (`id`)
) ENGINE=InnoDB DEFAULT CHARSET=latin1;
/*!40101 SET character_set_client = @saved_cs_client */;

--
-- Dumping data for table `Products_AUD`
--

LOCK TABLES `Products_AUD` WRITE;
/*!40000 ALTER TABLE `Products_AUD` DISABLE KEYS */;
/*!40000 ALTER TABLE `Products_AUD` ENABLE KEYS */;
UNLOCK TABLES;

--
-- Table structure for table `ProjectTags`
--

DROP TABLE IF EXISTS `ProjectTags`;
/*!40101 SET @saved_cs_client     = @@character_set_client */;
/*!40101 SET character_set_client = utf8 */;
CREATE TABLE `ProjectTags` (
  `TagID` int(11) NOT NULL AUTO_INCREMENT,
  `Description` longtext,
  `LastModified` datetime(6) DEFAULT NULL,
  `lft` int(11) DEFAULT NULL,
  `Name` varchar(30) NOT NULL,
  `rgt` int(11) DEFAULT NULL,
  `DurationFrom` date DEFAULT NULL,
  `DurationUntil` date DEFAULT NULL,
  `FundingSource` varchar(30) DEFAULT NULL,
  `Status` varchar(20) DEFAULT NULL,
  `Title` varchar(200) DEFAULT NULL,
  `GroupID` int(11) DEFAULT NULL,
  PRIMARY KEY (`TagID`),
  UNIQUE KEY `UK_9x0k5m3mp5ms3pgxp4sp6dotw` (`Name`),
  UNIQUE KEY `UK_h88xanisv3f9ubo9h4x65nxhd` (`Name`,`GroupID`),
  KEY `FK_phqvhw9un9ed5rsp6nysmu151` (`GroupID`),
  CONSTRAINT `FK_phqvhw9un9ed5rsp6nysmu151` FOREIGN KEY (`GroupID`) REFERENCES `Groups` (`GroupID`)
) ENGINE=InnoDB AUTO_INCREMENT=9 DEFAULT CHARSET=latin1;
/*!40101 SET character_set_client = @saved_cs_client */;

--
-- Dumping data for table `ProjectTags`
--

LOCK TABLES `ProjectTags` WRITE;
/*!40000 ALTER TABLE `ProjectTags` DISABLE KEYS */;
INSERT INTO `ProjectTags` VALUES (1,'System root node that every project inherits from. Should not be displayed in the UI.','2013-03-19 00:00:00.000000',1,'root',16,NULL,NULL,NULL,NULL,NULL,1),(2,'Metagenomic pipeline project.','2013-03-19 00:00:00.000000',2,'SAGES',11,'2010-04-01','2014-04-01','A-Base','Open','Whatever SAGES stands for',1),(3,'Description of Sarah\'s project 1','2013-03-19 00:00:00.000000',3,'Sarah1',8,'2010-04-01','2014-04-01','A-Base','Open','Sarah\'s project 1',3),(4,'Description of Sarah\'s project for her tech 1','2013-03-19 00:00:00.000000',4,'S.tech1',5,'2010-04-01','2014-04-01','A-Base','Open','Sarah\'s project for her tech 1',3),(5,'Description of Sarah\'s project for her tech 2','2013-03-19 00:00:00.000000',6,'S.tech2',7,'2010-04-01','2014-04-01','A-Base','Open','Sarah\'s project for her tech 2',3),(6,'Description of Andre\'s project','2013-03-19 00:00:00.000000',9,'Andre1',10,'2010-04-01','2014-04-01','A-Base','Open','Andre\'s project',1),(7,'Quarantine Invasive Species project.','2013-03-19 00:00:00.000000',12,'GRDI',15,'2010-04-01','2014-04-01','A-Base','Open','Whatever GRDI stands for',1),(8,'Description of Sarah\'s project 2','2013-03-19 00:00:00.000000',13,'Sarah2',14,'2010-04-01','2014-04-01','A-Base','Open','Sarah\'s project 2',3);
/*!40000 ALTER TABLE `ProjectTags` ENABLE KEYS */;
UNLOCK TABLES;

--
-- Table structure for table `ProjectTags_AUD`
--

DROP TABLE IF EXISTS `ProjectTags_AUD`;
/*!40101 SET @saved_cs_client     = @@character_set_client */;
/*!40101 SET character_set_client = utf8 */;
CREATE TABLE `ProjectTags_AUD` (
  `TagID` int(11) NOT NULL,
  `REV` int(11) NOT NULL,
  `REVTYPE` tinyint(4) DEFAULT NULL,
  `DurationFrom` date DEFAULT NULL,
  `DurationUntil` date DEFAULT NULL,
  `FundingSource` varchar(30) DEFAULT NULL,
  `Status` varchar(20) DEFAULT NULL,
  `Title` varchar(200) DEFAULT NULL,
  `GroupID` int(11) DEFAULT NULL,
  PRIMARY KEY (`TagID`,`REV`),
  KEY `FK_i84pu0014li6cglfesarm767j` (`REV`),
  CONSTRAINT `FK_i84pu0014li6cglfesarm767j` FOREIGN KEY (`REV`) REFERENCES `Revision` (`id`)
) ENGINE=InnoDB DEFAULT CHARSET=latin1;
/*!40101 SET character_set_client = @saved_cs_client */;

--
-- Dumping data for table `ProjectTags_AUD`
--

LOCK TABLES `ProjectTags_AUD` WRITE;
/*!40000 ALTER TABLE `ProjectTags_AUD` DISABLE KEYS */;
/*!40000 ALTER TABLE `ProjectTags_AUD` ENABLE KEYS */;
UNLOCK TABLES;

--
-- Table structure for table `Projects`
--

DROP TABLE IF EXISTS `Projects`;
/*!40101 SET @saved_cs_client     = @@character_set_client */;
/*!40101 SET character_set_client = utf8 */;
CREATE TABLE `Projects` (
  `ProjectID` int(11) NOT NULL AUTO_INCREMENT,
  `Description` longtext,
  `LastModified` datetime(6) DEFAULT NULL,
  `Name` varchar(50) NOT NULL,
  `GroupID` int(11) DEFAULT NULL,
  PRIMARY KEY (`ProjectID`),
  UNIQUE KEY `UK_6sxa05kpc3ujngpsvmaqdw9pt` (`Name`),
  KEY `FK_rsyctg2p1bxfnhguxpr3xrm47` (`GroupID`),
  CONSTRAINT `FK_rsyctg2p1bxfnhguxpr3xrm47` FOREIGN KEY (`GroupID`) REFERENCES `Groups` (`GroupID`)
) ENGINE=InnoDB AUTO_INCREMENT=4 DEFAULT CHARSET=latin1;
/*!40101 SET character_set_client = @saved_cs_client */;

--
-- Dumping data for table `Projects`
--

LOCK TABLES `Projects` WRITE;
/*!40000 ALTER TABLE `Projects` DISABLE KEYS */;
INSERT INTO `Projects` VALUES (1,NULL,'2007-04-03 00:00:00.000000','Test Project',1),(2,NULL,'2007-04-03 00:00:00.000000','Another Project',1),(3,NULL,'2007-04-03 00:00:00.000000','A sub Project',1);
/*!40000 ALTER TABLE `Projects` ENABLE KEYS */;
UNLOCK TABLES;

--
-- Table structure for table `ProjectsProject`
--

DROP TABLE IF EXISTS `ProjectsProject`;
/*!40101 SET @saved_cs_client     = @@character_set_client */;
/*!40101 SET character_set_client = utf8 */;
CREATE TABLE `ProjectsProject` (
  `ProjectsProjectID` int(11) NOT NULL AUTO_INCREMENT,
  `ChildID` int(11) NOT NULL,
  `ParentID` int(11) NOT NULL,
  PRIMARY KEY (`ProjectsProjectID`),
  UNIQUE KEY `UK_tjbd851lfl437pmvjt76rbc57` (`ChildID`),
  KEY `FK_40glvko9wlbdh4axsvon037mg` (`ParentID`),
  CONSTRAINT `FK_40glvko9wlbdh4axsvon037mg` FOREIGN KEY (`ParentID`) REFERENCES `Projects` (`ProjectID`),
  CONSTRAINT `FK_tjbd851lfl437pmvjt76rbc57` FOREIGN KEY (`ChildID`) REFERENCES `Projects` (`ProjectID`)
) ENGINE=InnoDB AUTO_INCREMENT=2 DEFAULT CHARSET=latin1;
/*!40101 SET character_set_client = @saved_cs_client */;

--
-- Dumping data for table `ProjectsProject`
--

LOCK TABLES `ProjectsProject` WRITE;
/*!40000 ALTER TABLE `ProjectsProject` DISABLE KEYS */;
INSERT INTO `ProjectsProject` VALUES (1,3,1);
/*!40000 ALTER TABLE `ProjectsProject` ENABLE KEYS */;
UNLOCK TABLES;

--
-- Table structure for table `ProtocolAttach`
--

DROP TABLE IF EXISTS `ProtocolAttach`;
/*!40101 SET @saved_cs_client     = @@character_set_client */;
/*!40101 SET character_set_client = utf8 */;
CREATE TABLE `ProtocolAttach` (
  `ProtocolAttachId` int(11) NOT NULL AUTO_INCREMENT,
  `DateEntered` date NOT NULL,
  `FileExtension` varchar(255) DEFAULT NULL,
  `FileName` varchar(255) NOT NULL,
  `FileTitle` varchar(255) DEFAULT NULL,
  `Height` int(11) DEFAULT NULL,
  `Notes` varchar(1024) DEFAULT NULL,
  `Width` int(11) DEFAULT NULL,
  `ProtocolID` int(11) NOT NULL,
  PRIMARY KEY (`ProtocolAttachId`),
  KEY `FK_susn9fe31sdoambvi1nlx436n` (`ProtocolID`),
  CONSTRAINT `FK_susn9fe31sdoambvi1nlx436n` FOREIGN KEY (`ProtocolID`) REFERENCES `Protocols` (`ProtocolID`)
) ENGINE=InnoDB DEFAULT CHARSET=latin1;
/*!40101 SET character_set_client = @saved_cs_client */;

--
-- Dumping data for table `ProtocolAttach`
--

LOCK TABLES `ProtocolAttach` WRITE;
/*!40000 ALTER TABLE `ProtocolAttach` DISABLE KEYS */;
/*!40000 ALTER TABLE `ProtocolAttach` ENABLE KEYS */;
UNLOCK TABLES;

--
-- Table structure for table `Protocols`
--

DROP TABLE IF EXISTS `Protocols`;
/*!40101 SET @saved_cs_client     = @@character_set_client */;
/*!40101 SET character_set_client = utf8 */;
CREATE TABLE `Protocols` (
  `ProtocolID` int(11) NOT NULL AUTO_INCREMENT,
  `Description` varchar(200) DEFAULT NULL,
  `Equipment` varchar(50) DEFAULT NULL,
  `ForwardPrimerConcentration` varchar(50) DEFAULT NULL,
  `LastModified` datetime(6) DEFAULT NULL,
  `Name` varchar(50) NOT NULL,
  `Notes` varchar(200) DEFAULT NULL,
  `ReactionMixVolume` varchar(50) DEFAULT NULL,
  `ReactionMixVolumePerTube` varchar(50) DEFAULT NULL,
  `Reference` varchar(100) DEFAULT NULL,
  `ReversePrimerConcentration` varchar(50) DEFAULT NULL,
  `Steps` varchar(1000) DEFAULT NULL,
  `Type` varchar(255) NOT NULL,
  `Version` varchar(5) DEFAULT NULL,
  `GroupID` int(11) NOT NULL,
  `ProductID` int(11) DEFAULT NULL,
  PRIMARY KEY (`ProtocolID`),
  UNIQUE KEY `UK_9rlls40vfmcvrg63wc6e9fig` (`GroupID`,`Name`,`Type`),
  KEY `FK_1xw4rqu4nlbrgr7tfhix7ufr1` (`ProductID`),
  CONSTRAINT `FK_1xw4rqu4nlbrgr7tfhix7ufr1` FOREIGN KEY (`ProductID`) REFERENCES `Products` (`ProductID`),
  CONSTRAINT `FK_8uvt9ggw52gw8ec687h28civr` FOREIGN KEY (`GroupID`) REFERENCES `Groups` (`GroupID`)
) ENGINE=InnoDB AUTO_INCREMENT=12 DEFAULT CHARSET=latin1;
/*!40101 SET character_set_client = @saved_cs_client */;

--
-- Dumping data for table `Protocols`
--

LOCK TABLES `Protocols` WRITE;
/*!40000 ALTER TABLE `Protocols` DISABLE KEYS */;
INSERT INTO `Protocols` VALUES (1,NULL,NULL,'','2017-01-01 00:00:00.000000','Specimen collection protocol',NULL,'','',NULL,'',NULL,'COLLECTION_EVENT',NULL,1,NULL),(2,NULL,NULL,'','2017-01-01 00:00:00.000000','specimen preparation protocol',NULL,'','',NULL,'',NULL,'SPECIMEN_PREPARATION',NULL,1,NULL),(3,NULL,NULL,'','2017-01-01 00:00:00.000000','DNA extraction protocol',NULL,'','',NULL,'',NULL,'DNA_EXTRACTION',NULL,1,NULL),(4,NULL,NULL,'','2017-01-01 00:00:00.000000','PCR protocol',NULL,'','',NULL,'',NULL,'PCR_REACTION',NULL,1,NULL),(5,NULL,NULL,'','2017-01-01 00:00:00.000000','Sequence reaction protocol',NULL,'','',NULL,'',NULL,'SEQ_REACTION',NULL,1,NULL),(6,NULL,NULL,'','2017-01-01 00:00:00.000000','Environmental specimen collection protocol',NULL,'','',NULL,'',NULL,'COLLECTION_EVENT',NULL,1,NULL),(7,NULL,NULL,'','2017-01-01 00:00:00.000000','Sequencing using PCR templates and 20mM primers',NULL,'','',NULL,'',NULL,'SEQ_REACTION',NULL,1,NULL),(8,NULL,NULL,'','2017-01-17 00:00:00.000000','PCR Standardized for Sequencing (10ul), +BSA ',NULL,'10','9',NULL,'',NULL,'PCR_REACTION',NULL,1,NULL),(9,NULL,NULL,'20 uM','2017-01-01 00:00:00.000000','PCR without purification before sequencing, revise',NULL,'10','9',NULL,'20 uM',NULL,'PCR_REACTION',NULL,1,NULL),(10,NULL,NULL,'20 uM','2017-01-01 00:00:00.000000','PCR requiring purification before sequencing, revi',NULL,'10','9',NULL,'20 uM',NULL,'PCR_REACTION',NULL,1,NULL),(11,NULL,NULL,'3.2 uM','2017-01-01 00:00:00.000000','BDT v3.1 Sequencing Protocol. Revised July 2005 ND',NULL,'','',NULL,'',NULL,'SEQ_REACTION',NULL,1,NULL);
/*!40000 ALTER TABLE `Protocols` ENABLE KEYS */;
UNLOCK TABLES;

--
-- Table structure for table `Protocols_AUD`
--

DROP TABLE IF EXISTS `Protocols_AUD`;
/*!40101 SET @saved_cs_client     = @@character_set_client */;
/*!40101 SET character_set_client = utf8 */;
CREATE TABLE `Protocols_AUD` (
  `ProtocolID` int(11) NOT NULL,
  `REV` int(11) NOT NULL,
  `REVTYPE` tinyint(4) DEFAULT NULL,
  `Description` varchar(200) DEFAULT NULL,
  `Equipment` varchar(50) DEFAULT NULL,
  `ForwardPrimerConcentration` varchar(50) DEFAULT NULL,
  `Name` varchar(50) DEFAULT NULL,
  `Notes` varchar(200) DEFAULT NULL,
  `ReactionMixVolume` varchar(50) DEFAULT NULL,
  `ReactionMixVolumePerTube` varchar(50) DEFAULT NULL,
  `Reference` varchar(100) DEFAULT NULL,
  `ReversePrimerConcentration` varchar(50) DEFAULT NULL,
  `Steps` varchar(1000) DEFAULT NULL,
  `Type` varchar(255) DEFAULT NULL,
  `Version` varchar(5) DEFAULT NULL,
  `GroupID` int(11) DEFAULT NULL,
  `ProductID` int(11) DEFAULT NULL,
  PRIMARY KEY (`ProtocolID`,`REV`),
  KEY `FK_gnj2gppl4gftqldmlj4btgxgg` (`REV`),
  CONSTRAINT `FK_gnj2gppl4gftqldmlj4btgxgg` FOREIGN KEY (`REV`) REFERENCES `Revision` (`id`)
) ENGINE=InnoDB DEFAULT CHARSET=latin1;
/*!40101 SET character_set_client = @saved_cs_client */;

--
-- Dumping data for table `Protocols_AUD`
--

LOCK TABLES `Protocols_AUD` WRITE;
/*!40000 ALTER TABLE `Protocols_AUD` DISABLE KEYS */;
/*!40000 ALTER TABLE `Protocols_AUD` ENABLE KEYS */;
UNLOCK TABLES;

--
-- Table structure for table `ProviderChains`
--

DROP TABLE IF EXISTS `ProviderChains`;
/*!40101 SET @saved_cs_client     = @@character_set_client */;
/*!40101 SET character_set_client = utf8 */;
CREATE TABLE `ProviderChains` (
  `ProviderChainID` int(11) NOT NULL AUTO_INCREMENT,
  `DateReceived` datetime DEFAULT NULL,
  `LastModified` datetime(6) DEFAULT NULL,
  `SpecimenIdent` varchar(50) DEFAULT NULL,
  `SpecimenNumber` int(11) DEFAULT NULL,
  `ProviderID` int(11) DEFAULT NULL,
  `ReceivedByID` int(11) DEFAULT NULL,
  `ParentProviderChainID` int(11) DEFAULT NULL,
  PRIMARY KEY (`ProviderChainID`),
  KEY `FK_1jp1erfwf28iroh9l6liq791v` (`ProviderID`),
  KEY `FK_nil4cfpn0c7m8slqnk4owktsg` (`ReceivedByID`),
  KEY `FK_l3qknci5nmdeqx7h6o3smaswa` (`ParentProviderChainID`),
  CONSTRAINT `FK_1jp1erfwf28iroh9l6liq791v` FOREIGN KEY (`ProviderID`) REFERENCES `People` (`PeopleID`),
  CONSTRAINT `FK_l3qknci5nmdeqx7h6o3smaswa` FOREIGN KEY (`ParentProviderChainID`) REFERENCES `ProviderChains` (`ProviderChainID`),
  CONSTRAINT `FK_nil4cfpn0c7m8slqnk4owktsg` FOREIGN KEY (`ReceivedByID`) REFERENCES `People` (`PeopleID`)
) ENGINE=InnoDB AUTO_INCREMENT=15 DEFAULT CHARSET=latin1;
/*!40101 SET character_set_client = @saved_cs_client */;

--
-- Dumping data for table `ProviderChains`
--

LOCK TABLES `ProviderChains` WRITE;
/*!40000 ALTER TABLE `ProviderChains` DISABLE KEYS */;
INSERT INTO `ProviderChains` VALUES (1,NULL,'2007-04-03 00:00:00.000000',NULL,NULL,1,2,NULL),(2,NULL,'2007-04-03 00:00:00.000000',NULL,NULL,1,2,NULL),(3,NULL,'2007-04-03 00:00:00.000000',NULL,NULL,1,2,NULL),(4,NULL,'2007-04-03 00:00:00.000000',NULL,NULL,1,2,NULL),(5,NULL,'2007-04-03 00:00:00.000000',NULL,NULL,1,2,NULL),(12,NULL,'2007-04-03 00:00:00.000000',NULL,NULL,1,2,NULL),(13,NULL,'2007-04-03 00:00:00.000000',NULL,NULL,1,2,NULL),(14,NULL,'2007-04-03 00:00:00.000000',NULL,NULL,1,2,NULL);
/*!40000 ALTER TABLE `ProviderChains` ENABLE KEYS */;
UNLOCK TABLES;

--
-- Table structure for table `ProviderChains_AUD`
--

DROP TABLE IF EXISTS `ProviderChains_AUD`;
/*!40101 SET @saved_cs_client     = @@character_set_client */;
/*!40101 SET character_set_client = utf8 */;
CREATE TABLE `ProviderChains_AUD` (
  `ProviderChainID` int(11) NOT NULL,
  `REV` int(11) NOT NULL,
  `REVTYPE` tinyint(4) DEFAULT NULL,
  `DateReceived` datetime DEFAULT NULL,
  `SpecimenIdent` varchar(50) DEFAULT NULL,
  `SpecimenNumber` int(11) DEFAULT NULL,
  `ProviderID` int(11) DEFAULT NULL,
  `ReceivedByID` int(11) DEFAULT NULL,
  `ParentProviderChainID` int(11) DEFAULT NULL,
  PRIMARY KEY (`ProviderChainID`,`REV`),
  KEY `FK_syge507bmxa59tfo3sun3s8le` (`REV`),
  CONSTRAINT `FK_syge507bmxa59tfo3sun3s8le` FOREIGN KEY (`REV`) REFERENCES `Revision` (`id`)
) ENGINE=InnoDB DEFAULT CHARSET=latin1;
/*!40101 SET character_set_client = @saved_cs_client */;

--
-- Dumping data for table `ProviderChains_AUD`
--

LOCK TABLES `ProviderChains_AUD` WRITE;
/*!40000 ALTER TABLE `ProviderChains_AUD` DISABLE KEYS */;
/*!40000 ALTER TABLE `ProviderChains_AUD` ENABLE KEYS */;
UNLOCK TABLES;

--
-- Table structure for table `Provinces`
--

DROP TABLE IF EXISTS `Provinces`;
/*!40101 SET @saved_cs_client     = @@character_set_client */;
/*!40101 SET character_set_client = utf8 */;
CREATE TABLE `Provinces` (
  `ProvinceId` int(11) NOT NULL AUTO_INCREMENT,
  `Abbreviation` varchar(512) DEFAULT NULL,
  `LastModified` datetime(6) DEFAULT NULL,
  `Name` varchar(512) NOT NULL,
  `Note` varchar(512) DEFAULT NULL,
  `CountryId` int(11) DEFAULT NULL,
  PRIMARY KEY (`ProvinceId`),
  KEY `FK_sj0ixihlctmheexvesghvvhbh` (`CountryId`),
  CONSTRAINT `FK_sj0ixihlctmheexvesghvvhbh` FOREIGN KEY (`CountryId`) REFERENCES `Countries` (`CountryId`)
) ENGINE=InnoDB AUTO_INCREMENT=2 DEFAULT CHARSET=latin1;
/*!40101 SET character_set_client = @saved_cs_client */;

--
-- Dumping data for table `Provinces`
--

LOCK TABLES `Provinces` WRITE;
/*!40000 ALTER TABLE `Provinces` DISABLE KEYS */;
INSERT INTO `Provinces` VALUES (1,'AW','2013-03-19 00:00:00.000000','Anywhere','aaa',1);
/*!40000 ALTER TABLE `Provinces` ENABLE KEYS */;
UNLOCK TABLES;

--
-- Table structure for table `ReactionComponents`
--

DROP TABLE IF EXISTS `ReactionComponents`;
/*!40101 SET @saved_cs_client     = @@character_set_client */;
/*!40101 SET character_set_client = utf8 */;
CREATE TABLE `ReactionComponents` (
  `ReactionComponentID` int(11) NOT NULL AUTO_INCREMENT,
  `Concentration` varchar(50) DEFAULT NULL,
  `LastModified` datetime(6) DEFAULT NULL,
  `Name` varchar(50) DEFAULT NULL,
  `Quantity` varchar(50) DEFAULT NULL,
  `ProtocolID` int(11) NOT NULL,
  PRIMARY KEY (`ReactionComponentID`),
  KEY `FK_1a4aoax0d4hbnk3xyjl4qi9vv` (`ProtocolID`),
  CONSTRAINT `FK_1a4aoax0d4hbnk3xyjl4qi9vv` FOREIGN KEY (`ProtocolID`) REFERENCES `Protocols` (`ProtocolID`)
) ENGINE=InnoDB AUTO_INCREMENT=24 DEFAULT CHARSET=latin1;
/*!40101 SET character_set_client = @saved_cs_client */;

--
-- Dumping data for table `ReactionComponents`
--

LOCK TABLES `ReactionComponents` WRITE;
/*!40000 ALTER TABLE `ReactionComponents` DISABLE KEYS */;
INSERT INTO `ReactionComponents` VALUES (1,'20mM','2017-01-01 00:00:00.000000','REVERSE_PRIMER','0.04',8),(2,'20mM','2017-01-01 00:00:00.000000','FORWARD_PRIMER','0.04',8),(3,'10x','2017-01-01 00:00:00.000000','(10X) Tit Buffer','1.0',8),(4,'2mM','2017-01-01 00:00:00.000000','2mM dNTPs','0.5',8),(5,'50x','2017-01-01 00:00:00.000000','(50X) Titan Taq','0.1',8),(6,'20mg/mL','2017-01-01 00:00:00.000000','BSA 20mg/mL','0.5',8),(7,'1:8','2017-01-01 00:00:00.000000','Seq Mix','8.5',7),(8,'','2017-01-01 00:00:00.000000','H2O','0.42',7),(9,'20mM','2017-01-01 00:00:00.000000','Primer','0.08',7),(10,'20 uM','2017-01-01 00:00:00.000000','REVERSE_PRIMER','0.04',9),(11,'20 uM','2017-01-01 00:00:00.000000','FORWARD_PRIMER','0.04',9),(12,'10X','2017-01-01 00:00:00.000000','10X Titanium Taq buffer','1.00',9),(13,'2 mM','2017-01-01 00:00:00.000000','2 mM dNTPs','0.5',9),(14,'','2017-01-01 00:00:00.000000','Sterile HPLC H2O','7.32',9),(15,'1 ng/ul','2017-01-01 00:00:00.000000','Titanium Taw Polymerase','0.1',9),(16,'','2017-01-01 00:00:00.000000','REVERSE_PRIMER','0.25',10),(17,'','2017-01-01 00:00:00.000000','FORWARD_PRIMER','0.25',10),(18,'10X','2017-01-01 00:00:00.000000','10X TitaniumTM Taq buffer','1.00',10),(19,'2 mM','2017-01-01 00:00:00.000000','2 mM dNTPs','1.00',10),(20,'','2017-01-01 00:00:00.000000','Sterile HPLC H2O','6.30',10),(21,'','2017-01-01 00:00:00.000000','Titanium Taq Polymerase','0.2',10),(22,'','2017-01-01 00:00:00.000000','Seq Mix','8.5',11),(23,'3.2 uM','2017-01-01 00:00:00.000000','Primer','0.5',11);
/*!40000 ALTER TABLE `ReactionComponents` ENABLE KEYS */;
UNLOCK TABLES;

--
-- Table structure for table `Refs`
--

DROP TABLE IF EXISTS `Refs`;
/*!40101 SET @saved_cs_client     = @@character_set_client */;
/*!40101 SET character_set_client = utf8 */;
CREATE TABLE `Refs` (
  `ReferenceID` int(11) NOT NULL AUTO_INCREMENT,
  `AttachFile` varchar(100) DEFAULT NULL,
  `Author` varchar(500) DEFAULT NULL,
  `Date` varchar(100) DEFAULT NULL,
  `LastModified` datetime(6) DEFAULT NULL,
  `OrigId` varchar(100) DEFAULT NULL,
  `Source` varchar(500) DEFAULT NULL,
  `Title` varchar(500) DEFAULT NULL,
  `Year` int(11) DEFAULT NULL,
  `AccountID` int(11) NOT NULL,
  PRIMARY KEY (`ReferenceID`),
  KEY `FK_4qvccfx8g3psr818ndnsit51d` (`AccountID`),
  CONSTRAINT `FK_4qvccfx8g3psr818ndnsit51d` FOREIGN KEY (`AccountID`) REFERENCES `Accounts` (`AccountID`)
) ENGINE=InnoDB DEFAULT CHARSET=latin1;
/*!40101 SET character_set_client = @saved_cs_client */;

--
-- Dumping data for table `Refs`
--

LOCK TABLES `Refs` WRITE;
/*!40000 ALTER TABLE `Refs` DISABLE KEYS */;
/*!40000 ALTER TABLE `Refs` ENABLE KEYS */;
UNLOCK TABLES;

--
-- Table structure for table `Regions`
--

DROP TABLE IF EXISTS `Regions`;
/*!40101 SET @saved_cs_client     = @@character_set_client */;
/*!40101 SET character_set_client = utf8 */;
CREATE TABLE `Regions` (
  `TagID` int(11) NOT NULL AUTO_INCREMENT,
  `Description` longtext,
  `LastModified` datetime(6) DEFAULT NULL,
  `lft` int(11) DEFAULT NULL,
  `Name` varchar(30) NOT NULL,
  `rgt` int(11) DEFAULT NULL,
  `Aliases` varchar(255) DEFAULT NULL,
  `ApplicableOrganisims` varchar(255) DEFAULT NULL,
  `Symbol` varchar(50) NOT NULL,
  `GroupID` int(11) DEFAULT NULL,
  PRIMARY KEY (`TagID`),
  UNIQUE KEY `UK_s7k0km863cn8h4dvj8d43hrr6` (`Name`),
  UNIQUE KEY `UK_dyejdil5b8y2kps0hqh3thhun` (`Name`,`GroupID`),
  KEY `FK_afqlk7jwweqdv5evifnx1ugkm` (`GroupID`),
  CONSTRAINT `FK_afqlk7jwweqdv5evifnx1ugkm` FOREIGN KEY (`GroupID`) REFERENCES `Groups` (`GroupID`)
) ENGINE=InnoDB AUTO_INCREMENT=5 DEFAULT CHARSET=latin1;
/*!40101 SET character_set_client = @saved_cs_client */;

--
-- Dumping data for table `Regions`
--

LOCK TABLES `Regions` WRITE;
/*!40000 ALTER TABLE `Regions` DISABLE KEYS */;
INSERT INTO `Regions` VALUES (1,'System root node that every region inherits from. Should not be displayed in the UI.','2013-03-19 00:00:00.000000',1,'root',8,NULL,NULL,'root',1),(2,'ITS Region Amplification','2013-03-19 00:00:00.000000',2,'Internal Transcribed Spacer',3,NULL,NULL,'ITS',8),(3,'COI Region Amplificiation','2013-03-19 00:00:00.000000',4,'Cytochrome c oxidase subunit I',5,NULL,NULL,'COI',8),(4,'ACA Region Amplificiation','2013-03-19 00:00:00.000000',6,'ACA',7,NULL,NULL,'ACA',8);
/*!40000 ALTER TABLE `Regions` ENABLE KEYS */;
UNLOCK TABLES;

--
-- Table structure for table `Regions_AUD`
--

DROP TABLE IF EXISTS `Regions_AUD`;
/*!40101 SET @saved_cs_client     = @@character_set_client */;
/*!40101 SET character_set_client = utf8 */;
CREATE TABLE `Regions_AUD` (
  `TagID` int(11) NOT NULL,
  `REV` int(11) NOT NULL,
  `REVTYPE` tinyint(4) DEFAULT NULL,
  `Aliases` varchar(255) DEFAULT NULL,
  `ApplicableOrganisims` varchar(255) DEFAULT NULL,
  `Symbol` varchar(50) DEFAULT NULL,
  `GroupID` int(11) DEFAULT NULL,
  PRIMARY KEY (`TagID`,`REV`),
  KEY `FK_1tm6uj8qa05skj1arvj1tc5na` (`REV`),
  CONSTRAINT `FK_1tm6uj8qa05skj1arvj1tc5na` FOREIGN KEY (`REV`) REFERENCES `Revision` (`id`)
) ENGINE=InnoDB DEFAULT CHARSET=latin1;
/*!40101 SET character_set_client = @saved_cs_client */;

--
-- Dumping data for table `Regions_AUD`
--

LOCK TABLES `Regions_AUD` WRITE;
/*!40000 ALTER TABLE `Regions_AUD` DISABLE KEYS */;
INSERT INTO `Regions_AUD` VALUES (26,5,0,NULL,NULL,'TRN',2);
/*!40000 ALTER TABLE `Regions_AUD` ENABLE KEYS */;
UNLOCK TABLES;

--
-- Table structure for table `Revision`
--

DROP TABLE IF EXISTS `Revision`;
/*!40101 SET @saved_cs_client     = @@character_set_client */;
/*!40101 SET character_set_client = utf8 */;
CREATE TABLE `Revision` (
  `id` int(11) NOT NULL AUTO_INCREMENT,
  `timestamp` bigint(20) NOT NULL,
  `userName` varchar(255) DEFAULT NULL,
  PRIMARY KEY (`id`)
) ENGINE=InnoDB AUTO_INCREMENT=8 DEFAULT CHARSET=latin1;
/*!40101 SET character_set_client = @saved_cs_client */;

--
-- Dumping data for table `Revision`
--

LOCK TABLES `Revision` WRITE;
/*!40000 ALTER TABLE `Revision` DISABLE KEYS */;
INSERT INTO `Revision` VALUES (1,1513780597970,'Test User'),(2,1513780599353,'Test User'),(3,1513780599360,'Test User'),(4,1513780599393,'Test User'),(5,1513780614049,'Automated System'),(6,1516293186472,'Admin'),(7,1516293972497,'Admin');
/*!40000 ALTER TABLE `Revision` ENABLE KEYS */;
UNLOCK TABLES;

--
-- Table structure for table `SampleAttach`
--

DROP TABLE IF EXISTS `SampleAttach`;
/*!40101 SET @saved_cs_client     = @@character_set_client */;
/*!40101 SET character_set_client = utf8 */;
CREATE TABLE `SampleAttach` (
  `SampleAttachId` int(11) NOT NULL AUTO_INCREMENT,
  `DateEntered` date NOT NULL,
  `FileExtension` varchar(255) DEFAULT NULL,
  `FileName` varchar(255) NOT NULL,
  `FileTitle` varchar(255) DEFAULT NULL,
  `Height` int(11) DEFAULT NULL,
  `Notes` varchar(1024) DEFAULT NULL,
  `Width` int(11) DEFAULT NULL,
  `SampleId` int(11) NOT NULL,
  PRIMARY KEY (`SampleAttachId`),
  KEY `FK_qb9ji50w6mbt5tgj801fn2yd0` (`SampleId`),
  CONSTRAINT `FK_qb9ji50w6mbt5tgj801fn2yd0` FOREIGN KEY (`SampleId`) REFERENCES `Samples` (`SampleID`)
) ENGINE=InnoDB DEFAULT CHARSET=latin1;
/*!40101 SET character_set_client = @saved_cs_client */;

--
-- Dumping data for table `SampleAttach`
--

LOCK TABLES `SampleAttach` WRITE;
/*!40000 ALTER TABLE `SampleAttach` DISABLE KEYS */;
/*!40000 ALTER TABLE `SampleAttach` ENABLE KEYS */;
UNLOCK TABLES;

--
-- Table structure for table `Samples`
--

DROP TABLE IF EXISTS `Samples`;
/*!40101 SET @saved_cs_client     = @@character_set_client */;
/*!40101 SET character_set_client = utf8 */;
CREATE TABLE `Samples` (
  `SampleID` int(11) NOT NULL AUTO_INCREMENT,
  `Date` date DEFAULT NULL,
  `DnaConcentration` varchar(50) DEFAULT NULL,
  `DnaConcentrationNotes` varchar(200) DEFAULT NULL,
  `DnaConcentrationPerStartMaterial` varchar(50) DEFAULT NULL,
  `DnaNotes` longtext,
  `Experimenter` varchar(50) DEFAULT NULL,
  `ExtractionBatch` varchar(100) DEFAULT NULL,
  `LastModified` datetime(6) DEFAULT NULL,
  `LysisBufferVolume` double DEFAULT NULL,
  `Name` varchar(50) NOT NULL,
  `Notes` longtext,
  `NuclAcidExt` varchar(50) DEFAULT NULL,
  `PelletSize` double DEFAULT NULL,
  `ProteinaseKVolume` double DEFAULT NULL,
  `QuantificationMethod` varchar(100) DEFAULT NULL,
  `QubitDNAConcentration` double DEFAULT NULL,
  `Ratio260_230` double DEFAULT NULL,
  `Ratio260_280` double DEFAULT NULL,
  `Source` varchar(200) DEFAULT NULL,
  `Treatment` longtext,
  `TubeId` varchar(50) DEFAULT NULL,
  `UnusableDna` bit(1) DEFAULT NULL,
  `Version` varchar(50) NOT NULL DEFAULT '',
  `VersionDescription` varchar(512) DEFAULT NULL,
  `GroupID` int(11) DEFAULT NULL,
  `ProductID` int(11) DEFAULT NULL,
  `MixedSpecimenID` int(11) DEFAULT NULL,
  `ProtocolID` int(11) DEFAULT NULL,
  `SpecimenID` int(11) DEFAULT NULL,
  PRIMARY KEY (`SampleID`),
  UNIQUE KEY `UK_1aqcmkjwtipu7d9j70hud3j0i` (`Name`,`Version`,`GroupID`),
  KEY `FK_oydcu32elckh89l3sqk5sidbk` (`GroupID`),
  KEY `FK_chdo5fadxi2yf42ww78sy89xa` (`ProductID`),
  KEY `FK_nf0fq2j176ync5qmfirg3fker` (`MixedSpecimenID`),
  KEY `FK_68me2pv0wxtbibrt30wwtr1dr` (`ProtocolID`),
  KEY `FK_cs25lgdf3it0yx9ks1r8jb79n` (`SpecimenID`),
  CONSTRAINT `FK_68me2pv0wxtbibrt30wwtr1dr` FOREIGN KEY (`ProtocolID`) REFERENCES `Protocols` (`ProtocolID`),
  CONSTRAINT `FK_chdo5fadxi2yf42ww78sy89xa` FOREIGN KEY (`ProductID`) REFERENCES `Products` (`ProductID`),
  CONSTRAINT `FK_cs25lgdf3it0yx9ks1r8jb79n` FOREIGN KEY (`SpecimenID`) REFERENCES `Specimens` (`SpecimenID`),
  CONSTRAINT `FK_nf0fq2j176ync5qmfirg3fker` FOREIGN KEY (`MixedSpecimenID`) REFERENCES `MixedSpecimens` (`MixedSpecimenID`),
  CONSTRAINT `FK_oydcu32elckh89l3sqk5sidbk` FOREIGN KEY (`GroupID`) REFERENCES `Groups` (`GroupID`)
) ENGINE=InnoDB AUTO_INCREMENT=104 DEFAULT CHARSET=latin1;
/*!40101 SET character_set_client = @saved_cs_client */;

--
-- Dumping data for table `Samples`
--

LOCK TABLES `Samples` WRITE;
/*!40000 ALTER TABLE `Samples` DISABLE KEYS */;
INSERT INTO `Samples` VALUES (1,'2010-01-02','10','concentration notes 1',NULL,'DNA notes 1','aExperimenter','batch 1','2013-03-19 00:00:00.000000',NULL,'KAS1','DNA Extract Sample notes 1',NULL,NULL,NULL,NULL,NULL,NULL,NULL,'aSource',NULL,NULL,NULL,'A','First Extraction',1,1,NULL,3,1),(2,'2010-01-03','10','concentration notes 2',NULL,'DNA notes 2','bExperimenter','batch 2','2013-03-19 00:00:00.000000',NULL,'KAS2','DNA Extract Sample notes 2',NULL,NULL,NULL,NULL,NULL,NULL,NULL,'bSource',NULL,NULL,NULL,'A','First Extraction',1,1,NULL,3,2),(3,'2010-01-04','10','concentration notes 3',NULL,'DNA notes 3','cExperimenter','batch 3','2013-03-19 00:00:00.000000',NULL,'KAS3','DNA Extract Sample notes 3',NULL,NULL,NULL,NULL,NULL,NULL,NULL,'cSource',NULL,NULL,NULL,'A','First Extraction',1,1,NULL,3,3),(4,'2010-01-04','20','concentration notes 4',NULL,'DNA notes 3','dExperimenter','batch 4','2013-03-19 00:00:00.000000',NULL,'KAS1','DNA Extract Sample notes 4',NULL,NULL,NULL,NULL,NULL,NULL,NULL,'dSource',NULL,NULL,NULL,'B','Second Extraction',1,1,NULL,3,1),(5,'2010-01-02','40','concentration notes 4',NULL,'DNA notes 4','anotherExperimenter','batch 4','2013-03-19 00:00:00.000000',NULL,'KAS4','DNA Extract Sample notes 4',NULL,NULL,NULL,NULL,NULL,NULL,NULL,'aSource',NULL,NULL,NULL,'A','First Extraction',1,1,1,3,NULL),(6,'2010-01-02','40','concentration notes 5',NULL,'DNA notes 5','secondExperimenter','batch 5','2013-03-19 00:00:00.000000',NULL,'KAS5','DNA Extract Sample notes 5',NULL,NULL,NULL,NULL,NULL,NULL,NULL,'aSource',NULL,NULL,NULL,'A','First Extraction',1,1,2,3,NULL),(7,'2010-01-02','40','concentration notes 5',NULL,'DNA notes 5','secondExperimenter','batch 5','2013-03-19 00:00:00.000000',NULL,'UserGroupSample','DNA Extract Sample notes 5',NULL,NULL,NULL,NULL,NULL,NULL,NULL,'aSource',NULL,NULL,NULL,'A','First Extraction',2,1,2,3,NULL),(8,NULL,NULL,NULL,NULL,NULL,NULL,NULL,'2018-01-18 16:32:53.044000',NULL,'NRM-CGI-002610',NULL,NULL,NULL,NULL,NULL,NULL,NULL,NULL,NULL,NULL,'4025809934',NULL,'A',NULL,1,NULL,NULL,NULL,15),(9,NULL,NULL,NULL,NULL,NULL,NULL,NULL,'2018-01-18 16:32:53.252000',NULL,'NRM-CGI-002609',NULL,NULL,NULL,NULL,NULL,NULL,NULL,NULL,NULL,NULL,'4025809935',NULL,'A',NULL,1,NULL,NULL,NULL,16),(10,NULL,NULL,NULL,NULL,NULL,NULL,NULL,'2018-01-18 16:32:53.467000',NULL,'NRM-CGI-002611',NULL,NULL,NULL,NULL,NULL,NULL,NULL,NULL,NULL,NULL,'4025809936',NULL,'A',NULL,1,NULL,NULL,NULL,17),(11,NULL,NULL,NULL,NULL,NULL,NULL,NULL,'2018-01-18 16:32:53.691000',NULL,'NRM-CGI-002612',NULL,NULL,NULL,NULL,NULL,NULL,NULL,NULL,NULL,NULL,'4025809937',NULL,'A',NULL,1,NULL,NULL,NULL,18),(12,NULL,NULL,NULL,NULL,NULL,NULL,NULL,'2018-01-18 16:32:53.865000',NULL,'NRM-CGI-002023',NULL,NULL,NULL,NULL,NULL,NULL,NULL,NULL,NULL,NULL,'4025809938',NULL,'A',NULL,1,NULL,NULL,NULL,19),(13,NULL,NULL,NULL,NULL,NULL,NULL,NULL,'2018-01-18 16:32:54.001000',NULL,'NRM-CGI-002024',NULL,NULL,NULL,NULL,NULL,NULL,NULL,NULL,NULL,NULL,'4025809939',NULL,'A',NULL,1,NULL,NULL,NULL,20),(14,NULL,NULL,NULL,NULL,NULL,NULL,NULL,'2018-01-18 16:32:54.129000',NULL,'NRM-CGI-004725',NULL,NULL,NULL,NULL,NULL,NULL,NULL,NULL,NULL,NULL,'4025809940',NULL,'A',NULL,1,NULL,NULL,NULL,21),(15,NULL,NULL,NULL,NULL,NULL,NULL,NULL,'2018-01-18 16:32:54.255000',NULL,'NRM-CGI-004732',NULL,NULL,NULL,NULL,NULL,NULL,NULL,NULL,NULL,NULL,'4025809941',NULL,'A',NULL,1,NULL,NULL,NULL,22),(16,NULL,NULL,NULL,NULL,NULL,NULL,NULL,'2018-01-18 16:32:54.384000',NULL,'NRM-CGI-004723',NULL,NULL,NULL,NULL,NULL,NULL,NULL,NULL,NULL,NULL,'4025809942',NULL,'A',NULL,1,NULL,NULL,NULL,23),(17,NULL,NULL,NULL,NULL,NULL,NULL,NULL,'2018-01-18 16:32:54.513000',NULL,'NRM-CGI-004728',NULL,NULL,NULL,NULL,NULL,NULL,NULL,NULL,NULL,NULL,'4025809943',NULL,'A',NULL,1,NULL,NULL,NULL,24),(18,NULL,NULL,NULL,NULL,NULL,NULL,NULL,'2018-01-18 16:32:54.633000',NULL,'NRM-CGI-004726',NULL,NULL,NULL,NULL,NULL,NULL,NULL,NULL,NULL,NULL,'4025809944',NULL,'A',NULL,1,NULL,NULL,NULL,25),(19,NULL,NULL,NULL,NULL,NULL,NULL,NULL,'2018-01-18 16:32:54.750000',NULL,'NRM-CGI-004730',NULL,NULL,NULL,NULL,NULL,NULL,NULL,NULL,NULL,NULL,'4025809945',NULL,'A',NULL,1,NULL,NULL,NULL,26),(20,NULL,NULL,NULL,NULL,NULL,NULL,NULL,'2018-01-18 16:32:54.972000',NULL,'NRM-CGI-004733',NULL,NULL,NULL,NULL,NULL,NULL,NULL,NULL,NULL,NULL,'4025809946',NULL,'A',NULL,1,NULL,NULL,NULL,27),(21,NULL,NULL,NULL,NULL,NULL,NULL,NULL,'2018-01-18 16:32:55.107000',NULL,'NRM-CGI-004727',NULL,NULL,NULL,NULL,NULL,NULL,NULL,NULL,NULL,NULL,'4025809947',NULL,'A',NULL,1,NULL,NULL,NULL,28),(22,NULL,NULL,NULL,NULL,NULL,NULL,NULL,'2018-01-18 16:32:55.236000',NULL,'NRM-CGI-004731',NULL,NULL,NULL,NULL,NULL,NULL,NULL,NULL,NULL,NULL,'4025809948',NULL,'A',NULL,1,NULL,NULL,NULL,29),(23,NULL,NULL,NULL,NULL,NULL,NULL,NULL,'2018-01-18 16:32:55.467000',NULL,'NRM-CGI-004724',NULL,NULL,NULL,NULL,NULL,NULL,NULL,NULL,NULL,NULL,'4025809949',NULL,'A',NULL,1,NULL,NULL,NULL,30),(24,NULL,NULL,NULL,NULL,NULL,NULL,NULL,'2018-01-18 16:32:55.610000',NULL,'NRM-CGI-004729',NULL,NULL,NULL,NULL,NULL,NULL,NULL,NULL,NULL,NULL,'4025809950',NULL,'A',NULL,1,NULL,NULL,NULL,31),(25,NULL,NULL,NULL,NULL,NULL,NULL,NULL,'2018-01-18 16:32:55.716000',NULL,'NRM-CGI-003586',NULL,NULL,NULL,NULL,NULL,NULL,NULL,NULL,NULL,NULL,'4025809951',NULL,'A',NULL,1,NULL,NULL,NULL,32),(26,NULL,NULL,NULL,NULL,NULL,NULL,NULL,'2018-01-18 16:32:55.822000',NULL,'NRM-CGI-003585',NULL,NULL,NULL,NULL,NULL,NULL,NULL,NULL,NULL,NULL,'4025809952',NULL,'A',NULL,1,NULL,NULL,NULL,33),(27,NULL,NULL,NULL,NULL,NULL,NULL,NULL,'2018-01-18 16:32:55.931000',NULL,'NRM-CGI-002455',NULL,NULL,NULL,NULL,NULL,NULL,NULL,NULL,NULL,NULL,'4025809953',NULL,'A',NULL,1,NULL,NULL,NULL,34),(28,NULL,NULL,NULL,NULL,NULL,NULL,NULL,'2018-01-18 16:32:56.057000',NULL,'NRM-CGI-002453',NULL,NULL,NULL,NULL,NULL,NULL,NULL,NULL,NULL,NULL,'4025809954',NULL,'A',NULL,1,NULL,NULL,NULL,35),(29,NULL,NULL,NULL,NULL,NULL,NULL,NULL,'2018-01-18 16:32:56.252000',NULL,'NRM-CGI-002452',NULL,NULL,NULL,NULL,NULL,NULL,NULL,NULL,NULL,NULL,'4025809955',NULL,'A',NULL,1,NULL,NULL,NULL,36),(30,NULL,NULL,NULL,NULL,NULL,NULL,NULL,'2018-01-18 16:32:56.370000',NULL,'NRM-CGI-002454',NULL,NULL,NULL,NULL,NULL,NULL,NULL,NULL,NULL,NULL,'4025809956',NULL,'A',NULL,1,NULL,NULL,NULL,37),(31,NULL,NULL,NULL,NULL,NULL,NULL,NULL,'2018-01-18 16:32:56.487000',NULL,'NRM-CGI-004141',NULL,NULL,NULL,NULL,NULL,NULL,NULL,NULL,NULL,NULL,'4025809957',NULL,'A',NULL,1,NULL,NULL,NULL,38),(32,NULL,NULL,NULL,NULL,NULL,NULL,NULL,'2018-01-18 16:32:56.612000',NULL,'NRM-CGI-004140',NULL,NULL,NULL,NULL,NULL,NULL,NULL,NULL,NULL,NULL,'4025809958',NULL,'A',NULL,1,NULL,NULL,NULL,39),(33,NULL,NULL,NULL,NULL,NULL,NULL,NULL,'2018-01-18 16:32:56.745000',NULL,'NRM-CGI-001998',NULL,NULL,NULL,NULL,NULL,NULL,NULL,NULL,NULL,NULL,'4025809959',NULL,'A',NULL,1,NULL,NULL,NULL,40),(34,NULL,NULL,NULL,NULL,NULL,NULL,NULL,'2018-01-18 16:32:56.869000',NULL,'NRM-CGI-006064',NULL,NULL,NULL,NULL,NULL,NULL,NULL,NULL,NULL,NULL,'4025809960',NULL,'A',NULL,1,NULL,NULL,NULL,41),(35,NULL,NULL,NULL,NULL,NULL,NULL,NULL,'2018-01-18 16:32:56.990000',NULL,'NRM-CGI-006065',NULL,NULL,NULL,NULL,NULL,NULL,NULL,NULL,NULL,NULL,'4025809961',NULL,'A',NULL,1,NULL,NULL,NULL,42),(36,NULL,NULL,NULL,NULL,NULL,NULL,NULL,'2018-01-18 16:32:57.118000',NULL,'NRM-CGI-006069',NULL,NULL,NULL,NULL,NULL,NULL,NULL,NULL,NULL,NULL,'4025809962',NULL,'A',NULL,1,NULL,NULL,NULL,43),(37,NULL,NULL,NULL,NULL,NULL,NULL,NULL,'2018-01-18 16:32:57.237000',NULL,'NRM-CGI-006070',NULL,NULL,NULL,NULL,NULL,NULL,NULL,NULL,NULL,NULL,'4025809963',NULL,'A',NULL,1,NULL,NULL,NULL,44),(38,NULL,NULL,NULL,NULL,NULL,NULL,NULL,'2018-01-18 16:32:57.366000',NULL,'NRM-CGI-006067',NULL,NULL,NULL,NULL,NULL,NULL,NULL,NULL,NULL,NULL,'4025809964',NULL,'A',NULL,1,NULL,NULL,NULL,45),(39,NULL,NULL,NULL,NULL,NULL,NULL,NULL,'2018-01-18 16:32:57.495000',NULL,'NRM-CGI-006063',NULL,NULL,NULL,NULL,NULL,NULL,NULL,NULL,NULL,NULL,'4025809965',NULL,'A',NULL,1,NULL,NULL,NULL,46),(40,NULL,NULL,NULL,NULL,NULL,NULL,NULL,'2018-01-18 16:32:57.630000',NULL,'NRM-CGI-006061',NULL,NULL,NULL,NULL,NULL,NULL,NULL,NULL,NULL,NULL,'4025809966',NULL,'A',NULL,1,NULL,NULL,NULL,47),(41,NULL,NULL,NULL,NULL,NULL,NULL,NULL,'2018-01-18 16:32:57.773000',NULL,'NRM-CGI-006062',NULL,NULL,NULL,NULL,NULL,NULL,NULL,NULL,NULL,NULL,'4025809967',NULL,'A',NULL,1,NULL,NULL,NULL,48),(42,NULL,NULL,NULL,NULL,NULL,NULL,NULL,'2018-01-18 16:32:57.914000',NULL,'NRM-CGI-006066',NULL,NULL,NULL,NULL,NULL,NULL,NULL,NULL,NULL,NULL,'4025809968',NULL,'A',NULL,1,NULL,NULL,NULL,49),(43,NULL,NULL,NULL,NULL,NULL,NULL,NULL,'2018-01-18 16:32:58.054000',NULL,'NRM-CGI-006068',NULL,NULL,NULL,NULL,NULL,NULL,NULL,NULL,NULL,NULL,'4025809969',NULL,'A',NULL,1,NULL,NULL,NULL,50),(44,NULL,NULL,NULL,NULL,NULL,NULL,NULL,'2018-01-18 16:32:58.184000',NULL,'NRM-CGI-005691',NULL,NULL,NULL,NULL,NULL,NULL,NULL,NULL,NULL,NULL,'4025809970',NULL,'A',NULL,1,NULL,NULL,NULL,51),(45,NULL,NULL,NULL,NULL,NULL,NULL,NULL,'2018-01-18 16:32:58.311000',NULL,'NRM-CGI-005693',NULL,NULL,NULL,NULL,NULL,NULL,NULL,NULL,NULL,NULL,'4025809971',NULL,'A',NULL,1,NULL,NULL,NULL,52),(46,NULL,NULL,NULL,NULL,NULL,NULL,NULL,'2018-01-18 16:32:58.438000',NULL,'NRM-CGI-005692',NULL,NULL,NULL,NULL,NULL,NULL,NULL,NULL,NULL,NULL,'4025809972',NULL,'A',NULL,1,NULL,NULL,NULL,53),(47,NULL,NULL,NULL,NULL,NULL,NULL,NULL,'2018-01-18 16:32:58.584000',NULL,'NRM-CGI-005695',NULL,NULL,NULL,NULL,NULL,NULL,NULL,NULL,NULL,NULL,'4025809973',NULL,'A',NULL,1,NULL,NULL,NULL,54),(48,NULL,NULL,NULL,NULL,NULL,NULL,NULL,'2018-01-18 16:32:58.724000',NULL,'NRM-CGI-005694',NULL,NULL,NULL,NULL,NULL,NULL,NULL,NULL,NULL,NULL,'4025809974',NULL,'A',NULL,1,NULL,NULL,NULL,55),(49,NULL,NULL,NULL,NULL,NULL,NULL,NULL,'2018-01-18 16:32:58.869000',NULL,'NRM-CGI-004503',NULL,NULL,NULL,NULL,NULL,NULL,NULL,NULL,NULL,NULL,'4025809975',NULL,'A',NULL,1,NULL,NULL,NULL,56),(50,NULL,NULL,NULL,NULL,NULL,NULL,NULL,'2018-01-18 16:32:59.011000',NULL,'NRM-CGI-004502',NULL,NULL,NULL,NULL,NULL,NULL,NULL,NULL,NULL,NULL,'4025809976',NULL,'A',NULL,1,NULL,NULL,NULL,57),(51,NULL,NULL,NULL,NULL,NULL,NULL,NULL,'2018-01-18 16:32:59.145000',NULL,'NRM-CGI-002988',NULL,NULL,NULL,NULL,NULL,NULL,NULL,NULL,NULL,NULL,'4025809977',NULL,'A',NULL,1,NULL,NULL,NULL,58),(52,NULL,NULL,NULL,NULL,NULL,NULL,NULL,'2018-01-18 16:32:59.271000',NULL,'NRM-CGI-002989',NULL,NULL,NULL,NULL,NULL,NULL,NULL,NULL,NULL,NULL,'4025809978',NULL,'A',NULL,1,NULL,NULL,NULL,59),(53,NULL,NULL,NULL,NULL,NULL,NULL,NULL,'2018-01-18 16:32:59.396000',NULL,'NRM-CGI-002990',NULL,NULL,NULL,NULL,NULL,NULL,NULL,NULL,NULL,NULL,'4025809979',NULL,'A',NULL,1,NULL,NULL,NULL,60),(54,NULL,NULL,NULL,NULL,NULL,NULL,NULL,'2018-01-18 16:32:59.522000',NULL,'NRM-CGI-002991',NULL,NULL,NULL,NULL,NULL,NULL,NULL,NULL,NULL,NULL,'4025809980',NULL,'A',NULL,1,NULL,NULL,NULL,61),(55,NULL,NULL,NULL,NULL,NULL,NULL,NULL,'2018-01-18 16:32:59.652000',NULL,'NRM-CGI-003264',NULL,NULL,NULL,NULL,NULL,NULL,NULL,NULL,NULL,NULL,'4025809981',NULL,'A',NULL,1,NULL,NULL,NULL,62),(56,NULL,NULL,NULL,NULL,NULL,NULL,NULL,'2018-01-18 16:32:59.781000',NULL,'NRM-CGI-003268',NULL,NULL,NULL,NULL,NULL,NULL,NULL,NULL,NULL,NULL,'4025809982',NULL,'A',NULL,1,NULL,NULL,NULL,63),(57,NULL,NULL,NULL,NULL,NULL,NULL,NULL,'2018-01-18 16:32:59.918000',NULL,'NRM-CGI-003267',NULL,NULL,NULL,NULL,NULL,NULL,NULL,NULL,NULL,NULL,'4025809983',NULL,'A',NULL,1,NULL,NULL,NULL,64),(58,NULL,NULL,NULL,NULL,NULL,NULL,NULL,'2018-01-18 16:33:00.060000',NULL,'NRM-CGI-003265',NULL,NULL,NULL,NULL,NULL,NULL,NULL,NULL,NULL,NULL,'4025809984',NULL,'A',NULL,1,NULL,NULL,NULL,65),(59,NULL,NULL,NULL,NULL,NULL,NULL,NULL,'2018-01-18 16:33:00.198000',NULL,'NRM-CGI-003266',NULL,NULL,NULL,NULL,NULL,NULL,NULL,NULL,NULL,NULL,'4025809985',NULL,'A',NULL,1,NULL,NULL,NULL,66),(60,NULL,NULL,NULL,NULL,NULL,NULL,NULL,'2018-01-18 16:33:00.326000',NULL,'NRM-CGI-002543',NULL,NULL,NULL,NULL,NULL,NULL,NULL,NULL,NULL,NULL,'4025809986',NULL,'A',NULL,1,NULL,NULL,NULL,67),(61,NULL,NULL,NULL,NULL,NULL,NULL,NULL,'2018-01-18 16:33:00.457000',NULL,'NRM-CGI-002544',NULL,NULL,NULL,NULL,NULL,NULL,NULL,NULL,NULL,NULL,'4025809987',NULL,'A',NULL,1,NULL,NULL,NULL,68),(62,NULL,NULL,NULL,NULL,NULL,NULL,NULL,'2018-01-18 16:33:00.585000',NULL,'NRM-CGI-002541',NULL,NULL,NULL,NULL,NULL,NULL,NULL,NULL,NULL,NULL,'4025809988',NULL,'A',NULL,1,NULL,NULL,NULL,69),(63,NULL,NULL,NULL,NULL,NULL,NULL,NULL,'2018-01-18 16:33:00.757000',NULL,'NRM-CGI-002542',NULL,NULL,NULL,NULL,NULL,NULL,NULL,NULL,NULL,NULL,'4025809989',NULL,'A',NULL,1,NULL,NULL,NULL,70),(64,NULL,NULL,NULL,NULL,NULL,NULL,NULL,'2018-01-18 16:33:00.887000',NULL,'NRM-CGI-003433',NULL,NULL,NULL,NULL,NULL,NULL,NULL,NULL,NULL,NULL,'4025809990',NULL,'A',NULL,1,NULL,NULL,NULL,71),(65,NULL,NULL,NULL,NULL,NULL,NULL,NULL,'2018-01-18 16:33:01.021000',NULL,'NRM-CGI-003434',NULL,NULL,NULL,NULL,NULL,NULL,NULL,NULL,NULL,NULL,'4025809991',NULL,'A',NULL,1,NULL,NULL,NULL,72),(66,NULL,NULL,NULL,NULL,NULL,NULL,NULL,'2018-01-18 16:33:01.210000',NULL,'NRM-CGI-003431',NULL,NULL,NULL,NULL,NULL,NULL,NULL,NULL,NULL,NULL,'4025809992',NULL,'A',NULL,1,NULL,NULL,NULL,73),(67,NULL,NULL,NULL,NULL,NULL,NULL,NULL,'2018-01-18 16:33:01.346000',NULL,'NRM-CGI-003432',NULL,NULL,NULL,NULL,NULL,NULL,NULL,NULL,NULL,NULL,'4025809993',NULL,'A',NULL,1,NULL,NULL,NULL,74),(68,NULL,NULL,NULL,NULL,NULL,NULL,NULL,'2018-01-18 16:33:01.480000',NULL,'NRM-CGI-004662',NULL,NULL,NULL,NULL,NULL,NULL,NULL,NULL,NULL,NULL,'4025809994',NULL,'A',NULL,1,NULL,NULL,NULL,75),(69,NULL,NULL,NULL,NULL,NULL,NULL,NULL,'2018-01-18 16:33:01.613000',NULL,'NRM-CGI-004660',NULL,NULL,NULL,NULL,NULL,NULL,NULL,NULL,NULL,NULL,'4025809995',NULL,'A',NULL,1,NULL,NULL,NULL,76),(70,NULL,NULL,NULL,NULL,NULL,NULL,NULL,'2018-01-18 16:33:01.747000',NULL,'NRM-CGI-004663',NULL,NULL,NULL,NULL,NULL,NULL,NULL,NULL,NULL,NULL,'4025809996',NULL,'A',NULL,1,NULL,NULL,NULL,77),(71,NULL,NULL,NULL,NULL,NULL,NULL,NULL,'2018-01-18 16:33:01.881000',NULL,'NRM-CGI-004661',NULL,NULL,NULL,NULL,NULL,NULL,NULL,NULL,NULL,NULL,'4025809997',NULL,'A',NULL,1,NULL,NULL,NULL,78),(72,NULL,NULL,NULL,NULL,NULL,NULL,NULL,'2018-01-18 16:33:02.016000',NULL,'NRM-CGI-004664',NULL,NULL,NULL,NULL,NULL,NULL,NULL,NULL,NULL,NULL,'4025809998',NULL,'A',NULL,1,NULL,NULL,NULL,79),(73,NULL,NULL,NULL,NULL,NULL,NULL,NULL,'2018-01-18 16:33:02.154000',NULL,'NRM-CGI-002701',NULL,NULL,NULL,NULL,NULL,NULL,NULL,NULL,NULL,NULL,'4025809999',NULL,'A',NULL,1,NULL,NULL,NULL,80),(74,NULL,NULL,NULL,NULL,NULL,NULL,NULL,'2018-01-18 16:33:02.283000',NULL,'NRM-CGI-002699',NULL,NULL,NULL,NULL,NULL,NULL,NULL,NULL,NULL,NULL,'4025810000',NULL,'A',NULL,1,NULL,NULL,NULL,81),(75,NULL,NULL,NULL,NULL,NULL,NULL,NULL,'2018-01-18 16:33:02.414000',NULL,'NRM-CGI-002700',NULL,NULL,NULL,NULL,NULL,NULL,NULL,NULL,NULL,NULL,'4025810001',NULL,'A',NULL,1,NULL,NULL,NULL,82),(76,NULL,NULL,NULL,NULL,NULL,NULL,NULL,'2018-01-18 16:33:02.544000',NULL,'NRM-CGI-002697',NULL,NULL,NULL,NULL,NULL,NULL,NULL,NULL,NULL,NULL,'4025810002',NULL,'A',NULL,1,NULL,NULL,NULL,83),(77,NULL,NULL,NULL,NULL,NULL,NULL,NULL,'2018-01-18 16:33:02.673000',NULL,'NRM-CGI-002698',NULL,NULL,NULL,NULL,NULL,NULL,NULL,NULL,NULL,NULL,'4025810003',NULL,'A',NULL,1,NULL,NULL,NULL,84),(78,NULL,NULL,NULL,NULL,NULL,NULL,NULL,'2018-01-18 16:33:02.805000',NULL,'NRM-CGI-001995',NULL,NULL,NULL,NULL,NULL,NULL,NULL,NULL,NULL,NULL,'4025810004',NULL,'A',NULL,1,NULL,NULL,NULL,85),(79,NULL,NULL,NULL,NULL,NULL,NULL,NULL,'2018-01-18 16:33:02.940000',NULL,'NRM-CGI-003711',NULL,NULL,NULL,NULL,NULL,NULL,NULL,NULL,NULL,NULL,'4025810005',NULL,'A',NULL,1,NULL,NULL,NULL,86),(80,NULL,NULL,NULL,NULL,NULL,NULL,NULL,'2018-01-18 16:33:03.076000',NULL,'NRM-CGI-003708',NULL,NULL,NULL,NULL,NULL,NULL,NULL,NULL,NULL,NULL,'4025810006',NULL,'A',NULL,1,NULL,NULL,NULL,87),(81,NULL,NULL,NULL,NULL,NULL,NULL,NULL,'2018-01-18 16:33:03.214000',NULL,'NRM-CGI-003709',NULL,NULL,NULL,NULL,NULL,NULL,NULL,NULL,NULL,NULL,'4025810007',NULL,'A',NULL,1,NULL,NULL,NULL,88),(82,NULL,NULL,NULL,NULL,NULL,NULL,NULL,'2018-01-18 16:33:03.350000',NULL,'NRM-CGI-003710',NULL,NULL,NULL,NULL,NULL,NULL,NULL,NULL,NULL,NULL,'4025810008',NULL,'A',NULL,1,NULL,NULL,NULL,89),(83,NULL,NULL,NULL,NULL,NULL,NULL,NULL,'2018-01-18 16:33:03.488000',NULL,'NRM-CGI-005528',NULL,NULL,NULL,NULL,NULL,NULL,NULL,NULL,NULL,NULL,'4025810009',NULL,'A',NULL,1,NULL,NULL,NULL,90),(84,NULL,NULL,NULL,NULL,NULL,NULL,NULL,'2018-01-18 16:33:03.637000',NULL,'NRM-CGI-005526',NULL,NULL,NULL,NULL,NULL,NULL,NULL,NULL,NULL,NULL,'4025810010',NULL,'A',NULL,1,NULL,NULL,NULL,91),(85,NULL,NULL,NULL,NULL,NULL,NULL,NULL,'2018-01-18 16:33:03.784000',NULL,'NRM-CGI-005530',NULL,NULL,NULL,NULL,NULL,NULL,NULL,NULL,NULL,NULL,'4025810011',NULL,'A',NULL,1,NULL,NULL,NULL,92),(86,NULL,NULL,NULL,NULL,NULL,NULL,NULL,'2018-01-18 16:33:03.941000',NULL,'NRM-CGI-005527',NULL,NULL,NULL,NULL,NULL,NULL,NULL,NULL,NULL,NULL,'4025810012',NULL,'A',NULL,1,NULL,NULL,NULL,93),(87,NULL,NULL,NULL,NULL,NULL,NULL,NULL,'2018-01-18 16:33:04.085000',NULL,'NRM-CGI-005529',NULL,NULL,NULL,NULL,NULL,NULL,NULL,NULL,NULL,NULL,'4025810013',NULL,'A',NULL,1,NULL,NULL,NULL,94),(88,NULL,NULL,NULL,NULL,NULL,NULL,NULL,'2018-01-18 16:33:04.242000',NULL,'NRM-CGI-002006',NULL,NULL,NULL,NULL,NULL,NULL,NULL,NULL,NULL,NULL,'4025810014',NULL,'A',NULL,1,NULL,NULL,NULL,95),(89,NULL,NULL,NULL,NULL,NULL,NULL,NULL,'2018-01-18 16:33:04.383000',NULL,'NRM-CGI-002010',NULL,NULL,NULL,NULL,NULL,NULL,NULL,NULL,NULL,NULL,'4025810015',NULL,'A',NULL,1,NULL,NULL,NULL,96),(90,NULL,NULL,NULL,NULL,NULL,NULL,NULL,'2018-01-18 16:33:04.519000',NULL,'NRM-CGI-002001',NULL,NULL,NULL,NULL,NULL,NULL,NULL,NULL,NULL,NULL,'4025810016',NULL,'A',NULL,1,NULL,NULL,NULL,97),(91,NULL,NULL,NULL,NULL,NULL,NULL,NULL,'2018-01-18 16:33:04.698000',NULL,'NRM-CGI-001993',NULL,NULL,NULL,NULL,NULL,NULL,NULL,NULL,NULL,NULL,'4025810017',NULL,'A',NULL,1,NULL,NULL,NULL,98),(92,NULL,NULL,NULL,NULL,NULL,NULL,NULL,'2018-01-18 16:33:04.833000',NULL,'NRM-CGI-002743',NULL,NULL,NULL,NULL,NULL,NULL,NULL,NULL,NULL,NULL,'4025810018',NULL,'A',NULL,1,NULL,NULL,NULL,99),(93,NULL,NULL,NULL,NULL,NULL,NULL,NULL,'2018-01-18 16:33:04.968000',NULL,'NRM-CGI-002741',NULL,NULL,NULL,NULL,NULL,NULL,NULL,NULL,NULL,NULL,'4025810019',NULL,'A',NULL,1,NULL,NULL,NULL,100),(94,NULL,NULL,NULL,NULL,NULL,NULL,NULL,'2018-01-18 16:33:05.101000',NULL,'NRM-CGI-002746',NULL,NULL,NULL,NULL,NULL,NULL,NULL,NULL,NULL,NULL,'4025810020',NULL,'A',NULL,1,NULL,NULL,NULL,101),(95,NULL,NULL,NULL,NULL,NULL,NULL,NULL,'2018-01-18 16:33:05.235000',NULL,'NRM-CGI-002747',NULL,NULL,NULL,NULL,NULL,NULL,NULL,NULL,NULL,NULL,'4025810021',NULL,'A',NULL,1,NULL,NULL,NULL,102),(96,NULL,NULL,NULL,NULL,NULL,NULL,NULL,'2018-01-18 16:33:05.377000',NULL,'NRM-CGI-002750',NULL,NULL,NULL,NULL,NULL,NULL,NULL,NULL,NULL,NULL,'4025810022',NULL,'A',NULL,1,NULL,NULL,NULL,103),(97,NULL,NULL,NULL,NULL,NULL,NULL,NULL,'2018-01-18 16:33:05.512000',NULL,'NRM-CGI-002740',NULL,NULL,NULL,NULL,NULL,NULL,NULL,NULL,NULL,NULL,'4025810023',NULL,'A',NULL,1,NULL,NULL,NULL,104),(98,NULL,NULL,NULL,NULL,NULL,NULL,NULL,'2018-01-18 16:33:05.649000',NULL,'NRM-CGI-002744',NULL,NULL,NULL,NULL,NULL,NULL,NULL,NULL,NULL,NULL,'4025810024',NULL,'A',NULL,1,NULL,NULL,NULL,105),(99,NULL,NULL,NULL,NULL,NULL,NULL,NULL,'2018-01-18 16:33:05.788000',NULL,'NRM-CGI-002748',NULL,NULL,NULL,NULL,NULL,NULL,NULL,NULL,NULL,NULL,'4025810025',NULL,'A',NULL,1,NULL,NULL,NULL,106),(100,NULL,NULL,NULL,NULL,NULL,NULL,NULL,'2018-01-18 16:33:05.927000',NULL,'NRM-CGI-002749',NULL,NULL,NULL,NULL,NULL,NULL,NULL,NULL,NULL,NULL,'4025810026',NULL,'A',NULL,1,NULL,NULL,NULL,107),(101,NULL,NULL,NULL,NULL,NULL,NULL,NULL,'2018-01-18 16:33:06.068000',NULL,'NRM-CGI-002745',NULL,NULL,NULL,NULL,NULL,NULL,NULL,NULL,NULL,NULL,'4025810027',NULL,'A',NULL,1,NULL,NULL,NULL,108),(102,NULL,NULL,NULL,NULL,NULL,NULL,NULL,'2018-01-18 16:33:06.209000',NULL,'NRM-CGI-002742',NULL,NULL,NULL,NULL,NULL,NULL,NULL,NULL,NULL,NULL,'4025810028',NULL,'A',NULL,1,NULL,NULL,NULL,109),(103,NULL,NULL,NULL,NULL,NULL,NULL,NULL,'2018-01-18 16:33:06.351000',NULL,'NRM-CGI-005248',NULL,NULL,NULL,NULL,NULL,NULL,NULL,NULL,NULL,NULL,'4025810029',NULL,'A',NULL,1,NULL,NULL,NULL,110);
/*!40000 ALTER TABLE `Samples` ENABLE KEYS */;
UNLOCK TABLES;

--
-- Table structure for table `Samples_AUD`
--

DROP TABLE IF EXISTS `Samples_AUD`;
/*!40101 SET @saved_cs_client     = @@character_set_client */;
/*!40101 SET character_set_client = utf8 */;
CREATE TABLE `Samples_AUD` (
  `SampleID` int(11) NOT NULL,
  `REV` int(11) NOT NULL,
  `REVTYPE` tinyint(4) DEFAULT NULL,
  `Date` date DEFAULT NULL,
  `DnaConcentration` varchar(50) DEFAULT NULL,
  `DnaConcentrationNotes` varchar(200) DEFAULT NULL,
  `DnaConcentrationPerStartMaterial` varchar(50) DEFAULT NULL,
  `DnaNotes` longtext,
  `Experimenter` varchar(50) DEFAULT NULL,
  `ExtractionBatch` varchar(100) DEFAULT NULL,
  `LysisBufferVolume` double DEFAULT NULL,
  `Name` varchar(50) DEFAULT NULL,
  `Notes` longtext,
  `NuclAcidExt` varchar(50) DEFAULT NULL,
  `PelletSize` double DEFAULT NULL,
  `ProteinaseKVolume` double DEFAULT NULL,
  `QuantificationMethod` varchar(100) DEFAULT NULL,
  `QubitDNAConcentration` double DEFAULT NULL,
  `Ratio260_230` double DEFAULT NULL,
  `Ratio260_280` double DEFAULT NULL,
  `Source` varchar(200) DEFAULT NULL,
  `Treatment` longtext,
  `TubeId` varchar(50) DEFAULT NULL,
  `UnusableDna` bit(1) DEFAULT NULL,
  `Version` varchar(50) DEFAULT '',
  `VersionDescription` varchar(512) DEFAULT NULL,
  `GroupID` int(11) DEFAULT NULL,
  `ProductID` int(11) DEFAULT NULL,
  `MixedSpecimenID` int(11) DEFAULT NULL,
  `ProtocolID` int(11) DEFAULT NULL,
  `SpecimenID` int(11) DEFAULT NULL,
  PRIMARY KEY (`SampleID`,`REV`),
  KEY `FK_nokubna3i7h503rat5xynpm84` (`REV`),
  CONSTRAINT `FK_nokubna3i7h503rat5xynpm84` FOREIGN KEY (`REV`) REFERENCES `Revision` (`id`)
) ENGINE=InnoDB DEFAULT CHARSET=latin1;
/*!40101 SET character_set_client = @saved_cs_client */;

--
-- Dumping data for table `Samples_AUD`
--

LOCK TABLES `Samples_AUD` WRITE;
/*!40000 ALTER TABLE `Samples_AUD` DISABLE KEYS */;
INSERT INTO `Samples_AUD` VALUES (8,6,0,NULL,NULL,NULL,NULL,NULL,NULL,NULL,NULL,'NRM-CGI-002610',NULL,NULL,NULL,NULL,NULL,NULL,NULL,NULL,NULL,NULL,'4025809934',NULL,'A',NULL,1,NULL,NULL,NULL,15),(9,6,0,NULL,NULL,NULL,NULL,NULL,NULL,NULL,NULL,'NRM-CGI-002609',NULL,NULL,NULL,NULL,NULL,NULL,NULL,NULL,NULL,NULL,'4025809935',NULL,'A',NULL,1,NULL,NULL,NULL,16),(10,6,0,NULL,NULL,NULL,NULL,NULL,NULL,NULL,NULL,'NRM-CGI-002611',NULL,NULL,NULL,NULL,NULL,NULL,NULL,NULL,NULL,NULL,'4025809936',NULL,'A',NULL,1,NULL,NULL,NULL,17),(11,6,0,NULL,NULL,NULL,NULL,NULL,NULL,NULL,NULL,'NRM-CGI-002612',NULL,NULL,NULL,NULL,NULL,NULL,NULL,NULL,NULL,NULL,'4025809937',NULL,'A',NULL,1,NULL,NULL,NULL,18),(12,6,0,NULL,NULL,NULL,NULL,NULL,NULL,NULL,NULL,'NRM-CGI-002023',NULL,NULL,NULL,NULL,NULL,NULL,NULL,NULL,NULL,NULL,'4025809938',NULL,'A',NULL,1,NULL,NULL,NULL,19),(13,6,0,NULL,NULL,NULL,NULL,NULL,NULL,NULL,NULL,'NRM-CGI-002024',NULL,NULL,NULL,NULL,NULL,NULL,NULL,NULL,NULL,NULL,'4025809939',NULL,'A',NULL,1,NULL,NULL,NULL,20),(14,6,0,NULL,NULL,NULL,NULL,NULL,NULL,NULL,NULL,'NRM-CGI-004725',NULL,NULL,NULL,NULL,NULL,NULL,NULL,NULL,NULL,NULL,'4025809940',NULL,'A',NULL,1,NULL,NULL,NULL,21),(15,6,0,NULL,NULL,NULL,NULL,NULL,NULL,NULL,NULL,'NRM-CGI-004732',NULL,NULL,NULL,NULL,NULL,NULL,NULL,NULL,NULL,NULL,'4025809941',NULL,'A',NULL,1,NULL,NULL,NULL,22),(16,6,0,NULL,NULL,NULL,NULL,NULL,NULL,NULL,NULL,'NRM-CGI-004723',NULL,NULL,NULL,NULL,NULL,NULL,NULL,NULL,NULL,NULL,'4025809942',NULL,'A',NULL,1,NULL,NULL,NULL,23),(17,6,0,NULL,NULL,NULL,NULL,NULL,NULL,NULL,NULL,'NRM-CGI-004728',NULL,NULL,NULL,NULL,NULL,NULL,NULL,NULL,NULL,NULL,'4025809943',NULL,'A',NULL,1,NULL,NULL,NULL,24),(18,6,0,NULL,NULL,NULL,NULL,NULL,NULL,NULL,NULL,'NRM-CGI-004726',NULL,NULL,NULL,NULL,NULL,NULL,NULL,NULL,NULL,NULL,'4025809944',NULL,'A',NULL,1,NULL,NULL,NULL,25),(19,6,0,NULL,NULL,NULL,NULL,NULL,NULL,NULL,NULL,'NRM-CGI-004730',NULL,NULL,NULL,NULL,NULL,NULL,NULL,NULL,NULL,NULL,'4025809945',NULL,'A',NULL,1,NULL,NULL,NULL,26),(20,6,0,NULL,NULL,NULL,NULL,NULL,NULL,NULL,NULL,'NRM-CGI-004733',NULL,NULL,NULL,NULL,NULL,NULL,NULL,NULL,NULL,NULL,'4025809946',NULL,'A',NULL,1,NULL,NULL,NULL,27),(21,6,0,NULL,NULL,NULL,NULL,NULL,NULL,NULL,NULL,'NRM-CGI-004727',NULL,NULL,NULL,NULL,NULL,NULL,NULL,NULL,NULL,NULL,'4025809947',NULL,'A',NULL,1,NULL,NULL,NULL,28),(22,6,0,NULL,NULL,NULL,NULL,NULL,NULL,NULL,NULL,'NRM-CGI-004731',NULL,NULL,NULL,NULL,NULL,NULL,NULL,NULL,NULL,NULL,'4025809948',NULL,'A',NULL,1,NULL,NULL,NULL,29),(23,6,0,NULL,NULL,NULL,NULL,NULL,NULL,NULL,NULL,'NRM-CGI-004724',NULL,NULL,NULL,NULL,NULL,NULL,NULL,NULL,NULL,NULL,'4025809949',NULL,'A',NULL,1,NULL,NULL,NULL,30),(24,6,0,NULL,NULL,NULL,NULL,NULL,NULL,NULL,NULL,'NRM-CGI-004729',NULL,NULL,NULL,NULL,NULL,NULL,NULL,NULL,NULL,NULL,'4025809950',NULL,'A',NULL,1,NULL,NULL,NULL,31),(25,6,0,NULL,NULL,NULL,NULL,NULL,NULL,NULL,NULL,'NRM-CGI-003586',NULL,NULL,NULL,NULL,NULL,NULL,NULL,NULL,NULL,NULL,'4025809951',NULL,'A',NULL,1,NULL,NULL,NULL,32),(26,6,0,NULL,NULL,NULL,NULL,NULL,NULL,NULL,NULL,'NRM-CGI-003585',NULL,NULL,NULL,NULL,NULL,NULL,NULL,NULL,NULL,NULL,'4025809952',NULL,'A',NULL,1,NULL,NULL,NULL,33),(27,6,0,NULL,NULL,NULL,NULL,NULL,NULL,NULL,NULL,'NRM-CGI-002455',NULL,NULL,NULL,NULL,NULL,NULL,NULL,NULL,NULL,NULL,'4025809953',NULL,'A',NULL,1,NULL,NULL,NULL,34),(28,6,0,NULL,NULL,NULL,NULL,NULL,NULL,NULL,NULL,'NRM-CGI-002453',NULL,NULL,NULL,NULL,NULL,NULL,NULL,NULL,NULL,NULL,'4025809954',NULL,'A',NULL,1,NULL,NULL,NULL,35),(29,6,0,NULL,NULL,NULL,NULL,NULL,NULL,NULL,NULL,'NRM-CGI-002452',NULL,NULL,NULL,NULL,NULL,NULL,NULL,NULL,NULL,NULL,'4025809955',NULL,'A',NULL,1,NULL,NULL,NULL,36),(30,6,0,NULL,NULL,NULL,NULL,NULL,NULL,NULL,NULL,'NRM-CGI-002454',NULL,NULL,NULL,NULL,NULL,NULL,NULL,NULL,NULL,NULL,'4025809956',NULL,'A',NULL,1,NULL,NULL,NULL,37),(31,6,0,NULL,NULL,NULL,NULL,NULL,NULL,NULL,NULL,'NRM-CGI-004141',NULL,NULL,NULL,NULL,NULL,NULL,NULL,NULL,NULL,NULL,'4025809957',NULL,'A',NULL,1,NULL,NULL,NULL,38),(32,6,0,NULL,NULL,NULL,NULL,NULL,NULL,NULL,NULL,'NRM-CGI-004140',NULL,NULL,NULL,NULL,NULL,NULL,NULL,NULL,NULL,NULL,'4025809958',NULL,'A',NULL,1,NULL,NULL,NULL,39),(33,6,0,NULL,NULL,NULL,NULL,NULL,NULL,NULL,NULL,'NRM-CGI-001998',NULL,NULL,NULL,NULL,NULL,NULL,NULL,NULL,NULL,NULL,'4025809959',NULL,'A',NULL,1,NULL,NULL,NULL,40),(34,6,0,NULL,NULL,NULL,NULL,NULL,NULL,NULL,NULL,'NRM-CGI-006064',NULL,NULL,NULL,NULL,NULL,NULL,NULL,NULL,NULL,NULL,'4025809960',NULL,'A',NULL,1,NULL,NULL,NULL,41),(35,6,0,NULL,NULL,NULL,NULL,NULL,NULL,NULL,NULL,'NRM-CGI-006065',NULL,NULL,NULL,NULL,NULL,NULL,NULL,NULL,NULL,NULL,'4025809961',NULL,'A',NULL,1,NULL,NULL,NULL,42),(36,6,0,NULL,NULL,NULL,NULL,NULL,NULL,NULL,NULL,'NRM-CGI-006069',NULL,NULL,NULL,NULL,NULL,NULL,NULL,NULL,NULL,NULL,'4025809962',NULL,'A',NULL,1,NULL,NULL,NULL,43),(37,6,0,NULL,NULL,NULL,NULL,NULL,NULL,NULL,NULL,'NRM-CGI-006070',NULL,NULL,NULL,NULL,NULL,NULL,NULL,NULL,NULL,NULL,'4025809963',NULL,'A',NULL,1,NULL,NULL,NULL,44),(38,6,0,NULL,NULL,NULL,NULL,NULL,NULL,NULL,NULL,'NRM-CGI-006067',NULL,NULL,NULL,NULL,NULL,NULL,NULL,NULL,NULL,NULL,'4025809964',NULL,'A',NULL,1,NULL,NULL,NULL,45),(39,6,0,NULL,NULL,NULL,NULL,NULL,NULL,NULL,NULL,'NRM-CGI-006063',NULL,NULL,NULL,NULL,NULL,NULL,NULL,NULL,NULL,NULL,'4025809965',NULL,'A',NULL,1,NULL,NULL,NULL,46),(40,6,0,NULL,NULL,NULL,NULL,NULL,NULL,NULL,NULL,'NRM-CGI-006061',NULL,NULL,NULL,NULL,NULL,NULL,NULL,NULL,NULL,NULL,'4025809966',NULL,'A',NULL,1,NULL,NULL,NULL,47),(41,6,0,NULL,NULL,NULL,NULL,NULL,NULL,NULL,NULL,'NRM-CGI-006062',NULL,NULL,NULL,NULL,NULL,NULL,NULL,NULL,NULL,NULL,'4025809967',NULL,'A',NULL,1,NULL,NULL,NULL,48),(42,6,0,NULL,NULL,NULL,NULL,NULL,NULL,NULL,NULL,'NRM-CGI-006066',NULL,NULL,NULL,NULL,NULL,NULL,NULL,NULL,NULL,NULL,'4025809968',NULL,'A',NULL,1,NULL,NULL,NULL,49),(43,6,0,NULL,NULL,NULL,NULL,NULL,NULL,NULL,NULL,'NRM-CGI-006068',NULL,NULL,NULL,NULL,NULL,NULL,NULL,NULL,NULL,NULL,'4025809969',NULL,'A',NULL,1,NULL,NULL,NULL,50),(44,6,0,NULL,NULL,NULL,NULL,NULL,NULL,NULL,NULL,'NRM-CGI-005691',NULL,NULL,NULL,NULL,NULL,NULL,NULL,NULL,NULL,NULL,'4025809970',NULL,'A',NULL,1,NULL,NULL,NULL,51),(45,6,0,NULL,NULL,NULL,NULL,NULL,NULL,NULL,NULL,'NRM-CGI-005693',NULL,NULL,NULL,NULL,NULL,NULL,NULL,NULL,NULL,NULL,'4025809971',NULL,'A',NULL,1,NULL,NULL,NULL,52),(46,6,0,NULL,NULL,NULL,NULL,NULL,NULL,NULL,NULL,'NRM-CGI-005692',NULL,NULL,NULL,NULL,NULL,NULL,NULL,NULL,NULL,NULL,'4025809972',NULL,'A',NULL,1,NULL,NULL,NULL,53),(47,6,0,NULL,NULL,NULL,NULL,NULL,NULL,NULL,NULL,'NRM-CGI-005695',NULL,NULL,NULL,NULL,NULL,NULL,NULL,NULL,NULL,NULL,'4025809973',NULL,'A',NULL,1,NULL,NULL,NULL,54),(48,6,0,NULL,NULL,NULL,NULL,NULL,NULL,NULL,NULL,'NRM-CGI-005694',NULL,NULL,NULL,NULL,NULL,NULL,NULL,NULL,NULL,NULL,'4025809974',NULL,'A',NULL,1,NULL,NULL,NULL,55),(49,6,0,NULL,NULL,NULL,NULL,NULL,NULL,NULL,NULL,'NRM-CGI-004503',NULL,NULL,NULL,NULL,NULL,NULL,NULL,NULL,NULL,NULL,'4025809975',NULL,'A',NULL,1,NULL,NULL,NULL,56),(50,6,0,NULL,NULL,NULL,NULL,NULL,NULL,NULL,NULL,'NRM-CGI-004502',NULL,NULL,NULL,NULL,NULL,NULL,NULL,NULL,NULL,NULL,'4025809976',NULL,'A',NULL,1,NULL,NULL,NULL,57),(51,6,0,NULL,NULL,NULL,NULL,NULL,NULL,NULL,NULL,'NRM-CGI-002988',NULL,NULL,NULL,NULL,NULL,NULL,NULL,NULL,NULL,NULL,'4025809977',NULL,'A',NULL,1,NULL,NULL,NULL,58),(52,6,0,NULL,NULL,NULL,NULL,NULL,NULL,NULL,NULL,'NRM-CGI-002989',NULL,NULL,NULL,NULL,NULL,NULL,NULL,NULL,NULL,NULL,'4025809978',NULL,'A',NULL,1,NULL,NULL,NULL,59),(53,6,0,NULL,NULL,NULL,NULL,NULL,NULL,NULL,NULL,'NRM-CGI-002990',NULL,NULL,NULL,NULL,NULL,NULL,NULL,NULL,NULL,NULL,'4025809979',NULL,'A',NULL,1,NULL,NULL,NULL,60),(54,6,0,NULL,NULL,NULL,NULL,NULL,NULL,NULL,NULL,'NRM-CGI-002991',NULL,NULL,NULL,NULL,NULL,NULL,NULL,NULL,NULL,NULL,'4025809980',NULL,'A',NULL,1,NULL,NULL,NULL,61),(55,6,0,NULL,NULL,NULL,NULL,NULL,NULL,NULL,NULL,'NRM-CGI-003264',NULL,NULL,NULL,NULL,NULL,NULL,NULL,NULL,NULL,NULL,'4025809981',NULL,'A',NULL,1,NULL,NULL,NULL,62),(56,6,0,NULL,NULL,NULL,NULL,NULL,NULL,NULL,NULL,'NRM-CGI-003268',NULL,NULL,NULL,NULL,NULL,NULL,NULL,NULL,NULL,NULL,'4025809982',NULL,'A',NULL,1,NULL,NULL,NULL,63),(57,6,0,NULL,NULL,NULL,NULL,NULL,NULL,NULL,NULL,'NRM-CGI-003267',NULL,NULL,NULL,NULL,NULL,NULL,NULL,NULL,NULL,NULL,'4025809983',NULL,'A',NULL,1,NULL,NULL,NULL,64),(58,6,0,NULL,NULL,NULL,NULL,NULL,NULL,NULL,NULL,'NRM-CGI-003265',NULL,NULL,NULL,NULL,NULL,NULL,NULL,NULL,NULL,NULL,'4025809984',NULL,'A',NULL,1,NULL,NULL,NULL,65),(59,6,0,NULL,NULL,NULL,NULL,NULL,NULL,NULL,NULL,'NRM-CGI-003266',NULL,NULL,NULL,NULL,NULL,NULL,NULL,NULL,NULL,NULL,'4025809985',NULL,'A',NULL,1,NULL,NULL,NULL,66),(60,6,0,NULL,NULL,NULL,NULL,NULL,NULL,NULL,NULL,'NRM-CGI-002543',NULL,NULL,NULL,NULL,NULL,NULL,NULL,NULL,NULL,NULL,'4025809986',NULL,'A',NULL,1,NULL,NULL,NULL,67),(61,6,0,NULL,NULL,NULL,NULL,NULL,NULL,NULL,NULL,'NRM-CGI-002544',NULL,NULL,NULL,NULL,NULL,NULL,NULL,NULL,NULL,NULL,'4025809987',NULL,'A',NULL,1,NULL,NULL,NULL,68),(62,6,0,NULL,NULL,NULL,NULL,NULL,NULL,NULL,NULL,'NRM-CGI-002541',NULL,NULL,NULL,NULL,NULL,NULL,NULL,NULL,NULL,NULL,'4025809988',NULL,'A',NULL,1,NULL,NULL,NULL,69),(63,6,0,NULL,NULL,NULL,NULL,NULL,NULL,NULL,NULL,'NRM-CGI-002542',NULL,NULL,NULL,NULL,NULL,NULL,NULL,NULL,NULL,NULL,'4025809989',NULL,'A',NULL,1,NULL,NULL,NULL,70),(64,6,0,NULL,NULL,NULL,NULL,NULL,NULL,NULL,NULL,'NRM-CGI-003433',NULL,NULL,NULL,NULL,NULL,NULL,NULL,NULL,NULL,NULL,'4025809990',NULL,'A',NULL,1,NULL,NULL,NULL,71),(65,6,0,NULL,NULL,NULL,NULL,NULL,NULL,NULL,NULL,'NRM-CGI-003434',NULL,NULL,NULL,NULL,NULL,NULL,NULL,NULL,NULL,NULL,'4025809991',NULL,'A',NULL,1,NULL,NULL,NULL,72),(66,6,0,NULL,NULL,NULL,NULL,NULL,NULL,NULL,NULL,'NRM-CGI-003431',NULL,NULL,NULL,NULL,NULL,NULL,NULL,NULL,NULL,NULL,'4025809992',NULL,'A',NULL,1,NULL,NULL,NULL,73),(67,6,0,NULL,NULL,NULL,NULL,NULL,NULL,NULL,NULL,'NRM-CGI-003432',NULL,NULL,NULL,NULL,NULL,NULL,NULL,NULL,NULL,NULL,'4025809993',NULL,'A',NULL,1,NULL,NULL,NULL,74),(68,6,0,NULL,NULL,NULL,NULL,NULL,NULL,NULL,NULL,'NRM-CGI-004662',NULL,NULL,NULL,NULL,NULL,NULL,NULL,NULL,NULL,NULL,'4025809994',NULL,'A',NULL,1,NULL,NULL,NULL,75),(69,6,0,NULL,NULL,NULL,NULL,NULL,NULL,NULL,NULL,'NRM-CGI-004660',NULL,NULL,NULL,NULL,NULL,NULL,NULL,NULL,NULL,NULL,'4025809995',NULL,'A',NULL,1,NULL,NULL,NULL,76),(70,6,0,NULL,NULL,NULL,NULL,NULL,NULL,NULL,NULL,'NRM-CGI-004663',NULL,NULL,NULL,NULL,NULL,NULL,NULL,NULL,NULL,NULL,'4025809996',NULL,'A',NULL,1,NULL,NULL,NULL,77),(71,6,0,NULL,NULL,NULL,NULL,NULL,NULL,NULL,NULL,'NRM-CGI-004661',NULL,NULL,NULL,NULL,NULL,NULL,NULL,NULL,NULL,NULL,'4025809997',NULL,'A',NULL,1,NULL,NULL,NULL,78),(72,6,0,NULL,NULL,NULL,NULL,NULL,NULL,NULL,NULL,'NRM-CGI-004664',NULL,NULL,NULL,NULL,NULL,NULL,NULL,NULL,NULL,NULL,'4025809998',NULL,'A',NULL,1,NULL,NULL,NULL,79),(73,6,0,NULL,NULL,NULL,NULL,NULL,NULL,NULL,NULL,'NRM-CGI-002701',NULL,NULL,NULL,NULL,NULL,NULL,NULL,NULL,NULL,NULL,'4025809999',NULL,'A',NULL,1,NULL,NULL,NULL,80),(74,6,0,NULL,NULL,NULL,NULL,NULL,NULL,NULL,NULL,'NRM-CGI-002699',NULL,NULL,NULL,NULL,NULL,NULL,NULL,NULL,NULL,NULL,'4025810000',NULL,'A',NULL,1,NULL,NULL,NULL,81),(75,6,0,NULL,NULL,NULL,NULL,NULL,NULL,NULL,NULL,'NRM-CGI-002700',NULL,NULL,NULL,NULL,NULL,NULL,NULL,NULL,NULL,NULL,'4025810001',NULL,'A',NULL,1,NULL,NULL,NULL,82),(76,6,0,NULL,NULL,NULL,NULL,NULL,NULL,NULL,NULL,'NRM-CGI-002697',NULL,NULL,NULL,NULL,NULL,NULL,NULL,NULL,NULL,NULL,'4025810002',NULL,'A',NULL,1,NULL,NULL,NULL,83),(77,6,0,NULL,NULL,NULL,NULL,NULL,NULL,NULL,NULL,'NRM-CGI-002698',NULL,NULL,NULL,NULL,NULL,NULL,NULL,NULL,NULL,NULL,'4025810003',NULL,'A',NULL,1,NULL,NULL,NULL,84),(78,6,0,NULL,NULL,NULL,NULL,NULL,NULL,NULL,NULL,'NRM-CGI-001995',NULL,NULL,NULL,NULL,NULL,NULL,NULL,NULL,NULL,NULL,'4025810004',NULL,'A',NULL,1,NULL,NULL,NULL,85),(79,6,0,NULL,NULL,NULL,NULL,NULL,NULL,NULL,NULL,'NRM-CGI-003711',NULL,NULL,NULL,NULL,NULL,NULL,NULL,NULL,NULL,NULL,'4025810005',NULL,'A',NULL,1,NULL,NULL,NULL,86),(80,6,0,NULL,NULL,NULL,NULL,NULL,NULL,NULL,NULL,'NRM-CGI-003708',NULL,NULL,NULL,NULL,NULL,NULL,NULL,NULL,NULL,NULL,'4025810006',NULL,'A',NULL,1,NULL,NULL,NULL,87),(81,6,0,NULL,NULL,NULL,NULL,NULL,NULL,NULL,NULL,'NRM-CGI-003709',NULL,NULL,NULL,NULL,NULL,NULL,NULL,NULL,NULL,NULL,'4025810007',NULL,'A',NULL,1,NULL,NULL,NULL,88),(82,6,0,NULL,NULL,NULL,NULL,NULL,NULL,NULL,NULL,'NRM-CGI-003710',NULL,NULL,NULL,NULL,NULL,NULL,NULL,NULL,NULL,NULL,'4025810008',NULL,'A',NULL,1,NULL,NULL,NULL,89),(83,6,0,NULL,NULL,NULL,NULL,NULL,NULL,NULL,NULL,'NRM-CGI-005528',NULL,NULL,NULL,NULL,NULL,NULL,NULL,NULL,NULL,NULL,'4025810009',NULL,'A',NULL,1,NULL,NULL,NULL,90),(84,6,0,NULL,NULL,NULL,NULL,NULL,NULL,NULL,NULL,'NRM-CGI-005526',NULL,NULL,NULL,NULL,NULL,NULL,NULL,NULL,NULL,NULL,'4025810010',NULL,'A',NULL,1,NULL,NULL,NULL,91),(85,6,0,NULL,NULL,NULL,NULL,NULL,NULL,NULL,NULL,'NRM-CGI-005530',NULL,NULL,NULL,NULL,NULL,NULL,NULL,NULL,NULL,NULL,'4025810011',NULL,'A',NULL,1,NULL,NULL,NULL,92),(86,6,0,NULL,NULL,NULL,NULL,NULL,NULL,NULL,NULL,'NRM-CGI-005527',NULL,NULL,NULL,NULL,NULL,NULL,NULL,NULL,NULL,NULL,'4025810012',NULL,'A',NULL,1,NULL,NULL,NULL,93),(87,6,0,NULL,NULL,NULL,NULL,NULL,NULL,NULL,NULL,'NRM-CGI-005529',NULL,NULL,NULL,NULL,NULL,NULL,NULL,NULL,NULL,NULL,'4025810013',NULL,'A',NULL,1,NULL,NULL,NULL,94),(88,6,0,NULL,NULL,NULL,NULL,NULL,NULL,NULL,NULL,'NRM-CGI-002006',NULL,NULL,NULL,NULL,NULL,NULL,NULL,NULL,NULL,NULL,'4025810014',NULL,'A',NULL,1,NULL,NULL,NULL,95),(89,6,0,NULL,NULL,NULL,NULL,NULL,NULL,NULL,NULL,'NRM-CGI-002010',NULL,NULL,NULL,NULL,NULL,NULL,NULL,NULL,NULL,NULL,'4025810015',NULL,'A',NULL,1,NULL,NULL,NULL,96),(90,6,0,NULL,NULL,NULL,NULL,NULL,NULL,NULL,NULL,'NRM-CGI-002001',NULL,NULL,NULL,NULL,NULL,NULL,NULL,NULL,NULL,NULL,'4025810016',NULL,'A',NULL,1,NULL,NULL,NULL,97),(91,6,0,NULL,NULL,NULL,NULL,NULL,NULL,NULL,NULL,'NRM-CGI-001993',NULL,NULL,NULL,NULL,NULL,NULL,NULL,NULL,NULL,NULL,'4025810017',NULL,'A',NULL,1,NULL,NULL,NULL,98),(92,6,0,NULL,NULL,NULL,NULL,NULL,NULL,NULL,NULL,'NRM-CGI-002743',NULL,NULL,NULL,NULL,NULL,NULL,NULL,NULL,NULL,NULL,'4025810018',NULL,'A',NULL,1,NULL,NULL,NULL,99),(93,6,0,NULL,NULL,NULL,NULL,NULL,NULL,NULL,NULL,'NRM-CGI-002741',NULL,NULL,NULL,NULL,NULL,NULL,NULL,NULL,NULL,NULL,'4025810019',NULL,'A',NULL,1,NULL,NULL,NULL,100),(94,6,0,NULL,NULL,NULL,NULL,NULL,NULL,NULL,NULL,'NRM-CGI-002746',NULL,NULL,NULL,NULL,NULL,NULL,NULL,NULL,NULL,NULL,'4025810020',NULL,'A',NULL,1,NULL,NULL,NULL,101),(95,6,0,NULL,NULL,NULL,NULL,NULL,NULL,NULL,NULL,'NRM-CGI-002747',NULL,NULL,NULL,NULL,NULL,NULL,NULL,NULL,NULL,NULL,'4025810021',NULL,'A',NULL,1,NULL,NULL,NULL,102),(96,6,0,NULL,NULL,NULL,NULL,NULL,NULL,NULL,NULL,'NRM-CGI-002750',NULL,NULL,NULL,NULL,NULL,NULL,NULL,NULL,NULL,NULL,'4025810022',NULL,'A',NULL,1,NULL,NULL,NULL,103),(97,6,0,NULL,NULL,NULL,NULL,NULL,NULL,NULL,NULL,'NRM-CGI-002740',NULL,NULL,NULL,NULL,NULL,NULL,NULL,NULL,NULL,NULL,'4025810023',NULL,'A',NULL,1,NULL,NULL,NULL,104),(98,6,0,NULL,NULL,NULL,NULL,NULL,NULL,NULL,NULL,'NRM-CGI-002744',NULL,NULL,NULL,NULL,NULL,NULL,NULL,NULL,NULL,NULL,'4025810024',NULL,'A',NULL,1,NULL,NULL,NULL,105),(99,6,0,NULL,NULL,NULL,NULL,NULL,NULL,NULL,NULL,'NRM-CGI-002748',NULL,NULL,NULL,NULL,NULL,NULL,NULL,NULL,NULL,NULL,'4025810025',NULL,'A',NULL,1,NULL,NULL,NULL,106),(100,6,0,NULL,NULL,NULL,NULL,NULL,NULL,NULL,NULL,'NRM-CGI-002749',NULL,NULL,NULL,NULL,NULL,NULL,NULL,NULL,NULL,NULL,'4025810026',NULL,'A',NULL,1,NULL,NULL,NULL,107),(101,6,0,NULL,NULL,NULL,NULL,NULL,NULL,NULL,NULL,'NRM-CGI-002745',NULL,NULL,NULL,NULL,NULL,NULL,NULL,NULL,NULL,NULL,'4025810027',NULL,'A',NULL,1,NULL,NULL,NULL,108),(102,6,0,NULL,NULL,NULL,NULL,NULL,NULL,NULL,NULL,'NRM-CGI-002742',NULL,NULL,NULL,NULL,NULL,NULL,NULL,NULL,NULL,NULL,'4025810028',NULL,'A',NULL,1,NULL,NULL,NULL,109),(103,6,0,NULL,NULL,NULL,NULL,NULL,NULL,NULL,NULL,'NRM-CGI-005248',NULL,NULL,NULL,NULL,NULL,NULL,NULL,NULL,NULL,NULL,'4025810029',NULL,'A',NULL,1,NULL,NULL,NULL,110);
/*!40000 ALTER TABLE `Samples_AUD` ENABLE KEYS */;
UNLOCK TABLES;

--
-- Table structure for table `SeqBatchs`
--

DROP TABLE IF EXISTS `SeqBatchs`;
/*!40101 SET @saved_cs_client     = @@character_set_client */;
/*!40101 SET character_set_client = utf8 */;
CREATE TABLE `SeqBatchs` (
  `SeqBatchID` int(11) NOT NULL AUTO_INCREMENT,
  `Date` date DEFAULT NULL,
  `Experimenter` varchar(50) DEFAULT NULL,
  `FragmentType` varchar(50) DEFAULT NULL,
  `LastModified` datetime(6) DEFAULT NULL,
  `Name` varchar(50) NOT NULL,
  `Notes` varchar(1024) DEFAULT NULL,
  `Objective` varchar(255) DEFAULT NULL,
  `Reference` varchar(512) DEFAULT NULL,
  `SequenceCount` varchar(50) DEFAULT NULL,
  `Thermocycler` varchar(50) DEFAULT NULL,
  `GroupID` int(11) DEFAULT NULL,
  `PCRProfileID` int(11) DEFAULT NULL,
  `ProtocolID` int(11) DEFAULT NULL,
  `RegionID` int(11) DEFAULT NULL,
  PRIMARY KEY (`SeqBatchID`),
  UNIQUE KEY `UK_7pw7de7lhx3e8i1c68trdv2co` (`Name`,`GroupID`),
  KEY `FK_m81rb3pfdiq14tabkpj3j9jyn` (`GroupID`),
  KEY `FK_sirj0wrt2yk94lvw1mrlw2qc4` (`PCRProfileID`),
  KEY `FK_ehc393q8ngsuhjk6y6juhfs16` (`ProtocolID`),
  KEY `FK_n5tu2s6wqeql3yi5nfnj0g2mb` (`RegionID`),
  CONSTRAINT `FK_ehc393q8ngsuhjk6y6juhfs16` FOREIGN KEY (`ProtocolID`) REFERENCES `Protocols` (`ProtocolID`),
  CONSTRAINT `FK_m81rb3pfdiq14tabkpj3j9jyn` FOREIGN KEY (`GroupID`) REFERENCES `Groups` (`GroupID`),
  CONSTRAINT `FK_n5tu2s6wqeql3yi5nfnj0g2mb` FOREIGN KEY (`RegionID`) REFERENCES `Regions` (`TagID`),
  CONSTRAINT `FK_sirj0wrt2yk94lvw1mrlw2qc4` FOREIGN KEY (`PCRProfileID`) REFERENCES `PcrProfiles` (`PCRProfileID`)
) ENGINE=InnoDB AUTO_INCREMENT=4 DEFAULT CHARSET=latin1;
/*!40101 SET character_set_client = @saved_cs_client */;

--
-- Dumping data for table `SeqBatchs`
--

LOCK TABLES `SeqBatchs` WRITE;
/*!40000 ALTER TABLE `SeqBatchs` DISABLE KEYS */;
INSERT INTO `SeqBatchs` VALUES (1,'2010-01-04','Gregg Robideau',NULL,'2013-03-19 00:00:00.000000','SEQ_GXR_A01','SEQ Batch notes 1','aObjective','aReference','2','aThermocycler',1,1,5,2),(2,'2010-01-04','Tara Rintoul',NULL,'2013-03-19 00:00:00.000000','SEQ_TXR_A01','SEQ Batch notes 2','bObjective','bReference','2','bThermocycler',1,2,5,2),(3,'2010-01-04','Mat Poff',NULL,'2013-03-19 00:00:00.000000','SEQ_MXR_A01','SEQ Batch notes 2','cObjective','cReference','2','cThermocycler',2,2,5,2);
/*!40000 ALTER TABLE `SeqBatchs` ENABLE KEYS */;
UNLOCK TABLES;

--
-- Table structure for table `SeqBatchs_AUD`
--

DROP TABLE IF EXISTS `SeqBatchs_AUD`;
/*!40101 SET @saved_cs_client     = @@character_set_client */;
/*!40101 SET character_set_client = utf8 */;
CREATE TABLE `SeqBatchs_AUD` (
  `SeqBatchID` int(11) NOT NULL,
  `REV` int(11) NOT NULL,
  `REVTYPE` tinyint(4) DEFAULT NULL,
  `Date` date DEFAULT NULL,
  `Experimenter` varchar(50) DEFAULT NULL,
  `FragmentType` varchar(50) DEFAULT NULL,
  `Name` varchar(50) DEFAULT NULL,
  `Notes` varchar(1024) DEFAULT NULL,
  `Objective` varchar(255) DEFAULT NULL,
  `Reference` varchar(512) DEFAULT NULL,
  `SequenceCount` varchar(50) DEFAULT NULL,
  `Thermocycler` varchar(50) DEFAULT NULL,
  `GroupID` int(11) DEFAULT NULL,
  `PCRProfileID` int(11) DEFAULT NULL,
  `ProtocolID` int(11) DEFAULT NULL,
  `RegionID` int(11) DEFAULT NULL,
  PRIMARY KEY (`SeqBatchID`,`REV`),
  KEY `FK_t2eqlq7cjhc7a8jp5ulrypmgc` (`REV`),
  CONSTRAINT `FK_t2eqlq7cjhc7a8jp5ulrypmgc` FOREIGN KEY (`REV`) REFERENCES `Revision` (`id`)
) ENGINE=InnoDB DEFAULT CHARSET=latin1;
/*!40101 SET character_set_client = @saved_cs_client */;

--
-- Dumping data for table `SeqBatchs_AUD`
--

LOCK TABLES `SeqBatchs_AUD` WRITE;
/*!40000 ALTER TABLE `SeqBatchs_AUD` DISABLE KEYS */;
/*!40000 ALTER TABLE `SeqBatchs_AUD` ENABLE KEYS */;
UNLOCK TABLES;

--
-- Table structure for table `SeqMethods`
--

DROP TABLE IF EXISTS `SeqMethods`;
/*!40101 SET @saved_cs_client     = @@character_set_client */;
/*!40101 SET character_set_client = utf8 */;
CREATE TABLE `SeqMethods` (
  `SeqMethodID` int(11) NOT NULL AUTO_INCREMENT,
  `Description` longtext,
  `LastModified` datetime(6) DEFAULT NULL,
  `Name` varchar(50) NOT NULL,
  PRIMARY KEY (`SeqMethodID`),
  UNIQUE KEY `UK_iakoyyeeqmi5ra3o4dyqcb4tl` (`Name`)
) ENGINE=InnoDB DEFAULT CHARSET=latin1;
/*!40101 SET character_set_client = @saved_cs_client */;

--
-- Dumping data for table `SeqMethods`
--

LOCK TABLES `SeqMethods` WRITE;
/*!40000 ALTER TABLE `SeqMethods` DISABLE KEYS */;
/*!40000 ALTER TABLE `SeqMethods` ENABLE KEYS */;
UNLOCK TABLES;

--
-- Table structure for table `SeqProjects`
--

DROP TABLE IF EXISTS `SeqProjects`;
/*!40101 SET @saved_cs_client     = @@character_set_client */;
/*!40101 SET character_set_client = utf8 */;
CREATE TABLE `SeqProjects` (
  `SeqProjectID` int(11) NOT NULL AUTO_INCREMENT,
  `Description` longtext,
  `LastModified` datetime(6) DEFAULT NULL,
  `Name` varchar(50) NOT NULL,
  PRIMARY KEY (`SeqProjectID`)
) ENGINE=InnoDB AUTO_INCREMENT=3 DEFAULT CHARSET=latin1;
/*!40101 SET character_set_client = @saved_cs_client */;

--
-- Dumping data for table `SeqProjects`
--

LOCK TABLES `SeqProjects` WRITE;
/*!40000 ALTER TABLE `SeqProjects` DISABLE KEYS */;
INSERT INTO `SeqProjects` VALUES (1,'test description','2007-04-03 00:00:00.000000','Test Sequence Project'),(2,'testing description 2','2007-04-03 00:00:00.000000','TSeqProject');
/*!40000 ALTER TABLE `SeqProjects` ENABLE KEYS */;
UNLOCK TABLES;

--
-- Table structure for table `SeqProjectsProjects`
--

DROP TABLE IF EXISTS `SeqProjectsProjects`;
/*!40101 SET @saved_cs_client     = @@character_set_client */;
/*!40101 SET character_set_client = utf8 */;
CREATE TABLE `SeqProjectsProjects` (
  `SeqProjectsProjectID` int(11) NOT NULL AUTO_INCREMENT,
  `ProjectID` int(11) DEFAULT NULL,
  `SeqProjectID` int(11) DEFAULT NULL,
  PRIMARY KEY (`SeqProjectsProjectID`),
  KEY `FK_jyuf5lfeq8hhd2g6uwnv002uk` (`ProjectID`),
  KEY `FK_8wcdhmuhu5wu1597flwnaiopr` (`SeqProjectID`),
  CONSTRAINT `FK_8wcdhmuhu5wu1597flwnaiopr` FOREIGN KEY (`SeqProjectID`) REFERENCES `SeqProjects` (`SeqProjectID`),
  CONSTRAINT `FK_jyuf5lfeq8hhd2g6uwnv002uk` FOREIGN KEY (`ProjectID`) REFERENCES `Projects` (`ProjectID`)
) ENGINE=InnoDB AUTO_INCREMENT=2 DEFAULT CHARSET=latin1;
/*!40101 SET character_set_client = @saved_cs_client */;

--
-- Dumping data for table `SeqProjectsProjects`
--

LOCK TABLES `SeqProjectsProjects` WRITE;
/*!40000 ALTER TABLE `SeqProjectsProjects` DISABLE KEYS */;
INSERT INTO `SeqProjectsProjects` VALUES (1,1,1);
/*!40000 ALTER TABLE `SeqProjectsProjects` ENABLE KEYS */;
UNLOCK TABLES;

--
-- Table structure for table `SeqProjectsSequences`
--

DROP TABLE IF EXISTS `SeqProjectsSequences`;
/*!40101 SET @saved_cs_client     = @@character_set_client */;
/*!40101 SET character_set_client = utf8 */;
CREATE TABLE `SeqProjectsSequences` (
  `SeqProjectsSequenceID` int(11) NOT NULL AUTO_INCREMENT,
  `SeqProjectID` int(11) NOT NULL,
  `SequenceID` int(11) NOT NULL,
  PRIMARY KEY (`SeqProjectsSequenceID`),
  KEY `FK_gr1q9bfsft2mpfsc83gyi62s1` (`SeqProjectID`),
  KEY `FK_ohpl1sdb8hm46b8l9g34sd0cf` (`SequenceID`),
  CONSTRAINT `FK_gr1q9bfsft2mpfsc83gyi62s1` FOREIGN KEY (`SeqProjectID`) REFERENCES `SeqProjects` (`SeqProjectID`),
  CONSTRAINT `FK_ohpl1sdb8hm46b8l9g34sd0cf` FOREIGN KEY (`SequenceID`) REFERENCES `Sequences` (`SequenceID`)
) ENGINE=InnoDB AUTO_INCREMENT=4 DEFAULT CHARSET=latin1;
/*!40101 SET character_set_client = @saved_cs_client */;

--
-- Dumping data for table `SeqProjectsSequences`
--

LOCK TABLES `SeqProjectsSequences` WRITE;
/*!40000 ALTER TABLE `SeqProjectsSequences` DISABLE KEYS */;
INSERT INTO `SeqProjectsSequences` VALUES (1,1,1),(2,1,2),(3,2,2);
/*!40000 ALTER TABLE `SeqProjectsSequences` ENABLE KEYS */;
UNLOCK TABLES;

--
-- Table structure for table `SeqReactions`
--

DROP TABLE IF EXISTS `SeqReactions`;
/*!40101 SET @saved_cs_client     = @@character_set_client */;
/*!40101 SET character_set_client = utf8 */;
CREATE TABLE `SeqReactions` (
  `SeqReactionID` int(11) NOT NULL AUTO_INCREMENT,
  `AmpliconSize` varchar(50) DEFAULT NULL,
  `DNAConcentration` varchar(50) DEFAULT NULL,
  `LastModified` datetime(6) DEFAULT NULL,
  `Notes` varchar(1024) DEFAULT NULL,
  `PrimerConcentration` varchar(50) DEFAULT NULL,
  `SeqCode` varchar(255) NOT NULL,
  `WellCoordinates` varchar(255) DEFAULT NULL,
  `GroupID` int(11) DEFAULT NULL,
  `PcrReactionID` int(11) DEFAULT NULL,
  `SeqBatchID` int(11) DEFAULT NULL,
  `SeqPrimerID` int(11) DEFAULT NULL,
  PRIMARY KEY (`SeqReactionID`),
  UNIQUE KEY `UK_9y5yb24tcp3iunfpr4mc68uyv` (`WellCoordinates`,`SeqBatchID`,`GroupID`),
  KEY `FK_7bu545r1h1nac1rqdehvyhhwo` (`GroupID`),
  KEY `FK_orsl48c73rikurwvh0bw0asnn` (`PcrReactionID`),
  KEY `FK_rjc8t80j6yf06x4spmlq53mmi` (`SeqBatchID`),
  KEY `FK_ld8v5qix5ku6tjehe3mg3cgqs` (`SeqPrimerID`),
  CONSTRAINT `FK_7bu545r1h1nac1rqdehvyhhwo` FOREIGN KEY (`GroupID`) REFERENCES `Groups` (`GroupID`),
  CONSTRAINT `FK_ld8v5qix5ku6tjehe3mg3cgqs` FOREIGN KEY (`SeqPrimerID`) REFERENCES `PcrPrimers` (`PCRPrimerID`),
  CONSTRAINT `FK_orsl48c73rikurwvh0bw0asnn` FOREIGN KEY (`PcrReactionID`) REFERENCES `PcrReactions` (`PcrReactionID`),
  CONSTRAINT `FK_rjc8t80j6yf06x4spmlq53mmi` FOREIGN KEY (`SeqBatchID`) REFERENCES `SeqBatchs` (`SeqBatchID`)
) ENGINE=InnoDB AUTO_INCREMENT=6 DEFAULT CHARSET=latin1;
/*!40101 SET character_set_client = @saved_cs_client */;

--
-- Dumping data for table `SeqReactions`
--

LOCK TABLES `SeqReactions` WRITE;
/*!40000 ALTER TABLE `SeqReactions` DISABLE KEYS */;
INSERT INTO `SeqReactions` VALUES (1,'9000','9000','2013-03-19 00:00:00.000000','SEQ Reaction notes 1','9000','AAFC_KAS_GR_001_KAS1A_ITS1','A1',1,1,1,2),(2,'9000','9000','2013-03-19 00:00:00.000000','SEQ Reaction notes 2','9000','AAFC_KAS_GR_001_KAS1A_ITS2','A2',1,1,1,2),(3,'9000','9000','2013-03-19 00:00:00.000000','SEQ Reaction notes 2','9000','CL_SB_A01_1_SEQ_KAS1A_ITS_ITS1','A1',1,1,2,1),(4,'9000','9000','2013-03-19 00:00:00.000000','SEQ Reaction notes 2','9000','CL_SB_A01_2_SEQ_KAS1A_ITS_ITS2','A2',1,1,2,2),(5,'9000','9000','2013-03-19 00:00:00.000000','User Group SEQ Reaction notes','9000','UserGroupSeqReaction','A1',2,1,2,2);
/*!40000 ALTER TABLE `SeqReactions` ENABLE KEYS */;
UNLOCK TABLES;

--
-- Table structure for table `SeqReactions_AUD`
--

DROP TABLE IF EXISTS `SeqReactions_AUD`;
/*!40101 SET @saved_cs_client     = @@character_set_client */;
/*!40101 SET character_set_client = utf8 */;
CREATE TABLE `SeqReactions_AUD` (
  `SeqReactionID` int(11) NOT NULL,
  `REV` int(11) NOT NULL,
  `REVTYPE` tinyint(4) DEFAULT NULL,
  `AmpliconSize` varchar(50) DEFAULT NULL,
  `DNAConcentration` varchar(50) DEFAULT NULL,
  `Notes` varchar(1024) DEFAULT NULL,
  `PrimerConcentration` varchar(50) DEFAULT NULL,
  `SeqCode` varchar(255) DEFAULT NULL,
  `WellCoordinates` varchar(255) DEFAULT NULL,
  `GroupID` int(11) DEFAULT NULL,
  `PcrReactionID` int(11) DEFAULT NULL,
  `SeqBatchID` int(11) DEFAULT NULL,
  `SeqPrimerID` int(11) DEFAULT NULL,
  PRIMARY KEY (`SeqReactionID`,`REV`),
  KEY `FK_97cbm6ka2tewfdj53avcpek7m` (`REV`),
  CONSTRAINT `FK_97cbm6ka2tewfdj53avcpek7m` FOREIGN KEY (`REV`) REFERENCES `Revision` (`id`)
) ENGINE=InnoDB DEFAULT CHARSET=latin1;
/*!40101 SET character_set_client = @saved_cs_client */;

--
-- Dumping data for table `SeqReactions_AUD`
--

LOCK TABLES `SeqReactions_AUD` WRITE;
/*!40000 ALTER TABLE `SeqReactions_AUD` DISABLE KEYS */;
/*!40000 ALTER TABLE `SeqReactions_AUD` ENABLE KEYS */;
UNLOCK TABLES;

--
-- Table structure for table `SeqSources`
--

DROP TABLE IF EXISTS `SeqSources`;
/*!40101 SET @saved_cs_client     = @@character_set_client */;
/*!40101 SET character_set_client = utf8 */;
CREATE TABLE `SeqSources` (
  `SequenceID` int(11) NOT NULL,
  `BiologicalCollectionID` int(11) DEFAULT NULL,
  `ClusterConsID` int(11) DEFAULT NULL,
  `ClusterSeqID` int(11) DEFAULT NULL,
  `CollectionInfoID` int(11) DEFAULT NULL,
  `GroupID` int(11) DEFAULT NULL,
  `IdentificationID` int(11) DEFAULT NULL,
  `MidID` int(11) DEFAULT NULL,
  `MixedSpecimenID` int(11) DEFAULT NULL,
  `PcrBatchID` int(11) DEFAULT NULL,
  `PcrReactionID` int(11) DEFAULT NULL,
  `PrimerForwardID` int(11) DEFAULT NULL,
  `PrimerReverseID` int(11) DEFAULT NULL,
  `SampleID` int(11) DEFAULT NULL,
  `SeqBatchID` int(11) DEFAULT NULL,
  `SeqReactionID` int(11) DEFAULT NULL,
  `SpecimenID` int(11) DEFAULT NULL,
  `TaxonID` int(11) DEFAULT NULL,
  PRIMARY KEY (`SequenceID`),
  KEY `FK_841om21hek51soq7fc05fgvij` (`BiologicalCollectionID`),
  KEY `FK_qi2p2jj9tvuiyxgns6e7s7s7p` (`ClusterConsID`),
  KEY `FK_lomh51bwssbvqxf99lccbl1o9` (`ClusterSeqID`),
  KEY `FK_fe5snpi3d9mdpo5jh6vvbu5m7` (`CollectionInfoID`),
  KEY `FK_4t7cg90s9ltmig4lkj5onx4qb` (`GroupID`),
  KEY `FK_qjhdmqlauh995txjxbyqlvt0p` (`IdentificationID`),
  KEY `FK_dvb2lxtiyhu9q1l9r9mdpnadw` (`MidID`),
  KEY `FK_5ehbgji2j0gjaihyvdrk3yp6o` (`MixedSpecimenID`),
  KEY `FK_an50pyveilyolmvmt3dms960t` (`PcrBatchID`),
  KEY `FK_6a987nbi5u3n7ak73yy9dntnq` (`PcrReactionID`),
  KEY `FK_ojv4mufjy28wjte762tthjlsa` (`PrimerForwardID`),
  KEY `FK_2pb4jtciyg4rdbffl5l5bmktd` (`PrimerReverseID`),
  KEY `FK_3080at25w8nm4v0d9yweie2ms` (`SampleID`),
  KEY `FK_m9ly95txnk442e90at8oe0qh3` (`SeqBatchID`),
  KEY `FK_1xl6pvmp5w185eq4b0aal9mft` (`SeqReactionID`),
  KEY `FK_8k21fscowx43bsg9stcjm6lne` (`SpecimenID`),
  KEY `FK_a4kc877d1qdvhe6ickb5t5t8y` (`TaxonID`),
  CONSTRAINT `FK_1xl6pvmp5w185eq4b0aal9mft` FOREIGN KEY (`SeqReactionID`) REFERENCES `SeqReactions` (`SeqReactionID`),
  CONSTRAINT `FK_2pb4jtciyg4rdbffl5l5bmktd` FOREIGN KEY (`PrimerReverseID`) REFERENCES `PcrPrimers` (`PCRPrimerID`),
  CONSTRAINT `FK_3080at25w8nm4v0d9yweie2ms` FOREIGN KEY (`SampleID`) REFERENCES `Samples` (`SampleID`),
  CONSTRAINT `FK_4t7cg90s9ltmig4lkj5onx4qb` FOREIGN KEY (`GroupID`) REFERENCES `Groups` (`GroupID`),
  CONSTRAINT `FK_5ehbgji2j0gjaihyvdrk3yp6o` FOREIGN KEY (`MixedSpecimenID`) REFERENCES `MixedSpecimens` (`MixedSpecimenID`),
  CONSTRAINT `FK_6a987nbi5u3n7ak73yy9dntnq` FOREIGN KEY (`PcrReactionID`) REFERENCES `PcrReactions` (`PcrReactionID`),
  CONSTRAINT `FK_841om21hek51soq7fc05fgvij` FOREIGN KEY (`BiologicalCollectionID`) REFERENCES `BiologicalCollections` (`BiologicalCollectionID`),
  CONSTRAINT `FK_8k21fscowx43bsg9stcjm6lne` FOREIGN KEY (`SpecimenID`) REFERENCES `Specimens` (`SpecimenID`),
  CONSTRAINT `FK_a4kc877d1qdvhe6ickb5t5t8y` FOREIGN KEY (`TaxonID`) REFERENCES `Taxa` (`TaxonID`),
  CONSTRAINT `FK_an50pyveilyolmvmt3dms960t` FOREIGN KEY (`PcrBatchID`) REFERENCES `PcrBatchs` (`PCRBatchID`),
  CONSTRAINT `FK_dvb2lxtiyhu9q1l9r9mdpnadw` FOREIGN KEY (`MidID`) REFERENCES `PcrPrimers` (`PCRPrimerID`),
  CONSTRAINT `FK_fe5snpi3d9mdpo5jh6vvbu5m7` FOREIGN KEY (`CollectionInfoID`) REFERENCES `CollectionInfos` (`CollectionInfoID`),
  CONSTRAINT `FK_lomh51bwssbvqxf99lccbl1o9` FOREIGN KEY (`ClusterSeqID`) REFERENCES `ClusterSeqs` (`ClusterSeqID`),
  CONSTRAINT `FK_m9ly95txnk442e90at8oe0qh3` FOREIGN KEY (`SeqBatchID`) REFERENCES `SeqBatchs` (`SeqBatchID`),
  CONSTRAINT `FK_ojv4mufjy28wjte762tthjlsa` FOREIGN KEY (`PrimerForwardID`) REFERENCES `PcrPrimers` (`PCRPrimerID`),
  CONSTRAINT `FK_qi2p2jj9tvuiyxgns6e7s7s7p` FOREIGN KEY (`ClusterConsID`) REFERENCES `ClusterCons` (`ClusterConsID`),
  CONSTRAINT `FK_qjhdmqlauh995txjxbyqlvt0p` FOREIGN KEY (`IdentificationID`) REFERENCES `Identifications` (`IdentificationID`)
) ENGINE=InnoDB DEFAULT CHARSET=latin1;
/*!40101 SET character_set_client = @saved_cs_client */;

--
-- Dumping data for table `SeqSources`
--

LOCK TABLES `SeqSources` WRITE;
/*!40000 ALTER TABLE `SeqSources` DISABLE KEYS */;
INSERT INTO `SeqSources` VALUES (1,1,NULL,NULL,7,NULL,100,1,1,1,1,1,2,1,1,NULL,1,NULL),(2,1,NULL,NULL,6,NULL,NULL,2,2,2,2,3,4,2,1,NULL,2,NULL),(3,1,3,NULL,7,NULL,NULL,1,1,1,1,1,2,1,1,NULL,1,NULL),(4,1,4,NULL,6,NULL,NULL,2,2,2,2,3,4,2,1,NULL,2,NULL);
/*!40000 ALTER TABLE `SeqSources` ENABLE KEYS */;
UNLOCK TABLES;

--
-- Table structure for table `SeqSources_AUD`
--

DROP TABLE IF EXISTS `SeqSources_AUD`;
/*!40101 SET @saved_cs_client     = @@character_set_client */;
/*!40101 SET character_set_client = utf8 */;
CREATE TABLE `SeqSources_AUD` (
  `SequenceID` int(11) NOT NULL,
  `REV` int(11) NOT NULL,
  `REVTYPE` tinyint(4) DEFAULT NULL,
  `BiologicalCollectionID` int(11) DEFAULT NULL,
  `ClusterConsID` int(11) DEFAULT NULL,
  `ClusterSeqID` int(11) DEFAULT NULL,
  `CollectionInfoID` int(11) DEFAULT NULL,
  `GroupID` int(11) DEFAULT NULL,
  `IdentificationID` int(11) DEFAULT NULL,
  `MidID` int(11) DEFAULT NULL,
  `MixedSpecimenID` int(11) DEFAULT NULL,
  `PcrBatchID` int(11) DEFAULT NULL,
  `PcrReactionID` int(11) DEFAULT NULL,
  `PrimerForwardID` int(11) DEFAULT NULL,
  `PrimerReverseID` int(11) DEFAULT NULL,
  `SampleID` int(11) DEFAULT NULL,
  `SeqBatchID` int(11) DEFAULT NULL,
  `SeqReactionID` int(11) DEFAULT NULL,
  `SpecimenID` int(11) DEFAULT NULL,
  `TaxonID` int(11) DEFAULT NULL,
  PRIMARY KEY (`SequenceID`,`REV`),
  KEY `FK_ifp950llqpju3mpdy9gllrvjb` (`REV`),
  CONSTRAINT `FK_ifp950llqpju3mpdy9gllrvjb` FOREIGN KEY (`REV`) REFERENCES `Revision` (`id`)
) ENGINE=InnoDB DEFAULT CHARSET=latin1;
/*!40101 SET character_set_client = @saved_cs_client */;

--
-- Dumping data for table `SeqSources_AUD`
--

LOCK TABLES `SeqSources_AUD` WRITE;
/*!40000 ALTER TABLE `SeqSources_AUD` DISABLE KEYS */;
/*!40000 ALTER TABLE `SeqSources_AUD` ENABLE KEYS */;
UNLOCK TABLES;

--
-- Table structure for table `SeqSubmissionConfigs`
--

DROP TABLE IF EXISTS `SeqSubmissionConfigs`;
/*!40101 SET @saved_cs_client     = @@character_set_client */;
/*!40101 SET character_set_client = utf8 */;
CREATE TABLE `SeqSubmissionConfigs` (
  `SeqSubmissionConfigID` int(11) NOT NULL AUTO_INCREMENT,
  `BatchType` varchar(255) DEFAULT NULL,
  `LastModified` datetime(6) DEFAULT NULL,
  `Name` varchar(100) NOT NULL,
  `Notes` varchar(255) DEFAULT NULL,
  `SeqCodeColumn` varchar(50) DEFAULT NULL,
  `SpreadSheetTemplateFileName` varchar(100) DEFAULT NULL,
  `StartingRow` int(11) DEFAULT NULL,
  `WWW` varchar(100) DEFAULT NULL,
  `SubmissionFacilityID` int(11) DEFAULT NULL,
  PRIMARY KEY (`SeqSubmissionConfigID`),
  UNIQUE KEY `UK_4vdjkm1n5topaxbj6fe1o5vs4` (`Name`,`SubmissionFacilityID`),
  KEY `FK_fu1nicmbjrsh47siaw44o5emt` (`SubmissionFacilityID`),
  CONSTRAINT `FK_fu1nicmbjrsh47siaw44o5emt` FOREIGN KEY (`SubmissionFacilityID`) REFERENCES `SubmissionFacilitys` (`SubmissionFacilityID`)
) ENGINE=InnoDB AUTO_INCREMENT=3 DEFAULT CHARSET=latin1;
/*!40101 SET character_set_client = @saved_cs_client */;

--
-- Dumping data for table `SeqSubmissionConfigs`
--

LOCK TABLES `SeqSubmissionConfigs` WRITE;
/*!40000 ALTER TABLE `SeqSubmissionConfigs` DISABLE KEYS */;
INSERT INTO `SeqSubmissionConfigs` VALUES (1,'SANGER','2017-06-23 00:00:00.000000','Sanger config 1','Notes 1',NULL,'template1.xlsx',25,NULL,1),(2,'NGS','2017-06-23 00:00:00.000000','NGS config 1','Notes 2',NULL,'template2.xlsx',25,NULL,2);
/*!40000 ALTER TABLE `SeqSubmissionConfigs` ENABLE KEYS */;
UNLOCK TABLES;

--
-- Table structure for table `SeqSubmissionConfigs_AUD`
--

DROP TABLE IF EXISTS `SeqSubmissionConfigs_AUD`;
/*!40101 SET @saved_cs_client     = @@character_set_client */;
/*!40101 SET character_set_client = utf8 */;
CREATE TABLE `SeqSubmissionConfigs_AUD` (
  `SeqSubmissionConfigID` int(11) NOT NULL,
  `REV` int(11) NOT NULL,
  `REVTYPE` tinyint(4) DEFAULT NULL,
  `BatchType` varchar(255) DEFAULT NULL,
  `Name` varchar(100) DEFAULT NULL,
  `Notes` varchar(255) DEFAULT NULL,
  `SeqCodeColumn` varchar(50) DEFAULT NULL,
  `SpreadSheetTemplateFileName` varchar(100) DEFAULT NULL,
  `StartingRow` int(11) DEFAULT NULL,
  `WWW` varchar(100) DEFAULT NULL,
  `SubmissionFacilityID` int(11) DEFAULT NULL,
  PRIMARY KEY (`SeqSubmissionConfigID`,`REV`),
  KEY `FK_fxs96q5cde8k7q3x19eodhpuv` (`REV`),
  CONSTRAINT `FK_fxs96q5cde8k7q3x19eodhpuv` FOREIGN KEY (`REV`) REFERENCES `Revision` (`id`)
) ENGINE=InnoDB DEFAULT CHARSET=latin1;
/*!40101 SET character_set_client = @saved_cs_client */;

--
-- Dumping data for table `SeqSubmissionConfigs_AUD`
--

LOCK TABLES `SeqSubmissionConfigs_AUD` WRITE;
/*!40000 ALTER TABLE `SeqSubmissionConfigs_AUD` DISABLE KEYS */;
/*!40000 ALTER TABLE `SeqSubmissionConfigs_AUD` ENABLE KEYS */;
UNLOCK TABLES;

--
-- Table structure for table `SeqSubmissions`
--

DROP TABLE IF EXISTS `SeqSubmissions`;
/*!40101 SET @saved_cs_client     = @@character_set_client */;
/*!40101 SET character_set_client = utf8 */;
CREATE TABLE `SeqSubmissions` (
  `SeqSubmissionID` int(11) NOT NULL AUTO_INCREMENT,
  `Date` date DEFAULT NULL,
  `Email` varchar(255) DEFAULT NULL,
  `LastModified` datetime(6) DEFAULT NULL,
  `Name` varchar(100) NOT NULL,
  `PBIContractNumber` varchar(15) DEFAULT NULL,
  `PBIDeliverData` varchar(50) DEFAULT NULL,
  `PBIInternalOrderNumber` varchar(15) DEFAULT NULL,
  `PBIRoomNumber` varchar(15) DEFAULT NULL,
  `PBISequencedBy` varchar(100) DEFAULT NULL,
  `PBISequencedDate` date DEFAULT NULL,
  `RequiredSubmissionBy` varchar(10) DEFAULT NULL,
  `ScientistAuthorized` varchar(100) DEFAULT NULL,
  `SubmittedBy` varchar(100) DEFAULT NULL,
  `SubmittingInstitute` varchar(50) DEFAULT NULL,
  `Telephone` varchar(50) DEFAULT NULL,
  `GroupID` int(11) NOT NULL,
  `SeqBatchID` int(11) DEFAULT NULL,
  `SeqSubmissionConfigID` int(11) DEFAULT NULL,
  PRIMARY KEY (`SeqSubmissionID`),
  UNIQUE KEY `UK_6dqe9e661sij0cvomp30hjd66` (`Name`,`GroupID`),
  UNIQUE KEY `UK_ocii5r25l17vhxo09v7i8yev7` (`SeqBatchID`),
  KEY `FK_9wmtct7d3ouyoo3vjrhfa1nml` (`GroupID`),
  KEY `FK_7epky6tflweq2d2d3ly5w4ga9` (`SeqSubmissionConfigID`),
  CONSTRAINT `FK_7epky6tflweq2d2d3ly5w4ga9` FOREIGN KEY (`SeqSubmissionConfigID`) REFERENCES `SeqSubmissionConfigs` (`SeqSubmissionConfigID`),
  CONSTRAINT `FK_9wmtct7d3ouyoo3vjrhfa1nml` FOREIGN KEY (`GroupID`) REFERENCES `Groups` (`GroupID`),
  CONSTRAINT `FK_ocii5r25l17vhxo09v7i8yev7` FOREIGN KEY (`SeqBatchID`) REFERENCES `SeqBatchs` (`SeqBatchID`)
) ENGINE=InnoDB AUTO_INCREMENT=3 DEFAULT CHARSET=latin1;
/*!40101 SET character_set_client = @saved_cs_client */;

--
-- Dumping data for table `SeqSubmissions`
--

LOCK TABLES `SeqSubmissions` WRITE;
/*!40000 ALTER TABLE `SeqSubmissions` DISABLE KEYS */;
INSERT INTO `SeqSubmissions` VALUES (1,NULL,'','2013-03-19 00:00:00.000000','SEQ_GXR_A01_PBI',NULL,'FTP',NULL,NULL,'PBI Sequencing Facility',NULL,'','','GXR',NULL,'',2,1,1),(2,NULL,'Satpal.Bilkhu@agr.gc.ca','2013-03-19 00:00:00.000000','SEQ_TXR_A01_MMTL',NULL,'',NULL,NULL,'MMTL Sequencing Facility',NULL,'SB','Tom Brady','TR',NULL,'1234',2,NULL,2);
/*!40000 ALTER TABLE `SeqSubmissions` ENABLE KEYS */;
UNLOCK TABLES;

--
-- Table structure for table `SeqSubmissions_AUD`
--

DROP TABLE IF EXISTS `SeqSubmissions_AUD`;
/*!40101 SET @saved_cs_client     = @@character_set_client */;
/*!40101 SET character_set_client = utf8 */;
CREATE TABLE `SeqSubmissions_AUD` (
  `SeqSubmissionID` int(11) NOT NULL,
  `REV` int(11) NOT NULL,
  `REVTYPE` tinyint(4) DEFAULT NULL,
  `Date` date DEFAULT NULL,
  `Email` varchar(255) DEFAULT NULL,
  `Name` varchar(100) DEFAULT NULL,
  `PBIContractNumber` varchar(15) DEFAULT NULL,
  `PBIDeliverData` varchar(50) DEFAULT NULL,
  `PBIInternalOrderNumber` varchar(15) DEFAULT NULL,
  `PBIRoomNumber` varchar(15) DEFAULT NULL,
  `PBISequencedBy` varchar(100) DEFAULT NULL,
  `PBISequencedDate` date DEFAULT NULL,
  `RequiredSubmissionBy` varchar(10) DEFAULT NULL,
  `ScientistAuthorized` varchar(100) DEFAULT NULL,
  `SubmittedBy` varchar(100) DEFAULT NULL,
  `SubmittingInstitute` varchar(50) DEFAULT NULL,
  `Telephone` varchar(50) DEFAULT NULL,
  `GroupID` int(11) DEFAULT NULL,
  `SeqBatchID` int(11) DEFAULT NULL,
  `SeqSubmissionConfigID` int(11) DEFAULT NULL,
  PRIMARY KEY (`SeqSubmissionID`,`REV`),
  KEY `FK_datf6vhkjqkdew6ajt992er74` (`REV`),
  CONSTRAINT `FK_datf6vhkjqkdew6ajt992er74` FOREIGN KEY (`REV`) REFERENCES `Revision` (`id`)
) ENGINE=InnoDB DEFAULT CHARSET=latin1;
/*!40101 SET character_set_client = @saved_cs_client */;

--
-- Dumping data for table `SeqSubmissions_AUD`
--

LOCK TABLES `SeqSubmissions_AUD` WRITE;
/*!40000 ALTER TABLE `SeqSubmissions_AUD` DISABLE KEYS */;
/*!40000 ALTER TABLE `SeqSubmissions_AUD` ENABLE KEYS */;
UNLOCK TABLES;

--
-- Table structure for table `SequenceData`
--

DROP TABLE IF EXISTS `SequenceData`;
/*!40101 SET @saved_cs_client     = @@character_set_client */;
/*!40101 SET character_set_client = utf8 */;
CREATE TABLE `SequenceData` (
  `SequenceID` int(11) NOT NULL AUTO_INCREMENT,
  `Quality` longtext,
  `Seq` longtext NOT NULL,
  PRIMARY KEY (`SequenceID`)
) ENGINE=InnoDB AUTO_INCREMENT=5 DEFAULT CHARSET=latin1;
/*!40101 SET character_set_client = @saved_cs_client */;

--
-- Dumping data for table `SequenceData`
--

LOCK TABLES `SequenceData` WRITE;
/*!40000 ALTER TABLE `SequenceData` DISABLE KEYS */;
INSERT INTO `SequenceData` VALUES (1,'20 20 20 20 20 20 20 20 20 20 20 20 20 20 20 20 20','TACGATCAGCTACGATC'),(2,'20 20 20 20 20 20 20 20 20 20 20 20 20 20 20 20 20','TACGATCAGCTACGATC'),(3,'20 20 20 20 20 20 20 20 20 20 20 20 20 20 20 20 20','TACGATCAGCTACGATC'),(4,'20 20 20 20 20 20 20 20 20 20 20 20 20 20 20 20 20','TACGATCAGCTACGATC');
/*!40000 ALTER TABLE `SequenceData` ENABLE KEYS */;
UNLOCK TABLES;

--
-- Table structure for table `Sequences`
--

DROP TABLE IF EXISTS `Sequences`;
/*!40101 SET @saved_cs_client     = @@character_set_client */;
/*!40101 SET character_set_client = utf8 */;
CREATE TABLE `Sequences` (
  `SequenceID` int(11) NOT NULL,
  `Accession` varchar(10) DEFAULT NULL,
  `CreationDate` datetime(6) DEFAULT NULL,
  `Direction` smallint(6) DEFAULT NULL,
  `FileDir` varchar(255) DEFAULT NULL,
  `FileName` varchar(255) DEFAULT NULL,
  `GenBankAccession` varchar(25) DEFAULT NULL,
  `GenBankGI` varchar(25) DEFAULT NULL,
  `GenBankVersion` varchar(25) DEFAULT NULL,
  `LastModified` datetime(6) DEFAULT NULL,
  `Name` varchar(255) NOT NULL,
  `Note` varchar(1024) DEFAULT NULL,
  `ReadNum` int(11) NOT NULL,
  `Result` varchar(50) DEFAULT NULL,
  `SeqMeth` varchar(50) DEFAULT NULL,
  `SeqQualityCheck` varchar(50) DEFAULT NULL,
  `SeqType` varchar(1) NOT NULL,
  `SubmittedToInsdc` bit(1) DEFAULT NULL,
  `SubmittedToInsdcDate` date DEFAULT NULL,
  `CloneID` int(11) DEFAULT NULL,
  `GoHitID` int(11) DEFAULT NULL,
  `MixedSpecimenID` int(11) DEFAULT NULL,
  `PcrReactionID` int(11) DEFAULT NULL,
  `SeqBatchID` int(11) DEFAULT NULL,
  `SeqMethodID` int(11) DEFAULT NULL,
  `SeqPrimerID` int(11) DEFAULT NULL,
  `VectorID` int(11) DEFAULT NULL,
  PRIMARY KEY (`SequenceID`),
  UNIQUE KEY `UK_c7ieibmckjmihi4hha3u5kh3i` (`GenBankGI`),
  UNIQUE KEY `UK_s65rv8c2er0t50boyii51fpma` (`GenBankVersion`),
  KEY `sequences_name_idx` (`Name`),
  KEY `sequences_fileName_idx` (`FileName`),
  KEY `sequences_mixedSpecimen_result_idx` (`MixedSpecimenID`,`Result`),
  KEY `FK_3u8ticbp842dnauunqgwcwyqd` (`CloneID`),
  KEY `FK_i4c0p2tldq4js6l2lpyjr1eyn` (`GoHitID`),
  KEY `FK_hfcc8fl3ycrmkykbhk5e093da` (`PcrReactionID`),
  KEY `FK_752c8t4y20n7b76oe23bw7ynw` (`SeqBatchID`),
  KEY `FK_gkeyalwa6s2trxx01k4b8pbr9` (`SeqMethodID`),
  KEY `FK_plfcpl8v5sp8kkvt6pb0fvrha` (`SeqPrimerID`),
  KEY `FK_34xfk4n49v3rpj0tucmnbm02i` (`VectorID`),
  CONSTRAINT `FK_2urfmger9sr5kwyn20brwdhd9` FOREIGN KEY (`MixedSpecimenID`) REFERENCES `MixedSpecimens` (`MixedSpecimenID`),
  CONSTRAINT `FK_34xfk4n49v3rpj0tucmnbm02i` FOREIGN KEY (`VectorID`) REFERENCES `Vectors` (`VectorID`),
  CONSTRAINT `FK_3u8ticbp842dnauunqgwcwyqd` FOREIGN KEY (`CloneID`) REFERENCES `Clones` (`CloneID`),
  CONSTRAINT `FK_752c8t4y20n7b76oe23bw7ynw` FOREIGN KEY (`SeqBatchID`) REFERENCES `SeqBatchs` (`SeqBatchID`),
  CONSTRAINT `FK_gkeyalwa6s2trxx01k4b8pbr9` FOREIGN KEY (`SeqMethodID`) REFERENCES `SeqMethods` (`SeqMethodID`),
  CONSTRAINT `FK_hfcc8fl3ycrmkykbhk5e093da` FOREIGN KEY (`PcrReactionID`) REFERENCES `PcrReactions` (`PcrReactionID`),
  CONSTRAINT `FK_i4c0p2tldq4js6l2lpyjr1eyn` FOREIGN KEY (`GoHitID`) REFERENCES `GoHits` (`GoHitID`),
  CONSTRAINT `FK_plfcpl8v5sp8kkvt6pb0fvrha` FOREIGN KEY (`SeqPrimerID`) REFERENCES `PcrPrimers` (`PCRPrimerID`)
) ENGINE=InnoDB DEFAULT CHARSET=latin1;
/*!40101 SET character_set_client = @saved_cs_client */;

--
-- Dumping data for table `Sequences`
--

LOCK TABLES `Sequences` WRITE;
/*!40000 ALTER TABLE `Sequences` DISABLE KEYS */;
INSERT INTO `Sequences` VALUES (1,'','2015-01-09 00:00:00.000000',NULL,'/Users/chris/sequences/run1','seq1.ab1','AY000001','6100','AY000001.1','2015-02-09 00:00:00.000000','seq1','sequence is faint',0,'faint',NULL,NULL,'N',NULL,NULL,NULL,NULL,NULL,1,1,NULL,NULL,NULL),(2,'','2015-01-09 00:00:00.000000',NULL,'','','AY200','6200','AY200.1','2015-02-10 00:00:00.000000','seq2','sequence looks good',0,'good',NULL,NULL,'N',NULL,NULL,NULL,NULL,NULL,2,1,NULL,NULL,NULL),(3,'','2015-01-09 00:00:00.000000',NULL,'','','AY300','6300','AY300.1','2015-02-12 00:00:00.000000','seq3','sequence looks good',0,'good',NULL,NULL,'N',NULL,NULL,NULL,NULL,NULL,3,1,NULL,NULL,NULL),(4,'','2015-01-09 00:00:00.000000',NULL,'','','AY400','6400','AY400.1','2015-02-14 00:00:00.000000','seq4','',0,'good',NULL,NULL,'N',NULL,NULL,NULL,NULL,NULL,4,1,NULL,NULL,NULL);
/*!40000 ALTER TABLE `Sequences` ENABLE KEYS */;
UNLOCK TABLES;

--
-- Table structure for table `Sequences_AUD`
--

DROP TABLE IF EXISTS `Sequences_AUD`;
/*!40101 SET @saved_cs_client     = @@character_set_client */;
/*!40101 SET character_set_client = utf8 */;
CREATE TABLE `Sequences_AUD` (
  `SequenceID` int(11) NOT NULL,
  `REV` int(11) NOT NULL,
  `REVTYPE` tinyint(4) DEFAULT NULL,
  `Accession` varchar(10) DEFAULT NULL,
  `CreationDate` datetime(6) DEFAULT NULL,
  `Direction` smallint(6) DEFAULT NULL,
  `FileDir` varchar(255) DEFAULT NULL,
  `FileName` varchar(255) DEFAULT NULL,
  `GenBankAccession` varchar(25) DEFAULT NULL,
  `GenBankGI` varchar(25) DEFAULT NULL,
  `GenBankVersion` varchar(25) DEFAULT NULL,
  `Name` varchar(255) DEFAULT NULL,
  `Note` varchar(1024) DEFAULT NULL,
  `ReadNum` int(11) DEFAULT NULL,
  `Result` varchar(50) DEFAULT NULL,
  `SeqMeth` varchar(50) DEFAULT NULL,
  `SeqQualityCheck` varchar(50) DEFAULT NULL,
  `SeqType` varchar(1) DEFAULT NULL,
  `SubmittedToInsdc` bit(1) DEFAULT NULL,
  `SubmittedToInsdcDate` date DEFAULT NULL,
  `CloneID` int(11) DEFAULT NULL,
  `GoHitID` int(11) DEFAULT NULL,
  `MixedSpecimenID` int(11) DEFAULT NULL,
  `PcrReactionID` int(11) DEFAULT NULL,
  `SeqBatchID` int(11) DEFAULT NULL,
  `SeqMethodID` int(11) DEFAULT NULL,
  `SeqPrimerID` int(11) DEFAULT NULL,
  `VectorID` int(11) DEFAULT NULL,
  PRIMARY KEY (`SequenceID`,`REV`),
  KEY `FK_m5g45w4ca6g0p3ldqjaol1s7h` (`REV`),
  CONSTRAINT `FK_m5g45w4ca6g0p3ldqjaol1s7h` FOREIGN KEY (`REV`) REFERENCES `Revision` (`id`)
) ENGINE=InnoDB DEFAULT CHARSET=latin1;
/*!40101 SET character_set_client = @saved_cs_client */;

--
-- Dumping data for table `Sequences_AUD`
--

LOCK TABLES `Sequences_AUD` WRITE;
/*!40000 ALTER TABLE `Sequences_AUD` DISABLE KEYS */;
/*!40000 ALTER TABLE `Sequences_AUD` ENABLE KEYS */;
UNLOCK TABLES;

--
-- Table structure for table `SpecimenAttach`
--

DROP TABLE IF EXISTS `SpecimenAttach`;
/*!40101 SET @saved_cs_client     = @@character_set_client */;
/*!40101 SET character_set_client = utf8 */;
CREATE TABLE `SpecimenAttach` (
  `SpecimenAttachId` int(11) NOT NULL AUTO_INCREMENT,
  `DateEntered` date NOT NULL,
  `FileExtension` varchar(255) DEFAULT NULL,
  `FileName` varchar(255) NOT NULL,
  `FileTitle` varchar(255) DEFAULT NULL,
  `Height` int(11) DEFAULT NULL,
  `Notes` varchar(1024) DEFAULT NULL,
  `Width` int(11) DEFAULT NULL,
  `SpecimenId` int(11) NOT NULL,
  PRIMARY KEY (`SpecimenAttachId`),
  KEY `FK_euetuttl64lssjvt1j7rihl72` (`SpecimenId`),
  CONSTRAINT `FK_euetuttl64lssjvt1j7rihl72` FOREIGN KEY (`SpecimenId`) REFERENCES `Specimens` (`SpecimenID`)
) ENGINE=InnoDB DEFAULT CHARSET=latin1;
/*!40101 SET character_set_client = @saved_cs_client */;

--
-- Dumping data for table `SpecimenAttach`
--

LOCK TABLES `SpecimenAttach` WRITE;
/*!40000 ALTER TABLE `SpecimenAttach` DISABLE KEYS */;
/*!40000 ALTER TABLE `SpecimenAttach` ENABLE KEYS */;
UNLOCK TABLES;

--
-- Table structure for table `SpecimenBatchJobs`
--

DROP TABLE IF EXISTS `SpecimenBatchJobs`;
/*!40101 SET @saved_cs_client     = @@character_set_client */;
/*!40101 SET character_set_client = utf8 */;
CREATE TABLE `SpecimenBatchJobs` (
  `SpecimenBatchJobId` int(11) NOT NULL AUTO_INCREMENT,
  `BiologicalCollectionID` int(11) NOT NULL,
  `CurrentState` varchar(100) DEFAULT NULL,
  `CurrentStep` int(11) DEFAULT NULL,
  `Finished` bit(1) NOT NULL,
  `MaxSteps` int(11) DEFAULT NULL,
  `Name` varchar(50) NOT NULL,
  `RangeMax` int(11) NOT NULL,
  `RangeMin` int(11) NOT NULL,
  `TimeFinished` datetime DEFAULT NULL,
  `TimeStarted` datetime DEFAULT NULL,
  PRIMARY KEY (`SpecimenBatchJobId`)
) ENGINE=InnoDB DEFAULT CHARSET=latin1;
/*!40101 SET character_set_client = @saved_cs_client */;

--
-- Dumping data for table `SpecimenBatchJobs`
--

LOCK TABLES `SpecimenBatchJobs` WRITE;
/*!40000 ALTER TABLE `SpecimenBatchJobs` DISABLE KEYS */;
/*!40000 ALTER TABLE `SpecimenBatchJobs` ENABLE KEYS */;
UNLOCK TABLES;

--
-- Table structure for table `SpecimenReplicates`
--

DROP TABLE IF EXISTS `SpecimenReplicates`;
/*!40101 SET @saved_cs_client     = @@character_set_client */;
/*!40101 SET character_set_client = utf8 */;
CREATE TABLE `SpecimenReplicates` (
  `SpecimenReplicateID` int(11) NOT NULL AUTO_INCREMENT,
  `Contents` varchar(100) DEFAULT NULL,
  `DateDestroyed` date DEFAULT NULL,
  `LastModified` datetime(6) DEFAULT NULL,
  `Name` varchar(50) DEFAULT NULL,
  `Notes` varchar(1024) DEFAULT NULL,
  `RevivalDate` date DEFAULT NULL,
  `SampSize` varchar(50) DEFAULT NULL,
  `StartDate` date DEFAULT NULL,
  `State` varchar(100) DEFAULT NULL,
  `StorageMedium` varchar(100) DEFAULT NULL,
  `Version` varchar(50) DEFAULT NULL,
  `ParentID` int(11) DEFAULT NULL,
  `ProtocolID` int(11) DEFAULT NULL,
  `SpecimenID` int(11) NOT NULL,
  PRIMARY KEY (`SpecimenReplicateID`),
  UNIQUE KEY `UK_o3e4b4vehe7by1roa0k42w0ft` (`SpecimenID`,`Version`),
  KEY `FK_pm69olc1lwa2gvrw78vduhusl` (`ParentID`),
  KEY `FK_epcn4bq7utejkjuyofy2rxvcq` (`ProtocolID`),
  CONSTRAINT `FK_3aes8cn2mdyh6s51clncxgwst` FOREIGN KEY (`SpecimenID`) REFERENCES `Specimens` (`SpecimenID`),
  CONSTRAINT `FK_epcn4bq7utejkjuyofy2rxvcq` FOREIGN KEY (`ProtocolID`) REFERENCES `Protocols` (`ProtocolID`),
  CONSTRAINT `FK_pm69olc1lwa2gvrw78vduhusl` FOREIGN KEY (`ParentID`) REFERENCES `SpecimenReplicates` (`SpecimenReplicateID`)
) ENGINE=InnoDB AUTO_INCREMENT=99 DEFAULT CHARSET=latin1;
/*!40101 SET character_set_client = @saved_cs_client */;

--
-- Dumping data for table `SpecimenReplicates`
--

LOCK TABLES `SpecimenReplicates` WRITE;
/*!40000 ALTER TABLE `SpecimenReplicates` DISABLE KEYS */;
INSERT INTO `SpecimenReplicates` VALUES (1,'Culture','2012-06-07','2013-03-19 00:00:00.000000','KAS1','Specimen successfully replicated','2012-06-07',NULL,'2011-06-07','','Water','A',NULL,2,1),(2,'Culture',NULL,'2013-03-19 00:00:00.000000','KAS1','Replicate successfully replicated','2013-06-07',NULL,'2012-06-07','','Water','B',NULL,2,1),(3,'',NULL,'2018-01-18 16:32:53.013000','NRM-CGI2610','',NULL,NULL,'2018-01-18','','','A',NULL,NULL,15),(4,'',NULL,'2018-01-18 16:32:53.230000','NRM-CGI2609','',NULL,NULL,'2018-01-18','','','A',NULL,NULL,16),(5,'',NULL,'2018-01-18 16:32:53.422000','NRM-CGI2611','',NULL,NULL,'2018-01-18','','','A',NULL,NULL,17),(6,'',NULL,'2018-01-18 16:32:53.664000','NRM-CGI2612','',NULL,NULL,'2018-01-18','','','A',NULL,NULL,18),(7,'',NULL,'2018-01-18 16:32:53.841000','NRM-CGI2023','',NULL,NULL,'2018-01-18','','','A',NULL,NULL,19),(8,'',NULL,'2018-01-18 16:32:53.977000','NRM-CGI2024','',NULL,NULL,'2018-01-18','','','A',NULL,NULL,20),(9,'',NULL,'2018-01-18 16:32:54.106000','NRM-CGI4725','',NULL,NULL,'2018-01-18','','','A',NULL,NULL,21),(10,'',NULL,'2018-01-18 16:32:54.229000','NRM-CGI4732','',NULL,NULL,'2018-01-18','','','A',NULL,NULL,22),(11,'',NULL,'2018-01-18 16:32:54.362000','NRM-CGI4723','',NULL,NULL,'2018-01-18','','','A',NULL,NULL,23),(12,'',NULL,'2018-01-18 16:32:54.488000','NRM-CGI4728','',NULL,NULL,'2018-01-18','','','A',NULL,NULL,24),(13,'',NULL,'2018-01-18 16:32:54.610000','NRM-CGI4726','',NULL,NULL,'2018-01-18','','','A',NULL,NULL,25),(14,'',NULL,'2018-01-18 16:32:54.727000','NRM-CGI4730','',NULL,NULL,'2018-01-18','','','A',NULL,NULL,26),(15,'',NULL,'2018-01-18 16:32:54.844000','NRM-CGI4733','',NULL,NULL,'2018-01-18','','','A',NULL,NULL,27),(16,'',NULL,'2018-01-18 16:32:55.077000','NRM-CGI4727','',NULL,NULL,'2018-01-18','','','A',NULL,NULL,28),(17,'',NULL,'2018-01-18 16:32:55.210000','NRM-CGI4731','',NULL,NULL,'2018-01-18','','','A',NULL,NULL,29),(18,'',NULL,'2018-01-18 16:32:55.444000','NRM-CGI4724','',NULL,NULL,'2018-01-18','','','A',NULL,NULL,30),(19,'',NULL,'2018-01-18 16:32:55.586000','NRM-CGI4729','',NULL,NULL,'2018-01-18','','','A',NULL,NULL,31),(20,'',NULL,'2018-01-18 16:32:55.693000','NRM-CGI3586','',NULL,NULL,'2018-01-18','','','A',NULL,NULL,32),(21,'',NULL,'2018-01-18 16:32:55.799000','NRM-CGI3585','',NULL,NULL,'2018-01-18','','','A',NULL,NULL,33),(22,'',NULL,'2018-01-18 16:32:55.907000','NRM-CGI2455','',NULL,NULL,'2018-01-18','','','A',NULL,NULL,34),(23,'',NULL,'2018-01-18 16:32:56.034000','NRM-CGI2453','',NULL,NULL,'2018-01-18','','','A',NULL,NULL,35),(24,'',NULL,'2018-01-18 16:32:56.226000','NRM-CGI2452','',NULL,NULL,'2018-01-18','','','A',NULL,NULL,36),(25,'',NULL,'2018-01-18 16:32:56.347000','NRM-CGI2454','',NULL,NULL,'2018-01-18','','','A',NULL,NULL,37),(26,'',NULL,'2018-01-18 16:32:56.462000','NRM-CGI4141','',NULL,NULL,'2018-01-18','','','A',NULL,NULL,38),(27,'',NULL,'2018-01-18 16:32:56.586000','NRM-CGI4140','',NULL,NULL,'2018-01-18','','','A',NULL,NULL,39),(28,'',NULL,'2018-01-18 16:32:56.720000','NRM-CGI1998','',NULL,NULL,'2018-01-18','','','A',NULL,NULL,40),(29,'',NULL,'2018-01-18 16:32:56.840000','NRM-CGI6064','',NULL,NULL,'2018-01-18','','','A',NULL,NULL,41),(30,'',NULL,'2018-01-18 16:32:56.964000','NRM-CGI6065','',NULL,NULL,'2018-01-18','','','A',NULL,NULL,42),(31,'',NULL,'2018-01-18 16:32:57.090000','NRM-CGI6069','',NULL,NULL,'2018-01-18','','','A',NULL,NULL,43),(32,'',NULL,'2018-01-18 16:32:57.214000','NRM-CGI6070','',NULL,NULL,'2018-01-18','','','A',NULL,NULL,44),(33,'',NULL,'2018-01-18 16:32:57.339000','NRM-CGI6067','',NULL,NULL,'2018-01-18','','','A',NULL,NULL,45),(34,'',NULL,'2018-01-18 16:32:57.469000','NRM-CGI6063','',NULL,NULL,'2018-01-18','','','A',NULL,NULL,46),(35,'',NULL,'2018-01-18 16:32:57.600000','NRM-CGI6061','',NULL,NULL,'2018-01-18','','','A',NULL,NULL,47),(36,'',NULL,'2018-01-18 16:32:57.741000','NRM-CGI6062','',NULL,NULL,'2018-01-18','','','A',NULL,NULL,48),(37,'',NULL,'2018-01-18 16:32:57.883000','NRM-CGI6066','',NULL,NULL,'2018-01-18','','','A',NULL,NULL,49),(38,'',NULL,'2018-01-18 16:32:58.022000','NRM-CGI6068','',NULL,NULL,'2018-01-18','','','A',NULL,NULL,50),(39,'',NULL,'2018-01-18 16:32:58.156000','NRM-CGI5691','',NULL,NULL,'2018-01-18','','','A',NULL,NULL,51),(40,'',NULL,'2018-01-18 16:32:58.282000','NRM-CGI5693','',NULL,NULL,'2018-01-18','','','A',NULL,NULL,52),(41,'',NULL,'2018-01-18 16:32:58.409000','NRM-CGI5692','',NULL,NULL,'2018-01-18','','','A',NULL,NULL,53),(42,'',NULL,'2018-01-18 16:32:58.550000','NRM-CGI5695','',NULL,NULL,'2018-01-18','','','A',NULL,NULL,54),(43,'',NULL,'2018-01-18 16:32:58.692000','NRM-CGI5694','',NULL,NULL,'2018-01-18','','','A',NULL,NULL,55),(44,'',NULL,'2018-01-18 16:32:58.837000','NRM-CGI4503','',NULL,NULL,'2018-01-18','','','A',NULL,NULL,56),(45,'',NULL,'2018-01-18 16:32:58.977000','NRM-CGI4502','',NULL,NULL,'2018-01-18','','','A',NULL,NULL,57),(46,'',NULL,'2018-01-18 16:32:59.115000','NRM-CGI2988','',NULL,NULL,'2018-01-18','','','A',NULL,NULL,58),(47,'',NULL,'2018-01-18 16:32:59.243000','NRM-CGI2989','',NULL,NULL,'2018-01-18','','','A',NULL,NULL,59),(48,'',NULL,'2018-01-18 16:32:59.366000','NRM-CGI2990','',NULL,NULL,'2018-01-18','','','A',NULL,NULL,60),(49,'',NULL,'2018-01-18 16:32:59.492000','NRM-CGI2991','',NULL,NULL,'2018-01-18','','','A',NULL,NULL,61),(50,'',NULL,'2018-01-18 16:32:59.622000','NRM-CGI3264','',NULL,NULL,'2018-01-18','','','A',NULL,NULL,62),(51,'',NULL,'2018-01-18 16:32:59.752000','NRM-CGI3268','',NULL,NULL,'2018-01-18','','','A',NULL,NULL,63),(52,'',NULL,'2018-01-18 16:32:59.884000','NRM-CGI3267','',NULL,NULL,'2018-01-18','','','A',NULL,NULL,64),(53,'',NULL,'2018-01-18 16:33:00.027000','NRM-CGI3265','',NULL,NULL,'2018-01-18','','','A',NULL,NULL,65),(54,'',NULL,'2018-01-18 16:33:00.168000','NRM-CGI3266','',NULL,NULL,'2018-01-18','','','A',NULL,NULL,66),(55,'',NULL,'2018-01-18 16:33:00.296000','NRM-CGI2543','',NULL,NULL,'2018-01-18','','','A',NULL,NULL,67),(56,'',NULL,'2018-01-18 16:33:00.424000','NRM-CGI2544','',NULL,NULL,'2018-01-18','','','A',NULL,NULL,68),(57,'',NULL,'2018-01-18 16:33:00.554000','NRM-CGI2541','',NULL,NULL,'2018-01-18','','','A',NULL,NULL,69),(58,'',NULL,'2018-01-18 16:33:00.726000','NRM-CGI2542','',NULL,NULL,'2018-01-18','','','A',NULL,NULL,70),(59,'',NULL,'2018-01-18 16:33:00.857000','NRM-CGI3433','',NULL,NULL,'2018-01-18','','','A',NULL,NULL,71),(60,'',NULL,'2018-01-18 16:33:00.990000','NRM-CGI3434','',NULL,NULL,'2018-01-18','','','A',NULL,NULL,72),(61,'',NULL,'2018-01-18 16:33:01.175000','NRM-CGI3431','',NULL,NULL,'2018-01-18','','','A',NULL,NULL,73),(62,'',NULL,'2018-01-18 16:33:01.314000','NRM-CGI3432','',NULL,NULL,'2018-01-18','','','A',NULL,NULL,74),(63,'',NULL,'2018-01-18 16:33:01.448000','NRM-CGI4662','',NULL,NULL,'2018-01-18','','','A',NULL,NULL,75),(64,'',NULL,'2018-01-18 16:33:01.582000','NRM-CGI4660','',NULL,NULL,'2018-01-18','','','A',NULL,NULL,76),(65,'',NULL,'2018-01-18 16:33:01.715000','NRM-CGI4663','',NULL,NULL,'2018-01-18','','','A',NULL,NULL,77),(66,'',NULL,'2018-01-18 16:33:01.848000','NRM-CGI4661','',NULL,NULL,'2018-01-18','','','A',NULL,NULL,78),(67,'',NULL,'2018-01-18 16:33:01.984000','NRM-CGI4664','',NULL,NULL,'2018-01-18','','','A',NULL,NULL,79),(68,'',NULL,'2018-01-18 16:33:02.121000','NRM-CGI2701','',NULL,NULL,'2018-01-18','','','A',NULL,NULL,80),(69,'',NULL,'2018-01-18 16:33:02.251000','NRM-CGI2699','',NULL,NULL,'2018-01-18','','','A',NULL,NULL,81),(70,'',NULL,'2018-01-18 16:33:02.383000','NRM-CGI2700','',NULL,NULL,'2018-01-18','','','A',NULL,NULL,82),(71,'',NULL,'2018-01-18 16:33:02.513000','NRM-CGI2697','',NULL,NULL,'2018-01-18','','','A',NULL,NULL,83),(72,'',NULL,'2018-01-18 16:33:02.642000','NRM-CGI2698','',NULL,NULL,'2018-01-18','','','A',NULL,NULL,84),(73,'',NULL,'2018-01-18 16:33:02.773000','NRM-CGI1995','',NULL,NULL,'2018-01-18','','','A',NULL,NULL,85),(74,'',NULL,'2018-01-18 16:33:02.908000','NRM-CGI3711','',NULL,NULL,'2018-01-18','','','A',NULL,NULL,86),(75,'',NULL,'2018-01-18 16:33:03.043000','NRM-CGI3708','',NULL,NULL,'2018-01-18','','','A',NULL,NULL,87),(76,'',NULL,'2018-01-18 16:33:03.182000','NRM-CGI3709','',NULL,NULL,'2018-01-18','','','A',NULL,NULL,88),(77,'',NULL,'2018-01-18 16:33:03.317000','NRM-CGI3710','',NULL,NULL,'2018-01-18','','','A',NULL,NULL,89),(78,'',NULL,'2018-01-18 16:33:03.456000','NRM-CGI5528','',NULL,NULL,'2018-01-18','','','A',NULL,NULL,90),(79,'',NULL,'2018-01-18 16:33:03.598000','NRM-CGI5526','',NULL,NULL,'2018-01-18','','','A',NULL,NULL,91),(80,'',NULL,'2018-01-18 16:33:03.751000','NRM-CGI5530','',NULL,NULL,'2018-01-18','','','A',NULL,NULL,92),(81,'',NULL,'2018-01-18 16:33:03.897000','NRM-CGI5527','',NULL,NULL,'2018-01-18','','','A',NULL,NULL,93),(82,'',NULL,'2018-01-18 16:33:04.049000','NRM-CGI5529','',NULL,NULL,'2018-01-18','','','A',NULL,NULL,94),(83,'',NULL,'2018-01-18 16:33:04.196000','NRM-CGI2006','',NULL,NULL,'2018-01-18','','','A',NULL,NULL,95),(84,'',NULL,'2018-01-18 16:33:04.349000','NRM-CGI2010','',NULL,NULL,'2018-01-18','','','A',NULL,NULL,96),(85,'',NULL,'2018-01-18 16:33:04.486000','NRM-CGI2001','',NULL,NULL,'2018-01-18','','','A',NULL,NULL,97),(86,'',NULL,'2018-01-18 16:33:04.620000','NRM-CGI1993','',NULL,NULL,'2018-01-18','','','A',NULL,NULL,98),(87,'',NULL,'2018-01-18 16:33:04.801000','NRM-CGI2743','',NULL,NULL,'2018-01-18','','','A',NULL,NULL,99),(88,'',NULL,'2018-01-18 16:33:04.934000','NRM-CGI2741','',NULL,NULL,'2018-01-18','','','A',NULL,NULL,100),(89,'',NULL,'2018-01-18 16:33:05.069000','NRM-CGI2746','',NULL,NULL,'2018-01-18','','','A',NULL,NULL,101),(90,'',NULL,'2018-01-18 16:33:05.202000','NRM-CGI2747','',NULL,NULL,'2018-01-18','','','A',NULL,NULL,102),(91,'',NULL,'2018-01-18 16:33:05.344000','NRM-CGI2750','',NULL,NULL,'2018-01-18','','','A',NULL,NULL,103),(92,'',NULL,'2018-01-18 16:33:05.479000','NRM-CGI2740','',NULL,NULL,'2018-01-18','','','A',NULL,NULL,104),(93,'',NULL,'2018-01-18 16:33:05.615000','NRM-CGI2744','',NULL,NULL,'2018-01-18','','','A',NULL,NULL,105),(94,'',NULL,'2018-01-18 16:33:05.754000','NRM-CGI2748','',NULL,NULL,'2018-01-18','','','A',NULL,NULL,106),(95,'',NULL,'2018-01-18 16:33:05.892000','NRM-CGI2749','',NULL,NULL,'2018-01-18','','','A',NULL,NULL,107),(96,'',NULL,'2018-01-18 16:33:06.032000','NRM-CGI2745','',NULL,NULL,'2018-01-18','','','A',NULL,NULL,108),(97,'',NULL,'2018-01-18 16:33:06.173000','NRM-CGI2742','',NULL,NULL,'2018-01-18','','','A',NULL,NULL,109),(98,'',NULL,'2018-01-18 16:33:06.315000','NRM-CGI5248','',NULL,NULL,'2018-01-18','','','A',NULL,NULL,110);
/*!40000 ALTER TABLE `SpecimenReplicates` ENABLE KEYS */;
UNLOCK TABLES;

--
-- Table structure for table `SpecimenReplicates_AUD`
--

DROP TABLE IF EXISTS `SpecimenReplicates_AUD`;
/*!40101 SET @saved_cs_client     = @@character_set_client */;
/*!40101 SET character_set_client = utf8 */;
CREATE TABLE `SpecimenReplicates_AUD` (
  `SpecimenReplicateID` int(11) NOT NULL,
  `REV` int(11) NOT NULL,
  `REVTYPE` tinyint(4) DEFAULT NULL,
  `Contents` varchar(100) DEFAULT NULL,
  `DateDestroyed` date DEFAULT NULL,
  `Name` varchar(50) DEFAULT NULL,
  `Notes` varchar(1024) DEFAULT NULL,
  `RevivalDate` date DEFAULT NULL,
  `SampSize` varchar(50) DEFAULT NULL,
  `StartDate` date DEFAULT NULL,
  `State` varchar(100) DEFAULT NULL,
  `StorageMedium` varchar(100) DEFAULT NULL,
  `Version` varchar(50) DEFAULT NULL,
  `ParentID` int(11) DEFAULT NULL,
  `ProtocolID` int(11) DEFAULT NULL,
  `SpecimenID` int(11) DEFAULT NULL,
  PRIMARY KEY (`SpecimenReplicateID`,`REV`),
  KEY `FK_pank91epn0f86n0n5wk1x410v` (`REV`),
  CONSTRAINT `FK_pank91epn0f86n0n5wk1x410v` FOREIGN KEY (`REV`) REFERENCES `Revision` (`id`)
) ENGINE=InnoDB DEFAULT CHARSET=latin1;
/*!40101 SET character_set_client = @saved_cs_client */;

--
-- Dumping data for table `SpecimenReplicates_AUD`
--

LOCK TABLES `SpecimenReplicates_AUD` WRITE;
/*!40000 ALTER TABLE `SpecimenReplicates_AUD` DISABLE KEYS */;
INSERT INTO `SpecimenReplicates_AUD` VALUES (3,6,0,'',NULL,'NRM-CGI2610','',NULL,NULL,'2018-01-18','','','A',NULL,NULL,15),(4,6,0,'',NULL,'NRM-CGI2609','',NULL,NULL,'2018-01-18','','','A',NULL,NULL,16),(5,6,0,'',NULL,'NRM-CGI2611','',NULL,NULL,'2018-01-18','','','A',NULL,NULL,17),(6,6,0,'',NULL,'NRM-CGI2612','',NULL,NULL,'2018-01-18','','','A',NULL,NULL,18),(7,6,0,'',NULL,'NRM-CGI2023','',NULL,NULL,'2018-01-18','','','A',NULL,NULL,19),(8,6,0,'',NULL,'NRM-CGI2024','',NULL,NULL,'2018-01-18','','','A',NULL,NULL,20),(9,6,0,'',NULL,'NRM-CGI4725','',NULL,NULL,'2018-01-18','','','A',NULL,NULL,21),(10,6,0,'',NULL,'NRM-CGI4732','',NULL,NULL,'2018-01-18','','','A',NULL,NULL,22),(11,6,0,'',NULL,'NRM-CGI4723','',NULL,NULL,'2018-01-18','','','A',NULL,NULL,23),(12,6,0,'',NULL,'NRM-CGI4728','',NULL,NULL,'2018-01-18','','','A',NULL,NULL,24),(13,6,0,'',NULL,'NRM-CGI4726','',NULL,NULL,'2018-01-18','','','A',NULL,NULL,25),(14,6,0,'',NULL,'NRM-CGI4730','',NULL,NULL,'2018-01-18','','','A',NULL,NULL,26),(15,6,0,'',NULL,'NRM-CGI4733','',NULL,NULL,'2018-01-18','','','A',NULL,NULL,27),(16,6,0,'',NULL,'NRM-CGI4727','',NULL,NULL,'2018-01-18','','','A',NULL,NULL,28),(17,6,0,'',NULL,'NRM-CGI4731','',NULL,NULL,'2018-01-18','','','A',NULL,NULL,29),(18,6,0,'',NULL,'NRM-CGI4724','',NULL,NULL,'2018-01-18','','','A',NULL,NULL,30),(19,6,0,'',NULL,'NRM-CGI4729','',NULL,NULL,'2018-01-18','','','A',NULL,NULL,31),(20,6,0,'',NULL,'NRM-CGI3586','',NULL,NULL,'2018-01-18','','','A',NULL,NULL,32),(21,6,0,'',NULL,'NRM-CGI3585','',NULL,NULL,'2018-01-18','','','A',NULL,NULL,33),(22,6,0,'',NULL,'NRM-CGI2455','',NULL,NULL,'2018-01-18','','','A',NULL,NULL,34),(23,6,0,'',NULL,'NRM-CGI2453','',NULL,NULL,'2018-01-18','','','A',NULL,NULL,35),(24,6,0,'',NULL,'NRM-CGI2452','',NULL,NULL,'2018-01-18','','','A',NULL,NULL,36),(25,6,0,'',NULL,'NRM-CGI2454','',NULL,NULL,'2018-01-18','','','A',NULL,NULL,37),(26,6,0,'',NULL,'NRM-CGI4141','',NULL,NULL,'2018-01-18','','','A',NULL,NULL,38),(27,6,0,'',NULL,'NRM-CGI4140','',NULL,NULL,'2018-01-18','','','A',NULL,NULL,39),(28,6,0,'',NULL,'NRM-CGI1998','',NULL,NULL,'2018-01-18','','','A',NULL,NULL,40),(29,6,0,'',NULL,'NRM-CGI6064','',NULL,NULL,'2018-01-18','','','A',NULL,NULL,41),(30,6,0,'',NULL,'NRM-CGI6065','',NULL,NULL,'2018-01-18','','','A',NULL,NULL,42),(31,6,0,'',NULL,'NRM-CGI6069','',NULL,NULL,'2018-01-18','','','A',NULL,NULL,43),(32,6,0,'',NULL,'NRM-CGI6070','',NULL,NULL,'2018-01-18','','','A',NULL,NULL,44),(33,6,0,'',NULL,'NRM-CGI6067','',NULL,NULL,'2018-01-18','','','A',NULL,NULL,45),(34,6,0,'',NULL,'NRM-CGI6063','',NULL,NULL,'2018-01-18','','','A',NULL,NULL,46),(35,6,0,'',NULL,'NRM-CGI6061','',NULL,NULL,'2018-01-18','','','A',NULL,NULL,47),(36,6,0,'',NULL,'NRM-CGI6062','',NULL,NULL,'2018-01-18','','','A',NULL,NULL,48),(37,6,0,'',NULL,'NRM-CGI6066','',NULL,NULL,'2018-01-18','','','A',NULL,NULL,49),(38,6,0,'',NULL,'NRM-CGI6068','',NULL,NULL,'2018-01-18','','','A',NULL,NULL,50),(39,6,0,'',NULL,'NRM-CGI5691','',NULL,NULL,'2018-01-18','','','A',NULL,NULL,51),(40,6,0,'',NULL,'NRM-CGI5693','',NULL,NULL,'2018-01-18','','','A',NULL,NULL,52),(41,6,0,'',NULL,'NRM-CGI5692','',NULL,NULL,'2018-01-18','','','A',NULL,NULL,53),(42,6,0,'',NULL,'NRM-CGI5695','',NULL,NULL,'2018-01-18','','','A',NULL,NULL,54),(43,6,0,'',NULL,'NRM-CGI5694','',NULL,NULL,'2018-01-18','','','A',NULL,NULL,55),(44,6,0,'',NULL,'NRM-CGI4503','',NULL,NULL,'2018-01-18','','','A',NULL,NULL,56),(45,6,0,'',NULL,'NRM-CGI4502','',NULL,NULL,'2018-01-18','','','A',NULL,NULL,57),(46,6,0,'',NULL,'NRM-CGI2988','',NULL,NULL,'2018-01-18','','','A',NULL,NULL,58),(47,6,0,'',NULL,'NRM-CGI2989','',NULL,NULL,'2018-01-18','','','A',NULL,NULL,59),(48,6,0,'',NULL,'NRM-CGI2990','',NULL,NULL,'2018-01-18','','','A',NULL,NULL,60),(49,6,0,'',NULL,'NRM-CGI2991','',NULL,NULL,'2018-01-18','','','A',NULL,NULL,61),(50,6,0,'',NULL,'NRM-CGI3264','',NULL,NULL,'2018-01-18','','','A',NULL,NULL,62),(51,6,0,'',NULL,'NRM-CGI3268','',NULL,NULL,'2018-01-18','','','A',NULL,NULL,63),(52,6,0,'',NULL,'NRM-CGI3267','',NULL,NULL,'2018-01-18','','','A',NULL,NULL,64),(53,6,0,'',NULL,'NRM-CGI3265','',NULL,NULL,'2018-01-18','','','A',NULL,NULL,65),(54,6,0,'',NULL,'NRM-CGI3266','',NULL,NULL,'2018-01-18','','','A',NULL,NULL,66),(55,6,0,'',NULL,'NRM-CGI2543','',NULL,NULL,'2018-01-18','','','A',NULL,NULL,67),(56,6,0,'',NULL,'NRM-CGI2544','',NULL,NULL,'2018-01-18','','','A',NULL,NULL,68),(57,6,0,'',NULL,'NRM-CGI2541','',NULL,NULL,'2018-01-18','','','A',NULL,NULL,69),(58,6,0,'',NULL,'NRM-CGI2542','',NULL,NULL,'2018-01-18','','','A',NULL,NULL,70),(59,6,0,'',NULL,'NRM-CGI3433','',NULL,NULL,'2018-01-18','','','A',NULL,NULL,71),(60,6,0,'',NULL,'NRM-CGI3434','',NULL,NULL,'2018-01-18','','','A',NULL,NULL,72),(61,6,0,'',NULL,'NRM-CGI3431','',NULL,NULL,'2018-01-18','','','A',NULL,NULL,73),(62,6,0,'',NULL,'NRM-CGI3432','',NULL,NULL,'2018-01-18','','','A',NULL,NULL,74),(63,6,0,'',NULL,'NRM-CGI4662','',NULL,NULL,'2018-01-18','','','A',NULL,NULL,75),(64,6,0,'',NULL,'NRM-CGI4660','',NULL,NULL,'2018-01-18','','','A',NULL,NULL,76),(65,6,0,'',NULL,'NRM-CGI4663','',NULL,NULL,'2018-01-18','','','A',NULL,NULL,77),(66,6,0,'',NULL,'NRM-CGI4661','',NULL,NULL,'2018-01-18','','','A',NULL,NULL,78),(67,6,0,'',NULL,'NRM-CGI4664','',NULL,NULL,'2018-01-18','','','A',NULL,NULL,79),(68,6,0,'',NULL,'NRM-CGI2701','',NULL,NULL,'2018-01-18','','','A',NULL,NULL,80),(69,6,0,'',NULL,'NRM-CGI2699','',NULL,NULL,'2018-01-18','','','A',NULL,NULL,81),(70,6,0,'',NULL,'NRM-CGI2700','',NULL,NULL,'2018-01-18','','','A',NULL,NULL,82),(71,6,0,'',NULL,'NRM-CGI2697','',NULL,NULL,'2018-01-18','','','A',NULL,NULL,83),(72,6,0,'',NULL,'NRM-CGI2698','',NULL,NULL,'2018-01-18','','','A',NULL,NULL,84),(73,6,0,'',NULL,'NRM-CGI1995','',NULL,NULL,'2018-01-18','','','A',NULL,NULL,85),(74,6,0,'',NULL,'NRM-CGI3711','',NULL,NULL,'2018-01-18','','','A',NULL,NULL,86),(75,6,0,'',NULL,'NRM-CGI3708','',NULL,NULL,'2018-01-18','','','A',NULL,NULL,87),(76,6,0,'',NULL,'NRM-CGI3709','',NULL,NULL,'2018-01-18','','','A',NULL,NULL,88),(77,6,0,'',NULL,'NRM-CGI3710','',NULL,NULL,'2018-01-18','','','A',NULL,NULL,89),(78,6,0,'',NULL,'NRM-CGI5528','',NULL,NULL,'2018-01-18','','','A',NULL,NULL,90),(79,6,0,'',NULL,'NRM-CGI5526','',NULL,NULL,'2018-01-18','','','A',NULL,NULL,91),(80,6,0,'',NULL,'NRM-CGI5530','',NULL,NULL,'2018-01-18','','','A',NULL,NULL,92),(81,6,0,'',NULL,'NRM-CGI5527','',NULL,NULL,'2018-01-18','','','A',NULL,NULL,93),(82,6,0,'',NULL,'NRM-CGI5529','',NULL,NULL,'2018-01-18','','','A',NULL,NULL,94),(83,6,0,'',NULL,'NRM-CGI2006','',NULL,NULL,'2018-01-18','','','A',NULL,NULL,95),(84,6,0,'',NULL,'NRM-CGI2010','',NULL,NULL,'2018-01-18','','','A',NULL,NULL,96),(85,6,0,'',NULL,'NRM-CGI2001','',NULL,NULL,'2018-01-18','','','A',NULL,NULL,97),(86,6,0,'',NULL,'NRM-CGI1993','',NULL,NULL,'2018-01-18','','','A',NULL,NULL,98),(87,6,0,'',NULL,'NRM-CGI2743','',NULL,NULL,'2018-01-18','','','A',NULL,NULL,99),(88,6,0,'',NULL,'NRM-CGI2741','',NULL,NULL,'2018-01-18','','','A',NULL,NULL,100),(89,6,0,'',NULL,'NRM-CGI2746','',NULL,NULL,'2018-01-18','','','A',NULL,NULL,101),(90,6,0,'',NULL,'NRM-CGI2747','',NULL,NULL,'2018-01-18','','','A',NULL,NULL,102),(91,6,0,'',NULL,'NRM-CGI2750','',NULL,NULL,'2018-01-18','','','A',NULL,NULL,103),(92,6,0,'',NULL,'NRM-CGI2740','',NULL,NULL,'2018-01-18','','','A',NULL,NULL,104),(93,6,0,'',NULL,'NRM-CGI2744','',NULL,NULL,'2018-01-18','','','A',NULL,NULL,105),(94,6,0,'',NULL,'NRM-CGI2748','',NULL,NULL,'2018-01-18','','','A',NULL,NULL,106),(95,6,0,'',NULL,'NRM-CGI2749','',NULL,NULL,'2018-01-18','','','A',NULL,NULL,107),(96,6,0,'',NULL,'NRM-CGI2745','',NULL,NULL,'2018-01-18','','','A',NULL,NULL,108),(97,6,0,'',NULL,'NRM-CGI2742','',NULL,NULL,'2018-01-18','','','A',NULL,NULL,109),(98,6,0,'',NULL,'NRM-CGI5248','',NULL,NULL,'2018-01-18','','','A',NULL,NULL,110);
/*!40000 ALTER TABLE `SpecimenReplicates_AUD` ENABLE KEYS */;
UNLOCK TABLES;

--
-- Table structure for table `Specimens`
--

DROP TABLE IF EXISTS `Specimens`;
/*!40101 SET @saved_cs_client     = @@character_set_client */;
/*!40101 SET character_set_client = utf8 */;
CREATE TABLE `Specimens` (
  `SpecimenID` int(11) NOT NULL AUTO_INCREMENT,
  `PPCLevel` varchar(20) DEFAULT NULL,
  `AnimalRGLevel` varchar(6) DEFAULT NULL,
  `AnnotatedBy` varchar(200) DEFAULT NULL,
  `AssociatedSequenceTargetsSameRegion` bit(1) DEFAULT NULL,
  `AssociatedSequences` varchar(250) DEFAULT NULL,
  `CatalogNumber` varchar(100) DEFAULT NULL,
  `CellType` varchar(50) DEFAULT NULL,
  `CollectionCode` varchar(100) DEFAULT NULL,
  `DateReceived` date DEFAULT NULL,
  `Description` longtext,
  `ExtraInfo` varchar(50) DEFAULT NULL,
  `FieldIdentifier` varchar(100) DEFAULT NULL,
  `HumanRGLevel` varchar(6) DEFAULT NULL,
  `InstitutionCode` varchar(200) DEFAULT NULL,
  `LastModified` datetime(6) DEFAULT NULL,
  `LifeStage` varchar(20) DEFAULT NULL,
  `Notes` varchar(1024) DEFAULT NULL,
  `Number` int(11) NOT NULL,
  `NumberString` varchar(11) NOT NULL,
  `OtherIDs` varchar(200) DEFAULT NULL,
  `Owner` varchar(50) DEFAULT NULL,
  `ProcessId` varchar(50) DEFAULT NULL,
  `ProjectName` varchar(50) DEFAULT NULL,
  `Restricted` bit(1) DEFAULT NULL,
  `RestrictedNotes` varchar(1024) DEFAULT NULL,
  `Sex` varchar(10) DEFAULT NULL,
  `SubId` varchar(10) NOT NULL DEFAULT '',
  `Tissue` varchar(50) DEFAULT NULL,
  `Voucher` varchar(50) DEFAULT NULL,
  `BiologicalCollectionID` int(11) NOT NULL,
  `CollectionInfoID` int(11) DEFAULT NULL,
  `FungalInfoID` int(11) DEFAULT NULL,
  `GroupID` int(11) DEFAULT NULL,
  `HostID` int(11) DEFAULT NULL,
  `IdentificationID` int(11) DEFAULT NULL,
  `ImportPermitID` int(11) DEFAULT NULL,
  `MixedSpecimenID` int(11) DEFAULT NULL,
  `MixsSpecificationID` int(11) DEFAULT NULL,
  `ProviderChainID` int(11) DEFAULT NULL,
  PRIMARY KEY (`SpecimenID`),
  UNIQUE KEY `UK_gv40siuct8dlu5rb1y6wlaro1` (`Number`,`BiologicalCollectionID`,`SubId`,`GroupID`),
  UNIQUE KEY `UK_chm46hvjsj7r9jk2t9js4gf5o` (`MixsSpecificationID`),
  KEY `FK_g4pmqjoloyf5fhafvv73hjcn1` (`BiologicalCollectionID`),
  KEY `FK_q0hkqo8y5053o592ghgx06rb9` (`CollectionInfoID`),
  KEY `FK_7bjcosxo8x3vxchhcya79skrj` (`FungalInfoID`),
  KEY `FK_g4ipod035t585hvin5lhry1em` (`GroupID`),
  KEY `FK_pqbwa1ysc7so8uh8y3bruvfkj` (`HostID`),
  KEY `FK_qfj9ewnq35gytcvg9iqxvri7j` (`IdentificationID`),
  KEY `FK_a5jdmsuglwns7mfoklg41dko7` (`ImportPermitID`),
  KEY `FK_9gvxtgp71ikmbcxtth821ovhk` (`MixedSpecimenID`),
  KEY `FK_joe4105wh55sxa2b2olue5am5` (`ProviderChainID`),
  CONSTRAINT `FK_7bjcosxo8x3vxchhcya79skrj` FOREIGN KEY (`FungalInfoID`) REFERENCES `FungalInfos` (`FungalInfoID`),
  CONSTRAINT `FK_9gvxtgp71ikmbcxtth821ovhk` FOREIGN KEY (`MixedSpecimenID`) REFERENCES `MixedSpecimens` (`MixedSpecimenID`),
  CONSTRAINT `FK_a5jdmsuglwns7mfoklg41dko7` FOREIGN KEY (`ImportPermitID`) REFERENCES `ImportPermits` (`ImportPermitID`),
  CONSTRAINT `FK_chm46hvjsj7r9jk2t9js4gf5o` FOREIGN KEY (`MixsSpecificationID`) REFERENCES `MixsSpecification` (`MixsSpecificationID`),
  CONSTRAINT `FK_g4ipod035t585hvin5lhry1em` FOREIGN KEY (`GroupID`) REFERENCES `Groups` (`GroupID`),
  CONSTRAINT `FK_g4pmqjoloyf5fhafvv73hjcn1` FOREIGN KEY (`BiologicalCollectionID`) REFERENCES `BiologicalCollections` (`BiologicalCollectionID`),
  CONSTRAINT `FK_joe4105wh55sxa2b2olue5am5` FOREIGN KEY (`ProviderChainID`) REFERENCES `ProviderChains` (`ProviderChainID`),
  CONSTRAINT `FK_pqbwa1ysc7so8uh8y3bruvfkj` FOREIGN KEY (`HostID`) REFERENCES `Hosts` (`HostID`),
  CONSTRAINT `FK_q0hkqo8y5053o592ghgx06rb9` FOREIGN KEY (`CollectionInfoID`) REFERENCES `CollectionInfos` (`CollectionInfoID`),
  CONSTRAINT `FK_qfj9ewnq35gytcvg9iqxvri7j` FOREIGN KEY (`IdentificationID`) REFERENCES `Identifications` (`IdentificationID`)
) ENGINE=InnoDB AUTO_INCREMENT=111 DEFAULT CHARSET=latin1;
/*!40101 SET character_set_client = @saved_cs_client */;

--
-- Dumping data for table `Specimens`
--

LOCK TABLES `Specimens` WRITE;
/*!40000 ALTER TABLE `Specimens` DISABLE KEYS */;
INSERT INTO `Specimens` VALUES (1,NULL,NULL,'Person 1',NULL,NULL,'12345','mold cell type','DAOM','2007-01-05','Old Mold','extra info ','67890',NULL,'AAFC','2013-03-19 00:00:00.000000','Mature','mold notes',1,'1','aOtherId','Carleton','Process Id 1','Project Name 1',NULL,NULL,'Asexual','1','mold tiess','a mold voucher',1,1,1,1,1,1,1,1,1,1),(2,NULL,NULL,'Person 2',NULL,NULL,'12345','cell type','','2008-02-15','This species is semi-rare','extra info 2','67890',NULL,'','2013-03-19 00:00:00.000000','','these are some notes',2,'2','bOtherId','','Process Id 2','Project Name 2',NULL,NULL,'','2','this is a tissue','another voucher',1,2,2,3,2,2,2,2,2,2),(3,NULL,NULL,'Person 3',NULL,NULL,'12345','cell type','','2009-01-01','This species is very rare!','extra info ','67890',NULL,'','2013-03-19 00:00:00.000000','','these are some notes',3,'3','cOtherId','','Process Id 3','Project Name 3',NULL,NULL,'','3','this is a 3rd tissue','a voucher',1,3,3,1,3,3,3,3,3,3),(4,NULL,NULL,'Person 4',NULL,NULL,'12345','cell type','','2006-01-05','This species is very rare!','extra info ','67890',NULL,'','2013-03-19 00:00:00.000000','','these are some notes',4,'4','dOtherId','','Process Id 4','Project Name 4',NULL,NULL,'','4','this is a tissue','a voucher',1,4,4,1,4,4,4,4,4,4),(5,NULL,NULL,'Person 5',NULL,NULL,'12345','04cell type','','2005-12-04','04This species is very rare!','04extra info ','67890',NULL,'','2013-03-19 00:00:00.000000','','04These are some notes',5,'5','eOtherId','','Process Id 5','Project Name 5',NULL,NULL,'','5','04This is a tissue','04a voucher',1,5,5,1,5,5,5,5,5,5),(12,NULL,NULL,'Person 12',NULL,NULL,'12345','12cell type','','2005-12-12','12This species is very rare!','12extra info ','67890',NULL,'','2013-03-19 00:00:00.000000','','12These are some notes',12,'12','12aOtherId','','Process Id 12','Project Name 12',NULL,NULL,'','12','12This is a tissue','12a voucher',1,12,12,1,12,12,12,12,6,12),(13,NULL,NULL,'Person 13',NULL,NULL,'12345','13cell type','','2005-12-12','13This species is very rare!','13extra info ','67890',NULL,'','2013-03-19 00:00:00.000000','','13These are some notes',13,'13','13aOtherId','','Process Id 12','Project Name 13',NULL,NULL,'','13','13This is a tissue','13a voucher',4,13,13,2,13,13,13,13,13,13),(14,NULL,NULL,'Person 14',NULL,NULL,'12345','14cell type','','2005-12-12','14This species is very rare!','14extra info ','67890',NULL,'','2013-03-19 00:00:00.000000','','14These are some notes',14,'14','14aOtherId','','Process Id 12','Project Name 14',NULL,NULL,'','14','14This is a tissue','14a voucher',4,14,14,2,14,14,14,14,14,14),(15,NULL,NULL,NULL,NULL,NULL,NULL,NULL,NULL,NULL,NULL,NULL,NULL,NULL,NULL,'2018-01-18 16:32:53.024000',NULL,NULL,2610,'2610','NRM-CGI-002610|BI000030',NULL,NULL,NULL,NULL,NULL,'Hona','',NULL,NULL,7,15,15,1,15,101,NULL,NULL,15,NULL),(16,NULL,NULL,NULL,NULL,NULL,NULL,NULL,NULL,NULL,NULL,NULL,NULL,NULL,NULL,'2018-01-18 16:32:53.243000',NULL,NULL,2609,'2609','NRM-CGI-002609|BI000030',NULL,NULL,NULL,NULL,NULL,'Hona','',NULL,NULL,7,16,16,1,16,102,NULL,NULL,16,NULL),(17,NULL,NULL,NULL,NULL,NULL,NULL,NULL,NULL,NULL,NULL,NULL,NULL,NULL,NULL,'2018-01-18 16:32:53.456000',NULL,NULL,2611,'2611','NRM-CGI-002611|BI000030',NULL,NULL,NULL,NULL,NULL,'Hona','',NULL,NULL,7,17,17,1,17,103,NULL,NULL,17,NULL),(18,NULL,NULL,NULL,NULL,NULL,NULL,NULL,NULL,NULL,NULL,NULL,NULL,NULL,NULL,'2018-01-18 16:32:53.682000',NULL,NULL,2612,'2612','NRM-CGI-002612|BI000030',NULL,NULL,NULL,NULL,NULL,'Hona','',NULL,NULL,7,18,18,1,18,104,NULL,NULL,18,NULL),(19,NULL,NULL,NULL,NULL,NULL,NULL,NULL,NULL,NULL,NULL,NULL,NULL,NULL,NULL,'2018-01-18 16:32:53.857000',NULL,NULL,2023,'2023','NRM-CGI-002023|BI000046',NULL,NULL,NULL,NULL,NULL,'Hane','',NULL,NULL,7,19,19,1,19,105,NULL,NULL,19,NULL),(20,NULL,NULL,NULL,NULL,NULL,NULL,NULL,NULL,NULL,NULL,NULL,NULL,NULL,NULL,'2018-01-18 16:32:53.994000',NULL,NULL,2024,'2024','NRM-CGI-002024|BI000046',NULL,NULL,NULL,NULL,NULL,'Hane','',NULL,NULL,7,20,20,1,20,106,NULL,NULL,20,NULL),(21,NULL,NULL,NULL,NULL,NULL,NULL,NULL,NULL,NULL,NULL,NULL,NULL,NULL,NULL,'2018-01-18 16:32:54.122000',NULL,NULL,4725,'4725','NRM-CGI-004725|BI040061',NULL,NULL,NULL,NULL,NULL,'Hona','',NULL,NULL,7,21,21,1,21,107,NULL,NULL,21,NULL),(22,NULL,NULL,NULL,NULL,NULL,NULL,NULL,NULL,NULL,NULL,NULL,NULL,NULL,NULL,'2018-01-18 16:32:54.247000',NULL,NULL,4732,'4732','NRM-CGI-004732|BI040061',NULL,NULL,NULL,NULL,NULL,'Hona','',NULL,NULL,7,22,22,1,22,108,NULL,NULL,22,NULL),(23,NULL,NULL,NULL,NULL,NULL,NULL,NULL,NULL,NULL,NULL,NULL,NULL,NULL,NULL,'2018-01-18 16:32:54.378000',NULL,NULL,4723,'4723','NRM-CGI-004723|BI040061',NULL,NULL,NULL,NULL,NULL,'Hona','',NULL,NULL,7,23,23,1,23,109,NULL,NULL,23,NULL),(24,NULL,NULL,NULL,NULL,NULL,NULL,NULL,NULL,NULL,NULL,NULL,NULL,NULL,NULL,'2018-01-18 16:32:54.507000',NULL,NULL,4728,'4728','NRM-CGI-004728|BI040061',NULL,NULL,NULL,NULL,NULL,'Hona','',NULL,NULL,7,24,24,1,24,110,NULL,NULL,24,NULL),(25,NULL,NULL,NULL,NULL,NULL,NULL,NULL,NULL,NULL,NULL,NULL,NULL,NULL,NULL,'2018-01-18 16:32:54.627000',NULL,NULL,4726,'4726','NRM-CGI-004726|BI040061',NULL,NULL,NULL,NULL,NULL,'Hona','',NULL,NULL,7,25,25,1,25,111,NULL,NULL,25,NULL),(26,NULL,NULL,NULL,NULL,NULL,NULL,NULL,NULL,NULL,NULL,NULL,NULL,NULL,NULL,'2018-01-18 16:32:54.744000',NULL,NULL,4730,'4730','NRM-CGI-004730|BI040061',NULL,NULL,NULL,NULL,NULL,'Hona','',NULL,NULL,7,26,26,1,26,112,NULL,NULL,26,NULL),(27,NULL,NULL,NULL,NULL,NULL,NULL,NULL,NULL,NULL,NULL,NULL,NULL,NULL,NULL,'2018-01-18 16:32:54.965000',NULL,NULL,4733,'4733','NRM-CGI-004733|BI040061',NULL,NULL,NULL,NULL,NULL,'Hona','',NULL,NULL,7,27,27,1,27,113,NULL,NULL,27,NULL),(28,NULL,NULL,NULL,NULL,NULL,NULL,NULL,NULL,NULL,NULL,NULL,NULL,NULL,NULL,'2018-01-18 16:32:55.101000',NULL,NULL,4727,'4727','NRM-CGI-004727|BI040061',NULL,NULL,NULL,NULL,NULL,'Hona','',NULL,NULL,7,28,28,1,28,114,NULL,NULL,28,NULL),(29,NULL,NULL,NULL,NULL,NULL,NULL,NULL,NULL,NULL,NULL,NULL,NULL,NULL,NULL,'2018-01-18 16:32:55.230000',NULL,NULL,4731,'4731','NRM-CGI-004731|BI040061',NULL,NULL,NULL,NULL,NULL,'Hona','',NULL,NULL,7,29,29,1,29,115,NULL,NULL,29,NULL),(30,NULL,NULL,NULL,NULL,NULL,NULL,NULL,NULL,NULL,NULL,NULL,NULL,NULL,NULL,'2018-01-18 16:32:55.461000',NULL,NULL,4724,'4724','NRM-CGI-004724|BI040061',NULL,NULL,NULL,NULL,NULL,'Hona','',NULL,NULL,7,30,30,1,30,116,NULL,NULL,30,NULL),(31,NULL,NULL,NULL,NULL,NULL,NULL,NULL,NULL,NULL,NULL,NULL,NULL,NULL,NULL,'2018-01-18 16:32:55.604000',NULL,NULL,4729,'4729','NRM-CGI-004729|BI040061',NULL,NULL,NULL,NULL,NULL,'Hona','',NULL,NULL,7,31,31,1,31,117,NULL,NULL,31,NULL),(32,NULL,NULL,NULL,NULL,NULL,NULL,NULL,NULL,NULL,NULL,NULL,NULL,NULL,NULL,'2018-01-18 16:32:55.711000',NULL,NULL,3586,'3586','NRM-CGI-003586|BI040515',NULL,NULL,NULL,NULL,NULL,'Hona','',NULL,NULL,7,32,32,1,32,118,NULL,NULL,32,NULL),(33,NULL,NULL,NULL,NULL,NULL,NULL,NULL,NULL,NULL,NULL,NULL,NULL,NULL,NULL,'2018-01-18 16:32:55.817000',NULL,NULL,3585,'3585','NRM-CGI-003585|BI040515',NULL,NULL,NULL,NULL,NULL,'Hona','',NULL,NULL,7,33,33,1,33,119,NULL,NULL,33,NULL),(34,NULL,NULL,NULL,NULL,NULL,NULL,NULL,NULL,NULL,NULL,NULL,NULL,NULL,NULL,'2018-01-18 16:32:55.925000',NULL,NULL,2455,'2455','NRM-CGI-002455|BI040826',NULL,NULL,NULL,NULL,NULL,'Hona','',NULL,NULL,7,34,34,1,34,120,NULL,NULL,34,NULL),(35,NULL,NULL,NULL,NULL,NULL,NULL,NULL,NULL,NULL,NULL,NULL,NULL,NULL,NULL,'2018-01-18 16:32:56.052000',NULL,NULL,2453,'2453','NRM-CGI-002453|BI040826',NULL,NULL,NULL,NULL,NULL,'Hona','',NULL,NULL,7,35,35,1,35,121,NULL,NULL,35,NULL),(36,NULL,NULL,NULL,NULL,NULL,NULL,NULL,NULL,NULL,NULL,NULL,NULL,NULL,NULL,'2018-01-18 16:32:56.245000',NULL,NULL,2452,'2452','NRM-CGI-002452|BI040826',NULL,NULL,NULL,NULL,NULL,'Hona','',NULL,NULL,7,36,36,1,36,122,NULL,NULL,36,NULL),(37,NULL,NULL,NULL,NULL,NULL,NULL,NULL,NULL,NULL,NULL,NULL,NULL,NULL,NULL,'2018-01-18 16:32:56.365000',NULL,NULL,2454,'2454','NRM-CGI-002454|BI040826',NULL,NULL,NULL,NULL,NULL,'Hona','',NULL,NULL,7,37,37,1,37,123,NULL,NULL,37,NULL),(38,NULL,NULL,NULL,NULL,NULL,NULL,NULL,NULL,NULL,NULL,NULL,NULL,NULL,NULL,'2018-01-18 16:32:56.481000',NULL,NULL,4141,'4141','NRM-CGI-004141|BI040898',NULL,NULL,NULL,NULL,NULL,'Hona','',NULL,NULL,7,38,38,1,38,124,NULL,NULL,38,NULL),(39,NULL,NULL,NULL,NULL,NULL,NULL,NULL,NULL,NULL,NULL,NULL,NULL,NULL,NULL,'2018-01-18 16:32:56.606000',NULL,NULL,4140,'4140','NRM-CGI-004140|BI040898',NULL,NULL,NULL,NULL,NULL,'Hona','',NULL,NULL,7,39,39,1,39,125,NULL,NULL,39,NULL),(40,NULL,NULL,NULL,NULL,NULL,NULL,NULL,NULL,NULL,NULL,NULL,NULL,NULL,NULL,'2018-01-18 16:32:56.739000',NULL,NULL,1998,'1998','NRM-CGI-001998|BI040949',NULL,NULL,NULL,NULL,NULL,'Hona','',NULL,NULL,7,40,40,1,40,126,NULL,NULL,40,NULL),(41,NULL,NULL,NULL,NULL,NULL,NULL,NULL,NULL,NULL,NULL,NULL,NULL,NULL,NULL,'2018-01-18 16:32:56.863000',NULL,NULL,6064,'6064','NRM-CGI-006064|BI040961',NULL,NULL,NULL,NULL,NULL,'Hane','',NULL,NULL,7,41,41,1,41,127,NULL,NULL,41,NULL),(42,NULL,NULL,NULL,NULL,NULL,NULL,NULL,NULL,NULL,NULL,NULL,NULL,NULL,NULL,'2018-01-18 16:32:56.985000',NULL,NULL,6065,'6065','NRM-CGI-006065|BI040961',NULL,NULL,NULL,NULL,NULL,'Hane','',NULL,NULL,7,42,42,1,42,128,NULL,NULL,42,NULL),(43,NULL,NULL,NULL,NULL,NULL,NULL,NULL,NULL,NULL,NULL,NULL,NULL,NULL,NULL,'2018-01-18 16:32:57.112000',NULL,NULL,6069,'6069','NRM-CGI-006069|BI040961',NULL,NULL,NULL,NULL,NULL,'Hane','',NULL,NULL,7,43,43,1,43,129,NULL,NULL,43,NULL),(44,NULL,NULL,NULL,NULL,NULL,NULL,NULL,NULL,NULL,NULL,NULL,NULL,NULL,NULL,'2018-01-18 16:32:57.232000',NULL,NULL,6070,'6070','NRM-CGI-006070|BI040961',NULL,NULL,NULL,NULL,NULL,'Hane','',NULL,NULL,7,44,44,1,44,130,NULL,NULL,44,NULL),(45,NULL,NULL,NULL,NULL,NULL,NULL,NULL,NULL,NULL,NULL,NULL,NULL,NULL,NULL,'2018-01-18 16:32:57.360000',NULL,NULL,6067,'6067','NRM-CGI-006067|BI040961',NULL,NULL,NULL,NULL,NULL,'Hane','',NULL,NULL,7,45,45,1,45,131,NULL,NULL,45,NULL),(46,NULL,NULL,NULL,NULL,NULL,NULL,NULL,NULL,NULL,NULL,NULL,NULL,NULL,NULL,'2018-01-18 16:32:57.490000',NULL,NULL,6063,'6063','NRM-CGI-006063|BI040961',NULL,NULL,NULL,NULL,NULL,'Hane','',NULL,NULL,7,46,46,1,46,132,NULL,NULL,46,NULL),(47,NULL,NULL,NULL,NULL,NULL,NULL,NULL,NULL,NULL,NULL,NULL,NULL,NULL,NULL,'2018-01-18 16:32:57.624000',NULL,NULL,6061,'6061','NRM-CGI-006061|BI040961',NULL,NULL,NULL,NULL,NULL,'Hane','',NULL,NULL,7,47,47,1,47,133,NULL,NULL,47,NULL),(48,NULL,NULL,NULL,NULL,NULL,NULL,NULL,NULL,NULL,NULL,NULL,NULL,NULL,NULL,'2018-01-18 16:32:57.766000',NULL,NULL,6062,'6062','NRM-CGI-006062|BI040961',NULL,NULL,NULL,NULL,NULL,'Hane','',NULL,NULL,7,48,48,1,48,134,NULL,NULL,48,NULL),(49,NULL,NULL,NULL,NULL,NULL,NULL,NULL,NULL,NULL,NULL,NULL,NULL,NULL,NULL,'2018-01-18 16:32:57.908000',NULL,NULL,6066,'6066','NRM-CGI-006066|BI040961',NULL,NULL,NULL,NULL,NULL,'Hane','',NULL,NULL,7,49,49,1,49,135,NULL,NULL,49,NULL),(50,NULL,NULL,NULL,NULL,NULL,NULL,NULL,NULL,NULL,NULL,NULL,NULL,NULL,NULL,'2018-01-18 16:32:58.047000',NULL,NULL,6068,'6068','NRM-CGI-006068|BI040961',NULL,NULL,NULL,NULL,NULL,'Hane','',NULL,NULL,7,50,50,1,50,136,NULL,NULL,50,NULL),(51,NULL,NULL,NULL,NULL,NULL,NULL,NULL,NULL,NULL,NULL,NULL,NULL,NULL,NULL,'2018-01-18 16:32:58.177000',NULL,NULL,5691,'5691','NRM-CGI-005691|BI040965',NULL,NULL,NULL,NULL,NULL,'Hona','',NULL,NULL,7,51,51,1,51,137,NULL,NULL,51,NULL),(52,NULL,NULL,NULL,NULL,NULL,NULL,NULL,NULL,NULL,NULL,NULL,NULL,NULL,NULL,'2018-01-18 16:32:58.305000',NULL,NULL,5693,'5693','NRM-CGI-005693|BI040965',NULL,NULL,NULL,NULL,NULL,'Hona','',NULL,NULL,7,52,52,1,52,138,NULL,NULL,52,NULL),(53,NULL,NULL,NULL,NULL,NULL,NULL,NULL,NULL,NULL,NULL,NULL,NULL,NULL,NULL,'2018-01-18 16:32:58.432000',NULL,NULL,5692,'5692','NRM-CGI-005692|BI040965',NULL,NULL,NULL,NULL,NULL,'Hona','',NULL,NULL,7,53,53,1,53,139,NULL,NULL,53,NULL),(54,NULL,NULL,NULL,NULL,NULL,NULL,NULL,NULL,NULL,NULL,NULL,NULL,NULL,NULL,'2018-01-18 16:32:58.578000',NULL,NULL,5695,'5695','NRM-CGI-005695|BI040965',NULL,NULL,NULL,NULL,NULL,'Hona','',NULL,NULL,7,54,54,1,54,140,NULL,NULL,54,NULL),(55,NULL,NULL,NULL,NULL,NULL,NULL,NULL,NULL,NULL,NULL,NULL,NULL,NULL,NULL,'2018-01-18 16:32:58.717000',NULL,NULL,5694,'5694','NRM-CGI-005694|BI040965',NULL,NULL,NULL,NULL,NULL,'Hona','',NULL,NULL,7,55,55,1,55,141,NULL,NULL,55,NULL),(56,NULL,NULL,NULL,NULL,NULL,NULL,NULL,NULL,NULL,NULL,NULL,NULL,NULL,NULL,'2018-01-18 16:32:58.863000',NULL,NULL,4503,'4503','NRM-CGI-004503|BI040969',NULL,NULL,NULL,NULL,NULL,'Hona','',NULL,NULL,7,56,56,1,56,142,NULL,NULL,56,NULL),(57,NULL,NULL,NULL,NULL,NULL,NULL,NULL,NULL,NULL,NULL,NULL,NULL,NULL,NULL,'2018-01-18 16:32:59.004000',NULL,NULL,4502,'4502','NRM-CGI-004502|BI040969',NULL,NULL,NULL,NULL,NULL,'Hona','',NULL,NULL,7,57,57,1,57,143,NULL,NULL,57,NULL),(58,NULL,NULL,NULL,NULL,NULL,NULL,NULL,NULL,NULL,NULL,NULL,NULL,NULL,NULL,'2018-01-18 16:32:59.139000',NULL,NULL,2988,'2988','NRM-CGI-002988|BI040975',NULL,NULL,NULL,NULL,NULL,'Hane','',NULL,NULL,7,58,58,1,58,144,NULL,NULL,58,NULL),(59,NULL,NULL,NULL,NULL,NULL,NULL,NULL,NULL,NULL,NULL,NULL,NULL,NULL,NULL,'2018-01-18 16:32:59.266000',NULL,NULL,2989,'2989','NRM-CGI-002989|BI040975',NULL,NULL,NULL,NULL,NULL,'Hane','',NULL,NULL,7,59,59,1,59,145,NULL,NULL,59,NULL),(60,NULL,NULL,NULL,NULL,NULL,NULL,NULL,NULL,NULL,NULL,NULL,NULL,NULL,NULL,'2018-01-18 16:32:59.390000',NULL,NULL,2990,'2990','NRM-CGI-002990|BI040975',NULL,NULL,NULL,NULL,NULL,'Hane','',NULL,NULL,7,60,60,1,60,146,NULL,NULL,60,NULL),(61,NULL,NULL,NULL,NULL,NULL,NULL,NULL,NULL,NULL,NULL,NULL,NULL,NULL,NULL,'2018-01-18 16:32:59.517000',NULL,NULL,2991,'2991','NRM-CGI-002991|BI040975',NULL,NULL,NULL,NULL,NULL,'Hane','',NULL,NULL,7,61,61,1,61,147,NULL,NULL,61,NULL),(62,NULL,NULL,NULL,NULL,NULL,NULL,NULL,NULL,NULL,NULL,NULL,NULL,NULL,NULL,'2018-01-18 16:32:59.647000',NULL,NULL,3264,'3264','NRM-CGI-003264|BI040977',NULL,NULL,NULL,NULL,NULL,'Hona','',NULL,NULL,7,62,62,1,62,148,NULL,NULL,62,NULL),(63,NULL,NULL,NULL,NULL,NULL,NULL,NULL,NULL,NULL,NULL,NULL,NULL,NULL,NULL,'2018-01-18 16:32:59.776000',NULL,NULL,3268,'3268','NRM-CGI-003268|BI040977',NULL,NULL,NULL,NULL,NULL,'Hona','',NULL,NULL,7,63,63,1,63,149,NULL,NULL,63,NULL),(64,NULL,NULL,NULL,NULL,NULL,NULL,NULL,NULL,NULL,NULL,NULL,NULL,NULL,NULL,'2018-01-18 16:32:59.912000',NULL,NULL,3267,'3267','NRM-CGI-003267|BI040977',NULL,NULL,NULL,NULL,NULL,'Hona','',NULL,NULL,7,64,64,1,64,150,NULL,NULL,64,NULL),(65,NULL,NULL,NULL,NULL,NULL,NULL,NULL,NULL,NULL,NULL,NULL,NULL,NULL,NULL,'2018-01-18 16:33:00.054000',NULL,NULL,3265,'3265','NRM-CGI-003265|BI040977',NULL,NULL,NULL,NULL,NULL,'Hona','',NULL,NULL,7,65,65,1,65,151,NULL,NULL,65,NULL),(66,NULL,NULL,NULL,NULL,NULL,NULL,NULL,NULL,NULL,NULL,NULL,NULL,NULL,NULL,'2018-01-18 16:33:00.193000',NULL,NULL,3266,'3266','NRM-CGI-003266|BI040977',NULL,NULL,NULL,NULL,NULL,'Hona','',NULL,NULL,7,66,66,1,66,152,NULL,NULL,66,NULL),(67,NULL,NULL,NULL,NULL,NULL,NULL,NULL,NULL,NULL,NULL,NULL,NULL,NULL,NULL,'2018-01-18 16:33:00.321000',NULL,NULL,2543,'2543','NRM-CGI-002543|BI040992',NULL,NULL,NULL,NULL,NULL,'Hona','',NULL,NULL,7,67,67,1,67,153,NULL,NULL,67,NULL),(68,NULL,NULL,NULL,NULL,NULL,NULL,NULL,NULL,NULL,NULL,NULL,NULL,NULL,NULL,'2018-01-18 16:33:00.451000',NULL,NULL,2544,'2544','NRM-CGI-002544|BI040992',NULL,NULL,NULL,NULL,NULL,'Hona','',NULL,NULL,7,68,68,1,68,154,NULL,NULL,68,NULL),(69,NULL,NULL,NULL,NULL,NULL,NULL,NULL,NULL,NULL,NULL,NULL,NULL,NULL,NULL,'2018-01-18 16:33:00.579000',NULL,NULL,2541,'2541','NRM-CGI-002541|BI040992',NULL,NULL,NULL,NULL,NULL,'Hona','',NULL,NULL,7,69,69,1,69,155,NULL,NULL,69,NULL),(70,NULL,NULL,NULL,NULL,NULL,NULL,NULL,NULL,NULL,NULL,NULL,NULL,NULL,NULL,'2018-01-18 16:33:00.751000',NULL,NULL,2542,'2542','NRM-CGI-002542|BI040992',NULL,NULL,NULL,NULL,NULL,'Hona','',NULL,NULL,7,70,70,1,70,156,NULL,NULL,70,NULL),(71,NULL,NULL,NULL,NULL,NULL,NULL,NULL,NULL,NULL,NULL,NULL,NULL,NULL,NULL,'2018-01-18 16:33:00.882000',NULL,NULL,3433,'3433','NRM-CGI-003433|BI040993',NULL,NULL,NULL,NULL,NULL,'Hona','',NULL,NULL,7,71,71,1,71,157,NULL,NULL,71,NULL),(72,NULL,NULL,NULL,NULL,NULL,NULL,NULL,NULL,NULL,NULL,NULL,NULL,NULL,NULL,'2018-01-18 16:33:01.016000',NULL,NULL,3434,'3434','NRM-CGI-003434|BI040993',NULL,NULL,NULL,NULL,NULL,'Hona','',NULL,NULL,7,72,72,1,72,158,NULL,NULL,72,NULL),(73,NULL,NULL,NULL,NULL,NULL,NULL,NULL,NULL,NULL,NULL,NULL,NULL,NULL,NULL,'2018-01-18 16:33:01.205000',NULL,NULL,3431,'3431','NRM-CGI-003431|BI040993',NULL,NULL,NULL,NULL,NULL,'Hona','',NULL,NULL,7,73,73,1,73,159,NULL,NULL,73,NULL),(74,NULL,NULL,NULL,NULL,NULL,NULL,NULL,NULL,NULL,NULL,NULL,NULL,NULL,NULL,'2018-01-18 16:33:01.340000',NULL,NULL,3432,'3432','NRM-CGI-003432|BI040993',NULL,NULL,NULL,NULL,NULL,'Hona','',NULL,NULL,7,74,74,1,74,160,NULL,NULL,74,NULL),(75,NULL,NULL,NULL,NULL,NULL,NULL,NULL,NULL,NULL,NULL,NULL,NULL,NULL,NULL,'2018-01-18 16:33:01.474000',NULL,NULL,4662,'4662','NRM-CGI-004662|BI040996',NULL,NULL,NULL,NULL,NULL,'Hona','',NULL,NULL,7,75,75,1,75,161,NULL,NULL,75,NULL),(76,NULL,NULL,NULL,NULL,NULL,NULL,NULL,NULL,NULL,NULL,NULL,NULL,NULL,NULL,'2018-01-18 16:33:01.607000',NULL,NULL,4660,'4660','NRM-CGI-004660|BI040996',NULL,NULL,NULL,NULL,NULL,'Hona','',NULL,NULL,7,76,76,1,76,162,NULL,NULL,76,NULL),(77,NULL,NULL,NULL,NULL,NULL,NULL,NULL,NULL,NULL,NULL,NULL,NULL,NULL,NULL,'2018-01-18 16:33:01.742000',NULL,NULL,4663,'4663','NRM-CGI-004663|BI040996',NULL,NULL,NULL,NULL,NULL,'Hona','',NULL,NULL,7,77,77,1,77,163,NULL,NULL,77,NULL),(78,NULL,NULL,NULL,NULL,NULL,NULL,NULL,NULL,NULL,NULL,NULL,NULL,NULL,NULL,'2018-01-18 16:33:01.875000',NULL,NULL,4661,'4661','NRM-CGI-004661|BI040996',NULL,NULL,NULL,NULL,NULL,'Hona','',NULL,NULL,7,78,78,1,78,164,NULL,NULL,78,NULL),(79,NULL,NULL,NULL,NULL,NULL,NULL,NULL,NULL,NULL,NULL,NULL,NULL,NULL,NULL,'2018-01-18 16:33:02.011000',NULL,NULL,4664,'4664','NRM-CGI-004664|BI040996',NULL,NULL,NULL,NULL,NULL,'Hona','',NULL,NULL,7,79,79,1,79,165,NULL,NULL,79,NULL),(80,NULL,NULL,NULL,NULL,NULL,NULL,NULL,NULL,NULL,NULL,NULL,NULL,NULL,NULL,'2018-01-18 16:33:02.148000',NULL,NULL,2701,'2701','NRM-CGI-002701|BI040999',NULL,NULL,NULL,NULL,NULL,'Hona','',NULL,NULL,7,80,80,1,80,166,NULL,NULL,80,NULL),(81,NULL,NULL,NULL,NULL,NULL,NULL,NULL,NULL,NULL,NULL,NULL,NULL,NULL,NULL,'2018-01-18 16:33:02.277000',NULL,NULL,2699,'2699','NRM-CGI-002699|BI040999',NULL,NULL,NULL,NULL,NULL,'Hona','',NULL,NULL,7,81,81,1,81,167,NULL,NULL,81,NULL),(82,NULL,NULL,NULL,NULL,NULL,NULL,NULL,NULL,NULL,NULL,NULL,NULL,NULL,NULL,'2018-01-18 16:33:02.409000',NULL,NULL,2700,'2700','NRM-CGI-002700|BI040999',NULL,NULL,NULL,NULL,NULL,'Hona','',NULL,NULL,7,82,82,1,82,168,NULL,NULL,82,NULL),(83,NULL,NULL,NULL,NULL,NULL,NULL,NULL,NULL,NULL,NULL,NULL,NULL,NULL,NULL,'2018-01-18 16:33:02.538000',NULL,NULL,2697,'2697','NRM-CGI-002697|BI040999',NULL,NULL,NULL,NULL,NULL,'Hona','',NULL,NULL,7,83,83,1,83,169,NULL,NULL,83,NULL),(84,NULL,NULL,NULL,NULL,NULL,NULL,NULL,NULL,NULL,NULL,NULL,NULL,NULL,NULL,'2018-01-18 16:33:02.668000',NULL,NULL,2698,'2698','NRM-CGI-002698|BI040999',NULL,NULL,NULL,NULL,NULL,'Hona','',NULL,NULL,7,84,84,1,84,170,NULL,NULL,84,NULL),(85,NULL,NULL,NULL,NULL,NULL,NULL,NULL,NULL,NULL,NULL,NULL,NULL,NULL,NULL,'2018-01-18 16:33:02.799000',NULL,NULL,1995,'1995','NRM-CGI-001995|BI041000',NULL,NULL,NULL,NULL,NULL,'Hona','',NULL,NULL,7,85,85,1,85,171,NULL,NULL,85,NULL),(86,NULL,NULL,NULL,NULL,NULL,NULL,NULL,NULL,NULL,NULL,NULL,NULL,NULL,NULL,'2018-01-18 16:33:02.934000',NULL,NULL,3711,'3711','NRM-CGI-003711|BI041002',NULL,NULL,NULL,NULL,NULL,'Hona','',NULL,NULL,7,86,86,1,86,172,NULL,NULL,86,NULL),(87,NULL,NULL,NULL,NULL,NULL,NULL,NULL,NULL,NULL,NULL,NULL,NULL,NULL,NULL,'2018-01-18 16:33:03.070000',NULL,NULL,3708,'3708','NRM-CGI-003708|BI041002',NULL,NULL,NULL,NULL,NULL,'Hona','',NULL,NULL,7,87,87,1,87,173,NULL,NULL,87,NULL),(88,NULL,NULL,NULL,NULL,NULL,NULL,NULL,NULL,NULL,NULL,NULL,NULL,NULL,NULL,'2018-01-18 16:33:03.208000',NULL,NULL,3709,'3709','NRM-CGI-003709|BI041002',NULL,NULL,NULL,NULL,NULL,'Hona','',NULL,NULL,7,88,88,1,88,174,NULL,NULL,88,NULL),(89,NULL,NULL,NULL,NULL,NULL,NULL,NULL,NULL,NULL,NULL,NULL,NULL,NULL,NULL,'2018-01-18 16:33:03.345000',NULL,NULL,3710,'3710','NRM-CGI-003710|BI041002',NULL,NULL,NULL,NULL,NULL,'Hona','',NULL,NULL,7,89,89,1,89,175,NULL,NULL,89,NULL),(90,NULL,NULL,NULL,NULL,NULL,NULL,NULL,NULL,NULL,NULL,NULL,NULL,NULL,NULL,'2018-01-18 16:33:03.483000',NULL,NULL,5528,'5528','NRM-CGI-005528|BI041012',NULL,NULL,NULL,NULL,NULL,'Hona','',NULL,NULL,7,90,90,1,90,176,NULL,NULL,90,NULL),(91,NULL,NULL,NULL,NULL,NULL,NULL,NULL,NULL,NULL,NULL,NULL,NULL,NULL,NULL,'2018-01-18 16:33:03.631000',NULL,NULL,5526,'5526','NRM-CGI-005526|BI041012',NULL,NULL,NULL,NULL,NULL,'Hona','',NULL,NULL,7,91,91,1,91,177,NULL,NULL,91,NULL),(92,NULL,NULL,NULL,NULL,NULL,NULL,NULL,NULL,NULL,NULL,NULL,NULL,NULL,NULL,'2018-01-18 16:33:03.778000',NULL,NULL,5530,'5530','NRM-CGI-005530|BI041012',NULL,NULL,NULL,NULL,NULL,'Hona','',NULL,NULL,7,92,92,1,92,178,NULL,NULL,92,NULL),(93,NULL,NULL,NULL,NULL,NULL,NULL,NULL,NULL,NULL,NULL,NULL,NULL,NULL,NULL,'2018-01-18 16:33:03.935000',NULL,NULL,5527,'5527','NRM-CGI-005527|BI041012',NULL,NULL,NULL,NULL,NULL,'Hona','',NULL,NULL,7,93,93,1,93,179,NULL,NULL,93,NULL),(94,NULL,NULL,NULL,NULL,NULL,NULL,NULL,NULL,NULL,NULL,NULL,NULL,NULL,NULL,'2018-01-18 16:33:04.079000',NULL,NULL,5529,'5529','NRM-CGI-005529|BI041012',NULL,NULL,NULL,NULL,NULL,'Hona','',NULL,NULL,7,94,94,1,94,180,NULL,NULL,94,NULL),(95,NULL,NULL,NULL,NULL,NULL,NULL,NULL,NULL,NULL,NULL,NULL,NULL,NULL,NULL,'2018-01-18 16:33:04.236000',NULL,NULL,2006,'2006','NRM-CGI-002006|BI041023',NULL,NULL,NULL,NULL,NULL,'Hona','',NULL,NULL,7,95,95,1,95,181,NULL,NULL,95,NULL),(96,NULL,NULL,NULL,NULL,NULL,NULL,NULL,NULL,NULL,NULL,NULL,NULL,NULL,NULL,'2018-01-18 16:33:04.377000',NULL,NULL,2010,'2010','NRM-CGI-002010|BI041025',NULL,NULL,NULL,NULL,NULL,'Hona','',NULL,NULL,7,96,96,1,96,182,NULL,NULL,96,NULL),(97,NULL,NULL,NULL,NULL,NULL,NULL,NULL,NULL,NULL,NULL,NULL,NULL,NULL,NULL,'2018-01-18 16:33:04.513000',NULL,NULL,2001,'2001','NRM-CGI-002001|BI041035',NULL,NULL,NULL,NULL,NULL,'Hona','',NULL,NULL,7,97,97,1,97,183,NULL,NULL,97,NULL),(98,NULL,NULL,NULL,NULL,NULL,NULL,NULL,NULL,NULL,NULL,NULL,NULL,NULL,NULL,'2018-01-18 16:33:04.647000',NULL,NULL,1993,'1993','NRM-CGI-001993|BI041036',NULL,NULL,NULL,NULL,NULL,'Hona','',NULL,NULL,7,98,98,1,98,184,NULL,NULL,98,NULL),(99,NULL,NULL,NULL,NULL,NULL,NULL,NULL,NULL,NULL,NULL,NULL,NULL,NULL,NULL,'2018-01-18 16:33:04.827000',NULL,NULL,2743,'2743','NRM-CGI-002743|BI041043',NULL,NULL,NULL,NULL,NULL,'Hona','',NULL,NULL,7,99,99,1,99,185,NULL,NULL,99,NULL),(100,NULL,NULL,NULL,NULL,NULL,NULL,NULL,NULL,NULL,NULL,NULL,NULL,NULL,NULL,'2018-01-18 16:33:04.962000',NULL,NULL,2741,'2741','NRM-CGI-002741|BI041043',NULL,NULL,NULL,NULL,NULL,'Hona','',NULL,NULL,7,100,100,1,100,186,NULL,NULL,100,NULL),(101,NULL,NULL,NULL,NULL,NULL,NULL,NULL,NULL,NULL,NULL,NULL,NULL,NULL,NULL,'2018-01-18 16:33:05.096000',NULL,NULL,2746,'2746','NRM-CGI-002746|BI041043',NULL,NULL,NULL,NULL,NULL,'Hona','',NULL,NULL,7,101,101,1,101,187,NULL,NULL,101,NULL),(102,NULL,NULL,NULL,NULL,NULL,NULL,NULL,NULL,NULL,NULL,NULL,NULL,NULL,NULL,'2018-01-18 16:33:05.229000',NULL,NULL,2747,'2747','NRM-CGI-002747|BI041043',NULL,NULL,NULL,NULL,NULL,'Hona','',NULL,NULL,7,102,102,1,102,188,NULL,NULL,102,NULL),(103,NULL,NULL,NULL,NULL,NULL,NULL,NULL,NULL,NULL,NULL,NULL,NULL,NULL,NULL,'2018-01-18 16:33:05.371000',NULL,NULL,2750,'2750','NRM-CGI-002750|BI041043',NULL,NULL,NULL,NULL,NULL,'Hona','',NULL,NULL,7,103,103,1,103,189,NULL,NULL,103,NULL),(104,NULL,NULL,NULL,NULL,NULL,NULL,NULL,NULL,NULL,NULL,NULL,NULL,NULL,NULL,'2018-01-18 16:33:05.507000',NULL,NULL,2740,'2740','NRM-CGI-002740|BI041043',NULL,NULL,NULL,NULL,NULL,'Hona','',NULL,NULL,7,104,104,1,104,190,NULL,NULL,104,NULL),(105,NULL,NULL,NULL,NULL,NULL,NULL,NULL,NULL,NULL,NULL,NULL,NULL,NULL,NULL,'2018-01-18 16:33:05.643000',NULL,NULL,2744,'2744','NRM-CGI-002744|BI041043',NULL,NULL,NULL,NULL,NULL,'Hona','',NULL,NULL,7,105,105,1,105,191,NULL,NULL,105,NULL),(106,NULL,NULL,NULL,NULL,NULL,NULL,NULL,NULL,NULL,NULL,NULL,NULL,NULL,NULL,'2018-01-18 16:33:05.782000',NULL,NULL,2748,'2748','NRM-CGI-002748|BI041043',NULL,NULL,NULL,NULL,NULL,'Hona','',NULL,NULL,7,106,106,1,106,192,NULL,NULL,106,NULL),(107,NULL,NULL,NULL,NULL,NULL,NULL,NULL,NULL,NULL,NULL,NULL,NULL,NULL,NULL,'2018-01-18 16:33:05.921000',NULL,NULL,2749,'2749','NRM-CGI-002749|BI041043',NULL,NULL,NULL,NULL,NULL,'Hona','',NULL,NULL,7,107,107,1,107,193,NULL,NULL,107,NULL),(108,NULL,NULL,NULL,NULL,NULL,NULL,NULL,NULL,NULL,NULL,NULL,NULL,NULL,NULL,'2018-01-18 16:33:06.062000',NULL,NULL,2745,'2745','NRM-CGI-002745|BI041043',NULL,NULL,NULL,NULL,NULL,'Hona','',NULL,NULL,7,108,108,1,108,194,NULL,NULL,108,NULL),(109,NULL,NULL,NULL,NULL,NULL,NULL,NULL,NULL,NULL,NULL,NULL,NULL,NULL,NULL,'2018-01-18 16:33:06.203000',NULL,NULL,2742,'2742','NRM-CGI-002742|BI041043',NULL,NULL,NULL,NULL,NULL,'Hona','',NULL,NULL,7,109,109,1,109,195,NULL,NULL,109,NULL),(110,NULL,NULL,NULL,NULL,NULL,NULL,NULL,NULL,NULL,NULL,NULL,NULL,NULL,NULL,'2018-01-18 16:33:06.345000',NULL,NULL,5248,'5248','NRM-CGI-005248|BI041047',NULL,NULL,NULL,NULL,NULL,'Hona','',NULL,NULL,7,110,110,1,110,196,NULL,NULL,110,NULL);
/*!40000 ALTER TABLE `Specimens` ENABLE KEYS */;
UNLOCK TABLES;

--
-- Table structure for table `Specimens_AUD`
--

DROP TABLE IF EXISTS `Specimens_AUD`;
/*!40101 SET @saved_cs_client     = @@character_set_client */;
/*!40101 SET character_set_client = utf8 */;
CREATE TABLE `Specimens_AUD` (
  `SpecimenID` int(11) NOT NULL,
  `REV` int(11) NOT NULL,
  `REVTYPE` tinyint(4) DEFAULT NULL,
  `PPCLevel` varchar(20) DEFAULT NULL,
  `AnimalRGLevel` varchar(6) DEFAULT NULL,
  `AnnotatedBy` varchar(200) DEFAULT NULL,
  `AssociatedSequenceTargetsSameRegion` bit(1) DEFAULT NULL,
  `AssociatedSequences` varchar(250) DEFAULT NULL,
  `CatalogNumber` varchar(100) DEFAULT NULL,
  `CellType` varchar(50) DEFAULT NULL,
  `CollectionCode` varchar(100) DEFAULT NULL,
  `DateReceived` date DEFAULT NULL,
  `Description` longtext,
  `ExtraInfo` varchar(50) DEFAULT NULL,
  `FieldIdentifier` varchar(100) DEFAULT NULL,
  `HumanRGLevel` varchar(6) DEFAULT NULL,
  `InstitutionCode` varchar(200) DEFAULT NULL,
  `LifeStage` varchar(20) DEFAULT NULL,
  `Notes` varchar(1024) DEFAULT NULL,
  `Number` int(11) DEFAULT NULL,
  `NumberString` varchar(11) DEFAULT NULL,
  `OtherIDs` varchar(200) DEFAULT NULL,
  `Owner` varchar(50) DEFAULT NULL,
  `ProcessId` varchar(50) DEFAULT NULL,
  `ProjectName` varchar(50) DEFAULT NULL,
  `Restricted` bit(1) DEFAULT NULL,
  `RestrictedNotes` varchar(1024) DEFAULT NULL,
  `Sex` varchar(10) DEFAULT NULL,
  `SubId` varchar(10) DEFAULT '',
  `Tissue` varchar(50) DEFAULT NULL,
  `Voucher` varchar(50) DEFAULT NULL,
  `BiologicalCollectionID` int(11) DEFAULT NULL,
  `CollectionInfoID` int(11) DEFAULT NULL,
  `FungalInfoID` int(11) DEFAULT NULL,
  `GroupID` int(11) DEFAULT NULL,
  `HostID` int(11) DEFAULT NULL,
  `IdentificationID` int(11) DEFAULT NULL,
  `ImportPermitID` int(11) DEFAULT NULL,
  `MixedSpecimenID` int(11) DEFAULT NULL,
  `MixsSpecificationID` int(11) DEFAULT NULL,
  `ProviderChainID` int(11) DEFAULT NULL,
  PRIMARY KEY (`SpecimenID`,`REV`),
  KEY `FK_lv3j7p9s03uyan9fcm2mcjl36` (`REV`),
  CONSTRAINT `FK_lv3j7p9s03uyan9fcm2mcjl36` FOREIGN KEY (`REV`) REFERENCES `Revision` (`id`)
) ENGINE=InnoDB DEFAULT CHARSET=latin1;
/*!40101 SET character_set_client = @saved_cs_client */;

--
-- Dumping data for table `Specimens_AUD`
--

LOCK TABLES `Specimens_AUD` WRITE;
/*!40000 ALTER TABLE `Specimens_AUD` DISABLE KEYS */;
INSERT INTO `Specimens_AUD` VALUES (15,6,0,NULL,NULL,NULL,NULL,NULL,NULL,NULL,NULL,NULL,NULL,NULL,NULL,NULL,NULL,NULL,NULL,2610,'2610','NRM-CGI-002610|BI000030',NULL,NULL,NULL,NULL,NULL,'Hona','',NULL,NULL,7,15,15,1,15,101,NULL,NULL,15,NULL),(16,6,0,NULL,NULL,NULL,NULL,NULL,NULL,NULL,NULL,NULL,NULL,NULL,NULL,NULL,NULL,NULL,NULL,2609,'2609','NRM-CGI-002609|BI000030',NULL,NULL,NULL,NULL,NULL,'Hona','',NULL,NULL,7,16,16,1,16,102,NULL,NULL,16,NULL),(17,6,0,NULL,NULL,NULL,NULL,NULL,NULL,NULL,NULL,NULL,NULL,NULL,NULL,NULL,NULL,NULL,NULL,2611,'2611','NRM-CGI-002611|BI000030',NULL,NULL,NULL,NULL,NULL,'Hona','',NULL,NULL,7,17,17,1,17,103,NULL,NULL,17,NULL),(18,6,0,NULL,NULL,NULL,NULL,NULL,NULL,NULL,NULL,NULL,NULL,NULL,NULL,NULL,NULL,NULL,NULL,2612,'2612','NRM-CGI-002612|BI000030',NULL,NULL,NULL,NULL,NULL,'Hona','',NULL,NULL,7,18,18,1,18,104,NULL,NULL,18,NULL),(19,6,0,NULL,NULL,NULL,NULL,NULL,NULL,NULL,NULL,NULL,NULL,NULL,NULL,NULL,NULL,NULL,NULL,2023,'2023','NRM-CGI-002023|BI000046',NULL,NULL,NULL,NULL,NULL,'Hane','',NULL,NULL,7,19,19,1,19,105,NULL,NULL,19,NULL),(20,6,0,NULL,NULL,NULL,NULL,NULL,NULL,NULL,NULL,NULL,NULL,NULL,NULL,NULL,NULL,NULL,NULL,2024,'2024','NRM-CGI-002024|BI000046',NULL,NULL,NULL,NULL,NULL,'Hane','',NULL,NULL,7,20,20,1,20,106,NULL,NULL,20,NULL),(21,6,0,NULL,NULL,NULL,NULL,NULL,NULL,NULL,NULL,NULL,NULL,NULL,NULL,NULL,NULL,NULL,NULL,4725,'4725','NRM-CGI-004725|BI040061',NULL,NULL,NULL,NULL,NULL,'Hona','',NULL,NULL,7,21,21,1,21,107,NULL,NULL,21,NULL),(22,6,0,NULL,NULL,NULL,NULL,NULL,NULL,NULL,NULL,NULL,NULL,NULL,NULL,NULL,NULL,NULL,NULL,4732,'4732','NRM-CGI-004732|BI040061',NULL,NULL,NULL,NULL,NULL,'Hona','',NULL,NULL,7,22,22,1,22,108,NULL,NULL,22,NULL),(23,6,0,NULL,NULL,NULL,NULL,NULL,NULL,NULL,NULL,NULL,NULL,NULL,NULL,NULL,NULL,NULL,NULL,4723,'4723','NRM-CGI-004723|BI040061',NULL,NULL,NULL,NULL,NULL,'Hona','',NULL,NULL,7,23,23,1,23,109,NULL,NULL,23,NULL),(24,6,0,NULL,NULL,NULL,NULL,NULL,NULL,NULL,NULL,NULL,NULL,NULL,NULL,NULL,NULL,NULL,NULL,4728,'4728','NRM-CGI-004728|BI040061',NULL,NULL,NULL,NULL,NULL,'Hona','',NULL,NULL,7,24,24,1,24,110,NULL,NULL,24,NULL),(25,6,0,NULL,NULL,NULL,NULL,NULL,NULL,NULL,NULL,NULL,NULL,NULL,NULL,NULL,NULL,NULL,NULL,4726,'4726','NRM-CGI-004726|BI040061',NULL,NULL,NULL,NULL,NULL,'Hona','',NULL,NULL,7,25,25,1,25,111,NULL,NULL,25,NULL),(26,6,0,NULL,NULL,NULL,NULL,NULL,NULL,NULL,NULL,NULL,NULL,NULL,NULL,NULL,NULL,NULL,NULL,4730,'4730','NRM-CGI-004730|BI040061',NULL,NULL,NULL,NULL,NULL,'Hona','',NULL,NULL,7,26,26,1,26,112,NULL,NULL,26,NULL),(27,6,0,NULL,NULL,NULL,NULL,NULL,NULL,NULL,NULL,NULL,NULL,NULL,NULL,NULL,NULL,NULL,NULL,4733,'4733','NRM-CGI-004733|BI040061',NULL,NULL,NULL,NULL,NULL,'Hona','',NULL,NULL,7,27,27,1,27,113,NULL,NULL,27,NULL),(28,6,0,NULL,NULL,NULL,NULL,NULL,NULL,NULL,NULL,NULL,NULL,NULL,NULL,NULL,NULL,NULL,NULL,4727,'4727','NRM-CGI-004727|BI040061',NULL,NULL,NULL,NULL,NULL,'Hona','',NULL,NULL,7,28,28,1,28,114,NULL,NULL,28,NULL),(29,6,0,NULL,NULL,NULL,NULL,NULL,NULL,NULL,NULL,NULL,NULL,NULL,NULL,NULL,NULL,NULL,NULL,4731,'4731','NRM-CGI-004731|BI040061',NULL,NULL,NULL,NULL,NULL,'Hona','',NULL,NULL,7,29,29,1,29,115,NULL,NULL,29,NULL),(30,6,0,NULL,NULL,NULL,NULL,NULL,NULL,NULL,NULL,NULL,NULL,NULL,NULL,NULL,NULL,NULL,NULL,4724,'4724','NRM-CGI-004724|BI040061',NULL,NULL,NULL,NULL,NULL,'Hona','',NULL,NULL,7,30,30,1,30,116,NULL,NULL,30,NULL),(31,6,0,NULL,NULL,NULL,NULL,NULL,NULL,NULL,NULL,NULL,NULL,NULL,NULL,NULL,NULL,NULL,NULL,4729,'4729','NRM-CGI-004729|BI040061',NULL,NULL,NULL,NULL,NULL,'Hona','',NULL,NULL,7,31,31,1,31,117,NULL,NULL,31,NULL),(32,6,0,NULL,NULL,NULL,NULL,NULL,NULL,NULL,NULL,NULL,NULL,NULL,NULL,NULL,NULL,NULL,NULL,3586,'3586','NRM-CGI-003586|BI040515',NULL,NULL,NULL,NULL,NULL,'Hona','',NULL,NULL,7,32,32,1,32,118,NULL,NULL,32,NULL),(33,6,0,NULL,NULL,NULL,NULL,NULL,NULL,NULL,NULL,NULL,NULL,NULL,NULL,NULL,NULL,NULL,NULL,3585,'3585','NRM-CGI-003585|BI040515',NULL,NULL,NULL,NULL,NULL,'Hona','',NULL,NULL,7,33,33,1,33,119,NULL,NULL,33,NULL),(34,6,0,NULL,NULL,NULL,NULL,NULL,NULL,NULL,NULL,NULL,NULL,NULL,NULL,NULL,NULL,NULL,NULL,2455,'2455','NRM-CGI-002455|BI040826',NULL,NULL,NULL,NULL,NULL,'Hona','',NULL,NULL,7,34,34,1,34,120,NULL,NULL,34,NULL),(35,6,0,NULL,NULL,NULL,NULL,NULL,NULL,NULL,NULL,NULL,NULL,NULL,NULL,NULL,NULL,NULL,NULL,2453,'2453','NRM-CGI-002453|BI040826',NULL,NULL,NULL,NULL,NULL,'Hona','',NULL,NULL,7,35,35,1,35,121,NULL,NULL,35,NULL),(36,6,0,NULL,NULL,NULL,NULL,NULL,NULL,NULL,NULL,NULL,NULL,NULL,NULL,NULL,NULL,NULL,NULL,2452,'2452','NRM-CGI-002452|BI040826',NULL,NULL,NULL,NULL,NULL,'Hona','',NULL,NULL,7,36,36,1,36,122,NULL,NULL,36,NULL),(37,6,0,NULL,NULL,NULL,NULL,NULL,NULL,NULL,NULL,NULL,NULL,NULL,NULL,NULL,NULL,NULL,NULL,2454,'2454','NRM-CGI-002454|BI040826',NULL,NULL,NULL,NULL,NULL,'Hona','',NULL,NULL,7,37,37,1,37,123,NULL,NULL,37,NULL),(38,6,0,NULL,NULL,NULL,NULL,NULL,NULL,NULL,NULL,NULL,NULL,NULL,NULL,NULL,NULL,NULL,NULL,4141,'4141','NRM-CGI-004141|BI040898',NULL,NULL,NULL,NULL,NULL,'Hona','',NULL,NULL,7,38,38,1,38,124,NULL,NULL,38,NULL),(39,6,0,NULL,NULL,NULL,NULL,NULL,NULL,NULL,NULL,NULL,NULL,NULL,NULL,NULL,NULL,NULL,NULL,4140,'4140','NRM-CGI-004140|BI040898',NULL,NULL,NULL,NULL,NULL,'Hona','',NULL,NULL,7,39,39,1,39,125,NULL,NULL,39,NULL),(40,6,0,NULL,NULL,NULL,NULL,NULL,NULL,NULL,NULL,NULL,NULL,NULL,NULL,NULL,NULL,NULL,NULL,1998,'1998','NRM-CGI-001998|BI040949',NULL,NULL,NULL,NULL,NULL,'Hona','',NULL,NULL,7,40,40,1,40,126,NULL,NULL,40,NULL),(41,6,0,NULL,NULL,NULL,NULL,NULL,NULL,NULL,NULL,NULL,NULL,NULL,NULL,NULL,NULL,NULL,NULL,6064,'6064','NRM-CGI-006064|BI040961',NULL,NULL,NULL,NULL,NULL,'Hane','',NULL,NULL,7,41,41,1,41,127,NULL,NULL,41,NULL),(42,6,0,NULL,NULL,NULL,NULL,NULL,NULL,NULL,NULL,NULL,NULL,NULL,NULL,NULL,NULL,NULL,NULL,6065,'6065','NRM-CGI-006065|BI040961',NULL,NULL,NULL,NULL,NULL,'Hane','',NULL,NULL,7,42,42,1,42,128,NULL,NULL,42,NULL),(43,6,0,NULL,NULL,NULL,NULL,NULL,NULL,NULL,NULL,NULL,NULL,NULL,NULL,NULL,NULL,NULL,NULL,6069,'6069','NRM-CGI-006069|BI040961',NULL,NULL,NULL,NULL,NULL,'Hane','',NULL,NULL,7,43,43,1,43,129,NULL,NULL,43,NULL),(44,6,0,NULL,NULL,NULL,NULL,NULL,NULL,NULL,NULL,NULL,NULL,NULL,NULL,NULL,NULL,NULL,NULL,6070,'6070','NRM-CGI-006070|BI040961',NULL,NULL,NULL,NULL,NULL,'Hane','',NULL,NULL,7,44,44,1,44,130,NULL,NULL,44,NULL),(45,6,0,NULL,NULL,NULL,NULL,NULL,NULL,NULL,NULL,NULL,NULL,NULL,NULL,NULL,NULL,NULL,NULL,6067,'6067','NRM-CGI-006067|BI040961',NULL,NULL,NULL,NULL,NULL,'Hane','',NULL,NULL,7,45,45,1,45,131,NULL,NULL,45,NULL),(46,6,0,NULL,NULL,NULL,NULL,NULL,NULL,NULL,NULL,NULL,NULL,NULL,NULL,NULL,NULL,NULL,NULL,6063,'6063','NRM-CGI-006063|BI040961',NULL,NULL,NULL,NULL,NULL,'Hane','',NULL,NULL,7,46,46,1,46,132,NULL,NULL,46,NULL),(47,6,0,NULL,NULL,NULL,NULL,NULL,NULL,NULL,NULL,NULL,NULL,NULL,NULL,NULL,NULL,NULL,NULL,6061,'6061','NRM-CGI-006061|BI040961',NULL,NULL,NULL,NULL,NULL,'Hane','',NULL,NULL,7,47,47,1,47,133,NULL,NULL,47,NULL),(48,6,0,NULL,NULL,NULL,NULL,NULL,NULL,NULL,NULL,NULL,NULL,NULL,NULL,NULL,NULL,NULL,NULL,6062,'6062','NRM-CGI-006062|BI040961',NULL,NULL,NULL,NULL,NULL,'Hane','',NULL,NULL,7,48,48,1,48,134,NULL,NULL,48,NULL),(49,6,0,NULL,NULL,NULL,NULL,NULL,NULL,NULL,NULL,NULL,NULL,NULL,NULL,NULL,NULL,NULL,NULL,6066,'6066','NRM-CGI-006066|BI040961',NULL,NULL,NULL,NULL,NULL,'Hane','',NULL,NULL,7,49,49,1,49,135,NULL,NULL,49,NULL),(50,6,0,NULL,NULL,NULL,NULL,NULL,NULL,NULL,NULL,NULL,NULL,NULL,NULL,NULL,NULL,NULL,NULL,6068,'6068','NRM-CGI-006068|BI040961',NULL,NULL,NULL,NULL,NULL,'Hane','',NULL,NULL,7,50,50,1,50,136,NULL,NULL,50,NULL),(51,6,0,NULL,NULL,NULL,NULL,NULL,NULL,NULL,NULL,NULL,NULL,NULL,NULL,NULL,NULL,NULL,NULL,5691,'5691','NRM-CGI-005691|BI040965',NULL,NULL,NULL,NULL,NULL,'Hona','',NULL,NULL,7,51,51,1,51,137,NULL,NULL,51,NULL),(52,6,0,NULL,NULL,NULL,NULL,NULL,NULL,NULL,NULL,NULL,NULL,NULL,NULL,NULL,NULL,NULL,NULL,5693,'5693','NRM-CGI-005693|BI040965',NULL,NULL,NULL,NULL,NULL,'Hona','',NULL,NULL,7,52,52,1,52,138,NULL,NULL,52,NULL),(53,6,0,NULL,NULL,NULL,NULL,NULL,NULL,NULL,NULL,NULL,NULL,NULL,NULL,NULL,NULL,NULL,NULL,5692,'5692','NRM-CGI-005692|BI040965',NULL,NULL,NULL,NULL,NULL,'Hona','',NULL,NULL,7,53,53,1,53,139,NULL,NULL,53,NULL),(54,6,0,NULL,NULL,NULL,NULL,NULL,NULL,NULL,NULL,NULL,NULL,NULL,NULL,NULL,NULL,NULL,NULL,5695,'5695','NRM-CGI-005695|BI040965',NULL,NULL,NULL,NULL,NULL,'Hona','',NULL,NULL,7,54,54,1,54,140,NULL,NULL,54,NULL),(55,6,0,NULL,NULL,NULL,NULL,NULL,NULL,NULL,NULL,NULL,NULL,NULL,NULL,NULL,NULL,NULL,NULL,5694,'5694','NRM-CGI-005694|BI040965',NULL,NULL,NULL,NULL,NULL,'Hona','',NULL,NULL,7,55,55,1,55,141,NULL,NULL,55,NULL),(56,6,0,NULL,NULL,NULL,NULL,NULL,NULL,NULL,NULL,NULL,NULL,NULL,NULL,NULL,NULL,NULL,NULL,4503,'4503','NRM-CGI-004503|BI040969',NULL,NULL,NULL,NULL,NULL,'Hona','',NULL,NULL,7,56,56,1,56,142,NULL,NULL,56,NULL),(57,6,0,NULL,NULL,NULL,NULL,NULL,NULL,NULL,NULL,NULL,NULL,NULL,NULL,NULL,NULL,NULL,NULL,4502,'4502','NRM-CGI-004502|BI040969',NULL,NULL,NULL,NULL,NULL,'Hona','',NULL,NULL,7,57,57,1,57,143,NULL,NULL,57,NULL),(58,6,0,NULL,NULL,NULL,NULL,NULL,NULL,NULL,NULL,NULL,NULL,NULL,NULL,NULL,NULL,NULL,NULL,2988,'2988','NRM-CGI-002988|BI040975',NULL,NULL,NULL,NULL,NULL,'Hane','',NULL,NULL,7,58,58,1,58,144,NULL,NULL,58,NULL),(59,6,0,NULL,NULL,NULL,NULL,NULL,NULL,NULL,NULL,NULL,NULL,NULL,NULL,NULL,NULL,NULL,NULL,2989,'2989','NRM-CGI-002989|BI040975',NULL,NULL,NULL,NULL,NULL,'Hane','',NULL,NULL,7,59,59,1,59,145,NULL,NULL,59,NULL),(60,6,0,NULL,NULL,NULL,NULL,NULL,NULL,NULL,NULL,NULL,NULL,NULL,NULL,NULL,NULL,NULL,NULL,2990,'2990','NRM-CGI-002990|BI040975',NULL,NULL,NULL,NULL,NULL,'Hane','',NULL,NULL,7,60,60,1,60,146,NULL,NULL,60,NULL),(61,6,0,NULL,NULL,NULL,NULL,NULL,NULL,NULL,NULL,NULL,NULL,NULL,NULL,NULL,NULL,NULL,NULL,2991,'2991','NRM-CGI-002991|BI040975',NULL,NULL,NULL,NULL,NULL,'Hane','',NULL,NULL,7,61,61,1,61,147,NULL,NULL,61,NULL),(62,6,0,NULL,NULL,NULL,NULL,NULL,NULL,NULL,NULL,NULL,NULL,NULL,NULL,NULL,NULL,NULL,NULL,3264,'3264','NRM-CGI-003264|BI040977',NULL,NULL,NULL,NULL,NULL,'Hona','',NULL,NULL,7,62,62,1,62,148,NULL,NULL,62,NULL),(63,6,0,NULL,NULL,NULL,NULL,NULL,NULL,NULL,NULL,NULL,NULL,NULL,NULL,NULL,NULL,NULL,NULL,3268,'3268','NRM-CGI-003268|BI040977',NULL,NULL,NULL,NULL,NULL,'Hona','',NULL,NULL,7,63,63,1,63,149,NULL,NULL,63,NULL),(64,6,0,NULL,NULL,NULL,NULL,NULL,NULL,NULL,NULL,NULL,NULL,NULL,NULL,NULL,NULL,NULL,NULL,3267,'3267','NRM-CGI-003267|BI040977',NULL,NULL,NULL,NULL,NULL,'Hona','',NULL,NULL,7,64,64,1,64,150,NULL,NULL,64,NULL),(65,6,0,NULL,NULL,NULL,NULL,NULL,NULL,NULL,NULL,NULL,NULL,NULL,NULL,NULL,NULL,NULL,NULL,3265,'3265','NRM-CGI-003265|BI040977',NULL,NULL,NULL,NULL,NULL,'Hona','',NULL,NULL,7,65,65,1,65,151,NULL,NULL,65,NULL),(66,6,0,NULL,NULL,NULL,NULL,NULL,NULL,NULL,NULL,NULL,NULL,NULL,NULL,NULL,NULL,NULL,NULL,3266,'3266','NRM-CGI-003266|BI040977',NULL,NULL,NULL,NULL,NULL,'Hona','',NULL,NULL,7,66,66,1,66,152,NULL,NULL,66,NULL),(67,6,0,NULL,NULL,NULL,NULL,NULL,NULL,NULL,NULL,NULL,NULL,NULL,NULL,NULL,NULL,NULL,NULL,2543,'2543','NRM-CGI-002543|BI040992',NULL,NULL,NULL,NULL,NULL,'Hona','',NULL,NULL,7,67,67,1,67,153,NULL,NULL,67,NULL),(68,6,0,NULL,NULL,NULL,NULL,NULL,NULL,NULL,NULL,NULL,NULL,NULL,NULL,NULL,NULL,NULL,NULL,2544,'2544','NRM-CGI-002544|BI040992',NULL,NULL,NULL,NULL,NULL,'Hona','',NULL,NULL,7,68,68,1,68,154,NULL,NULL,68,NULL),(69,6,0,NULL,NULL,NULL,NULL,NULL,NULL,NULL,NULL,NULL,NULL,NULL,NULL,NULL,NULL,NULL,NULL,2541,'2541','NRM-CGI-002541|BI040992',NULL,NULL,NULL,NULL,NULL,'Hona','',NULL,NULL,7,69,69,1,69,155,NULL,NULL,69,NULL),(70,6,0,NULL,NULL,NULL,NULL,NULL,NULL,NULL,NULL,NULL,NULL,NULL,NULL,NULL,NULL,NULL,NULL,2542,'2542','NRM-CGI-002542|BI040992',NULL,NULL,NULL,NULL,NULL,'Hona','',NULL,NULL,7,70,70,1,70,156,NULL,NULL,70,NULL),(71,6,0,NULL,NULL,NULL,NULL,NULL,NULL,NULL,NULL,NULL,NULL,NULL,NULL,NULL,NULL,NULL,NULL,3433,'3433','NRM-CGI-003433|BI040993',NULL,NULL,NULL,NULL,NULL,'Hona','',NULL,NULL,7,71,71,1,71,157,NULL,NULL,71,NULL),(72,6,0,NULL,NULL,NULL,NULL,NULL,NULL,NULL,NULL,NULL,NULL,NULL,NULL,NULL,NULL,NULL,NULL,3434,'3434','NRM-CGI-003434|BI040993',NULL,NULL,NULL,NULL,NULL,'Hona','',NULL,NULL,7,72,72,1,72,158,NULL,NULL,72,NULL),(73,6,0,NULL,NULL,NULL,NULL,NULL,NULL,NULL,NULL,NULL,NULL,NULL,NULL,NULL,NULL,NULL,NULL,3431,'3431','NRM-CGI-003431|BI040993',NULL,NULL,NULL,NULL,NULL,'Hona','',NULL,NULL,7,73,73,1,73,159,NULL,NULL,73,NULL),(74,6,0,NULL,NULL,NULL,NULL,NULL,NULL,NULL,NULL,NULL,NULL,NULL,NULL,NULL,NULL,NULL,NULL,3432,'3432','NRM-CGI-003432|BI040993',NULL,NULL,NULL,NULL,NULL,'Hona','',NULL,NULL,7,74,74,1,74,160,NULL,NULL,74,NULL),(75,6,0,NULL,NULL,NULL,NULL,NULL,NULL,NULL,NULL,NULL,NULL,NULL,NULL,NULL,NULL,NULL,NULL,4662,'4662','NRM-CGI-004662|BI040996',NULL,NULL,NULL,NULL,NULL,'Hona','',NULL,NULL,7,75,75,1,75,161,NULL,NULL,75,NULL),(76,6,0,NULL,NULL,NULL,NULL,NULL,NULL,NULL,NULL,NULL,NULL,NULL,NULL,NULL,NULL,NULL,NULL,4660,'4660','NRM-CGI-004660|BI040996',NULL,NULL,NULL,NULL,NULL,'Hona','',NULL,NULL,7,76,76,1,76,162,NULL,NULL,76,NULL),(77,6,0,NULL,NULL,NULL,NULL,NULL,NULL,NULL,NULL,NULL,NULL,NULL,NULL,NULL,NULL,NULL,NULL,4663,'4663','NRM-CGI-004663|BI040996',NULL,NULL,NULL,NULL,NULL,'Hona','',NULL,NULL,7,77,77,1,77,163,NULL,NULL,77,NULL),(78,6,0,NULL,NULL,NULL,NULL,NULL,NULL,NULL,NULL,NULL,NULL,NULL,NULL,NULL,NULL,NULL,NULL,4661,'4661','NRM-CGI-004661|BI040996',NULL,NULL,NULL,NULL,NULL,'Hona','',NULL,NULL,7,78,78,1,78,164,NULL,NULL,78,NULL),(79,6,0,NULL,NULL,NULL,NULL,NULL,NULL,NULL,NULL,NULL,NULL,NULL,NULL,NULL,NULL,NULL,NULL,4664,'4664','NRM-CGI-004664|BI040996',NULL,NULL,NULL,NULL,NULL,'Hona','',NULL,NULL,7,79,79,1,79,165,NULL,NULL,79,NULL),(80,6,0,NULL,NULL,NULL,NULL,NULL,NULL,NULL,NULL,NULL,NULL,NULL,NULL,NULL,NULL,NULL,NULL,2701,'2701','NRM-CGI-002701|BI040999',NULL,NULL,NULL,NULL,NULL,'Hona','',NULL,NULL,7,80,80,1,80,166,NULL,NULL,80,NULL),(81,6,0,NULL,NULL,NULL,NULL,NULL,NULL,NULL,NULL,NULL,NULL,NULL,NULL,NULL,NULL,NULL,NULL,2699,'2699','NRM-CGI-002699|BI040999',NULL,NULL,NULL,NULL,NULL,'Hona','',NULL,NULL,7,81,81,1,81,167,NULL,NULL,81,NULL),(82,6,0,NULL,NULL,NULL,NULL,NULL,NULL,NULL,NULL,NULL,NULL,NULL,NULL,NULL,NULL,NULL,NULL,2700,'2700','NRM-CGI-002700|BI040999',NULL,NULL,NULL,NULL,NULL,'Hona','',NULL,NULL,7,82,82,1,82,168,NULL,NULL,82,NULL),(83,6,0,NULL,NULL,NULL,NULL,NULL,NULL,NULL,NULL,NULL,NULL,NULL,NULL,NULL,NULL,NULL,NULL,2697,'2697','NRM-CGI-002697|BI040999',NULL,NULL,NULL,NULL,NULL,'Hona','',NULL,NULL,7,83,83,1,83,169,NULL,NULL,83,NULL),(84,6,0,NULL,NULL,NULL,NULL,NULL,NULL,NULL,NULL,NULL,NULL,NULL,NULL,NULL,NULL,NULL,NULL,2698,'2698','NRM-CGI-002698|BI040999',NULL,NULL,NULL,NULL,NULL,'Hona','',NULL,NULL,7,84,84,1,84,170,NULL,NULL,84,NULL),(85,6,0,NULL,NULL,NULL,NULL,NULL,NULL,NULL,NULL,NULL,NULL,NULL,NULL,NULL,NULL,NULL,NULL,1995,'1995','NRM-CGI-001995|BI041000',NULL,NULL,NULL,NULL,NULL,'Hona','',NULL,NULL,7,85,85,1,85,171,NULL,NULL,85,NULL),(86,6,0,NULL,NULL,NULL,NULL,NULL,NULL,NULL,NULL,NULL,NULL,NULL,NULL,NULL,NULL,NULL,NULL,3711,'3711','NRM-CGI-003711|BI041002',NULL,NULL,NULL,NULL,NULL,'Hona','',NULL,NULL,7,86,86,1,86,172,NULL,NULL,86,NULL),(87,6,0,NULL,NULL,NULL,NULL,NULL,NULL,NULL,NULL,NULL,NULL,NULL,NULL,NULL,NULL,NULL,NULL,3708,'3708','NRM-CGI-003708|BI041002',NULL,NULL,NULL,NULL,NULL,'Hona','',NULL,NULL,7,87,87,1,87,173,NULL,NULL,87,NULL),(88,6,0,NULL,NULL,NULL,NULL,NULL,NULL,NULL,NULL,NULL,NULL,NULL,NULL,NULL,NULL,NULL,NULL,3709,'3709','NRM-CGI-003709|BI041002',NULL,NULL,NULL,NULL,NULL,'Hona','',NULL,NULL,7,88,88,1,88,174,NULL,NULL,88,NULL),(89,6,0,NULL,NULL,NULL,NULL,NULL,NULL,NULL,NULL,NULL,NULL,NULL,NULL,NULL,NULL,NULL,NULL,3710,'3710','NRM-CGI-003710|BI041002',NULL,NULL,NULL,NULL,NULL,'Hona','',NULL,NULL,7,89,89,1,89,175,NULL,NULL,89,NULL),(90,6,0,NULL,NULL,NULL,NULL,NULL,NULL,NULL,NULL,NULL,NULL,NULL,NULL,NULL,NULL,NULL,NULL,5528,'5528','NRM-CGI-005528|BI041012',NULL,NULL,NULL,NULL,NULL,'Hona','',NULL,NULL,7,90,90,1,90,176,NULL,NULL,90,NULL),(91,6,0,NULL,NULL,NULL,NULL,NULL,NULL,NULL,NULL,NULL,NULL,NULL,NULL,NULL,NULL,NULL,NULL,5526,'5526','NRM-CGI-005526|BI041012',NULL,NULL,NULL,NULL,NULL,'Hona','',NULL,NULL,7,91,91,1,91,177,NULL,NULL,91,NULL),(92,6,0,NULL,NULL,NULL,NULL,NULL,NULL,NULL,NULL,NULL,NULL,NULL,NULL,NULL,NULL,NULL,NULL,5530,'5530','NRM-CGI-005530|BI041012',NULL,NULL,NULL,NULL,NULL,'Hona','',NULL,NULL,7,92,92,1,92,178,NULL,NULL,92,NULL),(93,6,0,NULL,NULL,NULL,NULL,NULL,NULL,NULL,NULL,NULL,NULL,NULL,NULL,NULL,NULL,NULL,NULL,5527,'5527','NRM-CGI-005527|BI041012',NULL,NULL,NULL,NULL,NULL,'Hona','',NULL,NULL,7,93,93,1,93,179,NULL,NULL,93,NULL),(94,6,0,NULL,NULL,NULL,NULL,NULL,NULL,NULL,NULL,NULL,NULL,NULL,NULL,NULL,NULL,NULL,NULL,5529,'5529','NRM-CGI-005529|BI041012',NULL,NULL,NULL,NULL,NULL,'Hona','',NULL,NULL,7,94,94,1,94,180,NULL,NULL,94,NULL),(95,6,0,NULL,NULL,NULL,NULL,NULL,NULL,NULL,NULL,NULL,NULL,NULL,NULL,NULL,NULL,NULL,NULL,2006,'2006','NRM-CGI-002006|BI041023',NULL,NULL,NULL,NULL,NULL,'Hona','',NULL,NULL,7,95,95,1,95,181,NULL,NULL,95,NULL),(96,6,0,NULL,NULL,NULL,NULL,NULL,NULL,NULL,NULL,NULL,NULL,NULL,NULL,NULL,NULL,NULL,NULL,2010,'2010','NRM-CGI-002010|BI041025',NULL,NULL,NULL,NULL,NULL,'Hona','',NULL,NULL,7,96,96,1,96,182,NULL,NULL,96,NULL),(97,6,0,NULL,NULL,NULL,NULL,NULL,NULL,NULL,NULL,NULL,NULL,NULL,NULL,NULL,NULL,NULL,NULL,2001,'2001','NRM-CGI-002001|BI041035',NULL,NULL,NULL,NULL,NULL,'Hona','',NULL,NULL,7,97,97,1,97,183,NULL,NULL,97,NULL),(98,6,0,NULL,NULL,NULL,NULL,NULL,NULL,NULL,NULL,NULL,NULL,NULL,NULL,NULL,NULL,NULL,NULL,1993,'1993','NRM-CGI-001993|BI041036',NULL,NULL,NULL,NULL,NULL,'Hona','',NULL,NULL,7,98,98,1,98,184,NULL,NULL,98,NULL),(99,6,0,NULL,NULL,NULL,NULL,NULL,NULL,NULL,NULL,NULL,NULL,NULL,NULL,NULL,NULL,NULL,NULL,2743,'2743','NRM-CGI-002743|BI041043',NULL,NULL,NULL,NULL,NULL,'Hona','',NULL,NULL,7,99,99,1,99,185,NULL,NULL,99,NULL),(100,6,0,NULL,NULL,NULL,NULL,NULL,NULL,NULL,NULL,NULL,NULL,NULL,NULL,NULL,NULL,NULL,NULL,2741,'2741','NRM-CGI-002741|BI041043',NULL,NULL,NULL,NULL,NULL,'Hona','',NULL,NULL,7,100,100,1,100,186,NULL,NULL,100,NULL),(101,6,0,NULL,NULL,NULL,NULL,NULL,NULL,NULL,NULL,NULL,NULL,NULL,NULL,NULL,NULL,NULL,NULL,2746,'2746','NRM-CGI-002746|BI041043',NULL,NULL,NULL,NULL,NULL,'Hona','',NULL,NULL,7,101,101,1,101,187,NULL,NULL,101,NULL),(102,6,0,NULL,NULL,NULL,NULL,NULL,NULL,NULL,NULL,NULL,NULL,NULL,NULL,NULL,NULL,NULL,NULL,2747,'2747','NRM-CGI-002747|BI041043',NULL,NULL,NULL,NULL,NULL,'Hona','',NULL,NULL,7,102,102,1,102,188,NULL,NULL,102,NULL),(103,6,0,NULL,NULL,NULL,NULL,NULL,NULL,NULL,NULL,NULL,NULL,NULL,NULL,NULL,NULL,NULL,NULL,2750,'2750','NRM-CGI-002750|BI041043',NULL,NULL,NULL,NULL,NULL,'Hona','',NULL,NULL,7,103,103,1,103,189,NULL,NULL,103,NULL),(104,6,0,NULL,NULL,NULL,NULL,NULL,NULL,NULL,NULL,NULL,NULL,NULL,NULL,NULL,NULL,NULL,NULL,2740,'2740','NRM-CGI-002740|BI041043',NULL,NULL,NULL,NULL,NULL,'Hona','',NULL,NULL,7,104,104,1,104,190,NULL,NULL,104,NULL),(105,6,0,NULL,NULL,NULL,NULL,NULL,NULL,NULL,NULL,NULL,NULL,NULL,NULL,NULL,NULL,NULL,NULL,2744,'2744','NRM-CGI-002744|BI041043',NULL,NULL,NULL,NULL,NULL,'Hona','',NULL,NULL,7,105,105,1,105,191,NULL,NULL,105,NULL),(106,6,0,NULL,NULL,NULL,NULL,NULL,NULL,NULL,NULL,NULL,NULL,NULL,NULL,NULL,NULL,NULL,NULL,2748,'2748','NRM-CGI-002748|BI041043',NULL,NULL,NULL,NULL,NULL,'Hona','',NULL,NULL,7,106,106,1,106,192,NULL,NULL,106,NULL),(107,6,0,NULL,NULL,NULL,NULL,NULL,NULL,NULL,NULL,NULL,NULL,NULL,NULL,NULL,NULL,NULL,NULL,2749,'2749','NRM-CGI-002749|BI041043',NULL,NULL,NULL,NULL,NULL,'Hona','',NULL,NULL,7,107,107,1,107,193,NULL,NULL,107,NULL),(108,6,0,NULL,NULL,NULL,NULL,NULL,NULL,NULL,NULL,NULL,NULL,NULL,NULL,NULL,NULL,NULL,NULL,2745,'2745','NRM-CGI-002745|BI041043',NULL,NULL,NULL,NULL,NULL,'Hona','',NULL,NULL,7,108,108,1,108,194,NULL,NULL,108,NULL),(109,6,0,NULL,NULL,NULL,NULL,NULL,NULL,NULL,NULL,NULL,NULL,NULL,NULL,NULL,NULL,NULL,NULL,2742,'2742','NRM-CGI-002742|BI041043',NULL,NULL,NULL,NULL,NULL,'Hona','',NULL,NULL,7,109,109,1,109,195,NULL,NULL,109,NULL),(110,6,0,NULL,NULL,NULL,NULL,NULL,NULL,NULL,NULL,NULL,NULL,NULL,NULL,NULL,NULL,NULL,NULL,5248,'5248','NRM-CGI-005248|BI041047',NULL,NULL,NULL,NULL,NULL,'Hona','',NULL,NULL,7,110,110,1,110,196,NULL,NULL,110,NULL);
/*!40000 ALTER TABLE `Specimens_AUD` ENABLE KEYS */;
UNLOCK TABLES;

--
-- Table structure for table `Spots`
--

DROP TABLE IF EXISTS `Spots`;
/*!40101 SET @saved_cs_client     = @@character_set_client */;
/*!40101 SET character_set_client = utf8 */;
CREATE TABLE `Spots` (
  `SpotID` int(11) NOT NULL AUTO_INCREMENT,
  `Background` double NOT NULL,
  `LastModified` datetime(6) DEFAULT NULL,
  `NormVol` double NOT NULL,
  `Present` bit(1) NOT NULL,
  `Quality` varchar(5) DEFAULT NULL,
  `SpotColumn` int(11) NOT NULL,
  `SpotRow` varchar(1) NOT NULL,
  `VolBkgnd` double NOT NULL,
  `Volume` double NOT NULL,
  `CloneID` int(11) DEFAULT NULL,
  `HybridizationID` int(11) DEFAULT NULL,
  PRIMARY KEY (`SpotID`),
  KEY `FK_pmnlt8vntd8p1c8gprjyib8as` (`CloneID`),
  KEY `FK_cuflk23ug0204f8gddp5ihwym` (`HybridizationID`),
  CONSTRAINT `FK_cuflk23ug0204f8gddp5ihwym` FOREIGN KEY (`HybridizationID`) REFERENCES `Hybridizations` (`HybridizationID`),
  CONSTRAINT `FK_pmnlt8vntd8p1c8gprjyib8as` FOREIGN KEY (`CloneID`) REFERENCES `Clones` (`CloneID`)
) ENGINE=InnoDB DEFAULT CHARSET=latin1;
/*!40101 SET character_set_client = @saved_cs_client */;

--
-- Dumping data for table `Spots`
--

LOCK TABLES `Spots` WRITE;
/*!40000 ALTER TABLE `Spots` DISABLE KEYS */;
/*!40000 ALTER TABLE `Spots` ENABLE KEYS */;
UNLOCK TABLES;

--
-- Table structure for table `SpreadSheetColumns`
--

DROP TABLE IF EXISTS `SpreadSheetColumns`;
/*!40101 SET @saved_cs_client     = @@character_set_client */;
/*!40101 SET character_set_client = utf8 */;
CREATE TABLE `SpreadSheetColumns` (
  `SpreadSheetColumnID` int(11) NOT NULL AUTO_INCREMENT,
  `ColumnIndex` varchar(50) NOT NULL,
  `Field` longtext NOT NULL,
  `SeqSubmissionConfigID` int(11) DEFAULT NULL,
  `SpreadSheetTemplateID` int(11) DEFAULT NULL,
  PRIMARY KEY (`SpreadSheetColumnID`),
  KEY `FK_s7391xm6gpdaivq4k87wt2g8h` (`SeqSubmissionConfigID`),
  KEY `FK_4hn0og6pmo69k02rt88nfidff` (`SpreadSheetTemplateID`),
  CONSTRAINT `FK_4hn0og6pmo69k02rt88nfidff` FOREIGN KEY (`SpreadSheetTemplateID`) REFERENCES `SpreadSheetTemplates` (`SpreadSheetTemplateID`),
  CONSTRAINT `FK_s7391xm6gpdaivq4k87wt2g8h` FOREIGN KEY (`SeqSubmissionConfigID`) REFERENCES `SeqSubmissionConfigs` (`SeqSubmissionConfigID`)
) ENGINE=InnoDB AUTO_INCREMENT=8 DEFAULT CHARSET=latin1;
/*!40101 SET character_set_client = @saved_cs_client */;

--
-- Dumping data for table `SpreadSheetColumns`
--

LOCK TABLES `SpreadSheetColumns` WRITE;
/*!40000 ALTER TABLE `SpreadSheetColumns` DISABLE KEYS */;
INSERT INTO `SpreadSheetColumns` VALUES (1,'B','sample.specimen.number',2,NULL),(2,'C','region.name',2,NULL),(3,'D','sample.specimen.collectionCode',2,NULL),(4,'E','pcrBatch.indexSet',2,NULL),(5,'F','sample.tubeId',2,NULL),(6,'G','primerForward.name',2,NULL),(7,'H','primerReverse.name',2,NULL);
/*!40000 ALTER TABLE `SpreadSheetColumns` ENABLE KEYS */;
UNLOCK TABLES;

--
-- Table structure for table `SpreadSheetTemplates`
--

DROP TABLE IF EXISTS `SpreadSheetTemplates`;
/*!40101 SET @saved_cs_client     = @@character_set_client */;
/*!40101 SET character_set_client = utf8 */;
CREATE TABLE `SpreadSheetTemplates` (
  `SpreadSheetTemplateID` int(11) NOT NULL AUTO_INCREMENT,
  `Importer` varchar(32) NOT NULL,
  `Name` varchar(100) NOT NULL,
  `AccountProfileID` int(11) NOT NULL,
  PRIMARY KEY (`SpreadSheetTemplateID`),
  KEY `FK_bwa6s2770ef5adnwm1k214yh7` (`AccountProfileID`),
  CONSTRAINT `FK_bwa6s2770ef5adnwm1k214yh7` FOREIGN KEY (`AccountProfileID`) REFERENCES `AccountProfiles` (`AccountProfileID`)
) ENGINE=InnoDB DEFAULT CHARSET=latin1;
/*!40101 SET character_set_client = @saved_cs_client */;

--
-- Dumping data for table `SpreadSheetTemplates`
--

LOCK TABLES `SpreadSheetTemplates` WRITE;
/*!40000 ALTER TABLE `SpreadSheetTemplates` DISABLE KEYS */;
/*!40000 ALTER TABLE `SpreadSheetTemplates` ENABLE KEYS */;
UNLOCK TABLES;

--
-- Table structure for table `Storages`
--

DROP TABLE IF EXISTS `Storages`;
/*!40101 SET @saved_cs_client     = @@character_set_client */;
/*!40101 SET character_set_client = utf8 */;
CREATE TABLE `Storages` (
  `StorageID` int(11) NOT NULL AUTO_INCREMENT,
  `CompartmentType` varchar(50) DEFAULT NULL,
  `Description` varchar(200) DEFAULT NULL,
  `LastModified` datetime(6) DEFAULT NULL,
  `Name` varchar(50) NOT NULL,
  `NumberOfShelves` int(11) DEFAULT NULL,
  `RoomNumber` varchar(50) DEFAULT NULL,
  `GroupID` int(11) DEFAULT NULL,
  PRIMARY KEY (`StorageID`),
  UNIQUE KEY `UK_rfxhmrf2nokgc4svgxj8jm2fa` (`Name`),
  KEY `FK_jma7et3xaob4668lptl2wswup` (`GroupID`),
  CONSTRAINT `FK_jma7et3xaob4668lptl2wswup` FOREIGN KEY (`GroupID`) REFERENCES `Groups` (`GroupID`)
) ENGINE=InnoDB AUTO_INCREMENT=5 DEFAULT CHARSET=latin1;
/*!40101 SET character_set_client = @saved_cs_client */;

--
-- Dumping data for table `Storages`
--

LOCK TABLES `Storages` WRITE;
/*!40000 ALTER TABLE `Storages` DISABLE KEYS */;
INSERT INTO `Storages` VALUES (1,'Upper/Lower','description 1','2013-03-19 00:00:00.000000','name 1',2,'2000',1),(2,'Upper/Lower','description 2','2013-03-19 00:00:00.000000','name 2',3,'3000',1),(3,'Upper/Mid/Lower','description 3','2013-03-19 00:00:00.000000','name 3',4,'4000',1),(4,'Upper/Mid/Lower','description 4','2013-03-19 00:00:00.000000','name 4',5,'5000',3);
/*!40000 ALTER TABLE `Storages` ENABLE KEYS */;
UNLOCK TABLES;

--
-- Table structure for table `SubmissionFacilitys`
--

DROP TABLE IF EXISTS `SubmissionFacilitys`;
/*!40101 SET @saved_cs_client     = @@character_set_client */;
/*!40101 SET character_set_client = utf8 */;
CREATE TABLE `SubmissionFacilitys` (
  `SubmissionFacilityID` int(11) NOT NULL AUTO_INCREMENT,
  `Contact` varchar(1024) DEFAULT NULL,
  `LastModified` datetime(6) DEFAULT NULL,
  `Name` varchar(255) NOT NULL,
  `Notes` varchar(1024) DEFAULT NULL,
  `ShippingDetails` varchar(1024) DEFAULT NULL,
  PRIMARY KEY (`SubmissionFacilityID`),
  UNIQUE KEY `UK_junyw2tx3grj5atqekn689wp3` (`Name`)
) ENGINE=InnoDB AUTO_INCREMENT=3 DEFAULT CHARSET=latin1;
/*!40101 SET character_set_client = @saved_cs_client */;

--
-- Dumping data for table `SubmissionFacilitys`
--

LOCK TABLES `SubmissionFacilitys` WRITE;
/*!40000 ALTER TABLE `SubmissionFacilitys` DISABLE KEYS */;
INSERT INTO `SubmissionFacilitys` VALUES (1,'PBI Contact Info','2017-06-23 00:00:00.000000','PBI','PBI notes','PBI Shipping Details'),(2,'MTL Contact Info','2017-06-23 00:00:00.000000','MTL','MTL Notes','MTL Shipping Details');
/*!40000 ALTER TABLE `SubmissionFacilitys` ENABLE KEYS */;
UNLOCK TABLES;

--
-- Table structure for table `SubmissionFacilitys_AUD`
--

DROP TABLE IF EXISTS `SubmissionFacilitys_AUD`;
/*!40101 SET @saved_cs_client     = @@character_set_client */;
/*!40101 SET character_set_client = utf8 */;
CREATE TABLE `SubmissionFacilitys_AUD` (
  `SubmissionFacilityID` int(11) NOT NULL,
  `REV` int(11) NOT NULL,
  `REVTYPE` tinyint(4) DEFAULT NULL,
  `Contact` varchar(1024) DEFAULT NULL,
  `Name` varchar(255) DEFAULT NULL,
  `Notes` varchar(1024) DEFAULT NULL,
  `ShippingDetails` varchar(1024) DEFAULT NULL,
  PRIMARY KEY (`SubmissionFacilityID`,`REV`),
  KEY `FK_goum9a5y0kseu9dl94pdk6io9` (`REV`),
  CONSTRAINT `FK_goum9a5y0kseu9dl94pdk6io9` FOREIGN KEY (`REV`) REFERENCES `Revision` (`id`)
) ENGINE=InnoDB DEFAULT CHARSET=latin1;
/*!40101 SET character_set_client = @saved_cs_client */;

--
-- Dumping data for table `SubmissionFacilitys_AUD`
--

LOCK TABLES `SubmissionFacilitys_AUD` WRITE;
/*!40000 ALTER TABLE `SubmissionFacilitys_AUD` DISABLE KEYS */;
/*!40000 ALTER TABLE `SubmissionFacilitys_AUD` ENABLE KEYS */;
UNLOCK TABLES;

--
-- Table structure for table `TagFragment`
--

DROP TABLE IF EXISTS `TagFragment`;
/*!40101 SET @saved_cs_client     = @@character_set_client */;
/*!40101 SET character_set_client = utf8 */;
CREATE TABLE `TagFragment` (
  `TagID` int(11) NOT NULL,
  `FragmentID` int(11) NOT NULL,
  PRIMARY KEY (`TagID`,`FragmentID`),
  KEY `FK_swtwrw5un870fjrefj2xtbnp4` (`FragmentID`),
  CONSTRAINT `FK_643autsd7naoi3ym5n1cmyqyy` FOREIGN KEY (`TagID`) REFERENCES `ProjectTags` (`TagID`),
  CONSTRAINT `FK_swtwrw5un870fjrefj2xtbnp4` FOREIGN KEY (`FragmentID`) REFERENCES `Fragments` (`FragmentID`)
) ENGINE=InnoDB DEFAULT CHARSET=latin1;
/*!40101 SET character_set_client = @saved_cs_client */;

--
-- Dumping data for table `TagFragment`
--

LOCK TABLES `TagFragment` WRITE;
/*!40000 ALTER TABLE `TagFragment` DISABLE KEYS */;
/*!40000 ALTER TABLE `TagFragment` ENABLE KEYS */;
UNLOCK TABLES;

--
-- Table structure for table `TagMixedSpecimen`
--

DROP TABLE IF EXISTS `TagMixedSpecimen`;
/*!40101 SET @saved_cs_client     = @@character_set_client */;
/*!40101 SET character_set_client = utf8 */;
CREATE TABLE `TagMixedSpecimen` (
  `TagID` int(11) NOT NULL,
  `MixedSpecimenID` int(11) NOT NULL,
  PRIMARY KEY (`TagID`,`MixedSpecimenID`),
  KEY `FK_2qk33ir4t157gly8xhlolo5n0` (`MixedSpecimenID`),
  CONSTRAINT `FK_2qk33ir4t157gly8xhlolo5n0` FOREIGN KEY (`MixedSpecimenID`) REFERENCES `MixedSpecimens` (`MixedSpecimenID`),
  CONSTRAINT `FK_occi02fr0coj9twv04gnbmi94` FOREIGN KEY (`TagID`) REFERENCES `ProjectTags` (`TagID`)
) ENGINE=InnoDB DEFAULT CHARSET=latin1;
/*!40101 SET character_set_client = @saved_cs_client */;

--
-- Dumping data for table `TagMixedSpecimen`
--

LOCK TABLES `TagMixedSpecimen` WRITE;
/*!40000 ALTER TABLE `TagMixedSpecimen` DISABLE KEYS */;
INSERT INTO `TagMixedSpecimen` VALUES (8,1),(2,2),(3,3),(4,4),(5,5),(6,6),(7,12);
/*!40000 ALTER TABLE `TagMixedSpecimen` ENABLE KEYS */;
UNLOCK TABLES;

--
-- Table structure for table `TagSample`
--

DROP TABLE IF EXISTS `TagSample`;
/*!40101 SET @saved_cs_client     = @@character_set_client */;
/*!40101 SET character_set_client = utf8 */;
CREATE TABLE `TagSample` (
  `TagID` int(11) NOT NULL,
  `SampleID` int(11) NOT NULL,
  PRIMARY KEY (`TagID`,`SampleID`),
  KEY `FK_mbq67ya7vpqircwp8at9286hk` (`SampleID`),
  CONSTRAINT `FK_1sjim4vyu289iagm2oe7me121` FOREIGN KEY (`TagID`) REFERENCES `ProjectTags` (`TagID`),
  CONSTRAINT `FK_mbq67ya7vpqircwp8at9286hk` FOREIGN KEY (`SampleID`) REFERENCES `Samples` (`SampleID`)
) ENGINE=InnoDB DEFAULT CHARSET=latin1;
/*!40101 SET character_set_client = @saved_cs_client */;

--
-- Dumping data for table `TagSample`
--

LOCK TABLES `TagSample` WRITE;
/*!40000 ALTER TABLE `TagSample` DISABLE KEYS */;
INSERT INTO `TagSample` VALUES (8,1),(2,2),(3,3),(4,4),(5,5),(6,6);
/*!40000 ALTER TABLE `TagSample` ENABLE KEYS */;
UNLOCK TABLES;

--
-- Table structure for table `TagSequence`
--

DROP TABLE IF EXISTS `TagSequence`;
/*!40101 SET @saved_cs_client     = @@character_set_client */;
/*!40101 SET character_set_client = utf8 */;
CREATE TABLE `TagSequence` (
  `TagID` int(11) NOT NULL,
  `SequenceID` int(11) NOT NULL,
  PRIMARY KEY (`TagID`,`SequenceID`),
  KEY `FK_29af0jdceosu00gp08484a2f1` (`SequenceID`),
  CONSTRAINT `FK_29af0jdceosu00gp08484a2f1` FOREIGN KEY (`SequenceID`) REFERENCES `Sequences` (`SequenceID`),
  CONSTRAINT `FK_dfy3l4v77lgwyqgf54diobg8t` FOREIGN KEY (`TagID`) REFERENCES `ProjectTags` (`TagID`)
) ENGINE=InnoDB DEFAULT CHARSET=latin1;
/*!40101 SET character_set_client = @saved_cs_client */;

--
-- Dumping data for table `TagSequence`
--

LOCK TABLES `TagSequence` WRITE;
/*!40000 ALTER TABLE `TagSequence` DISABLE KEYS */;
/*!40000 ALTER TABLE `TagSequence` ENABLE KEYS */;
UNLOCK TABLES;

--
-- Table structure for table `TagSpecimen`
--

DROP TABLE IF EXISTS `TagSpecimen`;
/*!40101 SET @saved_cs_client     = @@character_set_client */;
/*!40101 SET character_set_client = utf8 */;
CREATE TABLE `TagSpecimen` (
  `TagID` int(11) NOT NULL,
  `SpecimenID` int(11) NOT NULL,
  PRIMARY KEY (`TagID`,`SpecimenID`),
  KEY `FK_j44wkjwhacarb897v73r23pk5` (`SpecimenID`),
  CONSTRAINT `FK_dfesxqm81ixf0nlhludtrdsqs` FOREIGN KEY (`TagID`) REFERENCES `ProjectTags` (`TagID`),
  CONSTRAINT `FK_j44wkjwhacarb897v73r23pk5` FOREIGN KEY (`SpecimenID`) REFERENCES `Specimens` (`SpecimenID`)
) ENGINE=InnoDB DEFAULT CHARSET=latin1;
/*!40101 SET character_set_client = @saved_cs_client */;

--
-- Dumping data for table `TagSpecimen`
--

LOCK TABLES `TagSpecimen` WRITE;
/*!40000 ALTER TABLE `TagSpecimen` DISABLE KEYS */;
INSERT INTO `TagSpecimen` VALUES (8,1),(2,2),(3,3),(4,4),(5,5),(6,12);
/*!40000 ALTER TABLE `TagSpecimen` ENABLE KEYS */;
UNLOCK TABLES;

--
-- Table structure for table `TaskArguments`
--

DROP TABLE IF EXISTS `TaskArguments`;
/*!40101 SET @saved_cs_client     = @@character_set_client */;
/*!40101 SET character_set_client = utf8 */;
CREATE TABLE `TaskArguments` (
  `TaskID` int(11) NOT NULL,
  `Argument` varchar(255) DEFAULT NULL,
  KEY `FK_podnyp77yrdamkchlpeslqla9` (`TaskID`),
  CONSTRAINT `FK_podnyp77yrdamkchlpeslqla9` FOREIGN KEY (`TaskID`) REFERENCES `Tasks` (`TaskID`)
) ENGINE=InnoDB DEFAULT CHARSET=latin1;
/*!40101 SET character_set_client = @saved_cs_client */;

--
-- Dumping data for table `TaskArguments`
--

LOCK TABLES `TaskArguments` WRITE;
/*!40000 ALTER TABLE `TaskArguments` DISABLE KEYS */;
/*!40000 ALTER TABLE `TaskArguments` ENABLE KEYS */;
UNLOCK TABLES;

--
-- Table structure for table `Tasks`
--

DROP TABLE IF EXISTS `Tasks`;
/*!40101 SET @saved_cs_client     = @@character_set_client */;
/*!40101 SET character_set_client = utf8 */;
CREATE TABLE `Tasks` (
  `TaskID` int(11) NOT NULL AUTO_INCREMENT,
  `Description` varchar(255) DEFAULT NULL,
  `Name` varchar(255) DEFAULT NULL,
  `Type` varchar(255) NOT NULL,
  `AccountID` int(11) NOT NULL,
  PRIMARY KEY (`TaskID`),
  KEY `FK_2rtb4sk2nb8xh2jxmsky5xdga` (`AccountID`),
  CONSTRAINT `FK_2rtb4sk2nb8xh2jxmsky5xdga` FOREIGN KEY (`AccountID`) REFERENCES `Accounts` (`AccountID`)
) ENGINE=InnoDB DEFAULT CHARSET=latin1;
/*!40101 SET character_set_client = @saved_cs_client */;

--
-- Dumping data for table `Tasks`
--

LOCK TABLES `Tasks` WRITE;
/*!40000 ALTER TABLE `Tasks` DISABLE KEYS */;
/*!40000 ALTER TABLE `Tasks` ENABLE KEYS */;
UNLOCK TABLES;

--
-- Table structure for table `Taxa`
--

DROP TABLE IF EXISTS `Taxa`;
/*!40101 SET @saved_cs_client     = @@character_set_client */;
/*!40101 SET character_set_client = utf8 */;
CREATE TABLE `Taxa` (
  `TaxonID` int(11) NOT NULL AUTO_INCREMENT,
  `Author` varchar(100) DEFAULT NULL,
  `AuthorYear` int(11) DEFAULT NULL,
  `GenderEnding` varchar(10) DEFAULT NULL,
  `Identity` varchar(200) DEFAULT NULL,
  `Keywords` varchar(512) DEFAULT NULL,
  `LastModified` datetime(6) DEFAULT NULL,
  `LastModifiedBy` varchar(512) DEFAULT NULL,
  `Name` varchar(100) NOT NULL,
  `OrigName` varchar(100) DEFAULT NULL,
  `SubAuthor` varchar(100) DEFAULT NULL,
  `SubAuthorYear` int(11) DEFAULT NULL,
  `OrigComb` int(11) DEFAULT NULL,
  `Parent` int(11) DEFAULT NULL,
  `Preferred` int(11) DEFAULT NULL,
  `RClass` int(11) DEFAULT NULL,
  `RFamily` int(11) DEFAULT NULL,
  `RForma` int(11) DEFAULT NULL,
  `RFormaSpecialis` int(11) DEFAULT NULL,
  `RGenus` int(11) DEFAULT NULL,
  `RInfraclass` int(11) DEFAULT NULL,
  `RInfraorder` int(11) DEFAULT NULL,
  `RKingdom` int(11) DEFAULT NULL,
  `RNoRank` int(11) DEFAULT NULL,
  `ROrder` int(11) DEFAULT NULL,
  `RParvorder` int(11) DEFAULT NULL,
  `RPhylum` int(11) DEFAULT NULL,
  `RSection` int(11) DEFAULT NULL,
  `RSeries` int(11) DEFAULT NULL,
  `RSpecies` int(11) DEFAULT NULL,
  `RSpeciesGroup` int(11) DEFAULT NULL,
  `RSpeciesSubgroup` int(11) DEFAULT NULL,
  `RSubclass` int(11) DEFAULT NULL,
  `RSubfamily` int(11) DEFAULT NULL,
  `RSubgenus` int(11) DEFAULT NULL,
  `RSubkingdom` int(11) DEFAULT NULL,
  `RSuborder` int(11) DEFAULT NULL,
  `RSubphylum` int(11) DEFAULT NULL,
  `RSubspecies` int(11) DEFAULT NULL,
  `RSubtribe` int(11) DEFAULT NULL,
  `RSuperclass` int(11) DEFAULT NULL,
  `RSuperfamily` int(11) DEFAULT NULL,
  `RSuperkingdom` int(11) DEFAULT NULL,
  `RSuperorder` int(11) DEFAULT NULL,
  `RSuperphylum` int(11) DEFAULT NULL,
  `RTribe` int(11) DEFAULT NULL,
  `RVariety` int(11) DEFAULT NULL,
  `TaxonomicRank` int(11) DEFAULT NULL,
  `SameAs` int(11) DEFAULT NULL,
  PRIMARY KEY (`TaxonID`),
  KEY `FK_8xjjo8revddjgtew69fi2d4qo` (`OrigComb`),
  KEY `FK_bh11kemtx4pu5snt7ohpp001` (`Parent`),
  KEY `FK_sq1n8okqvy44oofqqvkhxqf13` (`Preferred`),
  KEY `FK_a9gk29p8sof5bnti457xfkh87` (`RClass`),
  KEY `FK_8g4x7w1q441tcqmjqjrepp9df` (`RFamily`),
  KEY `FK_6mhas0jkiqqwt9wqgd2tyuhwf` (`RForma`),
  KEY `FK_nvdn4ircr41s61ctno51viekd` (`RFormaSpecialis`),
  KEY `FK_le59c65oq61w3jtrk9b9tfo14` (`RGenus`),
  KEY `FK_qblg3frh0iswo7u3w6faghpr` (`RInfraclass`),
  KEY `FK_cacot4sqn736h54rx371yu6w6` (`RInfraorder`),
  KEY `FK_abmjpyg0a3fjx803jsvuohy8j` (`RKingdom`),
  KEY `FK_e7wdawkkl8giwgn4uwrqv8897` (`RNoRank`),
  KEY `FK_15ccibevnv1sc0ntlmbn7oxdt` (`ROrder`),
  KEY `FK_4dgb4gh2p3fmlalbj4qrolvkm` (`RParvorder`),
  KEY `FK_osm6gva5bo26w7obj7sl0k5f3` (`RPhylum`),
  KEY `FK_7x2v74i9c0j03hn520v736u82` (`RSection`),
  KEY `FK_5w10nvvxa5nfdr6vghqx8wic` (`RSeries`),
  KEY `FK_5k68p5d2j1dn1i1kp0cbi9m0f` (`RSpecies`),
  KEY `FK_mb8o3irwgug7doc3a2hfuos99` (`RSpeciesGroup`),
  KEY `FK_7yaw7x60h21dyp9dsvco0tu6c` (`RSpeciesSubgroup`),
  KEY `FK_hx82cmlm9a33gc2jnm1lhmc0o` (`RSubclass`),
  KEY `FK_9vmjpfkow8tsrpvkj1tls7l6c` (`RSubfamily`),
  KEY `FK_8vifg5efr3p08day12ari3ywb` (`RSubgenus`),
  KEY `FK_ih7ql24i0hufcjjnh22rv0xfb` (`RSubkingdom`),
  KEY `FK_lfjgcky9edg98resn1vadih2h` (`RSuborder`),
  KEY `FK_amncx0v5qk0t1rc2hdc80c4np` (`RSubphylum`),
  KEY `FK_fjyb34dplfbvwvhsaym7x1cxi` (`RSubspecies`),
  KEY `FK_ejljb80rovoht26aa8iqka6gf` (`RSubtribe`),
  KEY `FK_gu9ytkxs4x70fx0w53bw4lscx` (`RSuperclass`),
  KEY `FK_eyjixa0qguc5yxufrwscomh4x` (`RSuperfamily`),
  KEY `FK_c4fget0ufn0xy30sfpve8h4ty` (`RSuperkingdom`),
  KEY `FK_maxvacfxyxysc7lmrlf1npkto` (`RSuperorder`),
  KEY `FK_b4hyi1s7df54l89yxk8txbxd3` (`RSuperphylum`),
  KEY `FK_9vnuhsjbibxrndfjavof2oek3` (`RTribe`),
  KEY `FK_d3h9i3xcoa7d9norwjrft38ob` (`RVariety`),
  KEY `FK_gs4a2pja8lggk6611pag4f04h` (`TaxonomicRank`),
  KEY `FK_bw8gdw7kno52jatkm23yr7urg` (`SameAs`),
  CONSTRAINT `FK_15ccibevnv1sc0ntlmbn7oxdt` FOREIGN KEY (`ROrder`) REFERENCES `Taxa` (`TaxonID`),
  CONSTRAINT `FK_4dgb4gh2p3fmlalbj4qrolvkm` FOREIGN KEY (`RParvorder`) REFERENCES `Taxa` (`TaxonID`),
  CONSTRAINT `FK_5k68p5d2j1dn1i1kp0cbi9m0f` FOREIGN KEY (`RSpecies`) REFERENCES `Taxa` (`TaxonID`),
  CONSTRAINT `FK_5w10nvvxa5nfdr6vghqx8wic` FOREIGN KEY (`RSeries`) REFERENCES `Taxa` (`TaxonID`),
  CONSTRAINT `FK_6mhas0jkiqqwt9wqgd2tyuhwf` FOREIGN KEY (`RForma`) REFERENCES `Taxa` (`TaxonID`),
  CONSTRAINT `FK_7x2v74i9c0j03hn520v736u82` FOREIGN KEY (`RSection`) REFERENCES `Taxa` (`TaxonID`),
  CONSTRAINT `FK_7yaw7x60h21dyp9dsvco0tu6c` FOREIGN KEY (`RSpeciesSubgroup`) REFERENCES `Taxa` (`TaxonID`),
  CONSTRAINT `FK_8g4x7w1q441tcqmjqjrepp9df` FOREIGN KEY (`RFamily`) REFERENCES `Taxa` (`TaxonID`),
  CONSTRAINT `FK_8vifg5efr3p08day12ari3ywb` FOREIGN KEY (`RSubgenus`) REFERENCES `Taxa` (`TaxonID`),
  CONSTRAINT `FK_8xjjo8revddjgtew69fi2d4qo` FOREIGN KEY (`OrigComb`) REFERENCES `Taxa` (`TaxonID`),
  CONSTRAINT `FK_9vmjpfkow8tsrpvkj1tls7l6c` FOREIGN KEY (`RSubfamily`) REFERENCES `Taxa` (`TaxonID`),
  CONSTRAINT `FK_9vnuhsjbibxrndfjavof2oek3` FOREIGN KEY (`RTribe`) REFERENCES `Taxa` (`TaxonID`),
  CONSTRAINT `FK_a9gk29p8sof5bnti457xfkh87` FOREIGN KEY (`RClass`) REFERENCES `Taxa` (`TaxonID`),
  CONSTRAINT `FK_abmjpyg0a3fjx803jsvuohy8j` FOREIGN KEY (`RKingdom`) REFERENCES `Taxa` (`TaxonID`),
  CONSTRAINT `FK_amncx0v5qk0t1rc2hdc80c4np` FOREIGN KEY (`RSubphylum`) REFERENCES `Taxa` (`TaxonID`),
  CONSTRAINT `FK_b4hyi1s7df54l89yxk8txbxd3` FOREIGN KEY (`RSuperphylum`) REFERENCES `Taxa` (`TaxonID`),
  CONSTRAINT `FK_bh11kemtx4pu5snt7ohpp001` FOREIGN KEY (`Parent`) REFERENCES `Taxa` (`TaxonID`),
  CONSTRAINT `FK_bw8gdw7kno52jatkm23yr7urg` FOREIGN KEY (`SameAs`) REFERENCES `Taxa` (`TaxonID`),
  CONSTRAINT `FK_c4fget0ufn0xy30sfpve8h4ty` FOREIGN KEY (`RSuperkingdom`) REFERENCES `Taxa` (`TaxonID`),
  CONSTRAINT `FK_cacot4sqn736h54rx371yu6w6` FOREIGN KEY (`RInfraorder`) REFERENCES `Taxa` (`TaxonID`),
  CONSTRAINT `FK_d3h9i3xcoa7d9norwjrft38ob` FOREIGN KEY (`RVariety`) REFERENCES `Taxa` (`TaxonID`),
  CONSTRAINT `FK_e7wdawkkl8giwgn4uwrqv8897` FOREIGN KEY (`RNoRank`) REFERENCES `Taxa` (`TaxonID`),
  CONSTRAINT `FK_ejljb80rovoht26aa8iqka6gf` FOREIGN KEY (`RSubtribe`) REFERENCES `Taxa` (`TaxonID`),
  CONSTRAINT `FK_eyjixa0qguc5yxufrwscomh4x` FOREIGN KEY (`RSuperfamily`) REFERENCES `Taxa` (`TaxonID`),
  CONSTRAINT `FK_fjyb34dplfbvwvhsaym7x1cxi` FOREIGN KEY (`RSubspecies`) REFERENCES `Taxa` (`TaxonID`),
  CONSTRAINT `FK_gs4a2pja8lggk6611pag4f04h` FOREIGN KEY (`TaxonomicRank`) REFERENCES `TaxonRank` (`TaxonRankID`),
  CONSTRAINT `FK_gu9ytkxs4x70fx0w53bw4lscx` FOREIGN KEY (`RSuperclass`) REFERENCES `Taxa` (`TaxonID`),
  CONSTRAINT `FK_hx82cmlm9a33gc2jnm1lhmc0o` FOREIGN KEY (`RSubclass`) REFERENCES `Taxa` (`TaxonID`),
  CONSTRAINT `FK_ih7ql24i0hufcjjnh22rv0xfb` FOREIGN KEY (`RSubkingdom`) REFERENCES `Taxa` (`TaxonID`),
  CONSTRAINT `FK_le59c65oq61w3jtrk9b9tfo14` FOREIGN KEY (`RGenus`) REFERENCES `Taxa` (`TaxonID`),
  CONSTRAINT `FK_lfjgcky9edg98resn1vadih2h` FOREIGN KEY (`RSuborder`) REFERENCES `Taxa` (`TaxonID`),
  CONSTRAINT `FK_maxvacfxyxysc7lmrlf1npkto` FOREIGN KEY (`RSuperorder`) REFERENCES `Taxa` (`TaxonID`),
  CONSTRAINT `FK_mb8o3irwgug7doc3a2hfuos99` FOREIGN KEY (`RSpeciesGroup`) REFERENCES `Taxa` (`TaxonID`),
  CONSTRAINT `FK_nvdn4ircr41s61ctno51viekd` FOREIGN KEY (`RFormaSpecialis`) REFERENCES `Taxa` (`TaxonID`),
  CONSTRAINT `FK_osm6gva5bo26w7obj7sl0k5f3` FOREIGN KEY (`RPhylum`) REFERENCES `Taxa` (`TaxonID`),
  CONSTRAINT `FK_qblg3frh0iswo7u3w6faghpr` FOREIGN KEY (`RInfraclass`) REFERENCES `Taxa` (`TaxonID`),
  CONSTRAINT `FK_sq1n8okqvy44oofqqvkhxqf13` FOREIGN KEY (`Preferred`) REFERENCES `Taxa` (`TaxonID`)
) ENGINE=InnoDB AUTO_INCREMENT=8 DEFAULT CHARSET=latin1;
/*!40101 SET character_set_client = @saved_cs_client */;

--
-- Dumping data for table `Taxa`
--

LOCK TABLES `Taxa` WRITE;
/*!40000 ALTER TABLE `Taxa` DISABLE KEYS */;
INSERT INTO `Taxa` VALUES (1,'author',0,NULL,'All author 0[superkingdom]',NULL,'2013-03-19 00:00:00.000000','Bob','All','All',NULL,NULL,NULL,NULL,NULL,NULL,NULL,NULL,NULL,NULL,NULL,NULL,1,NULL,NULL,NULL,NULL,NULL,NULL,NULL,NULL,NULL,NULL,NULL,NULL,NULL,NULL,NULL,NULL,NULL,NULL,NULL,NULL,NULL,NULL,NULL,NULL,1,NULL),(2,'author',0,NULL,'Virus author 0[kingdom]',NULL,'2013-03-19 00:00:00.000000','Bob','Virus','Virus',NULL,NULL,NULL,1,NULL,NULL,NULL,NULL,NULL,NULL,NULL,NULL,2,NULL,NULL,NULL,NULL,NULL,NULL,NULL,NULL,NULL,NULL,NULL,NULL,NULL,NULL,NULL,NULL,NULL,NULL,NULL,NULL,NULL,NULL,NULL,NULL,2,NULL),(3,'Haeckel',1894,NULL,'Bacteria Haeckel 1894[kingdom]',NULL,'2013-03-19 00:00:00.000000','Bob','Bacteria','Bacteria',NULL,NULL,NULL,1,NULL,NULL,NULL,NULL,NULL,NULL,NULL,NULL,3,NULL,NULL,NULL,NULL,NULL,NULL,NULL,NULL,NULL,NULL,NULL,NULL,NULL,NULL,NULL,NULL,NULL,NULL,NULL,NULL,NULL,NULL,NULL,NULL,2,NULL),(4,'Haeckel',1866,NULL,'Protista Haeckel 1866[kingdom]',NULL,'2013-03-19 00:00:00.000000','Bob','Protista','Protista',NULL,NULL,NULL,1,NULL,NULL,NULL,NULL,NULL,NULL,NULL,NULL,4,NULL,NULL,NULL,NULL,NULL,NULL,NULL,NULL,NULL,NULL,NULL,NULL,NULL,NULL,NULL,NULL,NULL,NULL,NULL,NULL,NULL,NULL,NULL,NULL,2,NULL),(5,'Linnaeus',1753,NULL,'Fungi Linnaeus 1753[kingdom]',NULL,'2013-03-19 00:00:00.000000','Bob','Fungi','Fungi',NULL,NULL,NULL,1,NULL,NULL,NULL,NULL,NULL,NULL,NULL,NULL,5,NULL,NULL,NULL,NULL,NULL,NULL,NULL,NULL,NULL,NULL,NULL,NULL,NULL,NULL,NULL,NULL,NULL,NULL,NULL,NULL,NULL,NULL,NULL,NULL,2,NULL),(6,'Haeckel',1866,NULL,'Plantae Haeckel 1866[kingdom]',NULL,'2013-03-19 00:00:00.000000','Bob','Plantae','Plantae',NULL,NULL,NULL,1,NULL,NULL,NULL,NULL,NULL,NULL,NULL,NULL,6,NULL,NULL,NULL,NULL,NULL,NULL,NULL,NULL,NULL,NULL,NULL,NULL,NULL,NULL,NULL,NULL,NULL,NULL,NULL,NULL,NULL,NULL,NULL,NULL,2,NULL),(7,'Linnaeus',1758,NULL,'Animalia Linnaeus 1758[kingdom]',NULL,'2013-03-19 00:00:00.000000','Bob','Animalia','Animalia',NULL,NULL,NULL,1,NULL,NULL,NULL,NULL,NULL,NULL,NULL,NULL,7,NULL,NULL,NULL,NULL,NULL,NULL,NULL,NULL,NULL,NULL,NULL,NULL,NULL,NULL,NULL,NULL,NULL,NULL,NULL,NULL,NULL,NULL,NULL,NULL,2,NULL);
/*!40000 ALTER TABLE `Taxa` ENABLE KEYS */;
UNLOCK TABLES;

--
-- Table structure for table `Taxa_AUD`
--

DROP TABLE IF EXISTS `Taxa_AUD`;
/*!40101 SET @saved_cs_client     = @@character_set_client */;
/*!40101 SET character_set_client = utf8 */;
CREATE TABLE `Taxa_AUD` (
  `TaxonID` int(11) NOT NULL,
  `REV` int(11) NOT NULL,
  `REVTYPE` tinyint(4) DEFAULT NULL,
  `Author` varchar(100) DEFAULT NULL,
  `AuthorYear` int(11) DEFAULT NULL,
  `GenderEnding` varchar(10) DEFAULT NULL,
  `Identity` varchar(200) DEFAULT NULL,
  `Keywords` varchar(512) DEFAULT NULL,
  `LastModifiedBy` varchar(512) DEFAULT NULL,
  `Name` varchar(100) DEFAULT NULL,
  `OrigName` varchar(100) DEFAULT NULL,
  `SubAuthor` varchar(100) DEFAULT NULL,
  `SubAuthorYear` int(11) DEFAULT NULL,
  `OrigComb` int(11) DEFAULT NULL,
  `Parent` int(11) DEFAULT NULL,
  `Preferred` int(11) DEFAULT NULL,
  `RClass` int(11) DEFAULT NULL,
  `RFamily` int(11) DEFAULT NULL,
  `RForma` int(11) DEFAULT NULL,
  `RFormaSpecialis` int(11) DEFAULT NULL,
  `RGenus` int(11) DEFAULT NULL,
  `RInfraclass` int(11) DEFAULT NULL,
  `RInfraorder` int(11) DEFAULT NULL,
  `RKingdom` int(11) DEFAULT NULL,
  `RNoRank` int(11) DEFAULT NULL,
  `ROrder` int(11) DEFAULT NULL,
  `RParvorder` int(11) DEFAULT NULL,
  `RPhylum` int(11) DEFAULT NULL,
  `RSection` int(11) DEFAULT NULL,
  `RSeries` int(11) DEFAULT NULL,
  `RSpecies` int(11) DEFAULT NULL,
  `RSpeciesGroup` int(11) DEFAULT NULL,
  `RSpeciesSubgroup` int(11) DEFAULT NULL,
  `RSubclass` int(11) DEFAULT NULL,
  `RSubfamily` int(11) DEFAULT NULL,
  `RSubgenus` int(11) DEFAULT NULL,
  `RSubkingdom` int(11) DEFAULT NULL,
  `RSuborder` int(11) DEFAULT NULL,
  `RSubphylum` int(11) DEFAULT NULL,
  `RSubspecies` int(11) DEFAULT NULL,
  `RSubtribe` int(11) DEFAULT NULL,
  `RSuperclass` int(11) DEFAULT NULL,
  `RSuperfamily` int(11) DEFAULT NULL,
  `RSuperkingdom` int(11) DEFAULT NULL,
  `RSuperorder` int(11) DEFAULT NULL,
  `RSuperphylum` int(11) DEFAULT NULL,
  `RTribe` int(11) DEFAULT NULL,
  `RVariety` int(11) DEFAULT NULL,
  `TaxonomicRank` int(11) DEFAULT NULL,
  `SameAs` int(11) DEFAULT NULL,
  PRIMARY KEY (`TaxonID`,`REV`),
  KEY `FK_1f2xpfvvbo9of6eauolhvqp7u` (`REV`),
  CONSTRAINT `FK_1f2xpfvvbo9of6eauolhvqp7u` FOREIGN KEY (`REV`) REFERENCES `Revision` (`id`)
) ENGINE=InnoDB DEFAULT CHARSET=latin1;
/*!40101 SET character_set_client = @saved_cs_client */;

--
-- Dumping data for table `Taxa_AUD`
--

LOCK TABLES `Taxa_AUD` WRITE;
/*!40000 ALTER TABLE `Taxa_AUD` DISABLE KEYS */;
/*!40000 ALTER TABLE `Taxa_AUD` ENABLE KEYS */;
UNLOCK TABLES;

--
-- Table structure for table `TaxonInfo`
--

DROP TABLE IF EXISTS `TaxonInfo`;
/*!40101 SET @saved_cs_client     = @@character_set_client */;
/*!40101 SET character_set_client = utf8 */;
CREATE TABLE `TaxonInfo` (
  `TaxonInfoID` int(11) NOT NULL AUTO_INCREMENT,
  `Content` varchar(500) DEFAULT NULL,
  `ContentType` varchar(100) DEFAULT NULL,
  `Info` varchar(500) DEFAULT NULL,
  `InfoType` varchar(100) DEFAULT NULL,
  `LastModified` datetime(6) DEFAULT NULL,
  `lastModifiedBy` varchar(255) DEFAULT NULL,
  `Page` varchar(100) DEFAULT NULL,
  `Published` bit(1) DEFAULT NULL,
  `Field` int(11) DEFAULT NULL,
  `ReferenceID` int(11) DEFAULT NULL,
  `TaxonId` int(11) NOT NULL,
  PRIMARY KEY (`TaxonInfoID`),
  KEY `FK_3vj6jcwsuwtkcm2xfppshnjdf` (`Field`),
  KEY `FK_68fxul2h3cddufu0vpwj2ig36` (`ReferenceID`),
  KEY `FK_fsq05c8gi6u8h98gfpfb10k2j` (`TaxonId`),
  CONSTRAINT `FK_3vj6jcwsuwtkcm2xfppshnjdf` FOREIGN KEY (`Field`) REFERENCES `Lexicon` (`LexiconID`),
  CONSTRAINT `FK_68fxul2h3cddufu0vpwj2ig36` FOREIGN KEY (`ReferenceID`) REFERENCES `Refs` (`ReferenceID`),
  CONSTRAINT `FK_fsq05c8gi6u8h98gfpfb10k2j` FOREIGN KEY (`TaxonId`) REFERENCES `Taxa` (`TaxonID`)
) ENGINE=InnoDB DEFAULT CHARSET=latin1;
/*!40101 SET character_set_client = @saved_cs_client */;

--
-- Dumping data for table `TaxonInfo`
--

LOCK TABLES `TaxonInfo` WRITE;
/*!40000 ALTER TABLE `TaxonInfo` DISABLE KEYS */;
/*!40000 ALTER TABLE `TaxonInfo` ENABLE KEYS */;
UNLOCK TABLES;

--
-- Table structure for table `TaxonLink`
--

DROP TABLE IF EXISTS `TaxonLink`;
/*!40101 SET @saved_cs_client     = @@character_set_client */;
/*!40101 SET character_set_client = utf8 */;
CREATE TABLE `TaxonLink` (
  `TaxonLinkID` int(11) NOT NULL AUTO_INCREMENT,
  `LastModified` datetime(6) DEFAULT NULL,
  `Source` varchar(20) DEFAULT NULL,
  `SourceId` varchar(20) NOT NULL,
  `SourceLink` varchar(500) DEFAULT NULL,
  `TaxonID` int(11) NOT NULL,
  PRIMARY KEY (`TaxonLinkID`),
  KEY `FK_4ctc19khf6aaty1sxd3ao6xch` (`TaxonID`),
  CONSTRAINT `FK_4ctc19khf6aaty1sxd3ao6xch` FOREIGN KEY (`TaxonID`) REFERENCES `Taxa` (`TaxonID`)
) ENGINE=InnoDB DEFAULT CHARSET=latin1;
/*!40101 SET character_set_client = @saved_cs_client */;

--
-- Dumping data for table `TaxonLink`
--

LOCK TABLES `TaxonLink` WRITE;
/*!40000 ALTER TABLE `TaxonLink` DISABLE KEYS */;
/*!40000 ALTER TABLE `TaxonLink` ENABLE KEYS */;
UNLOCK TABLES;

--
-- Table structure for table `TaxonRank`
--

DROP TABLE IF EXISTS `TaxonRank`;
/*!40101 SET @saved_cs_client     = @@character_set_client */;
/*!40101 SET character_set_client = utf8 */;
CREATE TABLE `TaxonRank` (
  `TaxonRankID` int(11) NOT NULL AUTO_INCREMENT,
  `LastModified` datetime(6) DEFAULT NULL,
  `Name` varchar(60) DEFAULT NULL,
  `Note` varchar(512) DEFAULT NULL,
  `RankLevel` int(11) DEFAULT NULL,
  PRIMARY KEY (`TaxonRankID`)
) ENGINE=InnoDB AUTO_INCREMENT=30 DEFAULT CHARSET=latin1;
/*!40101 SET character_set_client = @saved_cs_client */;

--
-- Dumping data for table `TaxonRank`
--

LOCK TABLES `TaxonRank` WRITE;
/*!40000 ALTER TABLE `TaxonRank` DISABLE KEYS */;
INSERT INTO `TaxonRank` VALUES (1,'2013-03-19 00:00:00.000000','Superkingdom',NULL,10),(2,'2013-03-19 00:00:00.000000','Kingdom',NULL,20),(3,'2013-03-19 00:00:00.000000','Subkingdom',NULL,30),(4,'2013-03-19 00:00:00.000000','Superphylum',NULL,35),(5,'2013-03-19 00:00:00.000000','Phylum',NULL,40),(6,'2013-03-19 00:00:00.000000','Subphylum',NULL,45),(7,'2013-03-19 00:00:00.000000','Superclass',NULL,50),(8,'2013-03-19 00:00:00.000000','Class',NULL,60),(9,'2013-03-19 00:00:00.000000','Subclass',NULL,70),(10,'2013-03-19 00:00:00.000000','Infraclass',NULL,75),(11,'2013-03-19 00:00:00.000000','Superorder',NULL,77),(12,'2013-03-19 00:00:00.000000','Order',NULL,80),(13,'2013-03-19 00:00:00.000000','Suborder',NULL,85),(14,'2013-03-19 00:00:00.000000','Infraorder',NULL,90),(15,'2013-03-19 00:00:00.000000','Parvorder',NULL,91),(16,'2013-03-19 00:00:00.000000','Superfamily',NULL,95),(17,'2013-03-19 00:00:00.000000','Family',NULL,100),(18,'2013-03-19 00:00:00.000000','Subfamily',NULL,105),(19,'2013-03-19 00:00:00.000000','Tribe',NULL,120),(20,'2013-03-19 00:00:00.000000','Subtribe',NULL,125),(21,'2013-03-19 00:00:00.000000','Genus',NULL,140),(22,'2013-03-19 00:00:00.000000','Subgenus',NULL,145),(23,'2013-03-19 00:00:00.000000','Species',NULL,150),(24,'2013-03-19 00:00:00.000000','Subspecies',NULL,152),(25,'2013-03-19 00:00:00.000000','SpeciesGroup',NULL,155),(26,'2013-03-19 00:00:00.000000','SpeciesSubgroup',NULL,157),(27,'2013-03-19 00:00:00.000000','Varietas',NULL,160),(28,'2013-03-19 00:00:00.000000','Forma',NULL,170),(29,'2013-03-19 00:00:00.000000','NoRank',NULL,1);
/*!40000 ALTER TABLE `TaxonRank` ENABLE KEYS */;
UNLOCK TABLES;

--
-- Table structure for table `TaxonRank_AUD`
--

DROP TABLE IF EXISTS `TaxonRank_AUD`;
/*!40101 SET @saved_cs_client     = @@character_set_client */;
/*!40101 SET character_set_client = utf8 */;
CREATE TABLE `TaxonRank_AUD` (
  `TaxonRankID` int(11) NOT NULL,
  `REV` int(11) NOT NULL,
  `REVTYPE` tinyint(4) DEFAULT NULL,
  `Name` varchar(60) DEFAULT NULL,
  `Note` varchar(512) DEFAULT NULL,
  `RankLevel` int(11) DEFAULT NULL,
  PRIMARY KEY (`TaxonRankID`,`REV`),
  KEY `FK_dr0ralul51gdqvut0cmn0aaa6` (`REV`),
  CONSTRAINT `FK_dr0ralul51gdqvut0cmn0aaa6` FOREIGN KEY (`REV`) REFERENCES `Revision` (`id`)
) ENGINE=InnoDB DEFAULT CHARSET=latin1;
/*!40101 SET character_set_client = @saved_cs_client */;

--
-- Dumping data for table `TaxonRank_AUD`
--

LOCK TABLES `TaxonRank_AUD` WRITE;
/*!40000 ALTER TABLE `TaxonRank_AUD` DISABLE KEYS */;
/*!40000 ALTER TABLE `TaxonRank_AUD` ENABLE KEYS */;
UNLOCK TABLES;

--
-- Table structure for table `Taxonomys`
--

DROP TABLE IF EXISTS `Taxonomys`;
/*!40101 SET @saved_cs_client     = @@character_set_client */;
/*!40101 SET character_set_client = utf8 */;
CREATE TABLE `Taxonomys` (
  `TaxonomyID` int(11) NOT NULL AUTO_INCREMENT,
  `Authors` varchar(200) DEFAULT NULL,
  `CommonName` varchar(512) DEFAULT NULL,
  `Division` varchar(50) DEFAULT NULL,
  `Family` varchar(50) DEFAULT NULL,
  `Genus` varchar(50) DEFAULT NULL,
  `Kingdom` varchar(50) DEFAULT NULL,
  `LastModified` datetime(6) DEFAULT NULL,
  `Notes` varchar(1024) DEFAULT NULL,
  `Phylum` varchar(50) DEFAULT NULL,
  `Species` varchar(50) DEFAULT NULL,
  `State` varchar(50) DEFAULT NULL,
  `Strain` varchar(50) DEFAULT NULL,
  `Subgenera` varchar(200) DEFAULT NULL,
  `Superfamily` varchar(50) DEFAULT NULL,
  `Synonym` varchar(50) DEFAULT NULL,
  `TaxanomicClass` varchar(50) DEFAULT NULL,
  `TaxanomicGroup` varchar(50) DEFAULT NULL,
  `TaxanomicOrder` varchar(50) DEFAULT NULL,
  `TypeSpecimen` varchar(50) DEFAULT NULL,
  `Variety` varchar(50) DEFAULT NULL,
  PRIMARY KEY (`TaxonomyID`)
) ENGINE=InnoDB AUTO_INCREMENT=293 DEFAULT CHARSET=latin1;
/*!40101 SET character_set_client = @saved_cs_client */;

--
-- Dumping data for table `Taxonomys`
--

LOCK TABLES `Taxonomys` WRITE;
/*!40000 ALTER TABLE `Taxonomys` DISABLE KEYS */;
INSERT INTO `Taxonomys` VALUES (1,'aAuthor',NULL,'aDivision','aFamily','aGenus','aKingdom','2013-03-19 00:00:00.000000','aNotes','aPhylum','aSpecie','','aStrain','aSubgenera','aSuperFamily','aSynonym','aClass','aGroup','aOrder','aType','aVariety'),(2,'bAuthor',NULL,'bDivision','bFamily','bGenus','bKingdom','2013-03-19 00:00:00.000000','bNotes','bPhylum','bSpecie','','bStrain','bSubgenera','bSuperFamily','bSynonym','bClass','bGroup','bOrder','bType','bVariety'),(3,'3bAuthor',NULL,'3bDivision','3bFamily','3bGenus','3bKingdom','2013-03-19 00:00:00.000000','3bNotes','3bPhylum','3bSpecie','','3bStrain','3bSubgenera','3bSuperFamily','3bSynonym','3bClass','3bGroup','3bOrder','3bType','3bVariety'),(4,'4bAuthor',NULL,'4bDivision','4bFamily','4bGenus','4bKingdom','2013-03-19 00:00:00.000000','4bNotes','4bPhylum','4bSpecie','','4bStrain','4bSubgenera','4bSuperFamily','4bSynonym','4bClass','4bGroup','4bOrder','4bType','4bVariety'),(5,'10bAuthor',NULL,'10bDivision','10bFamily','10bGenus','10bKingdom','2013-03-19 00:00:00.000000','10bNotes','10bPhylum','10bSpecie','','10bStrain','10bSubgenera','10bSuperFamily','10bSynonym','10bClass','10bGroup','10bOrder','10bType','10bVariety'),(6,'20bAuthor',NULL,'20bDivision','20bFamily','20bGenus','20bKingdom','2013-03-19 00:00:00.000000','20bNotes','20bPhylum','20bSpecie','','20bStrain','20bSubgenera','20bSuperFamily','20bSynonym','20bClass','20bGroup','20bOrder','20bType','20bVariety'),(7,'30bAuthor',NULL,'30bDivision','30bFamily','30bGenus','30bKingdom','2013-03-19 00:00:00.000000','30bNotes','30bPhylum','30bSpecie','','30bStrain','30bSubgenera','30bSuperFamily','30bSynonym','30bClass','30bGroup','30bOrder','30bType','30bVariety'),(8,'40bAuthor',NULL,'40bDivision','40bFamily','40bGenus','40bKingdom','2013-03-19 00:00:00.000000','40bNotes','40bPhylum','40bSpecie','','40bStrain','40bSubgenera','40bSuperFamily','40bSynonym','40bClass','40bGroup','40bOrder','40bType','40bVariety'),(12,'12bAuthor',NULL,'12bDivision','12bFamily','12bGenus','12bKingdom','2013-03-19 00:00:00.000000','12bNotes','12bPhylum','12bSpecie','','12bStrain','12bSubgenera','12bSuperFamily','12bSynonym','12bClass','12bGroup','12bOrder','12bType','12bVariety'),(13,'13bAuthor',NULL,'13bDivision','13bFamily','13bGenus','13bKingdom','2013-03-19 00:00:00.000000','13bNotes','13bPhylum','13bSpecie','','13bStrain','13bSubgenera','13bSuperFamily','13bSynonym','13bClass','13bGroup','13bOrder','13bType','13bVariety'),(14,'14bAuthor',NULL,'14bDivision','14bFamily','14bGenus','14bKingdom','2013-03-19 00:00:00.000000','14bNotes','14bPhylum','14bSpecie','','14bStrain','14bSubgenera','14bSuperFamily','14bSynonym','14bClass','14bGroup','14bOrder','14bType','14bVariety'),(20,'20bAuthor',NULL,'20bDivision','20bFamily','20Genus','20Kingdom','2013-03-19 00:00:00.000000','20bNotes','20Phylum','20Species','','20bStrain','20bSubgenera','20bSuperFamily','20bSynonym','20bClass','20bGroup','20bOrder','20bType','20bVariety'),(21,'21bAuthor',NULL,'21bDivision','21bFamily','21Genus','21Kingdom','2013-03-19 00:00:00.000000','21bNotes','21Phylum','21Species','','21bStrain','21bSubgenera','21bSuperFamily','21bSynonym','21bClass','21bGroup','21bOrder','21bType','21bVariety'),(31,'31bAuthor',NULL,'31bDivision','31bFamily','31Genus','31Kingdom','2013-03-19 00:00:00.000000','31bNotes','31Phylum','31Species','','31bStrain','31bSubgenera','31bSuperFamily','31bSynonym','31bClass','31bGroup','31bOrder','31bType','31bVariety'),(32,'32bAuthor',NULL,'32bDivision','32bFamily','32Genus','32Kingdom','2013-03-19 00:00:00.000000','32bNotes','32Phylum','32Species','','32bStrain','32bSubgenera','32bSuperFamily','32bSynonym','32bClass','32bGroup','32bOrder','32bType','32bVariety'),(33,'33bAuthor',NULL,'33bDivision','33bFamily','33Genus','33Kingdom','2013-03-19 00:00:00.000000','33bNotes','33Phylum','33Species','','33bStrain','33bSubgenera','33bSuperFamily','33bSynonym','33bClass','33bGroup','33bOrder','33bType','33bVariety'),(34,'34bAuthor',NULL,'34bDivision','34bFamily','34Genus','34Kingdom','2013-03-19 00:00:00.000000','34bNotes','34Phylum','34Species','','34bStrain','34bSubgenera','34bSuperFamily','34bSynonym','34bClass','34bGroup','34bOrder','34bType','34bVariety'),(35,'35bAuthor',NULL,'35bDivision','35bFamily','35Genus','35Kingdom','2013-03-19 00:00:00.000000','35bNotes','35Phylum','35Species','','35bStrain','35bSubgenera','35bSuperFamily','35bSynonym','35bClass','35bGroup','35bOrder','35bType','35bVariety'),(36,'36bAuthor',NULL,'36bDivision','36bFamily','36Genus','36Kingdom','2013-03-19 00:00:00.000000','36bNotes','36Phylum','36Species','','36bStrain','36bSubgenera','36bSuperFamily','36bSynonym','36bClass','36bGroup','36bOrder','36bType','36bVariety'),(37,'37bAuthor',NULL,'37bDivision','37bFamily','37Genus','37Kingdom','2013-03-19 00:00:00.000000','37bNotes','37Phylum','37Species','','37bStrain','37bSubgenera','37bSuperFamily','37bSynonym','37bClass','37bGroup','37bOrder','37bType','37bVariety'),(38,'38bAuthor',NULL,'38bDivision','38bFamily','38Genus','38Kingdom','2013-03-19 00:00:00.000000','38bNotes','38Phylum','38Species','','38bStrain','38bSubgenera','38bSuperFamily','38bSynonym','38bClass','38bGroup','38bOrder','38bType','38bVariety'),(100,'100bAuthor',NULL,'100bDivision','100bFamily','100Genus','100Kingdom','2013-03-19 00:00:00.000000','100bNotes','100Phylum','100Species','','100bStrain','100bSubgenera','100bSuperFamily','100bSynonym','100bClass','100bGroup','100bOrder','100bType','100bVariety'),(101,NULL,NULL,NULL,NULL,'Ursus',NULL,'2018-01-18 16:32:52.956000',NULL,NULL,'arctos',NULL,NULL,NULL,NULL,NULL,NULL,NULL,NULL,NULL,NULL),(102,NULL,NULL,NULL,NULL,NULL,NULL,'2018-01-18 16:32:52.973000',NULL,NULL,NULL,NULL,NULL,NULL,NULL,NULL,NULL,NULL,NULL,NULL,NULL),(103,NULL,NULL,NULL,NULL,'Ursus',NULL,'2018-01-18 16:32:53.172000',NULL,NULL,'arctos',NULL,NULL,NULL,NULL,NULL,NULL,NULL,NULL,NULL,NULL),(104,NULL,NULL,NULL,NULL,NULL,NULL,'2018-01-18 16:32:53.195000',NULL,NULL,NULL,NULL,NULL,NULL,NULL,NULL,NULL,NULL,NULL,NULL,NULL),(105,NULL,NULL,NULL,NULL,'Ursus',NULL,'2018-01-18 16:32:53.341000',NULL,NULL,'arctos',NULL,NULL,NULL,NULL,NULL,NULL,NULL,NULL,NULL,NULL),(106,NULL,NULL,NULL,NULL,NULL,NULL,'2018-01-18 16:32:53.377000',NULL,NULL,NULL,NULL,NULL,NULL,NULL,NULL,NULL,NULL,NULL,NULL,NULL),(107,NULL,NULL,NULL,NULL,'Ursus',NULL,'2018-01-18 16:32:53.605000',NULL,NULL,'arctos',NULL,NULL,NULL,NULL,NULL,NULL,NULL,NULL,NULL,NULL),(108,NULL,NULL,NULL,NULL,NULL,NULL,'2018-01-18 16:32:53.636000',NULL,NULL,NULL,NULL,NULL,NULL,NULL,NULL,NULL,NULL,NULL,NULL,NULL),(109,NULL,NULL,NULL,NULL,'Ursus',NULL,'2018-01-18 16:32:53.786000',NULL,NULL,'arctos',NULL,NULL,NULL,NULL,NULL,NULL,NULL,NULL,NULL,NULL),(110,NULL,NULL,NULL,NULL,NULL,NULL,'2018-01-18 16:32:53.803000',NULL,NULL,NULL,NULL,NULL,NULL,NULL,NULL,NULL,NULL,NULL,NULL,NULL),(111,NULL,NULL,NULL,NULL,'Ursus',NULL,'2018-01-18 16:32:53.939000',NULL,NULL,'arctos',NULL,NULL,NULL,NULL,NULL,NULL,NULL,NULL,NULL,NULL),(112,NULL,NULL,NULL,NULL,NULL,NULL,'2018-01-18 16:32:53.955000',NULL,NULL,NULL,NULL,NULL,NULL,NULL,NULL,NULL,NULL,NULL,NULL,NULL),(113,NULL,NULL,NULL,NULL,'Ursus',NULL,'2018-01-18 16:32:54.065000',NULL,NULL,'arctos',NULL,NULL,NULL,NULL,NULL,NULL,NULL,NULL,NULL,NULL),(114,NULL,NULL,NULL,NULL,NULL,NULL,'2018-01-18 16:32:54.084000',NULL,NULL,NULL,NULL,NULL,NULL,NULL,NULL,NULL,NULL,NULL,NULL,NULL),(115,NULL,NULL,NULL,NULL,'Ursus',NULL,'2018-01-18 16:32:54.192000',NULL,NULL,'arctos',NULL,NULL,NULL,NULL,NULL,NULL,NULL,NULL,NULL,NULL),(116,NULL,NULL,NULL,NULL,NULL,NULL,'2018-01-18 16:32:54.208000',NULL,NULL,NULL,NULL,NULL,NULL,NULL,NULL,NULL,NULL,NULL,NULL,NULL),(117,NULL,NULL,NULL,NULL,'Ursus',NULL,'2018-01-18 16:32:54.323000',NULL,NULL,'arctos',NULL,NULL,NULL,NULL,NULL,NULL,NULL,NULL,NULL,NULL),(118,NULL,NULL,NULL,NULL,NULL,NULL,'2018-01-18 16:32:54.340000',NULL,NULL,NULL,NULL,NULL,NULL,NULL,NULL,NULL,NULL,NULL,NULL,NULL),(119,NULL,NULL,NULL,NULL,'Ursus',NULL,'2018-01-18 16:32:54.446000',NULL,NULL,'arctos',NULL,NULL,NULL,NULL,NULL,NULL,NULL,NULL,NULL,NULL),(120,NULL,NULL,NULL,NULL,NULL,NULL,'2018-01-18 16:32:54.468000',NULL,NULL,NULL,NULL,NULL,NULL,NULL,NULL,NULL,NULL,NULL,NULL,NULL),(121,NULL,NULL,NULL,NULL,'Ursus',NULL,'2018-01-18 16:32:54.572000',NULL,NULL,'arctos',NULL,NULL,NULL,NULL,NULL,NULL,NULL,NULL,NULL,NULL),(122,NULL,NULL,NULL,NULL,NULL,NULL,'2018-01-18 16:32:54.590000',NULL,NULL,NULL,NULL,NULL,NULL,NULL,NULL,NULL,NULL,NULL,NULL,NULL),(123,NULL,NULL,NULL,NULL,'Ursus',NULL,'2018-01-18 16:32:54.691000',NULL,NULL,'arctos',NULL,NULL,NULL,NULL,NULL,NULL,NULL,NULL,NULL,NULL),(124,NULL,NULL,NULL,NULL,NULL,NULL,'2018-01-18 16:32:54.707000',NULL,NULL,NULL,NULL,NULL,NULL,NULL,NULL,NULL,NULL,NULL,NULL,NULL),(125,NULL,NULL,NULL,NULL,'Ursus',NULL,'2018-01-18 16:32:54.809000',NULL,NULL,'arctos',NULL,NULL,NULL,NULL,NULL,NULL,NULL,NULL,NULL,NULL),(126,NULL,NULL,NULL,NULL,NULL,NULL,'2018-01-18 16:32:54.824000',NULL,NULL,NULL,NULL,NULL,NULL,NULL,NULL,NULL,NULL,NULL,NULL,NULL),(127,NULL,NULL,NULL,NULL,'Ursus',NULL,'2018-01-18 16:32:55.037000',NULL,NULL,'arctos',NULL,NULL,NULL,NULL,NULL,NULL,NULL,NULL,NULL,NULL),(128,NULL,NULL,NULL,NULL,NULL,NULL,'2018-01-18 16:32:55.056000',NULL,NULL,NULL,NULL,NULL,NULL,NULL,NULL,NULL,NULL,NULL,NULL,NULL),(129,NULL,NULL,NULL,NULL,'Ursus',NULL,'2018-01-18 16:32:55.170000',NULL,NULL,'arctos',NULL,NULL,NULL,NULL,NULL,NULL,NULL,NULL,NULL,NULL),(130,NULL,NULL,NULL,NULL,NULL,NULL,'2018-01-18 16:32:55.188000',NULL,NULL,NULL,NULL,NULL,NULL,NULL,NULL,NULL,NULL,NULL,NULL,NULL),(131,NULL,NULL,NULL,NULL,'Ursus',NULL,'2018-01-18 16:32:55.300000',NULL,NULL,'arctos',NULL,NULL,NULL,NULL,NULL,NULL,NULL,NULL,NULL,NULL),(132,NULL,NULL,NULL,NULL,NULL,NULL,'2018-01-18 16:32:55.425000',NULL,NULL,NULL,NULL,NULL,NULL,NULL,NULL,NULL,NULL,NULL,NULL,NULL),(133,NULL,NULL,NULL,NULL,'Ursus',NULL,'2018-01-18 16:32:55.543000',NULL,NULL,'arctos',NULL,NULL,NULL,NULL,NULL,NULL,NULL,NULL,NULL,NULL),(134,NULL,NULL,NULL,NULL,NULL,NULL,'2018-01-18 16:32:55.568000',NULL,NULL,NULL,NULL,NULL,NULL,NULL,NULL,NULL,NULL,NULL,NULL,NULL),(135,NULL,NULL,NULL,NULL,'Ursus',NULL,'2018-01-18 16:32:55.663000',NULL,NULL,'arctos',NULL,NULL,NULL,NULL,NULL,NULL,NULL,NULL,NULL,NULL),(136,NULL,NULL,NULL,NULL,NULL,NULL,'2018-01-18 16:32:55.677000',NULL,NULL,NULL,NULL,NULL,NULL,NULL,NULL,NULL,NULL,NULL,NULL,NULL),(137,NULL,NULL,NULL,NULL,'Ursus',NULL,'2018-01-18 16:32:55.767000',NULL,NULL,'arctos',NULL,NULL,NULL,NULL,NULL,NULL,NULL,NULL,NULL,NULL),(138,NULL,NULL,NULL,NULL,NULL,NULL,'2018-01-18 16:32:55.782000',NULL,NULL,NULL,NULL,NULL,NULL,NULL,NULL,NULL,NULL,NULL,NULL,NULL),(139,NULL,NULL,NULL,NULL,'Ursus',NULL,'2018-01-18 16:32:55.875000',NULL,NULL,'arctos',NULL,NULL,NULL,NULL,NULL,NULL,NULL,NULL,NULL,NULL),(140,NULL,NULL,NULL,NULL,NULL,NULL,'2018-01-18 16:32:55.890000',NULL,NULL,NULL,NULL,NULL,NULL,NULL,NULL,NULL,NULL,NULL,NULL,NULL),(141,NULL,NULL,NULL,NULL,'Ursus',NULL,'2018-01-18 16:32:55.997000',NULL,NULL,'arctos',NULL,NULL,NULL,NULL,NULL,NULL,NULL,NULL,NULL,NULL),(142,NULL,NULL,NULL,NULL,NULL,NULL,'2018-01-18 16:32:56.014000',NULL,NULL,NULL,NULL,NULL,NULL,NULL,NULL,NULL,NULL,NULL,NULL,NULL),(143,NULL,NULL,NULL,NULL,'Ursus',NULL,'2018-01-18 16:32:56.175000',NULL,NULL,'arctos',NULL,NULL,NULL,NULL,NULL,NULL,NULL,NULL,NULL,NULL),(144,NULL,NULL,NULL,NULL,NULL,NULL,'2018-01-18 16:32:56.205000',NULL,NULL,NULL,NULL,NULL,NULL,NULL,NULL,NULL,NULL,NULL,NULL,NULL),(145,NULL,NULL,NULL,NULL,'Ursus',NULL,'2018-01-18 16:32:56.310000',NULL,NULL,'arctos',NULL,NULL,NULL,NULL,NULL,NULL,NULL,NULL,NULL,NULL),(146,NULL,NULL,NULL,NULL,NULL,NULL,'2018-01-18 16:32:56.328000',NULL,NULL,NULL,NULL,NULL,NULL,NULL,NULL,NULL,NULL,NULL,NULL,NULL),(147,NULL,NULL,NULL,NULL,'Ursus',NULL,'2018-01-18 16:32:56.427000',NULL,NULL,'arctos',NULL,NULL,NULL,NULL,NULL,NULL,NULL,NULL,NULL,NULL),(148,NULL,NULL,NULL,NULL,NULL,NULL,'2018-01-18 16:32:56.443000',NULL,NULL,NULL,NULL,NULL,NULL,NULL,NULL,NULL,NULL,NULL,NULL,NULL),(149,NULL,NULL,NULL,NULL,'Ursus',NULL,'2018-01-18 16:32:56.549000',NULL,NULL,'arctos',NULL,NULL,NULL,NULL,NULL,NULL,NULL,NULL,NULL,NULL),(150,NULL,NULL,NULL,NULL,NULL,NULL,'2018-01-18 16:32:56.567000',NULL,NULL,NULL,NULL,NULL,NULL,NULL,NULL,NULL,NULL,NULL,NULL,NULL),(151,NULL,NULL,NULL,NULL,'Ursus',NULL,'2018-01-18 16:32:56.682000',NULL,NULL,'arctos',NULL,NULL,NULL,NULL,NULL,NULL,NULL,NULL,NULL,NULL),(152,NULL,NULL,NULL,NULL,NULL,NULL,'2018-01-18 16:32:56.701000',NULL,NULL,NULL,NULL,NULL,NULL,NULL,NULL,NULL,NULL,NULL,NULL,NULL),(153,NULL,NULL,NULL,NULL,'Ursus',NULL,'2018-01-18 16:32:56.803000',NULL,NULL,'arctos',NULL,NULL,NULL,NULL,NULL,NULL,NULL,NULL,NULL,NULL),(154,NULL,NULL,NULL,NULL,NULL,NULL,'2018-01-18 16:32:56.821000',NULL,NULL,NULL,NULL,NULL,NULL,NULL,NULL,NULL,NULL,NULL,NULL,NULL),(155,NULL,NULL,NULL,NULL,'Ursus',NULL,'2018-01-18 16:32:56.927000',NULL,NULL,'arctos',NULL,NULL,NULL,NULL,NULL,NULL,NULL,NULL,NULL,NULL),(156,NULL,NULL,NULL,NULL,NULL,NULL,'2018-01-18 16:32:56.944000',NULL,NULL,NULL,NULL,NULL,NULL,NULL,NULL,NULL,NULL,NULL,NULL,NULL),(157,NULL,NULL,NULL,NULL,'Ursus',NULL,'2018-01-18 16:32:57.051000',NULL,NULL,'arctos',NULL,NULL,NULL,NULL,NULL,NULL,NULL,NULL,NULL,NULL),(158,NULL,NULL,NULL,NULL,NULL,NULL,'2018-01-18 16:32:57.070000',NULL,NULL,NULL,NULL,NULL,NULL,NULL,NULL,NULL,NULL,NULL,NULL,NULL),(159,NULL,NULL,NULL,NULL,'Ursus',NULL,'2018-01-18 16:32:57.180000',NULL,NULL,'arctos',NULL,NULL,NULL,NULL,NULL,NULL,NULL,NULL,NULL,NULL),(160,NULL,NULL,NULL,NULL,NULL,NULL,'2018-01-18 16:32:57.198000',NULL,NULL,NULL,NULL,NULL,NULL,NULL,NULL,NULL,NULL,NULL,NULL,NULL),(161,NULL,NULL,NULL,NULL,'Ursus',NULL,'2018-01-18 16:32:57.301000',NULL,NULL,'arctos',NULL,NULL,NULL,NULL,NULL,NULL,NULL,NULL,NULL,NULL),(162,NULL,NULL,NULL,NULL,NULL,NULL,'2018-01-18 16:32:57.318000',NULL,NULL,NULL,NULL,NULL,NULL,NULL,NULL,NULL,NULL,NULL,NULL,NULL),(163,NULL,NULL,NULL,NULL,'Ursus',NULL,'2018-01-18 16:32:57.430000',NULL,NULL,'arctos',NULL,NULL,NULL,NULL,NULL,NULL,NULL,NULL,NULL,NULL),(164,NULL,NULL,NULL,NULL,NULL,NULL,'2018-01-18 16:32:57.448000',NULL,NULL,NULL,NULL,NULL,NULL,NULL,NULL,NULL,NULL,NULL,NULL,NULL),(165,NULL,NULL,NULL,NULL,'Ursus',NULL,'2018-01-18 16:32:57.559000',NULL,NULL,'arctos',NULL,NULL,NULL,NULL,NULL,NULL,NULL,NULL,NULL,NULL),(166,NULL,NULL,NULL,NULL,NULL,NULL,'2018-01-18 16:32:57.579000',NULL,NULL,NULL,NULL,NULL,NULL,NULL,NULL,NULL,NULL,NULL,NULL,NULL),(167,NULL,NULL,NULL,NULL,'Ursus',NULL,'2018-01-18 16:32:57.697000',NULL,NULL,'arctos',NULL,NULL,NULL,NULL,NULL,NULL,NULL,NULL,NULL,NULL),(168,NULL,NULL,NULL,NULL,NULL,NULL,'2018-01-18 16:32:57.718000',NULL,NULL,NULL,NULL,NULL,NULL,NULL,NULL,NULL,NULL,NULL,NULL,NULL),(169,NULL,NULL,NULL,NULL,'Ursus',NULL,'2018-01-18 16:32:57.843000',NULL,NULL,'arctos',NULL,NULL,NULL,NULL,NULL,NULL,NULL,NULL,NULL,NULL),(170,NULL,NULL,NULL,NULL,NULL,NULL,'2018-01-18 16:32:57.862000',NULL,NULL,NULL,NULL,NULL,NULL,NULL,NULL,NULL,NULL,NULL,NULL,NULL),(171,NULL,NULL,NULL,NULL,'Ursus',NULL,'2018-01-18 16:32:57.980000',NULL,NULL,'arctos',NULL,NULL,NULL,NULL,NULL,NULL,NULL,NULL,NULL,NULL),(172,NULL,NULL,NULL,NULL,NULL,NULL,'2018-01-18 16:32:58.000000',NULL,NULL,NULL,NULL,NULL,NULL,NULL,NULL,NULL,NULL,NULL,NULL,NULL),(173,NULL,NULL,NULL,NULL,'Ursus',NULL,'2018-01-18 16:32:58.120000',NULL,NULL,'arctos',NULL,NULL,NULL,NULL,NULL,NULL,NULL,NULL,NULL,NULL),(174,NULL,NULL,NULL,NULL,NULL,NULL,'2018-01-18 16:32:58.137000',NULL,NULL,NULL,NULL,NULL,NULL,NULL,NULL,NULL,NULL,NULL,NULL,NULL),(175,NULL,NULL,NULL,NULL,'Ursus',NULL,'2018-01-18 16:32:58.246000',NULL,NULL,'arctos',NULL,NULL,NULL,NULL,NULL,NULL,NULL,NULL,NULL,NULL),(176,NULL,NULL,NULL,NULL,NULL,NULL,'2018-01-18 16:32:58.263000',NULL,NULL,NULL,NULL,NULL,NULL,NULL,NULL,NULL,NULL,NULL,NULL,NULL),(177,NULL,NULL,NULL,NULL,'Ursus',NULL,'2018-01-18 16:32:58.370000',NULL,NULL,'arctos',NULL,NULL,NULL,NULL,NULL,NULL,NULL,NULL,NULL,NULL),(178,NULL,NULL,NULL,NULL,NULL,NULL,'2018-01-18 16:32:58.390000',NULL,NULL,NULL,NULL,NULL,NULL,NULL,NULL,NULL,NULL,NULL,NULL,NULL),(179,NULL,NULL,NULL,NULL,'Ursus',NULL,'2018-01-18 16:32:58.507000',NULL,NULL,'arctos',NULL,NULL,NULL,NULL,NULL,NULL,NULL,NULL,NULL,NULL),(180,NULL,NULL,NULL,NULL,NULL,NULL,'2018-01-18 16:32:58.528000',NULL,NULL,NULL,NULL,NULL,NULL,NULL,NULL,NULL,NULL,NULL,NULL,NULL),(181,NULL,NULL,NULL,NULL,'Ursus',NULL,'2018-01-18 16:32:58.650000',NULL,NULL,'arctos',NULL,NULL,NULL,NULL,NULL,NULL,NULL,NULL,NULL,NULL),(182,NULL,NULL,NULL,NULL,NULL,NULL,'2018-01-18 16:32:58.668000',NULL,NULL,NULL,NULL,NULL,NULL,NULL,NULL,NULL,NULL,NULL,NULL,NULL),(183,NULL,NULL,NULL,NULL,'Ursus',NULL,'2018-01-18 16:32:58.794000',NULL,NULL,'arctos',NULL,NULL,NULL,NULL,NULL,NULL,NULL,NULL,NULL,NULL),(184,NULL,NULL,NULL,NULL,NULL,NULL,'2018-01-18 16:32:58.815000',NULL,NULL,NULL,NULL,NULL,NULL,NULL,NULL,NULL,NULL,NULL,NULL,NULL),(185,NULL,NULL,NULL,NULL,'Ursus',NULL,'2018-01-18 16:32:58.936000',NULL,NULL,'arctos',NULL,NULL,NULL,NULL,NULL,NULL,NULL,NULL,NULL,NULL),(186,NULL,NULL,NULL,NULL,NULL,NULL,'2018-01-18 16:32:58.955000',NULL,NULL,NULL,NULL,NULL,NULL,NULL,NULL,NULL,NULL,NULL,NULL,NULL),(187,NULL,NULL,NULL,NULL,'Ursus',NULL,'2018-01-18 16:32:59.074000',NULL,NULL,'arctos',NULL,NULL,NULL,NULL,NULL,NULL,NULL,NULL,NULL,NULL),(188,NULL,NULL,NULL,NULL,NULL,NULL,'2018-01-18 16:32:59.093000',NULL,NULL,NULL,NULL,NULL,NULL,NULL,NULL,NULL,NULL,NULL,NULL,NULL),(189,NULL,NULL,NULL,NULL,'Ursus',NULL,'2018-01-18 16:32:59.207000',NULL,NULL,'arctos',NULL,NULL,NULL,NULL,NULL,NULL,NULL,NULL,NULL,NULL),(190,NULL,NULL,NULL,NULL,NULL,NULL,'2018-01-18 16:32:59.224000',NULL,NULL,NULL,NULL,NULL,NULL,NULL,NULL,NULL,NULL,NULL,NULL,NULL),(191,NULL,NULL,NULL,NULL,'Ursus',NULL,'2018-01-18 16:32:59.329000',NULL,NULL,'arctos',NULL,NULL,NULL,NULL,NULL,NULL,NULL,NULL,NULL,NULL),(192,NULL,NULL,NULL,NULL,NULL,NULL,'2018-01-18 16:32:59.347000',NULL,NULL,NULL,NULL,NULL,NULL,NULL,NULL,NULL,NULL,NULL,NULL,NULL),(193,NULL,NULL,NULL,NULL,'Ursus',NULL,'2018-01-18 16:32:59.455000',NULL,NULL,'arctos',NULL,NULL,NULL,NULL,NULL,NULL,NULL,NULL,NULL,NULL),(194,NULL,NULL,NULL,NULL,NULL,NULL,'2018-01-18 16:32:59.473000',NULL,NULL,NULL,NULL,NULL,NULL,NULL,NULL,NULL,NULL,NULL,NULL,NULL),(195,NULL,NULL,NULL,NULL,'Ursus',NULL,'2018-01-18 16:32:59.583000',NULL,NULL,'arctos',NULL,NULL,NULL,NULL,NULL,NULL,NULL,NULL,NULL,NULL),(196,NULL,NULL,NULL,NULL,NULL,NULL,'2018-01-18 16:32:59.602000',NULL,NULL,NULL,NULL,NULL,NULL,NULL,NULL,NULL,NULL,NULL,NULL,NULL),(197,NULL,NULL,NULL,NULL,'Ursus',NULL,'2018-01-18 16:32:59.713000',NULL,NULL,'arctos',NULL,NULL,NULL,NULL,NULL,NULL,NULL,NULL,NULL,NULL),(198,NULL,NULL,NULL,NULL,NULL,NULL,'2018-01-18 16:32:59.733000',NULL,NULL,NULL,NULL,NULL,NULL,NULL,NULL,NULL,NULL,NULL,NULL,NULL),(199,NULL,NULL,NULL,NULL,'Ursus',NULL,'2018-01-18 16:32:59.842000',NULL,NULL,'arctos',NULL,NULL,NULL,NULL,NULL,NULL,NULL,NULL,NULL,NULL),(200,NULL,NULL,NULL,NULL,NULL,NULL,'2018-01-18 16:32:59.862000',NULL,NULL,NULL,NULL,NULL,NULL,NULL,NULL,NULL,NULL,NULL,NULL,NULL),(201,NULL,NULL,NULL,NULL,'Ursus',NULL,'2018-01-18 16:32:59.984000',NULL,NULL,'arctos',NULL,NULL,NULL,NULL,NULL,NULL,NULL,NULL,NULL,NULL),(202,NULL,NULL,NULL,NULL,NULL,NULL,'2018-01-18 16:33:00.005000',NULL,NULL,NULL,NULL,NULL,NULL,NULL,NULL,NULL,NULL,NULL,NULL,NULL),(203,NULL,NULL,NULL,NULL,'Ursus',NULL,'2018-01-18 16:33:00.130000',NULL,NULL,'arctos',NULL,NULL,NULL,NULL,NULL,NULL,NULL,NULL,NULL,NULL),(204,NULL,NULL,NULL,NULL,NULL,NULL,'2018-01-18 16:33:00.149000',NULL,NULL,NULL,NULL,NULL,NULL,NULL,NULL,NULL,NULL,NULL,NULL,NULL),(205,NULL,NULL,NULL,NULL,'Ursus',NULL,'2018-01-18 16:33:00.257000',NULL,NULL,'arctos',NULL,NULL,NULL,NULL,NULL,NULL,NULL,NULL,NULL,NULL),(206,NULL,NULL,NULL,NULL,NULL,NULL,'2018-01-18 16:33:00.276000',NULL,NULL,NULL,NULL,NULL,NULL,NULL,NULL,NULL,NULL,NULL,NULL,NULL),(207,NULL,NULL,NULL,NULL,'Ursus',NULL,'2018-01-18 16:33:00.385000',NULL,NULL,'arctos',NULL,NULL,NULL,NULL,NULL,NULL,NULL,NULL,NULL,NULL),(208,NULL,NULL,NULL,NULL,NULL,NULL,'2018-01-18 16:33:00.404000',NULL,NULL,NULL,NULL,NULL,NULL,NULL,NULL,NULL,NULL,NULL,NULL,NULL),(209,NULL,NULL,NULL,NULL,'Ursus',NULL,'2018-01-18 16:33:00.516000',NULL,NULL,'arctos',NULL,NULL,NULL,NULL,NULL,NULL,NULL,NULL,NULL,NULL),(210,NULL,NULL,NULL,NULL,NULL,NULL,'2018-01-18 16:33:00.534000',NULL,NULL,NULL,NULL,NULL,NULL,NULL,NULL,NULL,NULL,NULL,NULL,NULL),(211,NULL,NULL,NULL,NULL,'Ursus',NULL,'2018-01-18 16:33:00.688000',NULL,NULL,'arctos',NULL,NULL,NULL,NULL,NULL,NULL,NULL,NULL,NULL,NULL),(212,NULL,NULL,NULL,NULL,NULL,NULL,'2018-01-18 16:33:00.706000',NULL,NULL,NULL,NULL,NULL,NULL,NULL,NULL,NULL,NULL,NULL,NULL,NULL),(213,NULL,NULL,NULL,NULL,'Ursus',NULL,'2018-01-18 16:33:00.818000',NULL,NULL,'arctos',NULL,NULL,NULL,NULL,NULL,NULL,NULL,NULL,NULL,NULL),(214,NULL,NULL,NULL,NULL,NULL,NULL,'2018-01-18 16:33:00.837000',NULL,NULL,NULL,NULL,NULL,NULL,NULL,NULL,NULL,NULL,NULL,NULL,NULL),(215,NULL,NULL,NULL,NULL,'Ursus',NULL,'2018-01-18 16:33:00.950000',NULL,NULL,'arctos',NULL,NULL,NULL,NULL,NULL,NULL,NULL,NULL,NULL,NULL),(216,NULL,NULL,NULL,NULL,NULL,NULL,'2018-01-18 16:33:00.970000',NULL,NULL,NULL,NULL,NULL,NULL,NULL,NULL,NULL,NULL,NULL,NULL,NULL),(217,NULL,NULL,NULL,NULL,'Ursus',NULL,'2018-01-18 16:33:01.136000',NULL,NULL,'arctos',NULL,NULL,NULL,NULL,NULL,NULL,NULL,NULL,NULL,NULL),(218,NULL,NULL,NULL,NULL,NULL,NULL,'2018-01-18 16:33:01.155000',NULL,NULL,NULL,NULL,NULL,NULL,NULL,NULL,NULL,NULL,NULL,NULL,NULL),(219,NULL,NULL,NULL,NULL,'Ursus',NULL,'2018-01-18 16:33:01.276000',NULL,NULL,'arctos',NULL,NULL,NULL,NULL,NULL,NULL,NULL,NULL,NULL,NULL),(220,NULL,NULL,NULL,NULL,NULL,NULL,'2018-01-18 16:33:01.294000',NULL,NULL,NULL,NULL,NULL,NULL,NULL,NULL,NULL,NULL,NULL,NULL,NULL),(221,NULL,NULL,NULL,NULL,'Ursus',NULL,'2018-01-18 16:33:01.409000',NULL,NULL,'arctos',NULL,NULL,NULL,NULL,NULL,NULL,NULL,NULL,NULL,NULL),(222,NULL,NULL,NULL,NULL,NULL,NULL,'2018-01-18 16:33:01.428000',NULL,NULL,NULL,NULL,NULL,NULL,NULL,NULL,NULL,NULL,NULL,NULL,NULL),(223,NULL,NULL,NULL,NULL,'Ursus',NULL,'2018-01-18 16:33:01.542000',NULL,NULL,'arctos',NULL,NULL,NULL,NULL,NULL,NULL,NULL,NULL,NULL,NULL),(224,NULL,NULL,NULL,NULL,NULL,NULL,'2018-01-18 16:33:01.561000',NULL,NULL,NULL,NULL,NULL,NULL,NULL,NULL,NULL,NULL,NULL,NULL,NULL),(225,NULL,NULL,NULL,NULL,'Ursus',NULL,'2018-01-18 16:33:01.675000',NULL,NULL,'arctos',NULL,NULL,NULL,NULL,NULL,NULL,NULL,NULL,NULL,NULL),(226,NULL,NULL,NULL,NULL,NULL,NULL,'2018-01-18 16:33:01.694000',NULL,NULL,NULL,NULL,NULL,NULL,NULL,NULL,NULL,NULL,NULL,NULL,NULL),(227,NULL,NULL,NULL,NULL,'Ursus',NULL,'2018-01-18 16:33:01.809000',NULL,NULL,'arctos',NULL,NULL,NULL,NULL,NULL,NULL,NULL,NULL,NULL,NULL),(228,NULL,NULL,NULL,NULL,NULL,NULL,'2018-01-18 16:33:01.828000',NULL,NULL,NULL,NULL,NULL,NULL,NULL,NULL,NULL,NULL,NULL,NULL,NULL),(229,NULL,NULL,NULL,NULL,'Ursus',NULL,'2018-01-18 16:33:01.941000',NULL,NULL,'arctos',NULL,NULL,NULL,NULL,NULL,NULL,NULL,NULL,NULL,NULL),(230,NULL,NULL,NULL,NULL,NULL,NULL,'2018-01-18 16:33:01.961000',NULL,NULL,NULL,NULL,NULL,NULL,NULL,NULL,NULL,NULL,NULL,NULL,NULL),(231,NULL,NULL,NULL,NULL,'Ursus',NULL,'2018-01-18 16:33:02.076000',NULL,NULL,'arctos',NULL,NULL,NULL,NULL,NULL,NULL,NULL,NULL,NULL,NULL),(232,NULL,NULL,NULL,NULL,NULL,NULL,'2018-01-18 16:33:02.095000',NULL,NULL,NULL,NULL,NULL,NULL,NULL,NULL,NULL,NULL,NULL,NULL,NULL),(233,NULL,NULL,NULL,NULL,'Ursus',NULL,'2018-01-18 16:33:02.213000',NULL,NULL,'arctos',NULL,NULL,NULL,NULL,NULL,NULL,NULL,NULL,NULL,NULL),(234,NULL,NULL,NULL,NULL,NULL,NULL,'2018-01-18 16:33:02.232000',NULL,NULL,NULL,NULL,NULL,NULL,NULL,NULL,NULL,NULL,NULL,NULL,NULL),(235,NULL,NULL,NULL,NULL,'Ursus',NULL,'2018-01-18 16:33:02.343000',NULL,NULL,'arctos',NULL,NULL,NULL,NULL,NULL,NULL,NULL,NULL,NULL,NULL),(236,NULL,NULL,NULL,NULL,NULL,NULL,'2018-01-18 16:33:02.363000',NULL,NULL,NULL,NULL,NULL,NULL,NULL,NULL,NULL,NULL,NULL,NULL,NULL),(237,NULL,NULL,NULL,NULL,'Ursus',NULL,'2018-01-18 16:33:02.474000',NULL,NULL,'arctos',NULL,NULL,NULL,NULL,NULL,NULL,NULL,NULL,NULL,NULL),(238,NULL,NULL,NULL,NULL,NULL,NULL,'2018-01-18 16:33:02.493000',NULL,NULL,NULL,NULL,NULL,NULL,NULL,NULL,NULL,NULL,NULL,NULL,NULL),(239,NULL,NULL,NULL,NULL,'Ursus',NULL,'2018-01-18 16:33:02.604000',NULL,NULL,'arctos',NULL,NULL,NULL,NULL,NULL,NULL,NULL,NULL,NULL,NULL),(240,NULL,NULL,NULL,NULL,NULL,NULL,'2018-01-18 16:33:02.623000',NULL,NULL,NULL,NULL,NULL,NULL,NULL,NULL,NULL,NULL,NULL,NULL,NULL),(241,NULL,NULL,NULL,NULL,'Ursus',NULL,'2018-01-18 16:33:02.734000',NULL,NULL,'arctos',NULL,NULL,NULL,NULL,NULL,NULL,NULL,NULL,NULL,NULL),(242,NULL,NULL,NULL,NULL,NULL,NULL,'2018-01-18 16:33:02.753000',NULL,NULL,NULL,NULL,NULL,NULL,NULL,NULL,NULL,NULL,NULL,NULL,NULL),(243,NULL,NULL,NULL,NULL,'Ursus',NULL,'2018-01-18 16:33:02.867000',NULL,NULL,'arctos',NULL,NULL,NULL,NULL,NULL,NULL,NULL,NULL,NULL,NULL),(244,NULL,NULL,NULL,NULL,NULL,NULL,'2018-01-18 16:33:02.887000',NULL,NULL,NULL,NULL,NULL,NULL,NULL,NULL,NULL,NULL,NULL,NULL,NULL),(245,NULL,NULL,NULL,NULL,'Ursus',NULL,'2018-01-18 16:33:03.002000',NULL,NULL,'arctos',NULL,NULL,NULL,NULL,NULL,NULL,NULL,NULL,NULL,NULL),(246,NULL,NULL,NULL,NULL,NULL,NULL,'2018-01-18 16:33:03.022000',NULL,NULL,NULL,NULL,NULL,NULL,NULL,NULL,NULL,NULL,NULL,NULL,NULL),(247,NULL,NULL,NULL,NULL,'Ursus',NULL,'2018-01-18 16:33:03.142000',NULL,NULL,'arctos',NULL,NULL,NULL,NULL,NULL,NULL,NULL,NULL,NULL,NULL),(248,NULL,NULL,NULL,NULL,NULL,NULL,'2018-01-18 16:33:03.161000',NULL,NULL,NULL,NULL,NULL,NULL,NULL,NULL,NULL,NULL,NULL,NULL,NULL),(249,NULL,NULL,NULL,NULL,'Ursus',NULL,'2018-01-18 16:33:03.276000',NULL,NULL,'arctos',NULL,NULL,NULL,NULL,NULL,NULL,NULL,NULL,NULL,NULL),(250,NULL,NULL,NULL,NULL,NULL,NULL,'2018-01-18 16:33:03.295000',NULL,NULL,NULL,NULL,NULL,NULL,NULL,NULL,NULL,NULL,NULL,NULL,NULL),(251,NULL,NULL,NULL,NULL,'Ursus',NULL,'2018-01-18 16:33:03.415000',NULL,NULL,'arctos',NULL,NULL,NULL,NULL,NULL,NULL,NULL,NULL,NULL,NULL),(252,NULL,NULL,NULL,NULL,NULL,NULL,'2018-01-18 16:33:03.435000',NULL,NULL,NULL,NULL,NULL,NULL,NULL,NULL,NULL,NULL,NULL,NULL,NULL),(253,NULL,NULL,NULL,NULL,'Ursus',NULL,'2018-01-18 16:33:03.552000',NULL,NULL,'arctos',NULL,NULL,NULL,NULL,NULL,NULL,NULL,NULL,NULL,NULL),(254,NULL,NULL,NULL,NULL,NULL,NULL,'2018-01-18 16:33:03.573000',NULL,NULL,NULL,NULL,NULL,NULL,NULL,NULL,NULL,NULL,NULL,NULL,NULL),(255,NULL,NULL,NULL,NULL,'Ursus',NULL,'2018-01-18 16:33:03.709000',NULL,NULL,'arctos',NULL,NULL,NULL,NULL,NULL,NULL,NULL,NULL,NULL,NULL),(256,NULL,NULL,NULL,NULL,NULL,NULL,'2018-01-18 16:33:03.729000',NULL,NULL,NULL,NULL,NULL,NULL,NULL,NULL,NULL,NULL,NULL,NULL,NULL),(257,NULL,NULL,NULL,NULL,'Ursus',NULL,'2018-01-18 16:33:03.858000',NULL,NULL,'arctos',NULL,NULL,NULL,NULL,NULL,NULL,NULL,NULL,NULL,NULL),(258,NULL,NULL,NULL,NULL,NULL,NULL,'2018-01-18 16:33:03.877000',NULL,NULL,NULL,NULL,NULL,NULL,NULL,NULL,NULL,NULL,NULL,NULL,NULL),(259,NULL,NULL,NULL,NULL,'Ursus',NULL,'2018-01-18 16:33:04.009000',NULL,NULL,'arctos',NULL,NULL,NULL,NULL,NULL,NULL,NULL,NULL,NULL,NULL),(260,NULL,NULL,NULL,NULL,NULL,NULL,'2018-01-18 16:33:04.029000',NULL,NULL,NULL,NULL,NULL,NULL,NULL,NULL,NULL,NULL,NULL,NULL,NULL),(261,NULL,NULL,NULL,NULL,'Ursus',NULL,'2018-01-18 16:33:04.155000',NULL,NULL,'arctos',NULL,NULL,NULL,NULL,NULL,NULL,NULL,NULL,NULL,NULL),(262,NULL,NULL,NULL,NULL,NULL,NULL,'2018-01-18 16:33:04.176000',NULL,NULL,NULL,NULL,NULL,NULL,NULL,NULL,NULL,NULL,NULL,NULL,NULL),(263,NULL,NULL,NULL,NULL,'Ursus',NULL,'2018-01-18 16:33:04.309000',NULL,NULL,'arctos',NULL,NULL,NULL,NULL,NULL,NULL,NULL,NULL,NULL,NULL),(264,NULL,NULL,NULL,NULL,NULL,NULL,'2018-01-18 16:33:04.328000',NULL,NULL,NULL,NULL,NULL,NULL,NULL,NULL,NULL,NULL,NULL,NULL,NULL),(265,NULL,NULL,NULL,NULL,'Ursus',NULL,'2018-01-18 16:33:04.446000',NULL,NULL,'arctos',NULL,NULL,NULL,NULL,NULL,NULL,NULL,NULL,NULL,NULL),(266,NULL,NULL,NULL,NULL,NULL,NULL,'2018-01-18 16:33:04.466000',NULL,NULL,NULL,NULL,NULL,NULL,NULL,NULL,NULL,NULL,NULL,NULL,NULL),(267,NULL,NULL,NULL,NULL,'Ursus',NULL,'2018-01-18 16:33:04.579000',NULL,NULL,'arctos',NULL,NULL,NULL,NULL,NULL,NULL,NULL,NULL,NULL,NULL),(268,NULL,NULL,NULL,NULL,NULL,NULL,'2018-01-18 16:33:04.599000',NULL,NULL,NULL,NULL,NULL,NULL,NULL,NULL,NULL,NULL,NULL,NULL,NULL),(269,NULL,NULL,NULL,NULL,'Ursus',NULL,'2018-01-18 16:33:04.761000',NULL,NULL,'arctos',NULL,NULL,NULL,NULL,NULL,NULL,NULL,NULL,NULL,NULL),(270,NULL,NULL,NULL,NULL,NULL,NULL,'2018-01-18 16:33:04.781000',NULL,NULL,NULL,NULL,NULL,NULL,NULL,NULL,NULL,NULL,NULL,NULL,NULL),(271,NULL,NULL,NULL,NULL,'Ursus',NULL,'2018-01-18 16:33:04.893000',NULL,NULL,'arctos',NULL,NULL,NULL,NULL,NULL,NULL,NULL,NULL,NULL,NULL),(272,NULL,NULL,NULL,NULL,NULL,NULL,'2018-01-18 16:33:04.914000',NULL,NULL,NULL,NULL,NULL,NULL,NULL,NULL,NULL,NULL,NULL,NULL,NULL),(273,NULL,NULL,NULL,NULL,'Ursus',NULL,'2018-01-18 16:33:05.030000',NULL,NULL,'arctos',NULL,NULL,NULL,NULL,NULL,NULL,NULL,NULL,NULL,NULL),(274,NULL,NULL,NULL,NULL,NULL,NULL,'2018-01-18 16:33:05.049000',NULL,NULL,NULL,NULL,NULL,NULL,NULL,NULL,NULL,NULL,NULL,NULL,NULL),(275,NULL,NULL,NULL,NULL,'Ursus',NULL,'2018-01-18 16:33:05.162000',NULL,NULL,'arctos',NULL,NULL,NULL,NULL,NULL,NULL,NULL,NULL,NULL,NULL),(276,NULL,NULL,NULL,NULL,NULL,NULL,'2018-01-18 16:33:05.181000',NULL,NULL,NULL,NULL,NULL,NULL,NULL,NULL,NULL,NULL,NULL,NULL,NULL),(277,NULL,NULL,NULL,NULL,'Ursus',NULL,'2018-01-18 16:33:05.301000',NULL,NULL,'arctos',NULL,NULL,NULL,NULL,NULL,NULL,NULL,NULL,NULL,NULL),(278,NULL,NULL,NULL,NULL,NULL,NULL,'2018-01-18 16:33:05.321000',NULL,NULL,NULL,NULL,NULL,NULL,NULL,NULL,NULL,NULL,NULL,NULL,NULL),(279,NULL,NULL,NULL,NULL,'Ursus',NULL,'2018-01-18 16:33:05.439000',NULL,NULL,'arctos',NULL,NULL,NULL,NULL,NULL,NULL,NULL,NULL,NULL,NULL),(280,NULL,NULL,NULL,NULL,NULL,NULL,'2018-01-18 16:33:05.459000',NULL,NULL,NULL,NULL,NULL,NULL,NULL,NULL,NULL,NULL,NULL,NULL,NULL),(281,NULL,NULL,NULL,NULL,'Ursus',NULL,'2018-01-18 16:33:05.575000',NULL,NULL,'arctos',NULL,NULL,NULL,NULL,NULL,NULL,NULL,NULL,NULL,NULL),(282,NULL,NULL,NULL,NULL,NULL,NULL,'2018-01-18 16:33:05.594000',NULL,NULL,NULL,NULL,NULL,NULL,NULL,NULL,NULL,NULL,NULL,NULL,NULL),(283,NULL,NULL,NULL,NULL,'Ursus',NULL,'2018-01-18 16:33:05.712000',NULL,NULL,'arctos',NULL,NULL,NULL,NULL,NULL,NULL,NULL,NULL,NULL,NULL),(284,NULL,NULL,NULL,NULL,NULL,NULL,'2018-01-18 16:33:05.733000',NULL,NULL,NULL,NULL,NULL,NULL,NULL,NULL,NULL,NULL,NULL,NULL,NULL),(285,NULL,NULL,NULL,NULL,'Ursus',NULL,'2018-01-18 16:33:05.851000',NULL,NULL,'arctos',NULL,NULL,NULL,NULL,NULL,NULL,NULL,NULL,NULL,NULL),(286,NULL,NULL,NULL,NULL,NULL,NULL,'2018-01-18 16:33:05.872000',NULL,NULL,NULL,NULL,NULL,NULL,NULL,NULL,NULL,NULL,NULL,NULL,NULL),(287,NULL,NULL,NULL,NULL,'Ursus',NULL,'2018-01-18 16:33:05.990000',NULL,NULL,'arctos',NULL,NULL,NULL,NULL,NULL,NULL,NULL,NULL,NULL,NULL),(288,NULL,NULL,NULL,NULL,NULL,NULL,'2018-01-18 16:33:06.010000',NULL,NULL,NULL,NULL,NULL,NULL,NULL,NULL,NULL,NULL,NULL,NULL,NULL),(289,NULL,NULL,NULL,NULL,'Ursus',NULL,'2018-01-18 16:33:06.132000',NULL,NULL,'arctos',NULL,NULL,NULL,NULL,NULL,NULL,NULL,NULL,NULL,NULL),(290,NULL,NULL,NULL,NULL,NULL,NULL,'2018-01-18 16:33:06.152000',NULL,NULL,NULL,NULL,NULL,NULL,NULL,NULL,NULL,NULL,NULL,NULL,NULL),(291,NULL,NULL,NULL,NULL,'Ursus',NULL,'2018-01-18 16:33:06.273000',NULL,NULL,'arctos',NULL,NULL,NULL,NULL,NULL,NULL,NULL,NULL,NULL,NULL),(292,NULL,NULL,NULL,NULL,NULL,NULL,'2018-01-18 16:33:06.293000',NULL,NULL,NULL,NULL,NULL,NULL,NULL,NULL,NULL,NULL,NULL,NULL,NULL);
/*!40000 ALTER TABLE `Taxonomys` ENABLE KEYS */;
UNLOCK TABLES;

--
-- Table structure for table `Taxonomys_AUD`
--

DROP TABLE IF EXISTS `Taxonomys_AUD`;
/*!40101 SET @saved_cs_client     = @@character_set_client */;
/*!40101 SET character_set_client = utf8 */;
CREATE TABLE `Taxonomys_AUD` (
  `TaxonomyID` int(11) NOT NULL,
  `REV` int(11) NOT NULL,
  `REVTYPE` tinyint(4) DEFAULT NULL,
  `Authors` varchar(200) DEFAULT NULL,
  `CommonName` varchar(512) DEFAULT NULL,
  `Division` varchar(50) DEFAULT NULL,
  `Family` varchar(50) DEFAULT NULL,
  `Genus` varchar(50) DEFAULT NULL,
  `Kingdom` varchar(50) DEFAULT NULL,
  `Notes` varchar(1024) DEFAULT NULL,
  `Phylum` varchar(50) DEFAULT NULL,
  `Species` varchar(50) DEFAULT NULL,
  `State` varchar(50) DEFAULT NULL,
  `Strain` varchar(50) DEFAULT NULL,
  `Subgenera` varchar(200) DEFAULT NULL,
  `Superfamily` varchar(50) DEFAULT NULL,
  `Synonym` varchar(50) DEFAULT NULL,
  `TaxanomicClass` varchar(50) DEFAULT NULL,
  `TaxanomicGroup` varchar(50) DEFAULT NULL,
  `TaxanomicOrder` varchar(50) DEFAULT NULL,
  `TypeSpecimen` varchar(50) DEFAULT NULL,
  `Variety` varchar(50) DEFAULT NULL,
  PRIMARY KEY (`TaxonomyID`,`REV`),
  KEY `FK_p8kjq5lejdkrrh9fb1y8kboxo` (`REV`),
  CONSTRAINT `FK_p8kjq5lejdkrrh9fb1y8kboxo` FOREIGN KEY (`REV`) REFERENCES `Revision` (`id`)
) ENGINE=InnoDB DEFAULT CHARSET=latin1;
/*!40101 SET character_set_client = @saved_cs_client */;

--
-- Dumping data for table `Taxonomys_AUD`
--

LOCK TABLES `Taxonomys_AUD` WRITE;
/*!40000 ALTER TABLE `Taxonomys_AUD` DISABLE KEYS */;
INSERT INTO `Taxonomys_AUD` VALUES (101,6,0,NULL,NULL,NULL,NULL,'Ursus',NULL,NULL,NULL,'arctos',NULL,NULL,NULL,NULL,NULL,NULL,NULL,NULL,NULL,NULL),(102,6,0,NULL,NULL,NULL,NULL,NULL,NULL,NULL,NULL,NULL,NULL,NULL,NULL,NULL,NULL,NULL,NULL,NULL,NULL,NULL),(103,6,0,NULL,NULL,NULL,NULL,'Ursus',NULL,NULL,NULL,'arctos',NULL,NULL,NULL,NULL,NULL,NULL,NULL,NULL,NULL,NULL),(104,6,0,NULL,NULL,NULL,NULL,NULL,NULL,NULL,NULL,NULL,NULL,NULL,NULL,NULL,NULL,NULL,NULL,NULL,NULL,NULL),(105,6,0,NULL,NULL,NULL,NULL,'Ursus',NULL,NULL,NULL,'arctos',NULL,NULL,NULL,NULL,NULL,NULL,NULL,NULL,NULL,NULL),(106,6,0,NULL,NULL,NULL,NULL,NULL,NULL,NULL,NULL,NULL,NULL,NULL,NULL,NULL,NULL,NULL,NULL,NULL,NULL,NULL),(107,6,0,NULL,NULL,NULL,NULL,'Ursus',NULL,NULL,NULL,'arctos',NULL,NULL,NULL,NULL,NULL,NULL,NULL,NULL,NULL,NULL),(108,6,0,NULL,NULL,NULL,NULL,NULL,NULL,NULL,NULL,NULL,NULL,NULL,NULL,NULL,NULL,NULL,NULL,NULL,NULL,NULL),(109,6,0,NULL,NULL,NULL,NULL,'Ursus',NULL,NULL,NULL,'arctos',NULL,NULL,NULL,NULL,NULL,NULL,NULL,NULL,NULL,NULL),(110,6,0,NULL,NULL,NULL,NULL,NULL,NULL,NULL,NULL,NULL,NULL,NULL,NULL,NULL,NULL,NULL,NULL,NULL,NULL,NULL),(111,6,0,NULL,NULL,NULL,NULL,'Ursus',NULL,NULL,NULL,'arctos',NULL,NULL,NULL,NULL,NULL,NULL,NULL,NULL,NULL,NULL),(112,6,0,NULL,NULL,NULL,NULL,NULL,NULL,NULL,NULL,NULL,NULL,NULL,NULL,NULL,NULL,NULL,NULL,NULL,NULL,NULL),(113,6,0,NULL,NULL,NULL,NULL,'Ursus',NULL,NULL,NULL,'arctos',NULL,NULL,NULL,NULL,NULL,NULL,NULL,NULL,NULL,NULL),(114,6,0,NULL,NULL,NULL,NULL,NULL,NULL,NULL,NULL,NULL,NULL,NULL,NULL,NULL,NULL,NULL,NULL,NULL,NULL,NULL),(115,6,0,NULL,NULL,NULL,NULL,'Ursus',NULL,NULL,NULL,'arctos',NULL,NULL,NULL,NULL,NULL,NULL,NULL,NULL,NULL,NULL),(116,6,0,NULL,NULL,NULL,NULL,NULL,NULL,NULL,NULL,NULL,NULL,NULL,NULL,NULL,NULL,NULL,NULL,NULL,NULL,NULL),(117,6,0,NULL,NULL,NULL,NULL,'Ursus',NULL,NULL,NULL,'arctos',NULL,NULL,NULL,NULL,NULL,NULL,NULL,NULL,NULL,NULL),(118,6,0,NULL,NULL,NULL,NULL,NULL,NULL,NULL,NULL,NULL,NULL,NULL,NULL,NULL,NULL,NULL,NULL,NULL,NULL,NULL),(119,6,0,NULL,NULL,NULL,NULL,'Ursus',NULL,NULL,NULL,'arctos',NULL,NULL,NULL,NULL,NULL,NULL,NULL,NULL,NULL,NULL),(120,6,0,NULL,NULL,NULL,NULL,NULL,NULL,NULL,NULL,NULL,NULL,NULL,NULL,NULL,NULL,NULL,NULL,NULL,NULL,NULL),(121,6,0,NULL,NULL,NULL,NULL,'Ursus',NULL,NULL,NULL,'arctos',NULL,NULL,NULL,NULL,NULL,NULL,NULL,NULL,NULL,NULL),(122,6,0,NULL,NULL,NULL,NULL,NULL,NULL,NULL,NULL,NULL,NULL,NULL,NULL,NULL,NULL,NULL,NULL,NULL,NULL,NULL),(123,6,0,NULL,NULL,NULL,NULL,'Ursus',NULL,NULL,NULL,'arctos',NULL,NULL,NULL,NULL,NULL,NULL,NULL,NULL,NULL,NULL),(124,6,0,NULL,NULL,NULL,NULL,NULL,NULL,NULL,NULL,NULL,NULL,NULL,NULL,NULL,NULL,NULL,NULL,NULL,NULL,NULL),(125,6,0,NULL,NULL,NULL,NULL,'Ursus',NULL,NULL,NULL,'arctos',NULL,NULL,NULL,NULL,NULL,NULL,NULL,NULL,NULL,NULL),(126,6,0,NULL,NULL,NULL,NULL,NULL,NULL,NULL,NULL,NULL,NULL,NULL,NULL,NULL,NULL,NULL,NULL,NULL,NULL,NULL),(127,6,0,NULL,NULL,NULL,NULL,'Ursus',NULL,NULL,NULL,'arctos',NULL,NULL,NULL,NULL,NULL,NULL,NULL,NULL,NULL,NULL),(128,6,0,NULL,NULL,NULL,NULL,NULL,NULL,NULL,NULL,NULL,NULL,NULL,NULL,NULL,NULL,NULL,NULL,NULL,NULL,NULL),(129,6,0,NULL,NULL,NULL,NULL,'Ursus',NULL,NULL,NULL,'arctos',NULL,NULL,NULL,NULL,NULL,NULL,NULL,NULL,NULL,NULL),(130,6,0,NULL,NULL,NULL,NULL,NULL,NULL,NULL,NULL,NULL,NULL,NULL,NULL,NULL,NULL,NULL,NULL,NULL,NULL,NULL),(131,6,0,NULL,NULL,NULL,NULL,'Ursus',NULL,NULL,NULL,'arctos',NULL,NULL,NULL,NULL,NULL,NULL,NULL,NULL,NULL,NULL),(132,6,0,NULL,NULL,NULL,NULL,NULL,NULL,NULL,NULL,NULL,NULL,NULL,NULL,NULL,NULL,NULL,NULL,NULL,NULL,NULL),(133,6,0,NULL,NULL,NULL,NULL,'Ursus',NULL,NULL,NULL,'arctos',NULL,NULL,NULL,NULL,NULL,NULL,NULL,NULL,NULL,NULL),(134,6,0,NULL,NULL,NULL,NULL,NULL,NULL,NULL,NULL,NULL,NULL,NULL,NULL,NULL,NULL,NULL,NULL,NULL,NULL,NULL),(135,6,0,NULL,NULL,NULL,NULL,'Ursus',NULL,NULL,NULL,'arctos',NULL,NULL,NULL,NULL,NULL,NULL,NULL,NULL,NULL,NULL),(136,6,0,NULL,NULL,NULL,NULL,NULL,NULL,NULL,NULL,NULL,NULL,NULL,NULL,NULL,NULL,NULL,NULL,NULL,NULL,NULL),(137,6,0,NULL,NULL,NULL,NULL,'Ursus',NULL,NULL,NULL,'arctos',NULL,NULL,NULL,NULL,NULL,NULL,NULL,NULL,NULL,NULL),(138,6,0,NULL,NULL,NULL,NULL,NULL,NULL,NULL,NULL,NULL,NULL,NULL,NULL,NULL,NULL,NULL,NULL,NULL,NULL,NULL),(139,6,0,NULL,NULL,NULL,NULL,'Ursus',NULL,NULL,NULL,'arctos',NULL,NULL,NULL,NULL,NULL,NULL,NULL,NULL,NULL,NULL),(140,6,0,NULL,NULL,NULL,NULL,NULL,NULL,NULL,NULL,NULL,NULL,NULL,NULL,NULL,NULL,NULL,NULL,NULL,NULL,NULL),(141,6,0,NULL,NULL,NULL,NULL,'Ursus',NULL,NULL,NULL,'arctos',NULL,NULL,NULL,NULL,NULL,NULL,NULL,NULL,NULL,NULL),(142,6,0,NULL,NULL,NULL,NULL,NULL,NULL,NULL,NULL,NULL,NULL,NULL,NULL,NULL,NULL,NULL,NULL,NULL,NULL,NULL),(143,6,0,NULL,NULL,NULL,NULL,'Ursus',NULL,NULL,NULL,'arctos',NULL,NULL,NULL,NULL,NULL,NULL,NULL,NULL,NULL,NULL),(144,6,0,NULL,NULL,NULL,NULL,NULL,NULL,NULL,NULL,NULL,NULL,NULL,NULL,NULL,NULL,NULL,NULL,NULL,NULL,NULL),(145,6,0,NULL,NULL,NULL,NULL,'Ursus',NULL,NULL,NULL,'arctos',NULL,NULL,NULL,NULL,NULL,NULL,NULL,NULL,NULL,NULL),(146,6,0,NULL,NULL,NULL,NULL,NULL,NULL,NULL,NULL,NULL,NULL,NULL,NULL,NULL,NULL,NULL,NULL,NULL,NULL,NULL),(147,6,0,NULL,NULL,NULL,NULL,'Ursus',NULL,NULL,NULL,'arctos',NULL,NULL,NULL,NULL,NULL,NULL,NULL,NULL,NULL,NULL),(148,6,0,NULL,NULL,NULL,NULL,NULL,NULL,NULL,NULL,NULL,NULL,NULL,NULL,NULL,NULL,NULL,NULL,NULL,NULL,NULL),(149,6,0,NULL,NULL,NULL,NULL,'Ursus',NULL,NULL,NULL,'arctos',NULL,NULL,NULL,NULL,NULL,NULL,NULL,NULL,NULL,NULL),(150,6,0,NULL,NULL,NULL,NULL,NULL,NULL,NULL,NULL,NULL,NULL,NULL,NULL,NULL,NULL,NULL,NULL,NULL,NULL,NULL),(151,6,0,NULL,NULL,NULL,NULL,'Ursus',NULL,NULL,NULL,'arctos',NULL,NULL,NULL,NULL,NULL,NULL,NULL,NULL,NULL,NULL),(152,6,0,NULL,NULL,NULL,NULL,NULL,NULL,NULL,NULL,NULL,NULL,NULL,NULL,NULL,NULL,NULL,NULL,NULL,NULL,NULL),(153,6,0,NULL,NULL,NULL,NULL,'Ursus',NULL,NULL,NULL,'arctos',NULL,NULL,NULL,NULL,NULL,NULL,NULL,NULL,NULL,NULL),(154,6,0,NULL,NULL,NULL,NULL,NULL,NULL,NULL,NULL,NULL,NULL,NULL,NULL,NULL,NULL,NULL,NULL,NULL,NULL,NULL),(155,6,0,NULL,NULL,NULL,NULL,'Ursus',NULL,NULL,NULL,'arctos',NULL,NULL,NULL,NULL,NULL,NULL,NULL,NULL,NULL,NULL),(156,6,0,NULL,NULL,NULL,NULL,NULL,NULL,NULL,NULL,NULL,NULL,NULL,NULL,NULL,NULL,NULL,NULL,NULL,NULL,NULL),(157,6,0,NULL,NULL,NULL,NULL,'Ursus',NULL,NULL,NULL,'arctos',NULL,NULL,NULL,NULL,NULL,NULL,NULL,NULL,NULL,NULL),(158,6,0,NULL,NULL,NULL,NULL,NULL,NULL,NULL,NULL,NULL,NULL,NULL,NULL,NULL,NULL,NULL,NULL,NULL,NULL,NULL),(159,6,0,NULL,NULL,NULL,NULL,'Ursus',NULL,NULL,NULL,'arctos',NULL,NULL,NULL,NULL,NULL,NULL,NULL,NULL,NULL,NULL),(160,6,0,NULL,NULL,NULL,NULL,NULL,NULL,NULL,NULL,NULL,NULL,NULL,NULL,NULL,NULL,NULL,NULL,NULL,NULL,NULL),(161,6,0,NULL,NULL,NULL,NULL,'Ursus',NULL,NULL,NULL,'arctos',NULL,NULL,NULL,NULL,NULL,NULL,NULL,NULL,NULL,NULL),(162,6,0,NULL,NULL,NULL,NULL,NULL,NULL,NULL,NULL,NULL,NULL,NULL,NULL,NULL,NULL,NULL,NULL,NULL,NULL,NULL),(163,6,0,NULL,NULL,NULL,NULL,'Ursus',NULL,NULL,NULL,'arctos',NULL,NULL,NULL,NULL,NULL,NULL,NULL,NULL,NULL,NULL),(164,6,0,NULL,NULL,NULL,NULL,NULL,NULL,NULL,NULL,NULL,NULL,NULL,NULL,NULL,NULL,NULL,NULL,NULL,NULL,NULL),(165,6,0,NULL,NULL,NULL,NULL,'Ursus',NULL,NULL,NULL,'arctos',NULL,NULL,NULL,NULL,NULL,NULL,NULL,NULL,NULL,NULL),(166,6,0,NULL,NULL,NULL,NULL,NULL,NULL,NULL,NULL,NULL,NULL,NULL,NULL,NULL,NULL,NULL,NULL,NULL,NULL,NULL),(167,6,0,NULL,NULL,NULL,NULL,'Ursus',NULL,NULL,NULL,'arctos',NULL,NULL,NULL,NULL,NULL,NULL,NULL,NULL,NULL,NULL),(168,6,0,NULL,NULL,NULL,NULL,NULL,NULL,NULL,NULL,NULL,NULL,NULL,NULL,NULL,NULL,NULL,NULL,NULL,NULL,NULL),(169,6,0,NULL,NULL,NULL,NULL,'Ursus',NULL,NULL,NULL,'arctos',NULL,NULL,NULL,NULL,NULL,NULL,NULL,NULL,NULL,NULL),(170,6,0,NULL,NULL,NULL,NULL,NULL,NULL,NULL,NULL,NULL,NULL,NULL,NULL,NULL,NULL,NULL,NULL,NULL,NULL,NULL),(171,6,0,NULL,NULL,NULL,NULL,'Ursus',NULL,NULL,NULL,'arctos',NULL,NULL,NULL,NULL,NULL,NULL,NULL,NULL,NULL,NULL),(172,6,0,NULL,NULL,NULL,NULL,NULL,NULL,NULL,NULL,NULL,NULL,NULL,NULL,NULL,NULL,NULL,NULL,NULL,NULL,NULL),(173,6,0,NULL,NULL,NULL,NULL,'Ursus',NULL,NULL,NULL,'arctos',NULL,NULL,NULL,NULL,NULL,NULL,NULL,NULL,NULL,NULL),(174,6,0,NULL,NULL,NULL,NULL,NULL,NULL,NULL,NULL,NULL,NULL,NULL,NULL,NULL,NULL,NULL,NULL,NULL,NULL,NULL),(175,6,0,NULL,NULL,NULL,NULL,'Ursus',NULL,NULL,NULL,'arctos',NULL,NULL,NULL,NULL,NULL,NULL,NULL,NULL,NULL,NULL),(176,6,0,NULL,NULL,NULL,NULL,NULL,NULL,NULL,NULL,NULL,NULL,NULL,NULL,NULL,NULL,NULL,NULL,NULL,NULL,NULL),(177,6,0,NULL,NULL,NULL,NULL,'Ursus',NULL,NULL,NULL,'arctos',NULL,NULL,NULL,NULL,NULL,NULL,NULL,NULL,NULL,NULL),(178,6,0,NULL,NULL,NULL,NULL,NULL,NULL,NULL,NULL,NULL,NULL,NULL,NULL,NULL,NULL,NULL,NULL,NULL,NULL,NULL),(179,6,0,NULL,NULL,NULL,NULL,'Ursus',NULL,NULL,NULL,'arctos',NULL,NULL,NULL,NULL,NULL,NULL,NULL,NULL,NULL,NULL),(180,6,0,NULL,NULL,NULL,NULL,NULL,NULL,NULL,NULL,NULL,NULL,NULL,NULL,NULL,NULL,NULL,NULL,NULL,NULL,NULL),(181,6,0,NULL,NULL,NULL,NULL,'Ursus',NULL,NULL,NULL,'arctos',NULL,NULL,NULL,NULL,NULL,NULL,NULL,NULL,NULL,NULL),(182,6,0,NULL,NULL,NULL,NULL,NULL,NULL,NULL,NULL,NULL,NULL,NULL,NULL,NULL,NULL,NULL,NULL,NULL,NULL,NULL),(183,6,0,NULL,NULL,NULL,NULL,'Ursus',NULL,NULL,NULL,'arctos',NULL,NULL,NULL,NULL,NULL,NULL,NULL,NULL,NULL,NULL),(184,6,0,NULL,NULL,NULL,NULL,NULL,NULL,NULL,NULL,NULL,NULL,NULL,NULL,NULL,NULL,NULL,NULL,NULL,NULL,NULL),(185,6,0,NULL,NULL,NULL,NULL,'Ursus',NULL,NULL,NULL,'arctos',NULL,NULL,NULL,NULL,NULL,NULL,NULL,NULL,NULL,NULL),(186,6,0,NULL,NULL,NULL,NULL,NULL,NULL,NULL,NULL,NULL,NULL,NULL,NULL,NULL,NULL,NULL,NULL,NULL,NULL,NULL),(187,6,0,NULL,NULL,NULL,NULL,'Ursus',NULL,NULL,NULL,'arctos',NULL,NULL,NULL,NULL,NULL,NULL,NULL,NULL,NULL,NULL),(188,6,0,NULL,NULL,NULL,NULL,NULL,NULL,NULL,NULL,NULL,NULL,NULL,NULL,NULL,NULL,NULL,NULL,NULL,NULL,NULL),(189,6,0,NULL,NULL,NULL,NULL,'Ursus',NULL,NULL,NULL,'arctos',NULL,NULL,NULL,NULL,NULL,NULL,NULL,NULL,NULL,NULL),(190,6,0,NULL,NULL,NULL,NULL,NULL,NULL,NULL,NULL,NULL,NULL,NULL,NULL,NULL,NULL,NULL,NULL,NULL,NULL,NULL),(191,6,0,NULL,NULL,NULL,NULL,'Ursus',NULL,NULL,NULL,'arctos',NULL,NULL,NULL,NULL,NULL,NULL,NULL,NULL,NULL,NULL),(192,6,0,NULL,NULL,NULL,NULL,NULL,NULL,NULL,NULL,NULL,NULL,NULL,NULL,NULL,NULL,NULL,NULL,NULL,NULL,NULL),(193,6,0,NULL,NULL,NULL,NULL,'Ursus',NULL,NULL,NULL,'arctos',NULL,NULL,NULL,NULL,NULL,NULL,NULL,NULL,NULL,NULL),(194,6,0,NULL,NULL,NULL,NULL,NULL,NULL,NULL,NULL,NULL,NULL,NULL,NULL,NULL,NULL,NULL,NULL,NULL,NULL,NULL),(195,6,0,NULL,NULL,NULL,NULL,'Ursus',NULL,NULL,NULL,'arctos',NULL,NULL,NULL,NULL,NULL,NULL,NULL,NULL,NULL,NULL),(196,6,0,NULL,NULL,NULL,NULL,NULL,NULL,NULL,NULL,NULL,NULL,NULL,NULL,NULL,NULL,NULL,NULL,NULL,NULL,NULL),(197,6,0,NULL,NULL,NULL,NULL,'Ursus',NULL,NULL,NULL,'arctos',NULL,NULL,NULL,NULL,NULL,NULL,NULL,NULL,NULL,NULL),(198,6,0,NULL,NULL,NULL,NULL,NULL,NULL,NULL,NULL,NULL,NULL,NULL,NULL,NULL,NULL,NULL,NULL,NULL,NULL,NULL),(199,6,0,NULL,NULL,NULL,NULL,'Ursus',NULL,NULL,NULL,'arctos',NULL,NULL,NULL,NULL,NULL,NULL,NULL,NULL,NULL,NULL),(200,6,0,NULL,NULL,NULL,NULL,NULL,NULL,NULL,NULL,NULL,NULL,NULL,NULL,NULL,NULL,NULL,NULL,NULL,NULL,NULL),(201,6,0,NULL,NULL,NULL,NULL,'Ursus',NULL,NULL,NULL,'arctos',NULL,NULL,NULL,NULL,NULL,NULL,NULL,NULL,NULL,NULL),(202,6,0,NULL,NULL,NULL,NULL,NULL,NULL,NULL,NULL,NULL,NULL,NULL,NULL,NULL,NULL,NULL,NULL,NULL,NULL,NULL),(203,6,0,NULL,NULL,NULL,NULL,'Ursus',NULL,NULL,NULL,'arctos',NULL,NULL,NULL,NULL,NULL,NULL,NULL,NULL,NULL,NULL),(204,6,0,NULL,NULL,NULL,NULL,NULL,NULL,NULL,NULL,NULL,NULL,NULL,NULL,NULL,NULL,NULL,NULL,NULL,NULL,NULL),(205,6,0,NULL,NULL,NULL,NULL,'Ursus',NULL,NULL,NULL,'arctos',NULL,NULL,NULL,NULL,NULL,NULL,NULL,NULL,NULL,NULL),(206,6,0,NULL,NULL,NULL,NULL,NULL,NULL,NULL,NULL,NULL,NULL,NULL,NULL,NULL,NULL,NULL,NULL,NULL,NULL,NULL),(207,6,0,NULL,NULL,NULL,NULL,'Ursus',NULL,NULL,NULL,'arctos',NULL,NULL,NULL,NULL,NULL,NULL,NULL,NULL,NULL,NULL),(208,6,0,NULL,NULL,NULL,NULL,NULL,NULL,NULL,NULL,NULL,NULL,NULL,NULL,NULL,NULL,NULL,NULL,NULL,NULL,NULL),(209,6,0,NULL,NULL,NULL,NULL,'Ursus',NULL,NULL,NULL,'arctos',NULL,NULL,NULL,NULL,NULL,NULL,NULL,NULL,NULL,NULL),(210,6,0,NULL,NULL,NULL,NULL,NULL,NULL,NULL,NULL,NULL,NULL,NULL,NULL,NULL,NULL,NULL,NULL,NULL,NULL,NULL),(211,6,0,NULL,NULL,NULL,NULL,'Ursus',NULL,NULL,NULL,'arctos',NULL,NULL,NULL,NULL,NULL,NULL,NULL,NULL,NULL,NULL),(212,6,0,NULL,NULL,NULL,NULL,NULL,NULL,NULL,NULL,NULL,NULL,NULL,NULL,NULL,NULL,NULL,NULL,NULL,NULL,NULL),(213,6,0,NULL,NULL,NULL,NULL,'Ursus',NULL,NULL,NULL,'arctos',NULL,NULL,NULL,NULL,NULL,NULL,NULL,NULL,NULL,NULL),(214,6,0,NULL,NULL,NULL,NULL,NULL,NULL,NULL,NULL,NULL,NULL,NULL,NULL,NULL,NULL,NULL,NULL,NULL,NULL,NULL),(215,6,0,NULL,NULL,NULL,NULL,'Ursus',NULL,NULL,NULL,'arctos',NULL,NULL,NULL,NULL,NULL,NULL,NULL,NULL,NULL,NULL),(216,6,0,NULL,NULL,NULL,NULL,NULL,NULL,NULL,NULL,NULL,NULL,NULL,NULL,NULL,NULL,NULL,NULL,NULL,NULL,NULL),(217,6,0,NULL,NULL,NULL,NULL,'Ursus',NULL,NULL,NULL,'arctos',NULL,NULL,NULL,NULL,NULL,NULL,NULL,NULL,NULL,NULL),(218,6,0,NULL,NULL,NULL,NULL,NULL,NULL,NULL,NULL,NULL,NULL,NULL,NULL,NULL,NULL,NULL,NULL,NULL,NULL,NULL),(219,6,0,NULL,NULL,NULL,NULL,'Ursus',NULL,NULL,NULL,'arctos',NULL,NULL,NULL,NULL,NULL,NULL,NULL,NULL,NULL,NULL),(220,6,0,NULL,NULL,NULL,NULL,NULL,NULL,NULL,NULL,NULL,NULL,NULL,NULL,NULL,NULL,NULL,NULL,NULL,NULL,NULL),(221,6,0,NULL,NULL,NULL,NULL,'Ursus',NULL,NULL,NULL,'arctos',NULL,NULL,NULL,NULL,NULL,NULL,NULL,NULL,NULL,NULL),(222,6,0,NULL,NULL,NULL,NULL,NULL,NULL,NULL,NULL,NULL,NULL,NULL,NULL,NULL,NULL,NULL,NULL,NULL,NULL,NULL),(223,6,0,NULL,NULL,NULL,NULL,'Ursus',NULL,NULL,NULL,'arctos',NULL,NULL,NULL,NULL,NULL,NULL,NULL,NULL,NULL,NULL),(224,6,0,NULL,NULL,NULL,NULL,NULL,NULL,NULL,NULL,NULL,NULL,NULL,NULL,NULL,NULL,NULL,NULL,NULL,NULL,NULL),(225,6,0,NULL,NULL,NULL,NULL,'Ursus',NULL,NULL,NULL,'arctos',NULL,NULL,NULL,NULL,NULL,NULL,NULL,NULL,NULL,NULL),(226,6,0,NULL,NULL,NULL,NULL,NULL,NULL,NULL,NULL,NULL,NULL,NULL,NULL,NULL,NULL,NULL,NULL,NULL,NULL,NULL),(227,6,0,NULL,NULL,NULL,NULL,'Ursus',NULL,NULL,NULL,'arctos',NULL,NULL,NULL,NULL,NULL,NULL,NULL,NULL,NULL,NULL),(228,6,0,NULL,NULL,NULL,NULL,NULL,NULL,NULL,NULL,NULL,NULL,NULL,NULL,NULL,NULL,NULL,NULL,NULL,NULL,NULL),(229,6,0,NULL,NULL,NULL,NULL,'Ursus',NULL,NULL,NULL,'arctos',NULL,NULL,NULL,NULL,NULL,NULL,NULL,NULL,NULL,NULL),(230,6,0,NULL,NULL,NULL,NULL,NULL,NULL,NULL,NULL,NULL,NULL,NULL,NULL,NULL,NULL,NULL,NULL,NULL,NULL,NULL),(231,6,0,NULL,NULL,NULL,NULL,'Ursus',NULL,NULL,NULL,'arctos',NULL,NULL,NULL,NULL,NULL,NULL,NULL,NULL,NULL,NULL),(232,6,0,NULL,NULL,NULL,NULL,NULL,NULL,NULL,NULL,NULL,NULL,NULL,NULL,NULL,NULL,NULL,NULL,NULL,NULL,NULL),(233,6,0,NULL,NULL,NULL,NULL,'Ursus',NULL,NULL,NULL,'arctos',NULL,NULL,NULL,NULL,NULL,NULL,NULL,NULL,NULL,NULL),(234,6,0,NULL,NULL,NULL,NULL,NULL,NULL,NULL,NULL,NULL,NULL,NULL,NULL,NULL,NULL,NULL,NULL,NULL,NULL,NULL),(235,6,0,NULL,NULL,NULL,NULL,'Ursus',NULL,NULL,NULL,'arctos',NULL,NULL,NULL,NULL,NULL,NULL,NULL,NULL,NULL,NULL),(236,6,0,NULL,NULL,NULL,NULL,NULL,NULL,NULL,NULL,NULL,NULL,NULL,NULL,NULL,NULL,NULL,NULL,NULL,NULL,NULL),(237,6,0,NULL,NULL,NULL,NULL,'Ursus',NULL,NULL,NULL,'arctos',NULL,NULL,NULL,NULL,NULL,NULL,NULL,NULL,NULL,NULL),(238,6,0,NULL,NULL,NULL,NULL,NULL,NULL,NULL,NULL,NULL,NULL,NULL,NULL,NULL,NULL,NULL,NULL,NULL,NULL,NULL),(239,6,0,NULL,NULL,NULL,NULL,'Ursus',NULL,NULL,NULL,'arctos',NULL,NULL,NULL,NULL,NULL,NULL,NULL,NULL,NULL,NULL),(240,6,0,NULL,NULL,NULL,NULL,NULL,NULL,NULL,NULL,NULL,NULL,NULL,NULL,NULL,NULL,NULL,NULL,NULL,NULL,NULL),(241,6,0,NULL,NULL,NULL,NULL,'Ursus',NULL,NULL,NULL,'arctos',NULL,NULL,NULL,NULL,NULL,NULL,NULL,NULL,NULL,NULL),(242,6,0,NULL,NULL,NULL,NULL,NULL,NULL,NULL,NULL,NULL,NULL,NULL,NULL,NULL,NULL,NULL,NULL,NULL,NULL,NULL),(243,6,0,NULL,NULL,NULL,NULL,'Ursus',NULL,NULL,NULL,'arctos',NULL,NULL,NULL,NULL,NULL,NULL,NULL,NULL,NULL,NULL),(244,6,0,NULL,NULL,NULL,NULL,NULL,NULL,NULL,NULL,NULL,NULL,NULL,NULL,NULL,NULL,NULL,NULL,NULL,NULL,NULL),(245,6,0,NULL,NULL,NULL,NULL,'Ursus',NULL,NULL,NULL,'arctos',NULL,NULL,NULL,NULL,NULL,NULL,NULL,NULL,NULL,NULL),(246,6,0,NULL,NULL,NULL,NULL,NULL,NULL,NULL,NULL,NULL,NULL,NULL,NULL,NULL,NULL,NULL,NULL,NULL,NULL,NULL),(247,6,0,NULL,NULL,NULL,NULL,'Ursus',NULL,NULL,NULL,'arctos',NULL,NULL,NULL,NULL,NULL,NULL,NULL,NULL,NULL,NULL),(248,6,0,NULL,NULL,NULL,NULL,NULL,NULL,NULL,NULL,NULL,NULL,NULL,NULL,NULL,NULL,NULL,NULL,NULL,NULL,NULL),(249,6,0,NULL,NULL,NULL,NULL,'Ursus',NULL,NULL,NULL,'arctos',NULL,NULL,NULL,NULL,NULL,NULL,NULL,NULL,NULL,NULL),(250,6,0,NULL,NULL,NULL,NULL,NULL,NULL,NULL,NULL,NULL,NULL,NULL,NULL,NULL,NULL,NULL,NULL,NULL,NULL,NULL),(251,6,0,NULL,NULL,NULL,NULL,'Ursus',NULL,NULL,NULL,'arctos',NULL,NULL,NULL,NULL,NULL,NULL,NULL,NULL,NULL,NULL),(252,6,0,NULL,NULL,NULL,NULL,NULL,NULL,NULL,NULL,NULL,NULL,NULL,NULL,NULL,NULL,NULL,NULL,NULL,NULL,NULL),(253,6,0,NULL,NULL,NULL,NULL,'Ursus',NULL,NULL,NULL,'arctos',NULL,NULL,NULL,NULL,NULL,NULL,NULL,NULL,NULL,NULL),(254,6,0,NULL,NULL,NULL,NULL,NULL,NULL,NULL,NULL,NULL,NULL,NULL,NULL,NULL,NULL,NULL,NULL,NULL,NULL,NULL),(255,6,0,NULL,NULL,NULL,NULL,'Ursus',NULL,NULL,NULL,'arctos',NULL,NULL,NULL,NULL,NULL,NULL,NULL,NULL,NULL,NULL),(256,6,0,NULL,NULL,NULL,NULL,NULL,NULL,NULL,NULL,NULL,NULL,NULL,NULL,NULL,NULL,NULL,NULL,NULL,NULL,NULL),(257,6,0,NULL,NULL,NULL,NULL,'Ursus',NULL,NULL,NULL,'arctos',NULL,NULL,NULL,NULL,NULL,NULL,NULL,NULL,NULL,NULL),(258,6,0,NULL,NULL,NULL,NULL,NULL,NULL,NULL,NULL,NULL,NULL,NULL,NULL,NULL,NULL,NULL,NULL,NULL,NULL,NULL),(259,6,0,NULL,NULL,NULL,NULL,'Ursus',NULL,NULL,NULL,'arctos',NULL,NULL,NULL,NULL,NULL,NULL,NULL,NULL,NULL,NULL),(260,6,0,NULL,NULL,NULL,NULL,NULL,NULL,NULL,NULL,NULL,NULL,NULL,NULL,NULL,NULL,NULL,NULL,NULL,NULL,NULL),(261,6,0,NULL,NULL,NULL,NULL,'Ursus',NULL,NULL,NULL,'arctos',NULL,NULL,NULL,NULL,NULL,NULL,NULL,NULL,NULL,NULL),(262,6,0,NULL,NULL,NULL,NULL,NULL,NULL,NULL,NULL,NULL,NULL,NULL,NULL,NULL,NULL,NULL,NULL,NULL,NULL,NULL),(263,6,0,NULL,NULL,NULL,NULL,'Ursus',NULL,NULL,NULL,'arctos',NULL,NULL,NULL,NULL,NULL,NULL,NULL,NULL,NULL,NULL),(264,6,0,NULL,NULL,NULL,NULL,NULL,NULL,NULL,NULL,NULL,NULL,NULL,NULL,NULL,NULL,NULL,NULL,NULL,NULL,NULL),(265,6,0,NULL,NULL,NULL,NULL,'Ursus',NULL,NULL,NULL,'arctos',NULL,NULL,NULL,NULL,NULL,NULL,NULL,NULL,NULL,NULL),(266,6,0,NULL,NULL,NULL,NULL,NULL,NULL,NULL,NULL,NULL,NULL,NULL,NULL,NULL,NULL,NULL,NULL,NULL,NULL,NULL),(267,6,0,NULL,NULL,NULL,NULL,'Ursus',NULL,NULL,NULL,'arctos',NULL,NULL,NULL,NULL,NULL,NULL,NULL,NULL,NULL,NULL),(268,6,0,NULL,NULL,NULL,NULL,NULL,NULL,NULL,NULL,NULL,NULL,NULL,NULL,NULL,NULL,NULL,NULL,NULL,NULL,NULL),(269,6,0,NULL,NULL,NULL,NULL,'Ursus',NULL,NULL,NULL,'arctos',NULL,NULL,NULL,NULL,NULL,NULL,NULL,NULL,NULL,NULL),(270,6,0,NULL,NULL,NULL,NULL,NULL,NULL,NULL,NULL,NULL,NULL,NULL,NULL,NULL,NULL,NULL,NULL,NULL,NULL,NULL),(271,6,0,NULL,NULL,NULL,NULL,'Ursus',NULL,NULL,NULL,'arctos',NULL,NULL,NULL,NULL,NULL,NULL,NULL,NULL,NULL,NULL),(272,6,0,NULL,NULL,NULL,NULL,NULL,NULL,NULL,NULL,NULL,NULL,NULL,NULL,NULL,NULL,NULL,NULL,NULL,NULL,NULL),(273,6,0,NULL,NULL,NULL,NULL,'Ursus',NULL,NULL,NULL,'arctos',NULL,NULL,NULL,NULL,NULL,NULL,NULL,NULL,NULL,NULL),(274,6,0,NULL,NULL,NULL,NULL,NULL,NULL,NULL,NULL,NULL,NULL,NULL,NULL,NULL,NULL,NULL,NULL,NULL,NULL,NULL),(275,6,0,NULL,NULL,NULL,NULL,'Ursus',NULL,NULL,NULL,'arctos',NULL,NULL,NULL,NULL,NULL,NULL,NULL,NULL,NULL,NULL),(276,6,0,NULL,NULL,NULL,NULL,NULL,NULL,NULL,NULL,NULL,NULL,NULL,NULL,NULL,NULL,NULL,NULL,NULL,NULL,NULL),(277,6,0,NULL,NULL,NULL,NULL,'Ursus',NULL,NULL,NULL,'arctos',NULL,NULL,NULL,NULL,NULL,NULL,NULL,NULL,NULL,NULL),(278,6,0,NULL,NULL,NULL,NULL,NULL,NULL,NULL,NULL,NULL,NULL,NULL,NULL,NULL,NULL,NULL,NULL,NULL,NULL,NULL),(279,6,0,NULL,NULL,NULL,NULL,'Ursus',NULL,NULL,NULL,'arctos',NULL,NULL,NULL,NULL,NULL,NULL,NULL,NULL,NULL,NULL),(280,6,0,NULL,NULL,NULL,NULL,NULL,NULL,NULL,NULL,NULL,NULL,NULL,NULL,NULL,NULL,NULL,NULL,NULL,NULL,NULL),(281,6,0,NULL,NULL,NULL,NULL,'Ursus',NULL,NULL,NULL,'arctos',NULL,NULL,NULL,NULL,NULL,NULL,NULL,NULL,NULL,NULL),(282,6,0,NULL,NULL,NULL,NULL,NULL,NULL,NULL,NULL,NULL,NULL,NULL,NULL,NULL,NULL,NULL,NULL,NULL,NULL,NULL),(283,6,0,NULL,NULL,NULL,NULL,'Ursus',NULL,NULL,NULL,'arctos',NULL,NULL,NULL,NULL,NULL,NULL,NULL,NULL,NULL,NULL),(284,6,0,NULL,NULL,NULL,NULL,NULL,NULL,NULL,NULL,NULL,NULL,NULL,NULL,NULL,NULL,NULL,NULL,NULL,NULL,NULL),(285,6,0,NULL,NULL,NULL,NULL,'Ursus',NULL,NULL,NULL,'arctos',NULL,NULL,NULL,NULL,NULL,NULL,NULL,NULL,NULL,NULL),(286,6,0,NULL,NULL,NULL,NULL,NULL,NULL,NULL,NULL,NULL,NULL,NULL,NULL,NULL,NULL,NULL,NULL,NULL,NULL,NULL),(287,6,0,NULL,NULL,NULL,NULL,'Ursus',NULL,NULL,NULL,'arctos',NULL,NULL,NULL,NULL,NULL,NULL,NULL,NULL,NULL,NULL),(288,6,0,NULL,NULL,NULL,NULL,NULL,NULL,NULL,NULL,NULL,NULL,NULL,NULL,NULL,NULL,NULL,NULL,NULL,NULL,NULL),(289,6,0,NULL,NULL,NULL,NULL,'Ursus',NULL,NULL,NULL,'arctos',NULL,NULL,NULL,NULL,NULL,NULL,NULL,NULL,NULL,NULL),(290,6,0,NULL,NULL,NULL,NULL,NULL,NULL,NULL,NULL,NULL,NULL,NULL,NULL,NULL,NULL,NULL,NULL,NULL,NULL,NULL),(291,6,0,NULL,NULL,NULL,NULL,'Ursus',NULL,NULL,NULL,'arctos',NULL,NULL,NULL,NULL,NULL,NULL,NULL,NULL,NULL,NULL),(292,6,0,NULL,NULL,NULL,NULL,NULL,NULL,NULL,NULL,NULL,NULL,NULL,NULL,NULL,NULL,NULL,NULL,NULL,NULL,NULL);
/*!40000 ALTER TABLE `Taxonomys_AUD` ENABLE KEYS */;
UNLOCK TABLES;

--
-- Table structure for table `UnitSections`
--

DROP TABLE IF EXISTS `UnitSections`;
/*!40101 SET @saved_cs_client     = @@character_set_client */;
/*!40101 SET character_set_client = utf8 */;
CREATE TABLE `UnitSections` (
  `UnitSectionID` int(11) NOT NULL AUTO_INCREMENT,
  `Compartment` varchar(50) DEFAULT NULL,
  `LastModified` datetime(6) DEFAULT NULL,
  `RackNumber` int(11) DEFAULT NULL,
  `ShelfNumber` int(11) DEFAULT NULL,
  `StorageID` int(11) NOT NULL,
  PRIMARY KEY (`UnitSectionID`),
  UNIQUE KEY `UK_50e95w5itu8crcsj5xjsc0ljp` (`StorageID`,`Compartment`,`ShelfNumber`,`RackNumber`),
  CONSTRAINT `FK_ic4tij5ely5myq7wlqhnhghm5` FOREIGN KEY (`StorageID`) REFERENCES `Storages` (`StorageID`)
) ENGINE=InnoDB AUTO_INCREMENT=6 DEFAULT CHARSET=latin1;
/*!40101 SET character_set_client = @saved_cs_client */;

--
-- Dumping data for table `UnitSections`
--

LOCK TABLES `UnitSections` WRITE;
/*!40000 ALTER TABLE `UnitSections` DISABLE KEYS */;
INSERT INTO `UnitSections` VALUES (1,'Upper','2013-03-19 00:00:00.000000',1,1,1),(2,'Upper','2013-03-19 00:00:00.000000',2,1,1),(3,'Lower','2013-03-19 00:00:00.000000',1,3,1),(4,'Lower','2013-03-19 00:00:00.000000',4,4,1),(5,'Upper','2013-03-19 00:00:00.000000',1,1,2);
/*!40000 ALTER TABLE `UnitSections` ENABLE KEYS */;
UNLOCK TABLES;

--
-- Table structure for table `UsageKeys`
--

DROP TABLE IF EXISTS `UsageKeys`;
/*!40101 SET @saved_cs_client     = @@character_set_client */;
/*!40101 SET character_set_client = utf8 */;
CREATE TABLE `UsageKeys` (
  `UsageKeysID` int(11) NOT NULL AUTO_INCREMENT,
  `LastModified` datetime(6) DEFAULT NULL,
  `LastModifiedBy` varchar(80) NOT NULL,
  `UsageStr` varchar(100) NOT NULL,
  PRIMARY KEY (`UsageKeysID`)
) ENGINE=InnoDB AUTO_INCREMENT=2 DEFAULT CHARSET=latin1;
/*!40101 SET character_set_client = @saved_cs_client */;

--
-- Dumping data for table `UsageKeys`
--

LOCK TABLES `UsageKeys` WRITE;
/*!40000 ALTER TABLE `UsageKeys` DISABLE KEYS */;
INSERT INTO `UsageKeys` VALUES (1,'2013-03-19 00:00:00.000000','Henry','language~English');
/*!40000 ALTER TABLE `UsageKeys` ENABLE KEYS */;
UNLOCK TABLES;

--
-- Table structure for table `ValidationFields`
--

DROP TABLE IF EXISTS `ValidationFields`;
/*!40101 SET @saved_cs_client     = @@character_set_client */;
/*!40101 SET character_set_client = utf8 */;
CREATE TABLE `ValidationFields` (
  `FieldName` varchar(100) NOT NULL,
  `Pattern` varchar(255) DEFAULT NULL,
  `Requirment` varchar(255) NOT NULL,
  `ValidationRuleID` int(11) NOT NULL,
  PRIMARY KEY (`FieldName`,`ValidationRuleID`),
  KEY `FK_l6te4yfcdu08mg24xawd3btcl` (`ValidationRuleID`),
  CONSTRAINT `FK_l6te4yfcdu08mg24xawd3btcl` FOREIGN KEY (`ValidationRuleID`) REFERENCES `ValidationRules` (`ValidationRuleID`)
) ENGINE=InnoDB DEFAULT CHARSET=latin1;
/*!40101 SET character_set_client = @saved_cs_client */;

--
-- Dumping data for table `ValidationFields`
--

LOCK TABLES `ValidationFields` WRITE;
/*!40000 ALTER TABLE `ValidationFields` DISABLE KEYS */;
/*!40000 ALTER TABLE `ValidationFields` ENABLE KEYS */;
UNLOCK TABLES;

--
-- Table structure for table `ValidationRules`
--

DROP TABLE IF EXISTS `ValidationRules`;
/*!40101 SET @saved_cs_client     = @@character_set_client */;
/*!40101 SET character_set_client = utf8 */;
CREATE TABLE `ValidationRules` (
  `ValidationRuleID` int(11) NOT NULL AUTO_INCREMENT,
  `Entity` varchar(255) NOT NULL,
  `TagID` int(11) NOT NULL,
  PRIMARY KEY (`ValidationRuleID`),
  UNIQUE KEY `UK_2lncrb3eeq94xa1jbpu6pvo46` (`TagID`,`Entity`),
  CONSTRAINT `FK_lpyvw0afwddt8tb61weqjfyw2` FOREIGN KEY (`TagID`) REFERENCES `ProjectTags` (`TagID`)
) ENGINE=InnoDB DEFAULT CHARSET=latin1;
/*!40101 SET character_set_client = @saved_cs_client */;

--
-- Dumping data for table `ValidationRules`
--

LOCK TABLES `ValidationRules` WRITE;
/*!40000 ALTER TABLE `ValidationRules` DISABLE KEYS */;
/*!40000 ALTER TABLE `ValidationRules` ENABLE KEYS */;
UNLOCK TABLES;

--
-- Table structure for table `Vectors`
--

DROP TABLE IF EXISTS `Vectors`;
/*!40101 SET @saved_cs_client     = @@character_set_client */;
/*!40101 SET character_set_client = utf8 */;
CREATE TABLE `Vectors` (
  `VectorID` int(11) NOT NULL AUTO_INCREMENT,
  `LastModified` datetime(6) DEFAULT NULL,
  `Name` varchar(50) NOT NULL,
  `Seq` longtext NOT NULL,
  `Seq_3` longtext NOT NULL,
  `Seq_5` longtext NOT NULL,
  PRIMARY KEY (`VectorID`),
  UNIQUE KEY `UK_6c0vyoxsn6ctbk4mo3w570amy` (`Name`)
) ENGINE=InnoDB DEFAULT CHARSET=latin1;
/*!40101 SET character_set_client = @saved_cs_client */;

--
-- Dumping data for table `Vectors`
--

LOCK TABLES `Vectors` WRITE;
/*!40000 ALTER TABLE `Vectors` DISABLE KEYS */;
/*!40000 ALTER TABLE `Vectors` ENABLE KEYS */;
UNLOCK TABLES;

--
-- Table structure for table `app_user`
--

DROP TABLE IF EXISTS `app_user`;
/*!40101 SET @saved_cs_client     = @@character_set_client */;
/*!40101 SET character_set_client = utf8 */;
CREATE TABLE `app_user` (
  `id` bigint(20) NOT NULL AUTO_INCREMENT,
  `account_expired` bit(1) NOT NULL,
  `account_locked` bit(1) NOT NULL,
  `address` varchar(150) DEFAULT NULL,
  `city` varchar(50) DEFAULT NULL,
  `country` varchar(100) DEFAULT NULL,
  `postal_code` varchar(15) DEFAULT NULL,
  `province` varchar(100) DEFAULT NULL,
  `credentials_expired` bit(1) NOT NULL,
  `email` varchar(255) NOT NULL,
  `account_enabled` bit(1) DEFAULT NULL,
  `first_name` varchar(50) NOT NULL,
  `last_name` varchar(50) NOT NULL,
  `password` varchar(255) NOT NULL,
  `password_hint` varchar(255) DEFAULT NULL,
  `phone_number` varchar(255) DEFAULT NULL,
  `username` varchar(50) NOT NULL,
  `version` int(11) DEFAULT NULL,
  `website` varchar(255) DEFAULT NULL,
  PRIMARY KEY (`id`),
  UNIQUE KEY `UK_1j9d9a06i600gd43uu3km82jw` (`email`),
  UNIQUE KEY `UK_3k4cplvh82srueuttfkwnylq0` (`username`)
) ENGINE=InnoDB DEFAULT CHARSET=latin1;
/*!40101 SET character_set_client = @saved_cs_client */;

--
-- Dumping data for table `app_user`
--

LOCK TABLES `app_user` WRITE;
/*!40000 ALTER TABLE `app_user` DISABLE KEYS */;
/*!40000 ALTER TABLE `app_user` ENABLE KEYS */;
UNLOCK TABLES;

--
-- Table structure for table `role`
--

DROP TABLE IF EXISTS `role`;
/*!40101 SET @saved_cs_client     = @@character_set_client */;
/*!40101 SET character_set_client = utf8 */;
CREATE TABLE `role` (
  `id` bigint(20) NOT NULL AUTO_INCREMENT,
  `description` varchar(64) DEFAULT NULL,
  `name` varchar(20) DEFAULT NULL,
  PRIMARY KEY (`id`)
) ENGINE=InnoDB AUTO_INCREMENT=3 DEFAULT CHARSET=latin1;
/*!40101 SET character_set_client = @saved_cs_client */;

--
-- Dumping data for table `role`
--

LOCK TABLES `role` WRITE;
/*!40000 ALTER TABLE `role` DISABLE KEYS */;
INSERT INTO `role` VALUES (1,'Administrator role (can edit Users)','admin'),(2,'Default role for all Users','user');
/*!40000 ALTER TABLE `role` ENABLE KEYS */;
UNLOCK TABLES;

--
-- Table structure for table `user_role`
--

DROP TABLE IF EXISTS `user_role`;
/*!40101 SET @saved_cs_client     = @@character_set_client */;
/*!40101 SET character_set_client = utf8 */;
CREATE TABLE `user_role` (
  `user_id` bigint(20) NOT NULL,
  `role_id` bigint(20) NOT NULL,
  PRIMARY KEY (`user_id`,`role_id`),
  KEY `FK_it77eq964jhfqtu54081ebtio` (`role_id`),
  CONSTRAINT `FK_apcc8lxk2xnug8377fatvbn04` FOREIGN KEY (`user_id`) REFERENCES `app_user` (`id`),
  CONSTRAINT `FK_it77eq964jhfqtu54081ebtio` FOREIGN KEY (`role_id`) REFERENCES `role` (`id`)
) ENGINE=InnoDB DEFAULT CHARSET=latin1;
/*!40101 SET character_set_client = @saved_cs_client */;

--
-- Dumping data for table `user_role`
--

LOCK TABLES `user_role` WRITE;
/*!40000 ALTER TABLE `user_role` DISABLE KEYS */;
/*!40000 ALTER TABLE `user_role` ENABLE KEYS */;
UNLOCK TABLES;
/*!40103 SET TIME_ZONE=@OLD_TIME_ZONE */;

/*!40101 SET SQL_MODE=@OLD_SQL_MODE */;
/*!40014 SET FOREIGN_KEY_CHECKS=@OLD_FOREIGN_KEY_CHECKS */;
/*!40014 SET UNIQUE_CHECKS=@OLD_UNIQUE_CHECKS */;
/*!40101 SET CHARACTER_SET_CLIENT=@OLD_CHARACTER_SET_CLIENT */;
/*!40101 SET CHARACTER_SET_RESULTS=@OLD_CHARACTER_SET_RESULTS */;
/*!40101 SET COLLATION_CONNECTION=@OLD_COLLATION_CONNECTION */;
/*!40111 SET SQL_NOTES=@OLD_SQL_NOTES */;

-- Dump completed on 2018-02-08 17:55:56
